0,1,2,3,4,5,6,7,8,9,10,11,12,13,14,15,16,17,18,19,20,21,22,23,24,25,26,27,28,29,30,31
-3.924958,-1.1363536,0.6342198,0.545659,2.0750208,0.10473576,1.3898464,-1.1535445,-0.01409566,1.5122205,4.5035796,1.8559917,0.9702424,-0.26336172,-0.3660132,0.78216094,0.025689663,-0.22604114,-0.010819732,-0.15530115,-0.07187136,1.6084975,1.5030773,0.045121167,-0.03326639,2.2716768,0.32132936,-0.43691528,0.5120863,-1.6066495,-0.11842513,0.11645436
-2.7893536,1.7712947,-2.7991593,0.07890815,2.138349,-0.18601887,-0.5239598,0.864288,-0.008720283,-0.5292111,4.253459,1.5572417,-0.5765197,0.074188925,-0.43780148,0.28528702,0.123769745,-0.3474443,-0.07780722,-0.20601158,-1.4442775,-2.1130016,1.6028321,0.041067246,0.00044748466,-0.13683003,1.0517538,0.20429763,-0.9445769,0.6080343,-0.013634361,-0.08564293
-2.9538682,0.323274,2.2194514,0.9407896,2.8120186,-0.19938713,-0.745731,-0.6244126,-1.3194897,-1.1642855,4.2924066,0.74953324,-1.2094922,-0.6536051,-0.56555563,0.5626638,0.1282277,-0.14995982,-0.10416209,-0.25243655,-1.3317683,2.7451198,0.21323727,-0.12667657,-0.061349556,0.085523084,-0.4245178,-0.05135147,-0.20871948,1.6398716,-0.07770224,-0.033079494
-3.0809026,2.801786,0.8656881,0.5839192,-0.9126092,2.2195847,0.17662412,-0.17472437,-0.056549195,0.53733724,3.9820156,1.6874379,-0.8650481,-0.3743031,-0.32794738,0.19915076,0.016674884,-0.15141916,-0.07503773,-0.24548197,-0.18317166,-0.23154625,-0.32118732,0.083343126,-0.067162305,-0.35337543,-0.53929496,-0.017019477,0.2699215,-0.54384875,-0.114548706,-0.66859716
-4.1021457,-1.8602247,-0.5302739,-0.9821203,-0.50977296,0.95228666,0.12708952,0.5264904,-0.33137596,-0.2716133,3.8420908,0.14789173,-0.7505629,-0.39087683,-0.29633197,0.41806272,0.25008664,-0.09529119,-0.0588455,-0.11614504,0.023134518,-0.15773772,-0.23229717,0.03229287,-0.03635701,0.13074236,-0.2345798,-0.19545987,-0.04522297,-0.4068296,-0.101822525,-0.5989493
-3.080738,2.8018699,0.8657038,0.5839314,-0.9120355,2.2211623,0.17647612,-0.17463912,-0.055604503,0.5373995,3.979321,1.6873654,-0.8662733,-0.37153357,-0.3306826,0.20790306,0.0195102,-0.15208168,-0.07549389,-0.24499592,-0.18327516,-0.23139384,-0.32099798,0.08620455,-0.064849615,-0.35358852,-0.53940886,-0.017035797,0.2699054,-0.5438887,-0.11524666,-0.668891
-3.9248357,-1.1363143,0.63422585,0.54565686,2.0754101,0.10577492,1.3897488,-1.1534891,-0.013504285,1.5122838,4.5019364,1.8559479,0.96949404,-0.26165274,-0.367692,0.78750706,0.027414657,-0.2264439,-0.011087001,-0.15500219,-0.0719371,1.6085916,1.5031961,0.046870265,-0.031864826,2.2715485,0.32125938,-0.43692368,0.5120755,-1.6066725,-0.11882547,0.116274744
-3.080802,2.8018377,0.8656952,0.58392614,-0.91224617,2.2205756,0.17652671,-0.17467372,-0.055968605,0.5373627,3.9803448,1.6873796,-0.86581445,-0.3725856,-0.32965824,0.20460737,0.018444993,-0.1518335,-0.07532012,-0.24517979,-0.18323784,-0.23145232,-0.32106936,0.08513212,-0.065724604,-0.3535079,-0.5393662,-0.017030213,0.26991254,-0.54387313,-0.11499383,-0.66877985
-2.1048012,0.39142329,-0.66216713,1.0378999,0.068760015,0.010305573,-2.6572762,-1.2628345,-0.9793326,2.2371824,4.0865684,-0.5160921,-0.4464465,0.24875042,-0.7278569,0.19572246,0.0660748,-1.5114833,0.03445329,0.9084806,-0.098709226,-0.724379,-1.8379555,-0.21404502,0.036457635,0.76414824,1.0992135,-0.71806145,2.315947,0.6888495,-0.17636767,0.036427177
-2.0944705,0.38539574,-0.3696183,1.0229822,0.122457914,0.15371113,-0.7012405,-0.16925801,-1.0464882,0.008859481,4.650382,1.0399655,-0.28173813,-0.121358916,1.9958317,1.2927731,-0.77492994,-0.0027194459,3.372096,0.6368664,-0.038557075,-0.2526186,-0.3244533,-0.3974738,0.06905317,-0.024918174,-0.243732,-0.081349455,0.10631938,-0.14530544,0.20694539,-0.47569457
-1.7579148,0.024255,-0.5741738,1.7810873,0.30821848,0.8608201,-0.43603978,0.6683755,-2.0341334,0.19155535,3.6234126,1.0908581,-0.08569331,-0.36138034,2.9528093,1.5849538,-0.28813934,-0.85228086,-1.0794566,-0.13324207,0.13302124,-0.19629654,-0.20226589,-0.023939248,-0.048667397,-0.13006195,-0.20641057,-0.23891471,0.0448386,-0.15397027,-0.103507124,-0.56600946
-1.7334378,-0.18364985,-0.6755606,1.225231,-0.058236152,0.8049043,-1.8986125,-1.9471675,0.6006815,-1.1772814,4.0249124,1.8404428,0.57954186,-0.6231931,0.8592982,0.081028335,3.0127454,0.69640434,0.05645026,-0.112267226,0.8299994,-0.5586591,-1.5428609,0.1905173,0.061314374,1.2036489,-0.398735,1.5497447,-0.8470992,0.3576927,0.04663682,1.3125553
-2.7762358,-1.3149489,0.74605465,0.21929775,1.911522,-0.086910784,1.4912204,-1.1751302,-0.0033076487,1.6922798,4.535944,1.8719797,0.9888996,-0.16401562,-0.2684517,0.74441963,0.0774858,-0.27218238,0.024031054,-0.13896722,-0.07285377,1.6090204,1.5010664,0.043552298,-0.033190574,2.271395,0.3198664,-0.4366589,0.51142764,-1.6085633,-0.13494585,0.12129662
-1.1382854,-0.59570366,-0.8331679,3.354483,0.08680779,1.1947412,0.22701742,1.1277202,-1.8288898,0.036898997,4.5475144,1.1739902,-0.18215245,-0.45997652,-1.0434216,0.38602614,0.46770453,-0.1284452,0.10549137,0.085035965,2.6889932,0.006623183,0.6741175,0.032183632,-0.11959876,-1.5000689,0.18841831,-1.4209378,-0.1821287,0.44356033,0.00017716376,0.16528463
-2.0930045,0.36913508,-0.6705649,1.0173271,0.10572147,0.041366797,-2.6783657,-1.2616369,-0.98795885,2.2319756,4.07543,-0.5419563,-0.42815316,0.2391997,-0.707944,0.14105031,0.052814152,-1.5001884,0.04664231,-0.06119671,-0.059682995,-0.72170734,-1.8132372,0.12886149,0.05431704,0.74922436,1.1001887,-0.72040004,2.2924159,0.6928666,-0.32658416,-0.28708908
-2.0908785,0.367436,-0.6713957,1.0157312,0.11317509,0.055818126,-2.68091,-1.2614933,-0.9848477,2.233511,4.0683103,-0.54302347,-0.43190747,0.24727894,-0.7151612,0.1634269,0.05994622,-1.5011507,0.043680426,-0.059573203,-0.06008529,-0.7211083,-1.8124502,0.13972539,0.063270696,0.74843407,1.0997393,-0.720465,2.2922559,0.6927158,-0.32971397,-0.28838506
-1.8042171,0.14484341,2.3313136,0.6143452,2.6514788,-0.3835118,-0.64510286,-0.6456263,-1.3046188,-0.9837809,4.313389,0.7651931,-1.1959696,-0.5424439,-0.47960064,0.56174445,0.19191307,-0.19891313,-0.071155794,-0.23597102,-1.3329537,2.7459936,0.21168703,-0.121007346,-0.055919137,0.084708095,-0.426253,-0.051047776,-0.20956828,1.6378322,-0.096815586,-0.029650345
-2.952916,-2.0388072,-0.41844097,-1.3085663,-0.67172617,0.7644011,0.22806679,0.5050717,-0.31867942,-0.09130282,3.8691654,0.16372108,-0.734278,-0.2860129,-0.20417912,0.39736596,0.30737075,-0.14274177,-0.024828184,-0.10039762,0.02214376,-0.1571494,-0.23421884,0.032432906,-0.03528468,0.13033515,-0.23609595,-0.19514346,-0.046011038,-0.4087929,-0.11942616,-0.59482527
-2.9536865,-2.038955,-0.41845962,-1.3085016,-0.6741886,0.75810695,0.22869577,0.5047584,-0.32210258,-0.091662474,3.8787303,0.16400401,-0.7299552,-0.2959367,-0.19442558,0.36639583,0.29736698,-0.14038184,-0.023281623,-0.10081759,0.022356689,-0.15748724,-0.23466393,0.025572302,-0.040471677,0.13084021,-0.23583215,-0.19516659,-0.04587162,-0.4086846,-0.11721926,-0.5936703
-2.952782,-2.0387661,-0.4184331,-1.308567,-0.6712948,0.765533,0.2279592,0.5051318,-0.31803542,-0.09124499,3.8673553,0.16367152,-0.73509353,-0.28413808,-0.20603085,0.40323302,0.3092695,-0.1431924,-0.025130358,-0.100321814,0.022103893,-0.15708508,-0.23413439,0.03373432,-0.034289245,0.13023877,-0.23614651,-0.19513772,-0.046039,-0.40881592,-0.11985075,-0.5950502
-2.952962,-2.038818,-0.4184438,-1.3085625,-0.67186934,0.76402813,0.22810152,0.50505227,-0.3188904,-0.09132425,3.869757,0.16373736,-0.7340118,-0.28662482,-0.20357575,0.39545205,0.30675098,-0.14259472,-0.024728373,-0.100422524,0.022157101,-0.15717088,-0.234246,0.032009333,-0.03560858,0.13036694,-0.23607984,-0.19514443,-0.046003368,-0.40878585,-0.11928887,-0.5947521
-1.6393335,1.5929836,-2.6872857,-0.2475519,1.9790928,-0.3667766,-0.42368644,0.8432404,0.008010437,-0.34855142,4.269166,1.5727307,-0.5654051,0.19079973,-0.35718244,0.30150843,0.19299194,-0.39768547,-0.04564153,-0.18857883,-1.4456747,-2.1118355,1.6016583,0.052355587,0.010368869,-0.13805485,1.0497912,0.20456873,-0.94545025,0.6059253,-0.034054648,-0.08277603
-1.9811248,-1.4480529,0.1313051,1.9470559,1.201693,0.3468513,1.1187075,-1.4385258,1.5368478,0.35453737,5.041116,1.2965279,0.37897053,-0.41341078,-0.48351216,0.79781276,-0.3351189,-0.5207083,-0.19582823,-0.14915527,2.242454,1.6823245,1.7471604,0.06118166,0.19764175,2.1226826,0.67207223,2.252344,0.36517748,-0.86148554,0.4189033,0.19339924
-0.57052076,-0.6729478,-0.772628,3.2023551,-0.015951162,1.0791838,0.28921643,1.1164033,-1.8191047,0.1289532,4.5682764,1.1953262,-0.18213858,-0.40485466,-1.0056171,0.39797676,0.5014023,-0.15779684,0.11756769,0.5771396,2.669123,0.005371085,0.6605197,-0.14277832,-0.13132899,-1.4925349,0.18733172,-1.4195894,-0.17068264,0.440632,0.067707725,0.32956883
-1.1667063,-0.26141474,-0.6153031,1.0728713,-0.16159941,0.68560654,-1.836663,-1.9583964,0.6091932,-1.0864496,4.0464206,1.8604977,0.58171374,-0.57037216,0.8990052,0.08592171,3.044834,0.6675858,0.06833885,0.30639422,0.8139498,-0.56049985,-1.5545905,0.037880834,0.051450294,1.2091494,-0.4015545,1.5486856,-0.833647,0.35478798,0.111715935,1.4762306
-1.2296349,0.055558246,2.3872252,0.45112997,2.5704799,-0.47750193,-0.5946129,-0.6563369,-1.2982961,-0.89363414,4.326997,0.77310526,-1.187803,-0.4900886,-0.43343967,0.55118656,0.2204851,-0.22261712,-0.054127946,-0.2278966,-1.3334725,2.746316,0.21075891,-0.12048447,-0.05498046,0.084472306,-0.4270305,-0.05090455,-0.20994623,1.6368515,-0.105632596,-0.027555192
-1.0651469,1.5036149,-2.6313949,-0.41074467,1.8968691,-0.46391085,-0.372895,0.832368,0.012583426,-0.25858548,4.2876663,1.5807749,-0.5550449,0.23807694,-0.30600342,0.27512744,0.21644583,-0.42016536,-0.02779519,-0.180364,-1.4461282,-2.1116369,1.6005629,0.05023292,0.009395329,-0.13809751,1.0491136,0.20468034,-0.9457321,0.60499525,-0.041761465,-0.08005223
-1.2659476,1.3438243,2.2252302,0.19741623,0.41773865,0.7112383,-1.5769486,1.8262707,0.22784317,-0.56427974,5.0215974,0.3828035,1.653301,0.2677313,-0.3588749,0.598236,0.138688,-0.41240105,0.009877939,-0.18853152,-1.3702862,1.3347918,-1.229032,0.007040975,-0.13950074,-2.2178965,0.31762877,0.65010333,-0.2626757,-1.5098745,0.09780853,0.48176378
-1.4919491,-1.117867,-0.62297183,-0.7365489,-0.8685054,0.8974633,-2.0443163,-1.0513567,-1.4295056,-1.2757387,3.9775913,2.9971488,0.4986347,-0.5196281,-0.9003463,0.8407777,-0.65698594,-0.18258075,-0.08845762,-0.14655131,0.15844421,-0.732348,-1.9759226,0.23537874,0.11986512,1.3258111,-0.94541204,-0.90435827,-2.2979865,-0.33145908,0.14472656,0.1179973
-2.0274785,-0.63142157,1.4443012,-1.1457324,-0.35868442,0.7862692,-0.6649035,1.7481407,0.19062494,-0.45100084,4.6006236,0.033734422,0.7697433,0.05157315,-0.40599197,0.46129763,0.34534755,-0.47241002,-0.09587397,-0.20627773,-1.1303194,1.120616,-1.0479252,-0.10928465,0.072257936,-1.6693169,0.27701783,0.49429408,-0.29832825,-1.3756211,0.53951544,0.19388556
-0.5640913,-0.636392,-0.71070766,2.7769036,-0.094691336,0.79996043,-0.2684606,-0.96743023,1.8191218,-1.1100892,4.6839304,0.37869972,-0.59086734,-0.43023524,-0.30026302,0.6110206,-0.5874378,-0.33395973,-0.15426806,-0.0829282,2.4028869,-0.061328333,0.05763056,0.19536859,0.0012532223,-0.14108194,0.08395257,2.5953872,-0.09143854,0.38028333,-0.08150174,-0.3859992
-1.4919827,-1.1178764,-0.6229744,-0.7365481,-0.86861175,0.8971877,-2.0442898,-1.0513726,-1.4296633,-1.2757536,3.9780316,2.997161,0.4988315,-0.5200839,-0.89989334,0.839354,-0.6574476,-0.18247023,-0.08838245,-0.14653847,0.15844986,-0.7323593,-1.9759376,0.23514062,0.119690895,1.3258294,-0.94540346,-0.90436125,-2.2979784,-0.3314549,0.14482498,0.11805263
-1.489751,0.25469905,-0.42114133,0.8316242,0.014781831,0.012937274,-1.4824995,-0.9375806,-1.0718408,1.0613272,4.667988,0.16125499,-0.48802736,2.1961384,0.005273019,0.4475659,-0.5668568,1.99863,-0.222964,-0.12042955,0.05074721,-0.39545357,-0.8806983,0.025540367,0.060029577,0.33236974,0.04215046,-0.47223884,1.0932064,0.08755119,-0.12043404,-0.98926306
-0.56349605,-0.684924,-0.7772438,3.1912649,0.0064842766,1.1025358,0.2773369,1.1171036,-1.8215495,0.12713876,4.558262,1.1818234,-0.17527933,-0.40466452,-1.0001711,0.3847367,0.4992764,-0.15285286,0.122042574,0.09334674,2.688395,0.0070627816,0.67334354,0.035047334,-0.116830796,-1.5004774,0.18754716,-1.4207919,-0.18254153,0.44254202,-0.009315991,0.16703846
-1.3601981,2.5363224,1.034581,0.0965181,-1.1662581,1.9169116,0.33169484,-0.20708236,-0.042167753,0.80557764,4.033409,1.7126755,-0.83504975,-0.22919112,-0.1786873,0.13426945,0.09178784,-0.22100958,-0.019606885,-0.2227929,-0.18424721,-0.23133838,-0.32497224,0.07108145,-0.07565861,-0.3530757,-0.54105836,-0.016539913,0.26907903,-0.54658294,-0.13648766,-0.66032803
-1.0648148,1.5036826,-2.631378,-0.4107652,1.897894,-0.46128595,-0.37314793,0.8325026,0.0140405735,-0.25843287,4.2835956,1.5806646,-0.55687135,0.2423026,-0.31017756,0.28829265,0.22070386,-0.42118046,-0.028474556,-0.1804775,-1.4461828,-2.1115348,1.6007029,0.052441113,0.010990062,-0.13826086,1.0490309,0.20470898,-0.9458129,0.6049516,-0.042682033,-0.08057671
-1.2650073,1.3440062,2.2252712,0.19735134,0.42064407,0.7186549,-1.5776683,1.8266474,0.23193459,-0.56384623,5.010173,0.38248953,1.6481725,0.27959508,-0.3705862,0.6351818,0.15063341,-0.4152482,0.007980696,-0.18884674,-1.3704386,1.3350791,-1.2286417,0.013237304,-0.13503712,-2.2183557,0.31739917,0.6501808,-0.26290232,-1.5099983,0.09522752,0.48029298
0.5185004,-0.29707628,-0.33674586,1.161556,-0.085542545,0.40867728,-0.19788177,0.6231158,-2.0048943,0.5571742,3.717257,1.1632155,-0.06947178,-0.16230084,3.130901,1.5522724,-0.17724667,-0.9595124,-1.0230709,1.352756,0.07295579,-0.19998041,-0.2443682,-0.553311,-0.08911916,-0.10716092,-0.21019946,-0.23500694,0.0794115,-0.16347374,0.09549336,-0.06817304
0.7200266,2.1499932,-1.338642,-0.9529797,0.051684935,0.74003255,1.3421794,-1.5616264,-1.5513604,-0.4137118,4.9314675,-0.3564037,0.6847759,-0.6148759,-0.43054527,0.92272204,0.24671055,-0.23562187,-0.014256075,1.172504,-1.1108338,-1.8779159,1.0532093,-0.5416883,-0.14368704,-0.36628816,-2.4719357,0.23910984,1.2516559,0.030767987,0.34725574,1.0177091
0.14308582,-0.94564986,-0.59635836,-0.65162873,-0.96531755,0.13867627,-2.934841,-1.6019474,-1.4597598,0.98176473,4.17106,1.4514731,0.18244757,0.029189574,-1.0366411,0.47204575,-0.29456747,-1.3711272,-0.06773527,-0.11298735,0.08267773,-1.2181288,-3.4294538,0.2076573,0.41684204,2.0681996,0.42770007,-1.4072607,-0.046350807,0.67194563,0.4101694,0.28954193
0.36692727,2.2661633,1.2011808,-0.39538968,-1.3976943,1.6580652,0.47933215,-0.23886333,-0.017209204,1.0783418,4.059706,1.7347984,-0.8178446,-0.056078523,-0.055012725,0.14864735,0.19227003,-0.2946095,0.026469156,-0.19662069,-0.18640797,-0.22944233,-0.3265226,0.0899535,-0.05880899,-0.3550493,-0.5440989,-0.016150294,0.2676058,-0.5497959,-0.16840327,-0.6564963
-0.6542959,-2.3958063,-0.19477561,-1.9614155,-0.9947443,0.39116237,0.4297706,0.46237865,-0.29177848,0.26939172,3.9190285,0.19522814,-0.7037094,-0.07189033,-0.024141015,0.37002632,0.42648417,-0.23866466,0.042541143,-0.066746876,0.019817865,-0.15553296,-0.23751004,0.040700097,-0.026464118,0.12893619,-0.23945983,-0.19461946,-0.047513843,-0.41279268,-0.15589394,-0.586896
0.7446468,2.1157413,-1.3516046,-0.9855681,0.12214188,0.8247721,1.3069733,-1.5596074,-1.5528901,-0.4152932,4.8936357,-0.3932035,0.6963969,-0.60163856,-0.42566952,0.9221452,0.25098664,-0.22377433,-0.0012542143,-0.059029885,-1.0645018,-1.8709978,1.0862166,-0.07373486,-0.10345274,-0.3841992,-2.4661825,0.24281602,1.2098544,0.036327302,0.12162323,0.5310642
-0.6544851,-2.395822,-0.19478661,-1.9613949,-0.9952756,0.38985315,0.42989516,0.4623128,-0.29249066,0.26930016,3.9209971,0.1952751,-0.7028405,-0.073945716,-0.022098849,0.3636909,0.42443487,-0.23816568,0.04287948,-0.0662646,0.019790187,-0.15552014,-0.23750192,0.04069424,-0.026296796,0.12893811,-0.239466,-0.19465871,-0.047444385,-0.41277647,-0.15549679,-0.58659923
0.23309992,-0.012306757,-0.25310093,0.34266686,-0.2308974,-0.27358913,-1.3301547,-0.96969956,-1.0533421,1.3310951,4.7093253,0.18527944,-0.46322528,2.3522885,0.14449395,0.41478795,-0.48144826,1.9274254,-0.17104395,-0.09256074,0.04876591,-0.39403138,-0.88293874,0.034937326,0.069829956,0.33108723,0.03947846,-0.47202545,1.0923924,0.08458441,-0.14668787,-0.98234105
0.7444455,2.1157222,-1.3516169,-0.9855486,0.1215778,0.82337815,1.3071059,-1.5596778,-1.5536517,-0.41538885,4.8957424,-0.39315262,0.6973269,-0.60383797,-0.4234823,0.9153632,0.24879265,-0.22323886,-0.0008907983,-0.058512915,-1.0645313,-1.8709843,1.0862249,-0.0737403,-0.10327448,-0.38419706,-2.4661884,0.2427737,1.209929,0.03634463,0.12204941,0.5313826
0.7446935,2.115747,-1.3516014,-0.9855721,0.122273445,0.8250986,1.3069427,-1.5595909,-1.5527104,-0.41527173,4.893136,-0.3932151,0.696177,-0.60111725,-0.42618835,0.923753,0.25150698,-0.22390169,-0.0013410824,-0.059152707,-1.0644951,-1.8710012,1.0862151,-0.07373242,-0.103494085,-0.3842,-2.4661794,0.242826,1.2098362,0.036323447,0.12152108,0.5309887
0.65891945,1.2359083,-2.4636433,-0.90038186,1.6549621,-0.74286556,-0.22171353,0.8003991,0.03331363,0.011975243,4.32349,1.6043524,-0.532843,0.4002886,-0.17255487,0.25975,0.30743906,-0.49248904,0.022483522,-0.15461537,-1.4479641,-2.110304,1.5982465,0.058662128,0.017838722,-0.13930959,1.0464989,0.2050515,-0.94685036,0.60197246,-0.06952806,-0.0742506
0.64855474,0.42612582,-1.0860163,-0.27870172,0.6861712,-0.69530416,-1.9511507,0.568255,0.1794286,2.3369558,4.0705233,0.74786574,-0.67322695,-2.738866,-0.36639607,1.3184637,-0.079213254,0.91866064,-0.06791766,-0.15250531,-0.85056597,-1.1312248,-0.5260623,0.1044513,0.047909617,-0.15166073,2.5084302,-0.21714497,0.68669254,0.33622873,-0.23872623,-0.0077747027
-0.6545358,-2.3958273,-0.19478884,-1.9613907,-0.99541867,0.3895024,0.42993003,0.4622955,-0.29267848,0.26927724,3.9215176,0.1952887,-0.70261,-0.07448961,-0.021557882,0.36201447,0.42389306,-0.23803347,0.042968173,-0.06613738,0.019783033,-0.15551667,-0.23750001,0.04069186,-0.02625122,0.12893851,-0.23946764,-0.19466928,-0.047425963,-0.41277227,-0.15539084,-0.586521
0.44276503,1.4878545,2.7234387,-0.34650677,0.64606196,0.5537313,0.2189095,-0.5492392,-0.6940868,0.16139597,4.3546114,1.448399,-1.3137771,-0.33019298,-0.34480014,0.24116462,0.32808456,-0.4601056,-0.10075205,-0.31551751,-1.3837608,2.4027088,0.090579726,-0.18335915,0.10965546,-0.21193528,-0.6513886,0.09184281,0.035082612,1.2286555,0.32331437,-0.2503923
1.1604732,-0.9526679,-0.60949576,2.7016282,-0.23577052,0.82264555,0.42861187,1.0850867,-1.8013479,0.397656,4.5955787,1.2054477,-0.15239376,-0.24399263,-0.8652151,0.36450168,0.5886991,-0.22481284,0.17255986,0.118745446,2.6866283,0.008300525,0.670907,0.041696012,-0.109827995,-1.5015594,0.18500578,-1.4204087,-0.18365908,0.43953985,-0.03670109,0.17299186
1.0260767,0.9988637,2.4535103,-0.44439006,0.07365642,0.31811073,-1.3637251,1.7830437,0.2590305,-0.20157003,5.076328,0.42764825,1.6746824,0.48700732,-0.18950467,0.6007895,0.2652974,-0.5145236,0.07197853,0.3292147,-1.3920238,1.3349215,-1.2448878,-0.15791607,-0.14299351,-2.2116208,0.3139078,0.65180707,-0.2523251,-1.5158098,0.13770846,0.65175486
0.933587,2.188362,1.2614324,-0.5477537,-1.5013176,1.5380523,0.5413498,-0.25013056,-0.009115248,1.169146,4.0823994,1.7548878,-0.81512797,-0.004478858,-0.01409945,0.14967568,0.22310573,-0.32314363,0.03856244,0.2217954,-0.202411,-0.23134871,-0.33834538,-0.06372786,-0.07015648,-0.34943986,-0.54685575,-0.017211758,0.28108716,-0.55266535,-0.10275394,-0.4926562
0.95479196,-0.43521345,-0.5385457,0.46672857,-0.530318,-0.091963224,-2.7401419,-2.2574077,0.012617498,1.2002363,4.146075,0.613719,0.25637263,0.048279237,0.31269747,-0.115521304,2.3778431,-0.76535165,0.06314312,-0.061653033,0.73292345,-1.0504237,-3.0149732,0.17594081,0.38048822,1.9515593,0.9544944,0.96984655,1.3554525,1.3394307,0.31979778,1.447605
1.7348362,-0.9933792,-0.4870152,2.1240227,-0.4169328,0.42858803,-0.06692234,-1.010027,1.8470511,-0.74924594,4.730968,0.41015655,-0.5615156,-0.21314968,-0.12320594,0.59271747,-0.4653957,-0.43062076,-0.08741832,-0.050740052,2.400697,-0.059841983,0.054194048,0.20174453,0.008170563,-0.14234592,0.080679305,2.5960145,-0.09309619,0.37626967,-0.11846699,-0.37857616
-0.08033244,-2.485065,-0.13889292,-2.1245325,-1.0773492,0.29341465,0.4806272,0.451491,-0.28739616,0.3592267,3.937927,0.20325531,-0.6932484,-0.025105678,0.027581327,0.34254563,0.4495907,-0.26100415,0.060489926,-0.055990275,0.019048465,-0.15497416,-0.23816912,0.044669062,-0.021994993,0.12845144,-0.2404041,-0.19466408,-0.047608692,-0.4137497,-0.16381544,-0.583869
1.7304641,-0.9898413,-0.48549798,2.127197,-0.43110812,0.40199268,-0.062217064,-1.0102394,1.8418134,-0.7523723,4.74226,0.4119962,-0.5556726,-0.22639503,-0.11123627,0.55804795,-0.4764624,-0.4291715,-0.08167193,-0.045461275,2.4003792,-0.059720065,0.05423197,0.20291595,0.010063364,-0.14242677,0.08060532,2.5956402,-0.092217505,0.37644988,-0.113712944,-0.3754712
0.9407492,2.176895,1.2570568,-0.5584925,-1.4806948,1.5593499,0.5302833,-0.24979883,-0.013346217,1.1681093,4.0800385,1.7428596,-0.80675024,-0.010792714,-0.0017996149,0.11655243,0.2138857,-0.31658474,0.044663258,-0.18547706,-0.18720184,-0.22886865,-0.32716966,0.094007656,-0.05413538,-0.35553935,-0.54505163,-0.016225664,0.26756397,-0.5507419,-0.17603947,-0.65324986
1.3196101,2.0265334,-1.2956654,-1.148802,0.04226964,0.73366153,1.3571963,-1.5701667,-1.5449413,-0.32497266,4.9027066,-0.38540357,0.7025437,-0.5445696,-0.3841886,0.9262368,0.28430247,-0.24862032,0.014993065,-0.051457074,-1.0650349,-1.8706162,1.0853795,-0.07166826,-0.10153266,-0.38455164,-2.4670122,0.2430154,1.2093576,0.03529903,0.11181068,0.5325312
-0.079062186,-2.4849796,-0.13881259,-2.124668,-1.0738829,0.30188096,0.47983015,0.45191535,-0.2827986,0.35983783,3.9252408,0.20296894,-0.6988146,-0.011838843,0.014357548,0.38330865,0.46277803,-0.26424497,0.058277242,-0.06004498,0.01934569,-0.15519363,-0.23838712,0.04236584,-0.025131034,0.12860942,-0.24026413,-0.19435228,-0.048124474,-0.4138433,-0.16627854,-0.58588105
1.0330012,0.9869327,2.448896,-0.4554476,0.09590012,0.34111947,-1.375562,1.7837352,0.2564626,-0.20343854,5.0666165,0.4141515,1.6816471,0.48685426,-0.18371965,0.5866495,0.2628886,-0.5094997,0.07649003,-0.1536902,-1.3728445,1.3367218,-1.2319258,0.02120955,-0.12591346,-2.2197278,0.31402722,0.65057963,-0.26417914,-1.5139412,0.060115293,0.4892062
1.1942576,1.0157652,1.0396374,-0.6105437,0.52006954,-0.35046038,-2.173189,1.7911079,0.5463157,1.396904,4.933189,0.49195504,0.81423587,-1.6350508,-0.50000626,1.1915728,0.13605428,0.23267093,-0.11081958,-0.26619583,-2.1597145,0.3848715,-1.4597384,-0.049582925,0.14998257,-2.2315178,3.0120976,0.5846126,0.36805606,-0.81117356,0.47835124,0.90324086
0.098211795,-1.7609974,1.0256698,-0.59686583,1.511434,-0.54411197,1.7424214,-1.2280319,0.03539156,2.1437013,4.5841255,1.910957,1.0207415,0.118338645,-0.057862714,0.75600606,0.24115567,-0.39559507,0.10593539,-0.09702654,-0.07597843,1.6114341,1.4974737,0.06218041,-0.01611822,2.2690341,0.31535238,-0.4359258,0.50929064,-1.6137172,-0.18371584,0.12941961
1.0680395,-0.30147597,2.610845,-0.20159996,2.2448628,-0.8570258,-0.39229864,-0.6993364,-1.2747339,-0.53340024,4.3860517,0.8048313,-1.1531936,-0.28559163,-0.24382994,0.49431193,0.33005363,-0.31620187,0.014815462,-0.19132155,-1.3360139,2.7480907,0.20762613,-0.110557705,-0.04386602,0.08295824,-0.43049726,-0.050603483,-0.21107753,1.6329175,-0.14033659,-0.018176109
1.2338095,1.1466917,-2.4077148,-1.063613,1.5749112,-0.83441436,-0.17145608,0.78981495,0.04100332,0.10226205,4.3332777,1.6121618,-0.52639073,0.4566091,-0.13031335,0.26155242,0.3400105,-0.5171455,0.03887008,-0.1466294,-1.4485372,-2.1098847,1.5974537,0.061308637,0.02032184,-0.13970347,1.0456419,0.20522209,-0.9473047,0.6009483,-0.07921161,-0.072648935
1.7345529,-1.0419283,-0.5536085,2.538492,-0.31805602,0.7256614,0.47939163,1.074234,-1.7965705,0.4875517,4.6133957,1.2134477,-0.14240919,-0.19607356,-0.8146157,0.34049413,0.61292684,-0.2474253,0.1903274,0.12915616,2.6858857,0.0088402005,0.67022836,0.04546102,-0.10564107,-1.5020292,0.18407352,-1.4204265,-0.18379688,0.43857533,-0.044825617,0.17584896
2.026831,-2.0838814,0.48435155,1.1245668,0.66521114,-0.13520657,1.884015,-0.024340598,-1.0277343,1.8805783,5.1617775,1.9784138,0.71183354,-0.029711539,-0.69601744,0.62913346,0.6650482,-0.5852387,0.12273071,1.0440992,2.4766822,1.7474546,2.310888,-0.436357,0.06429046,0.82186276,0.76603746,-1.6273125,0.29810643,-0.81178004,0.5792294,1.0679036
2.8677762,-1.1975462,-0.43312806,2.2337594,-0.5255611,0.48502305,0.60346353,1.0516628,-1.780762,0.6691017,4.659811,1.2536231,-0.13655655,-0.09395485,-0.7316482,0.33929887,0.67353475,-0.30420285,0.2147597,0.96708,2.6537492,0.005166314,0.6467453,-0.25932595,-0.12676775,-1.4909602,0.1784657,-1.4226485,-0.15669082,0.43285465,0.08691779,0.50390726
2.3732953,0.15846214,-0.9182259,-0.7684135,0.44610792,-0.9697599,-1.8003947,0.5365098,0.2025899,2.6078417,4.099642,0.7712901,-0.65397006,-2.569641,-0.23993199,1.3246349,0.018748607,0.8446262,-0.018799126,-0.12884104,-0.8522515,-1.1300001,-0.52848446,0.11180356,0.05481456,-0.15279962,2.5058837,-0.21661404,0.6853065,0.33315608,-0.26779366,-0.0030290186
2.2186346,-0.47990534,2.7227478,-0.5281755,2.086855,-1.0351182,-0.29226378,-0.7202607,-1.2567027,-0.35243735,4.398352,0.8202868,-1.1434646,-0.16531438,-0.16695775,0.5212457,0.40273866,-0.36738017,0.0463257,-0.17831391,-1.3369075,2.748711,0.20580137,-0.108190395,-0.042139437,0.08237906,-0.4320618,-0.050044347,-0.21232544,1.6308243,-0.16102578,-0.016184816
1.9560192,-1.6533546,-0.2874753,-1.7158281,-1.3529298,0.33789662,-1.7417902,-1.1153837,-1.3889942,-0.7346833,4.05193,3.0443912,0.54427135,-0.19797742,-0.63073236,0.8012602,-0.4778353,-0.32657155,0.01253461,-0.09576171,0.15490778,-0.7298654,-1.9807855,0.24883243,0.13397746,1.3236362,-0.950502,-0.90358895,-2.3002267,-0.33746696,0.08989125,0.1298683
1.6837691,-0.5417825,-0.85009396,-1.4773518,2.0626059,-1.2064348,1.3965727,-0.22420858,0.29177186,1.5970546,4.839292,2.2115293,0.4551165,0.44693556,-0.17945853,0.53337115,0.45314428,-0.7518738,0.011027737,-0.19561885,-1.4808714,-0.295576,3.232482,-0.059516136,0.22118498,2.122906,1.598586,-0.058210794,-0.4630184,-0.65141934,0.390967,0.49990642
2.883686,-1.1719123,-0.37522602,1.7976354,-0.5796587,0.23901746,0.03419076,-1.0315282,1.8588567,-0.5691216,4.76043,0.42599204,-0.54427385,-0.11083373,-0.02841117,0.56453437,-0.4105434,-0.47740185,-0.052898955,-0.031751964,2.399339,-0.058853008,0.05275018,0.20845255,0.015219539,-0.14322792,0.07887227,2.5961218,-0.09361069,0.37429696,-0.13587329,-0.37381324
2.383288,0.96822244,-2.295872,-1.3900504,1.4138716,-1.0198251,-0.07071819,0.7685308,0.055130735,0.2826821,4.3563175,1.6278654,-0.5119543,0.565634,-0.04223247,0.25399846,0.40154606,-0.5655799,0.07223983,-0.12986091,-1.4497244,-2.1090293,1.5958717,0.06645735,0.025463551,-0.14047863,1.0439222,0.2054969,-0.9480933,0.59892863,-0.097871825,-0.06892716
2.8851323,-1.2203383,-0.44169092,2.2119362,-0.47616225,0.5473633,0.5794678,1.0533082,-1.7785767,0.6684994,4.6257873,1.2289233,-0.13261984,-0.07589734,-0.7376797,0.36711243,0.6855218,-0.2985986,0.22181381,0.1418454,2.685032,0.009413726,0.6683462,0.047009233,-0.1045949,-1.5025507,0.18254349,-1.4198489,-0.18506752,0.4364845,-0.06548725,0.17781174
2.8841486,-1.171887,-0.37518606,1.7975912,-0.57847303,0.24188301,0.033935424,-1.0313802,1.8604423,-0.5689013,4.7560687,0.42591098,-0.54616016,-0.10626185,-0.033004627,0.5785067,-0.40601596,-0.47853732,-0.05369497,-0.0338176,2.3995247,-0.059024982,0.05255866,0.20601061,0.012704158,-0.14305466,0.078990996,2.59627,-0.09383678,0.37427136,-0.13666338,-0.37457782
1.9561483,-1.6533484,-0.2874646,-1.7158412,-1.3525954,0.33870226,-1.7418647,-1.1153413,-1.3885535,-0.7346246,4.050716,3.0443664,0.54374576,-0.19670266,-0.63201267,0.80515444,-0.4765733,-0.32688794,0.01231419,-0.09633655,0.15495963,-0.72991306,-1.9808388,0.2481527,0.13327636,1.3236853,-0.95046884,-0.90354776,-2.3002894,-0.33747378,0.08967215,0.12965511
2.2187266,-0.4798992,2.722756,-0.5281833,2.0870848,-1.0345572,-0.29231238,-0.7202323,-1.2563884,-0.352394,4.397485,0.82027143,-1.143839,-0.16440597,-0.16787094,0.5240231,0.40363932,-0.3676063,0.046166193,-0.17872536,-1.3368698,2.7486758,0.20576274,-0.10867655,-0.04263852,0.0824132,-0.43203798,-0.050014835,-0.21237026,1.6308185,-0.16118439,-0.01633794
2.0906298,1.9984446,1.3689079,-0.8849851,-1.6405652,1.3767912,0.6307316,-0.27094838,0.0022702012,1.3487263,4.0989685,1.7584493,-0.7941451,0.10252811,0.08204067,0.12224325,0.27969503,-0.36604768,0.07735907,-0.16943942,-0.18836603,-0.228002,-0.3287212,0.09983416,-0.048785537,-0.356365,-0.5467867,-0.015885195,0.2666512,-0.55279684,-0.19553629,-0.650114
2.21833,-0.47992104,2.7227213,-0.5281459,2.0860677,-1.0370178,-0.2920928,-0.72035915,-1.2577494,-0.35258228,4.4012303,0.82034165,-1.1422185,-0.16833371,-0.16392499,0.5120194,0.3997494,-0.366631,0.04684991,-0.17695092,-1.3370306,2.7488241,0.2059274,-0.106578626,-0.040477257,0.08226454,-0.43214014,-0.05014222,-0.21217586,1.6308404,-0.160504,-0.015681375
0.5275344,-0.025306534,-0.07407208,0.04941197,-0.1703916,-0.15305445,-0.21707815,-0.1147496,-0.1503202,0.11195776,0.02581145,-0.02082058,-0.031573612,0.018084038,0.5653908,-0.42527294,-0.26964635,0.27481788,0.24392484,3.0049317,-0.22714509,0.08098003,-0.01867389,1.233921,-1.5068082,0.085026324,0.043925826,0.061471287,-0.059972383,0.0012816724,-0.35105842,0.056523446
0.50000787,0.007106561,-0.057178654,0.08099143,-0.30365345,-0.4124866,-0.16780594,-0.11462543,-0.1781419,0.079665236,0.055859175,-0.0065188254,0.011015125,-0.03988096,0.5997503,-0.5693024,-0.30083054,0.2702503,0.22173062,2.8613539,-0.2340476,0.07999954,-0.032394487,1.8790911,-2.7786417,0.13161136,0.07221477,0.03372403,0.0027421326,0.051022947,0.37146726,0.104303695
0.543555,0.011129147,-0.045406714,0.074441895,-0.38424486,-0.5776077,-0.14350325,-0.1150827,-0.1977812,0.06124097,0.049116887,-0.013515783,0.040477082,-0.066494584,0.63765424,-0.6539094,-0.31408012,0.27611703,0.2219847,2.5812604,-0.26808804,0.1122664,-0.016599687,3.1194983,-3.9449844,0.17408793,0.12018549,0.04455021,-0.00648408,0.11380662,0.9127567,-0.4416914
0.5876987,0.033629455,-0.02435383,0.082924314,-0.5141847,-0.806383,-0.09608717,-0.11694927,-0.21773979,0.04357805,0.06357756,-0.0002518961,0.06439738,-0.100349516,0.6755883,-0.7370652,-0.32743543,0.27483043,0.21500453,2.9712703,-0.32953787,0.14384171,-0.013095531,4.214043,-5.1185193,0.22093993,0.15955968,0.047921583,0.0155684315,0.17509322,1.6053851,-0.6969997
-2.5140626,2.6582737,0.84760815,0.3305828,-0.3844052,3.4688177,0.18838814,-0.038164042,0.6195692,0.553669,-0.5129116,0.76275593,-1.0295944,0.16970652,-0.337301,0.55784166,-0.020006374,0.13401228,-0.03622166,8.250253,-0.49039158,0.11123296,-0.14799711,-2.7705584,1.562784,0.21934868,0.23320065,0.51607484,-0.6488337,-0.008230595,-1.6124065,-2.3091326
-2.7463536,2.7148747,0.84379286,0.428018,-0.5146989,3.1594272,0.22959292,-0.030730711,0.5842876,0.4710913,-0.4957187,0.76148707,-0.9676892,0.11419884,-0.3499339,0.5041874,-0.022316078,0.11024574,-0.056085836,6.1729174,-0.3186427,0.056197383,-0.11601,-1.9336376,0.540635,0.14730524,0.12563577,0.22949097,-0.2261344,0.005378151,-0.20686552,-0.1691047
-2.8605068,2.6652045,0.80913115,0.41267404,-0.47328013,3.0236773,0.17737707,-0.017254535,0.5337305,0.37670785,-0.5891727,0.6428614,-0.8541589,0.08179858,-0.3369528,0.3957579,-0.013993417,0.12288437,-0.05889326,-0.110778175,0.009199934,0.01582286,0.033151478,0.25132155,0.08913302,-0.00063560455,0.014418815,-0.007987471,-0.003958232,0.024566077,0.024003252,0.016649771
-2.8729527,2.6736274,0.811913,0.41977337,-0.5047535,2.9663932,0.18711166,-0.017657068,0.5224363,0.3689235,-0.5651645,0.64590174,-0.8429377,0.05286317,-0.31335622,0.32328832,-0.034816023,0.12699819,-0.061354913,-0.077442296,0.0052560237,0.020950017,0.03996756,0.3269096,0.19612709,-0.008417491,0.009535227,-0.010713844,-0.0012329391,0.022965057,0.0081425,0.02718608
-2.8969924,2.6933208,0.8208713,0.43682367,-0.58357084,2.818696,0.21389496,-0.018398216,0.4957601,0.35169905,-0.50776654,0.6558294,-0.8119083,-0.015448975,-0.26212087,0.14240488,-0.085746154,0.1340161,-0.07176034,-0.07383752,0.0050204727,0.021074288,0.040271383,0.31738266,0.21398109,-0.008879585,0.009057857,-0.011120468,-0.0011017896,0.022193182,0.0011747882,0.030908147
-2.9308758,2.7231383,0.83606994,0.46310735,-0.7087299,2.5800772,0.2577571,-0.01968567,0.45224488,0.32586035,-0.41190717,0.6730142,-0.7579788,-0.12783821,-0.17881928,-0.16562124,-0.17296684,0.14496915,-0.08931258,-0.11634372,0.0105409045,0.013205901,0.029889,0.17791651,0.07515862,0.0029753519,0.016144037,-0.007718783,-0.0049211006,0.023437772,0.016122142,0.021537267
-2.9539413,2.74254,0.84598905,0.4803283,-0.79462343,2.4143624,0.2874294,-0.021046562,0.4187045,0.30831504,-0.33519056,0.6845962,-0.7165182,-0.2159532,-0.10970914,-0.4121033,-0.24459913,0.15573315,-0.09838367,-0.13915895,0.013743214,0.008379501,0.023373317,0.091184996,-0.013166695,0.01057257,0.020697271,-0.0058685755,-0.0068273055,0.024446337,0.0294592,0.016931634
-2.9737704,2.757208,0.8522202,0.49316698,-0.8532704,2.3042002,0.30693814,-0.021735314,0.39738706,0.29514974,-0.28818884,0.6917186,-0.69220465,-0.27115795,-0.067050144,-0.5588068,-0.28664157,0.16232818,-0.10508385,-0.13342708,0.013434809,0.009464467,0.025543898,0.09078805,0.047309473,0.007247042,0.018294886,-0.007202796,-0.005953929,0.022576125,0.010956911,0.028119264
-2.983089,2.7657557,0.8566612,0.5006488,-0.8900017,2.2339783,0.31979236,-0.022185152,0.38431835,0.2876649,-0.25926918,0.69672585,-0.6759676,-0.30500996,-0.04136287,-0.65231097,-0.31330156,0.16587466,-0.109742545,-0.14098905,0.014366882,0.0074789,0.022470562,0.060575046,-0.00614175,0.0113003785,0.020870125,-0.0060880017,-0.0069414466,0.02362119,0.022811104,0.021909483
-2.998753,2.7800276,0.8636848,0.51290977,-0.94900787,2.122792,0.3401925,-0.022775924,0.36450267,0.2752789,-0.21661413,0.70442444,-0.6521942,-0.35572082,-0.003347861,-0.7887024,-0.35164228,0.17085667,-0.11760064,-0.14154395,0.01440903,0.006360986,0.020382844,0.043682232,-0.04702366,0.014444977,0.022894077,-0.0053072595,-0.0075844466,0.024552599,0.033661004,0.015920866
-3.0165133,2.7953792,0.87059236,0.5262281,-1.0049397,2.0201445,0.35967526,-0.022849347,0.34944832,0.2627657,-0.18748327,0.71189517,-0.63497657,-0.39229244,0.02133179,-0.8782015,-0.37603444,0.17212632,-0.12098581,-0.15075636,0.01589576,0.0050737513,0.019379828,0.009110285,-0.034566082,0.014562947,0.022707695,-0.0053972583,-0.0077661127,0.023399156,0.022873167,0.022583853
-3.0382395,2.8219125,0.8828251,0.54817915,-1.0825226,1.889177,0.38871023,-0.020912098,0.34745967,0.24477649,-0.20419191,0.72333884,-0.6349233,-0.3852304,-0.00046281677,-0.81580293,-0.3512216,0.15711223,-0.1177636,-0.1693256,0.018318309,0.0022764592,0.01614016,-0.040159598,-0.058452815,0.01685066,0.024136033,-0.004328644,-0.008499444,0.022908293,0.019584443,0.02363382
-3.0587676,2.8474274,0.8945093,0.5690654,-1.1584084,1.7609394,0.41679394,-0.019188404,0.34455618,0.22718734,-0.21808995,0.73411256,-0.63404655,-0.38123518,-0.018289423,-0.76387036,-0.3295209,0.14374751,-0.11651473,-0.1660153,0.01768726,0.001920716,0.014900445,-0.03570133,-0.087718494,0.018474929,0.025508547,-0.0035346916,-0.008464593,0.023809122,0.03076242,0.016544387
-3.0915172,2.8879983,0.9129164,0.60221213,-1.277892,1.5599626,0.4609513,-0.016387178,0.3408249,0.19930673,-0.24256784,0.7510076,-0.6341051,-0.37227827,-0.048628293,-0.6724163,-0.29252082,0.12200457,-0.11303046,-0.1591456,0.016607162,0.0019090406,0.013999075,-0.023989448,-0.10859356,0.019381013,0.026564188,-0.00282355,-0.007948408,0.024553824,0.041513525,0.009763039
-2.832174,2.6387088,0.7935543,0.38846284,-0.3525303,3.2602925,0.13362278,-0.015665956,0.5793896,0.3997387,-0.694444,0.6245208,-0.9147644,0.2018623,-0.4263339,0.74015373,0.08512509,0.11080012,-0.04185825,-0.0016514194,-0.004779913,0.034147304,0.056779977,0.56320876,0.40864384,-0.026838243,-0.0013396625,-0.015929678,0.0047000735,0.021459604,-0.010967166,0.036881868
-2.835664,2.6445637,0.7993638,0.3946717,-0.3883416,3.1842444,0.14829744,-0.016321912,0.5635719,0.39487302,-0.65456903,0.6318794,-0.8896875,0.15879042,-0.39531046,0.603425,0.045019574,0.11463478,-0.048121087,-0.10511981,0.00825262,0.017429333,0.035238683,0.28795612,0.10850279,-0.0030130132,0.013125897,-0.008401352,-0.003321409,0.02473458,0.024185847,0.01608104
-2.8499656,2.6548424,0.8028355,0.40321153,-0.42546567,3.1175907,0.1599095,-0.01663108,0.55171293,0.3856561,-0.63068503,0.63547605,-0.87831885,0.12907395,-0.3719561,0.5320907,0.025182514,0.11827783,-0.05196011,-0.06379372,0.003224115,0.023736287,0.043435227,0.38431817,0.2311596,-0.012136438,0.0074642594,-0.011503802,-0.0001749431,0.023066932,0.0073704952,0.02639531
-2.872506,2.672743,0.8108736,0.4187646,-0.4982474,2.9806175,0.18443446,-0.017477926,0.52577734,0.3697238,-0.5738532,0.6445242,-0.848208,0.06210738,-0.32042614,0.35303053,-0.025909776,0.12594038,-0.06050565,-0.05723825,0.00269681,0.024282971,0.04430481,0.38137072,0.25763988,-0.013264147,0.006577661,-0.012211454,0.0003253456,0.022229983,0.00012073672,0.03151842
-2.8794608,2.6795638,0.81530184,0.42518526,-0.5313652,2.914436,0.1967005,-0.017997606,0.51248235,0.36375916,-0.54238206,0.64988285,-0.8298504,0.026745329,-0.29391074,0.24884816,-0.05621041,0.12963311,-0.06507839,-0.09859528,0.007958014,0.017310632,0.03520824,0.26549828,0.13015616,-0.003055365,0.012779479,-0.009099065,-0.0029637753,0.023676815,0.016141746,0.022608232
-2.8923879,2.6892066,0.8188933,0.43327338,-0.5673777,2.8489218,0.20825523,-0.018311277,0.5007073,0.35516918,-0.51803076,0.6536897,-0.8178013,-0.0029933348,-0.2708685,0.17499006,-0.07685081,0.13309827,-0.06913011,-0.07168013,0.0047554765,0.021502351,0.04083905,0.32577205,0.22085539,-0.009542059,0.0086751,-0.01132582,-0.0008280544,0.02218936,0.0011070726,0.03153231
-2.9142172,2.7089796,0.8293256,0.45079386,-0.6512663,2.6883152,0.23796563,-0.019153459,0.47162262,0.33814928,-0.45376104,0.66551805,-0.7810829,-0.07817282,-0.21566983,-0.032700527,-0.1355911,0.14011468,-0.08136129,-0.11063898,0.009718327,0.014515447,0.03158594,0.20589812,0.092660844,0.0010506244,0.015069482,-0.008166044,-0.0042805886,0.023521718,0.01625163,0.021943381
-2.940055,2.729264,0.8387438,0.46862713,-0.73672765,2.5256479,0.2668698,-0.020368673,0.43922308,0.31981853,-0.3808703,0.6763973,-0.7426359,-0.16274633,-0.14947417,-0.26364163,-0.20236595,0.1504973,-0.090472415,-0.114651494,0.010691086,0.013311145,0.030371593,0.16989914,0.09702475,0.002008682,0.015366127,-0.008375292,-0.0043750205,0.022710329,0.010055439,0.02777595
-2.9460154,2.73512,0.84216267,0.47389415,-0.7634196,2.4735703,0.27649397,-0.020736342,0.42926872,0.3147122,-0.3581785,0.6803612,-0.729536,-0.18882743,-0.12981683,-0.33815974,-0.2237936,0.15317935,-0.094009146,-0.13210206,0.0128632635,0.009950517,0.025651354,0.11705325,0.022614706,0.0077209403,0.018930884,-0.0066808863,-0.0060142837,0.023898516,0.02321267,0.020630509
-2.9579031,2.7464263,0.8480767,0.48371187,-0.81125665,2.382626,0.29332438,-0.021217462,0.41305664,0.30497813,-0.32285747,0.68691474,-0.7094028,-0.23048148,-0.098962486,-0.4521651,-0.25588456,0.15707116,-0.10073617,-0.14410786,0.014331343,0.007240601,0.021649878,0.07408311,-0.04288694,0.012805524,0.022114152,-0.0052127307,-0.007430593,0.02500345,0.035608888,0.013414974
-2.9798234,2.76342,0.85554844,0.49853125,-0.87918663,2.2551217,0.3161775,-0.021934267,0.38921455,0.28992197,-0.27091238,0.6953348,-0.6819118,-0.29190242,-0.052205004,-0.6151741,-0.3022149,0.16390796,-0.109116845,-0.13942395,0.014063364,0.007849732,0.02289797,0.06916534,-0.0034557122,0.010892295,0.020662246,-0.0060942397,-0.0069141467,0.023679627,0.022866992,0.020956041
-3.008818,2.7869236,0.86666363,0.51913595,-0.9773016,2.0688236,0.3496466,-0.023163356,0.35335392,0.26899606,-0.19107556,0.708016,-0.6391158,-0.3850289,0.019390825,-0.86844265,-0.37483236,0.17455526,-0.120761216,-0.14995891,0.015823508,0.005626782,0.020397767,0.015296371,-0.015506271,0.013251055,0.021787124,-0.005814254,-0.007609773,0.02293908,0.017229876,0.0254579
-3.058542,2.846902,0.89428973,0.56862956,-1.1577278,1.7615839,0.41644776,-0.019281229,0.34376228,0.2274033,-0.21546698,0.7339213,-0.6330028,-0.38384706,-0.015884947,-0.77283263,-0.33210754,0.14465775,-0.11842633,-0.16460426,0.01744178,0.0021514208,0.015142513,-0.03148682,-0.08675083,0.018362485,0.02543765,-0.0035343212,-0.008540126,0.023838103,0.030604972,0.015742585
-2.723156,0.19690725,2.0713007,0.7601788,3.197734,0.7138366,-0.745297,-0.44140375,-0.66046584,-1.2974305,-0.5667986,-0.35431555,-1.160241,-0.1517505,-0.57069504,0.8034014,0.10220302,0.14469491,-0.07339211,0.016229238,0.04775748,-0.09831681,0.01163653,0.23718892,0.115674876,-0.015672257,0.012663734,-0.003087237,0.013167315,-0.05854739,0.029532539,-0.0036349914
-2.761059,0.22669648,2.0848162,0.7862372,3.074888,0.48143825,-0.7038598,-0.44297725,-0.7055117,-1.3241451,-0.46696898,-0.33890224,-1.1074336,-0.26866207,-0.47993532,0.48778698,0.011548552,0.15857725,-0.08710772,0.022431176,0.04751541,-0.098366745,0.011736731,0.21738268,0.13832669,-0.015927123,0.012202922,-0.0038404237,0.013648038,-0.059548575,0.02206244,0.0032941736
-2.77637,0.240728,2.092497,0.7987419,3.0128694,0.3615492,-0.68186486,-0.44377866,-0.72840095,-1.3364296,-0.41513124,-0.33004948,-1.078195,-0.32843715,-0.4348293,0.31972718,-0.03665645,0.1648293,-0.0952769,-0.01077436,0.051798906,-0.10438422,0.0037421861,0.11505327,0.026295444,-0.00676072,0.017755868,-0.0011775974,0.0108249085,-0.058272596,0.03679848,-0.004694665
-2.7904255,0.25067216,2.0962842,0.8073084,2.9742556,0.28996095,-0.6694237,-0.44426003,-0.7424185,-1.3454918,-0.3846823,-0.3257852,-1.0630928,-0.36459348,-0.40615454,0.22592328,-0.06360391,0.16954263,-0.09900938,0.009908188,0.049476255,-0.10118303,0.008209401,0.15692005,0.104650356,-0.012106092,0.014302491,-0.003125017,0.012632753,-0.059739795,0.022369007,0.0046803877
-2.794202,0.2550912,2.099232,0.81132287,2.952708,0.24726982,-0.66142344,-0.44457927,-0.7506513,-1.3493,-0.36551398,-0.32235047,-1.0517335,-0.3863003,-0.38992018,0.16220662,-0.08197175,0.17166698,-0.102032974,-0.012845752,0.052305914,-0.10527786,0.0026057519,0.09209194,0.018834384,-0.005498478,0.01840205,-0.0011114773,0.010634273,-0.0584714,0.036234606,-0.0030485387
-2.8237488,0.27837375,2.1092255,0.83137584,2.861965,0.07864594,-0.6310188,-0.44535807,-0.7808372,-1.369703,-0.30138147,-0.31136602,-1.0177411,-0.46324205,-0.33220866,-0.03765959,-0.13799776,0.17964752,-0.11393252,0.0047106,0.050437838,-0.10265026,0.006525767,0.11665389,0.10027188,-0.010429871,0.015045703,-0.0029604149,0.012037064,-0.060497764,0.016075134,0.0078962
-2.844817,0.29636848,2.118332,0.847279,2.784329,-0.07023769,-0.60410035,-0.44641417,-0.8097188,-1.3857063,-0.23642428,-0.300892,-0.9821401,-0.53857756,-0.27423388,-0.2463604,-0.19806534,0.18819885,-0.1231108,-0.014145385,0.053000093,-0.10672865,0.00088773196,0.045038894,0.020021422,-0.0036893012,0.019132677,-0.0012298302,0.010265783,-0.059473965,0.0288379,0.0022018228
-2.8604598,0.31031457,2.125282,0.8593666,2.7252831,-0.18236987,-0.58370376,-0.4471318,-0.830651,-1.3979826,-0.19032927,-0.2931201,-0.95676595,-0.59267205,-0.23288426,-0.39405534,-0.24014352,0.19403727,-0.13035175,-0.01857778,0.053605944,-0.1084582,-0.0019049128,0.016651187,-0.027930155,0.00012351373,0.02153329,-0.0003048661,0.009455847,-0.058539473,0.040035333,-0.003254381
-2.8834357,0.32800773,2.1332998,0.87495244,2.6531518,-0.31880483,-0.5592737,-0.44795918,-0.85680854,-1.4137173,-0.13229083,-0.2839259,-0.9259993,-0.6605121,-0.18113726,-0.5767415,-0.29240787,0.20172851,-0.13922563,-0.026913181,0.055106215,-0.10956286,-0.00241973,-0.022503138,-5.2834534e-05,-0.00039282214,0.020774515,-0.000755828,0.009281441,-0.060267866,0.02312547,0.0066019776
-2.919357,0.37209913,2.153614,0.91125906,2.5217643,-0.5416066,-0.5104848,-0.44498608,-0.8623087,-1.4440638,-0.1546042,-0.26499072,-0.92345476,-0.65507823,-0.21106686,-0.49228936,-0.25672647,0.17866205,-0.13636811,-0.036127396,0.056069575,-0.11201245,-0.006307057,-0.0525714,-0.057178557,0.0035377985,0.023634221,0.0009788879,0.0086768055,-0.059349444,0.035836138,-0.0018297428
-2.9554265,0.41654414,2.1741114,0.9479804,2.3920128,-0.76038575,-0.46190464,-0.44173515,-0.86530143,-1.4741482,-0.18363513,-0.2458524,-0.9238237,-0.642204,-0.24825285,-0.38447016,-0.2142634,0.15329376,-0.13010482,-0.064438514,0.05975758,-0.11647527,-0.011649914,-0.12882052,-0.10148168,0.0075009675,0.026181703,0.0027717357,0.0075949645,-0.059867732,0.033791993,-0.0014239422
-2.9757504,0.441539,2.1853054,0.9683356,2.3185265,-0.88371027,-0.43490085,-0.44003847,-0.86764437,-1.4914199,-0.1987745,-0.23564732,-0.9240999,-0.6368072,-0.2664697,-0.32795516,-0.19140941,0.14016554,-0.1280969,-0.05111627,0.057877142,-0.11534649,-0.011068617,-0.099140465,-0.10764873,0.007225398,0.026427628,0.002916252,0.008380346,-0.059102602,0.04368624,-0.0072253426
-3.0003078,0.4719055,2.1988287,0.9929665,2.2296124,-1.032399,-0.4023038,-0.43796197,-0.87014973,-1.5123861,-0.21814637,-0.22340073,-0.92511994,-0.6292093,-0.28926995,-0.25551587,-0.1625382,0.124074884,-0.12514609,-0.03151226,0.055200346,-0.113354,-0.009466142,-0.05418535,-0.099631295,0.0057661515,0.02601177,0.002723174,0.00969305,-0.05845589,0.052806966,-0.012415973
-3.033036,0.511907,2.2177532,1.02643,2.1119847,-1.23251,-0.3577368,-0.43497428,-0.87344515,-1.5392627,-0.24193181,-0.20537075,-0.9234512,-0.61954933,-0.3226576,-0.16685304,-0.12677874,0.10086454,-0.12047333,-0.09024329,0.06287008,-0.12171169,-0.018911105,-0.20518945,-0.1779826,0.0132636,0.030387575,0.005713331,0.006744306,-0.059624955,0.043132924,-0.009030376
-3.0678086,0.553703,2.2362204,1.0604444,1.9894867,-1.437723,-0.31295532,-0.4321426,-0.87754667,-1.5682763,-0.26666668,-0.18858677,-0.9241228,-0.6111491,-0.35249844,-0.07334909,-0.08876777,0.07931045,-0.11808556,-0.063458994,0.059200726,-0.11878561,-0.016293326,-0.1427542,-0.15681751,0.010649115,0.029371347,0.005310025,0.008518599,-0.05908322,0.05155412,-0.014814226
-2.7961679,2.608911,0.7788714,0.36209455,-0.22628248,3.5015142,0.090031065,-0.014093877,0.62576187,0.42614758,-0.7982873,0.6076418,-0.97135544,0.32256815,-0.5184691,1.0719343,0.18028861,0.09738018,-0.026305482,0.030450137,-0.009287608,0.040154204,0.06427309,0.6803644,0.49126047,-0.034886472,-0.005906412,-0.017931774,0.007201671,0.021388317,-0.014478565,0.037474565
-2.8062305,2.6188474,0.7854472,0.37153125,-0.2742928,3.4054017,0.10799753,-0.014764308,0.6068249,0.41759142,-0.7534478,0.6156038,-0.9448413,0.27224448,-0.48151946,0.923258,0.13725345,0.102239124,-0.033605374,-0.03899378,-0.0004410512,0.028875615,0.04988954,0.4897503,0.29800513,-0.019143203,0.0035504445,-0.013036151,0.0018474987,0.023198267,0.0054196683,0.025618376
-2.8191748,2.6276963,0.78816044,0.37878874,-0.3068894,3.34693,0.11781325,-0.01519174,0.59532785,0.40934724,-0.72947955,0.61842763,-0.93411916,0.24300708,-0.457086,0.8519355,0.1168163,0.10661987,-0.035686195,0.0088721085,-0.006219964,0.036104564,0.059239913,0.6013585,0.4361238,-0.029508498,-0.002861317,-0.016632808,0.005598414,0.021445893,-0.01182372,0.03753771
-2.8273704,2.6361713,0.7938236,0.3867977,-0.3473496,3.266151,0.13306774,-0.015693333,0.5799489,0.40217537,-0.69338965,0.6252067,-0.912375,0.20232452,-0.4278129,0.73183846,0.08230274,0.11018854,-0.042305887,-0.05113369,0.0013644035,0.026347494,0.04671554,0.4379378,0.2650891,-0.015699157,0.005472803,-0.012293447,0.00087704306,0.023144053,0.006551192,0.026103387
-2.833712,2.6429474,0.79859805,0.3932597,-0.38166738,3.1968732,0.14601381,-0.016245825,0.5659348,0.3962989,-0.65976125,0.6310163,-0.8925023,0.1648945,-0.39995244,0.6199181,0.04971533,0.11397136,-0.04728728,-0.10466639,0.0081761135,0.017558057,0.03540534,0.29088905,0.11004016,-0.0032020565,0.0130232675,-0.008433242,-0.0032723532,0.024748007,0.024194691,0.016024478
-2.8582325,2.66079,0.8050608,0.40826258,-0.44851905,3.0750823,0.1672735,-0.016925119,0.5434109,0.38021883,-0.6127901,0.6379343,-0.8695473,0.10772715,-0.35483843,0.4771532,0.0094187325,0.121120006,-0.054039598,-0.047405306,0.0013134184,0.0261851,0.04669258,0.41930944,0.28340524,-0.015853574,0.0051141,-0.0128487,0.001155995,0.0222506,-0.0005518634,0.03179346
-2.8672042,2.6695893,0.8105287,0.4164102,-0.48938623,2.994374,0.18234299,-0.017450392,0.5279749,0.37265846,-0.5770002,0.64441085,-0.8484728,0.067054756,-0.32498717,0.35902867,-0.024545437,0.12497876,-0.06017839,-0.09327711,0.0071215946,0.018503156,0.03669773,0.29111564,0.14427412,-0.004662597,0.011897443,-0.009394812,-0.0025434357,0.023759538,0.016013226,0.021955468
-2.8832366,2.6847234,0.81887645,0.42986417,-0.5551332,2.8677506,0.20584677,-0.018154608,0.50482434,0.3596513,-0.52530295,0.6539145,-0.81870574,0.0070050294,-0.28084704,0.19113228,-0.07217351,0.13057302,-0.06980881,-0.13236983,0.012081539,0.011638362,0.02763178,0.17494364,0.01752629,0.00567135,0.01815495,-0.006274269,-0.005910568,0.025135346,0.031427905,0.0124638425
-2.904054,2.700102,0.82510656,0.44312948,-0.6160054,2.7542787,0.22576717,-0.018911414,0.48281503,0.3457281,-0.47733328,0.6609179,-0.79435074,-0.049799725,-0.23611917,0.042042788,-0.11493329,0.1377153,-0.07601288,-0.107800305,0.0093447985,0.015192518,0.03249752,0.2202487,0.102854155,-3.233278e-05,0.014456175,-0.008459298,-0.0038639358,0.023554752,0.016363375,0.022720687
-2.9218147,2.7140586,0.8314164,0.45529598,-0.6736176,2.6453907,0.24515308,-0.019661382,0.46161127,0.33319363,-0.4302499,0.6681021,-0.76959425,-0.104843095,-0.19328447,-0.10642,-0.1576023,0.14431106,-0.082384065,-0.10481952,0.009266238,0.01533605,0.032926045,0.21146928,0.12366634,-0.000782506,0.013802253,-0.009014861,-0.0035155793,0.022773836,0.009554154,0.027798682
-2.9332335,2.7248676,0.83730483,0.46487513,-0.7200654,2.5562046,0.2617356,-0.020131787,0.44556573,0.32393095,-0.39478153,0.6747633,-0.7490509,-0.14631991,-0.16291618,-0.22177255,-0.19020078,0.14807822,-0.0892331,-0.12835991,0.0121972915,0.010933848,0.026873793,0.13963136,0.032634728,0.0064087664,0.018231435,-0.006845616,-0.005740852,0.024024395,0.02338236,0.019466268
-2.9414957,2.7326825,0.8416876,0.4718179,-0.7556546,2.4870796,0.2743431,-0.020673675,0.43195847,0.3169941,-0.36364383,0.6798346,-0.731609,-0.18202469,-0.13538042,-0.3230659,-0.21948873,0.15209566,-0.09344376,-0.14538553,0.01437942,0.0075344397,0.022113623,0.08460076,-0.0406248,0.012151941,0.021791875,-0.0052241352,-0.007312126,0.025155999,0.036316548,0.013006169
-2.9544795,2.7422876,0.8455522,0.48011792,-0.79248685,2.4188716,0.28647634,-0.021008976,0.4194478,0.3084767,-0.33698192,0.68412244,-0.7178847,-0.21399681,-0.11106266,-0.4054118,-0.24271494,0.15567592,-0.0979617,-0.13374372,0.01312309,0.009459668,0.024994837,0.10590346,0.016079754,0.0084961625,0.019357402,-0.006522957,-0.006251553,0.023853216,0.023151834,0.020515041
-2.9626715,2.750058,0.8497587,0.48692364,-0.8270268,2.3523757,0.29861546,-0.021496193,0.40667355,0.30161205,-0.3082101,0.688904,-0.7018043,-0.2472994,-0.08543863,-0.4986762,-0.2695182,0.15934631,-0.10209173,-0.14409779,0.014433791,0.0070676366,0.021448605,0.06853439,-0.042669583,0.013003355,0.022194954,-0.0052820416,-0.0073813535,0.024917616,0.035298403,0.014413461
-2.9838376,2.7671976,0.85755104,0.50180525,-0.8960884,2.222656,0.32204616,-0.02219786,0.38282818,0.28653646,-0.2564842,0.6976028,-0.6740061,-0.30857822,-0.039106164,-0.66175205,-0.3156707,0.16588046,-0.110912554,-0.1417317,0.014366994,0.00706983,0.021635244,0.057483986,-0.026274396,0.012611812,0.021762779,-0.0056637623,-0.007255885,0.02417326,0.028619124,0.01833586
-2.9940124,2.7763486,0.86213666,0.5097033,-0.93566275,2.1472738,0.3356454,-0.022764415,0.36828792,0.27836263,-0.22412333,0.7027515,-0.6564045,-0.34634095,-0.009574973,-0.76560736,-0.34552428,0.17029512,-0.1152083,-0.14115928,0.014322379,0.006236247,0.019983077,0.045985263,-0.06064251,0.01516662,0.023436386,-0.0051098424,-0.007601287,0.025075313,0.039314173,0.013592934
-3.004055,2.7836611,0.86526996,0.51618874,-0.96447784,2.0930707,0.34532788,-0.023046669,0.3580512,0.2718844,-0.20163602,0.7063627,-0.6445875,-0.37280324,0.010336772,-0.8358076,-0.36551005,0.17322083,-0.11894875,-0.14382301,0.014874393,0.006114344,0.020399258,0.032906175,-0.034861535,0.014015921,0.022487868,-0.005560535,-0.0075065885,0.023963707,0.02797839,0.01979171
-3.8798485,-1.9844075,-0.58603966,-1.15459,-0.0222239,1.875713,0.09462119,0.6728923,0.23864967,-0.39807644,-0.32321638,-0.80143994,-0.7931153,0.11015231,-0.38663596,0.9005652,0.31948072,0.12268596,-0.03197851,0.09390631,-0.015387477,0.029093595,0.04538109,0.44995272,0.36298025,-0.03632954,-0.008026908,-0.0037585227,0.012445425,0.017191349,-0.0039662104,0.035466716
-3.897056,-1.9697582,-0.5775431,-1.1409853,-0.09183821,1.737836,0.1194434,0.6716375,0.20945121,-0.41139564,-0.25402498,-0.791059,-0.75482637,0.032321226,-0.3259482,0.6751082,0.25328603,0.13218834,-0.039590076,0.035231538,-0.0076482496,0.019061653,0.03255995,0.27577648,0.19485153,-0.022265,0.00036132653,0.00026749587,0.008081834,0.018724179,0.014531918,0.027337573
-3.9220202,-1.9467627,-0.56545377,-1.1207476,-0.18856844,1.5533501,0.15369794,0.67074734,0.17668301,-0.43106875,-0.18225344,-0.7774929,-0.713647,-0.05201473,-0.26455462,0.44355974,0.18818557,0.13969558,-0.054106794,-0.0069682333,-0.0022972962,0.01153028,0.022605753,0.14589052,0.057935983,-0.010887945,0.007214936,0.0036927913,0.0042866105,0.020074554,0.02979209,0.016966026
-3.9523182,-1.9246991,-0.5561973,-1.1014615,-0.27886918,1.3830143,0.18340966,0.6694139,0.14205225,-0.45131505,-0.10476149,-0.7667802,-0.6742561,-0.14235492,-0.19256121,0.20102532,0.11777757,0.1516324,-0.0625125,0.014535803,-0.0043455586,0.014524582,0.027114948,0.1725264,0.15341534,-0.016645733,0.0032926726,0.0012231776,0.0064377235,0.01785051,0.0091832215,0.032182205
-3.9831054,-1.8969902,-0.5422645,-1.077275,-0.3924717,1.1681428,0.22323889,0.6684811,0.10467282,-0.4750035,-0.02432964,-0.75133723,-0.6283832,-0.2379292,-0.12323656,-0.056946546,0.045750733,0.15996793,-0.07957727,-0.015272004,-0.00059294765,0.008713352,0.019187821,0.07123117,0.04143014,-0.0072572287,0.008968804,0.003995332,0.0033618147,0.019038143,0.022780951,0.022335758
-4.0260878,-1.8627177,-0.5259248,-1.0470072,-0.5379409,0.8903653,0.27283663,0.6664423,0.0496011,-0.50583863,0.09985881,-0.7324138,-0.56216806,-0.3817853,-0.011337058,-0.45188424,-0.06835338,0.17723534,-0.09570616,-0.03619712,0.0027771334,0.0044046417,0.014145592,-0.025515411,0.0046743816,-0.0022546866,0.011553348,0.004763867,0.002034783,0.018229386,0.018096833,0.028384507
-4.0663886,-1.816784,-0.5043811,-1.0088682,-0.6882347,0.62671226,0.3274024,0.6682843,0.029458072,-0.53952503,0.116314,-0.71148163,-0.5412483,-0.41801465,-0.004319453,-0.49454895,-0.07087016,0.16321678,-0.100243196,-0.03882534,0.002842865,0.0021269491,0.009813916,-0.04997824,-0.07629867,0.00331631,0.01549659,0.0067371535,0.0011910419,0.020085607,0.04078446,0.014594339
-4.1132064,-1.7602783,-0.4783726,-0.9618821,-0.8520636,0.35029837,0.38894168,0.67250794,0.026147962,-0.577637,0.07846772,-0.6870088,-0.5419881,-0.4003838,-0.053282112,-0.3540913,-0.016093338,0.13043825,-0.091340296,-0.08942784,0.009543928,-0.0052512395,0.0015043335,-0.18295163,-0.13449642,0.009143487,0.01900513,0.009305454,-0.0007909466,0.018669013,0.030237267,0.019508693
-4.136213,-1.7312671,-0.4655481,-0.93857217,-0.9375499,0.2076536,0.4200451,0.6744106,0.023448603,-0.5978301,0.060353305,-0.6755627,-0.54301417,-0.39390203,-0.0736784,-0.28656977,0.01109551,0.11559783,-0.08904197,-0.053316437,0.0046126805,-0.0013418945,0.004811859,-0.09743374,-0.1248523,0.0068255644,0.01830105,0.008767579,0.0012247224,0.020204756,0.04871544,0.009458445
-4.162749,-1.6996965,-0.45086604,-0.9121563,-1.0300283,0.05055779,0.45487463,0.6767387,0.02067431,-0.61919194,0.04195029,-0.66160357,-0.5418412,-0.3868592,-0.09923431,-0.21769062,0.039001644,0.09772635,-0.08591876,-0.09059048,0.009463398,-0.006692574,-0.0012587981,-0.1937446,-0.17375056,0.011526227,0.02107814,0.010729956,-0.0006038629,0.019388678,0.042099506,0.01148805
-3.620844,-1.2751685,0.5224408,0.3155574,2.6642077,1.3715125,1.2702419,-0.92960316,0.70316833,1.3092744,-0.8347232,0.5930907,0.85351783,0.43474025,-0.4936773,1.4847572,0.13485059,0.109500855,0.030528983,0.14699672,-0.025054956,-0.023739493,-0.011774635,0.70786554,0.46216854,-0.13303769,-0.04629243,-0.0035098563,-0.0057066,0.047540877,-0.17310303,0.041271023
-3.6274688,-1.2670813,0.5298482,0.32411844,2.6149366,1.2671672,1.2897877,-0.93066967,0.679958,1.3021157,-0.77596116,0.6026787,0.8887241,0.37127554,-0.44588494,1.2860432,0.07593776,0.11638709,0.023580063,0.021106431,-0.009004907,-0.044075668,-0.037731826,0.36820096,0.109103166,-0.104630806,-0.02916861,0.0053192647,-0.015179959,0.051107265,-0.13394693,0.019684047
-3.6403568,-1.2598865,0.53008616,0.3293273,2.5959485,1.239141,1.2936351,-0.9307779,0.67525744,1.2952113,-0.76997286,0.60224795,0.8879048,0.36091492,-0.4350726,1.277328,0.07408143,0.11906283,0.02401489,0.1260037,-0.021977648,-0.027718794,-0.01668254,0.6302357,0.40910774,-0.12785533,-0.0433735,-0.0023528787,-0.0070780404,0.047630165,-0.16968091,0.042426553
-3.6474218,-1.2505075,0.53769195,0.3385758,2.5466921,1.1381413,1.3131487,-0.9314218,0.6559535,1.287525,-0.7233365,0.6115024,0.9173055,0.30933103,-0.39890411,1.1189154,0.028432917,0.12303859,0.014950304,0.016621897,-0.008250841,-0.045365967,-0.039413057,0.3388289,0.093333565,-0.1027086,-0.02812268,0.0056542787,-0.01568879,0.050980646,-0.13398473,0.020119773
-3.6637845,-1.2388657,0.54178506,0.3483606,2.502976,1.0584979,1.3269101,-0.9319186,0.6408326,1.2769203,-0.69155544,0.6159083,0.93258405,0.27080265,-0.36801475,1.0224452,0.0009912434,0.12814212,0.010984731,0.058278617,-0.0132377185,-0.039118595,-0.031273507,0.43262437,0.21710381,-0.11179765,-0.033788305,0.0024625345,-0.012442623,0.049264114,-0.15084535,0.031330813
-3.6830912,-1.2235476,0.5485391,0.36160266,2.4414802,0.94329655,1.3475518,-0.93259,0.61933506,1.2633275,-0.64490145,0.6234399,0.9572383,0.21551074,-0.32561404,0.87595063,-0.040626355,0.13436878,0.0036487042,0.06832792,-0.0142674325,-0.037935454,-0.029625934,0.44217074,0.25175765,-0.11373588,-0.035131916,0.0015669756,-0.011705957,0.048430186,-0.15839876,0.036295347
-3.7018456,-1.2064415,0.5579215,0.37694913,2.3670888,0.7995989,1.3741344,-0.9334172,0.59268606,1.2485584,-0.5850146,0.6342455,0.99158365,0.14615476,-0.27447537,0.68143266,-0.09602887,0.14102252,-0.007114977,0.020976646,-0.008217643,-0.04610945,-0.04028536,0.30238718,0.10630095,-0.10175088,-0.027914708,0.005177072,-0.015655654,0.049873773,-0.14208113,0.02633354
-3.7302563,-1.1839656,0.5682764,0.39662132,2.2733033,0.6216899,1.4058294,-0.9346813,0.55778694,1.2283442,-0.507097,0.64610285,1.0327559,0.055348773,-0.2037178,0.43488032,-0.16704857,0.15195078,-0.017401926,0.020737275,-0.0077238055,-0.04681801,-0.04092232,0.2742848,0.11799249,-0.101348855,-0.02795157,0.00477188,-0.015540311,0.049003977,-0.14881594,0.032362413
-3.7436566,-1.1715007,0.57502615,0.40769017,2.2196655,0.51862043,1.4249326,-0.9352461,0.53903323,1.2176176,-0.4654632,0.65377283,1.0567064,0.006779438,-0.16797365,0.29969838,-0.20535971,0.15649647,-0.025174282,-0.0066208974,-0.0042808037,-0.051851265,-0.047747433,0.19074273,0.018138712,-0.093351014,-0.023057545,0.0071681486,-0.018043017,0.050274257,-0.13463436,0.023862554
-3.7582915,-1.1582345,0.582006,0.41936612,2.1620264,0.4080179,1.44514,-0.935981,0.51807266,1.205963,-0.41851828,0.66171867,1.0829041,-0.04773457,-0.12654488,0.14820719,-0.24871735,0.16230808,-0.032482505,-0.02562098,-0.0018173656,-0.055727538,-0.053136908,0.12559383,-0.0619321,-0.08687636,-0.019086892,0.008965599,-0.019858213,0.051387377,-0.12162339,0.017135113
-3.778511,-1.1422999,0.5891474,0.43323207,2.0970583,0.28561905,1.4670069,-0.9367626,0.4946926,1.1917381,-0.36709097,0.66979027,1.1100649,-0.108202495,-0.07985424,-0.013806516,-0.29505438,0.16933924,-0.03997151,-0.020147705,-0.002216548,-0.0552687,-0.052350473,0.12175214,-0.03665028,-0.087956615,-0.019938532,0.008295575,-0.019392276,0.050568983,-0.12878719,0.022236355
-3.7880359,-1.1355026,0.5919151,0.43916515,2.069972,0.23485899,1.4758881,-0.9371091,0.48459938,1.1855648,-0.3446895,0.6729728,1.1213632,-0.13441248,-0.05929825,-0.08321346,-0.31506026,0.17266428,-0.042808585,-0.015155872,-0.0025946829,-0.05426637,-0.050539423,0.1274268,0.0074972427,-0.09058968,-0.021772912,0.007311427,-0.01867898,0.049333736,-0.14118037,0.029775584
-3.7989194,-1.1254369,0.5970539,0.4479142,2.0277784,0.1547813,1.4906523,-0.93753797,0.47029296,1.1768636,-0.31364182,0.6786738,1.1389681,-0.17115682,-0.03194952,-0.18332775,-0.34326914,0.17618696,-0.048594296,-0.02186911,-0.0018016719,-0.056152463,-0.05352644,0.09899967,-0.045586217,-0.086571515,-0.019213894,0.008440166,-0.019691596,0.050384074,-0.12937988,0.023124754
-3.824136,-1.1033915,0.6076173,0.46690297,1.9370267,-0.016147709,1.52178,-0.9384991,0.43924335,1.1575733,-0.24644129,0.6903317,1.17583,-0.25083837,0.0283584,-0.397262,-0.4037065,0.18445113,-0.06018445,-0.018912157,-0.0021043476,-0.05704472,-0.0553804,0.08230641,-0.08066925,-0.083598025,-0.01733646,0.009009054,-0.020151492,0.051168364,-0.119379275,0.01810681
-3.8604133,-1.0626569,0.62616014,0.5009056,1.8132241,-0.22870873,1.5673329,-0.93607426,0.42976362,1.1289288,-0.2540918,0.7081408,1.1836262,-0.2588433,0.012266794,-0.35917485,-0.38345504,0.16614537,-0.057706106,-0.045073617,0.0014987866,-0.0607299,-0.059153844,0.008523182,-0.08804119,-0.081776835,-0.01637545,0.00996989,-0.02091064,0.04957002,-0.13327056,0.02508516
-3.8804584,-1.0366017,0.63796633,0.5219444,1.736289,-0.3575468,1.5956489,-0.934326,0.4276561,1.1109928,-0.27112025,0.71879643,1.1829076,-0.2520534,-0.0072574555,-0.29672238,-0.35862845,0.15219913,-0.054470584,-0.024190983,-0.0014382348,-0.059043873,-0.058487248,0.055368185,-0.11003653,-0.0814316,-0.01552658,0.010244615,-0.019852985,0.051264916,-0.113050245,0.014486091
-3.893686,-1.0219612,0.64483863,0.53452003,1.6941948,-0.42951715,1.6117792,-0.9331416,0.426654,1.1012607,-0.2797992,0.72556293,1.1836159,-0.24815811,-0.020647794,-0.26366436,-0.34547678,0.14334695,-0.052704267,-0.0643393,0.003942147,-0.06407346,-0.06344124,-0.04493097,-0.13032353,-0.078343675,-0.014053463,0.011536844,-0.021678502,0.04951848,-0.13076845,0.022901185
-3.9120133,-0.9992863,0.65500283,0.5529788,1.6276482,-0.5411094,1.6362559,-0.9315955,0.42468843,1.0856218,-0.29399484,0.7348227,1.1831785,-0.24277858,-0.037538223,-0.21091841,-0.32434642,0.13131522,-0.0504851,-0.052059703,0.0022136301,-0.06307284,-0.06298807,-0.01777274,-0.13807784,-0.07847147,-0.013736982,0.011693158,-0.020949472,0.050296567,-0.12080042,0.017311117
-3.9422505,-0.9622245,0.6716227,0.58313686,1.5182472,-0.724888,1.6764066,-0.92909247,0.42079914,1.0599557,-0.3152036,0.7499708,1.1832476,-0.23600788,-0.06367948,-0.13084584,-0.2914166,0.112115726,-0.048635352,-0.034357697,-0.0002922401,-0.06143332,-0.061900113,0.022161106,-0.13679564,-0.07942525,-0.013805973,0.011783651,-0.019852284,0.050972752,-0.11129914,0.010853745
-3.9943628,-0.8986155,0.70130616,0.6360655,1.3317428,-1.0409784,1.7466223,-0.92440623,0.4157679,1.017001,-0.35413763,0.7780002,1.1846617,-0.21994661,-0.11618302,0.0141787,-0.23334368,0.07573473,-0.041013088,-0.100914754,0.008368044,-0.07123758,-0.073235884,-0.15138286,-0.23238768,-0.07054309,-0.008441682,0.015482473,-0.023015186,0.049737718,-0.11989143,0.01326176
-4.0356975,-0.8489331,0.72328573,0.676545,1.1864496,-1.2843254,1.7998214,-0.9210092,0.41118652,0.98259103,-0.3842545,0.79801005,1.1836098,-0.20911355,-0.15250325,0.12777278,-0.18751273,0.049818367,-0.03753335,-0.07330968,0.0045945505,-0.06828478,-0.07062735,-0.08777821,-0.2091851,-0.0733382,-0.009508398,0.015101936,-0.02106751,0.050211675,-0.111570455,0.0075135767
-4.120835,-0.745178,0.7699472,0.7615063,0.88415605,-1.7912844,1.9115772,-0.91365,0.40360585,0.91154397,-0.4516928,0.84088767,1.1806688,-0.1806624,-0.23503327,0.3798917,-0.08791064,-0.0070535615,-0.025370779,-0.06685006,0.0036333269,-0.068857454,-0.07225697,-0.083675675,-0.21297461,-0.073603265,-0.0088051045,0.01611799,-0.019471025,0.04998516,-0.10619182,0.0032870024
-4.150286,-0.7088227,0.78592145,0.790876,0.7790444,-1.9658418,1.9499996,-0.91109824,0.40163267,0.88653016,-0.4776764,0.855229,1.1776745,-0.16852823,-0.26457033,0.4771372,-0.050362553,-0.026848674,-0.020157883,-0.039683126,0.000104906474,-0.06555193,-0.06875801,-0.019806663,-0.16931936,-0.07764598,-0.01082017,0.015134312,-0.017241389,0.049930032,-0.103757,0.0024720647
-3.7758875,-1.1468167,0.58563775,0.42909506,2.1211965,0.33428973,1.4577706,-0.9363358,0.504146,1.1956129,-0.38932887,0.66569936,1.0963655,-0.08313774,-0.0988349,0.06201002,-0.27307397,0.16688384,-0.036767513,0.00785166,-0.005535222,-0.04955682,-0.043869413,0.20295027,0.111959115,-0.09872551,-0.026835945,0.005021894,-0.0164949,0.04765061,-0.16038556,0.03935671
-3.7922337,-1.1324887,0.5930951,0.44180065,2.0590036,0.21471123,1.4795314,-0.9371546,0.48119485,1.1829625,-0.33769363,0.6742756,1.1250465,-0.1429862,-0.05319699,-0.10457187,-0.3209149,0.17342827,-0.044493236,-0.01339644,-0.0027510608,-0.053819884,-0.04972371,0.13035382,0.027005192,-0.09177739,-0.022596411,0.006932402,-0.018449733,0.04876522,-0.14718467,0.032747604
-3.8050482,-1.1207691,0.5991091,0.4519927,2.0088782,0.11919112,1.4969888,-0.9377598,0.46342632,1.1726913,-0.29843685,0.6810159,1.1468999,-0.18894652,-0.018265577,-0.23089129,-0.35688624,0.17826472,-0.050826892,-0.022039998,-0.0016449862,-0.056085173,-0.053157076,0.09390236,-0.029840581,-0.08732034,-0.019801527,0.008120083,-0.019546874,0.04978335,-0.1353541,0.02664047
-3.819643,-1.1097963,0.6040391,0.4617347,1.964292,0.034701414,1.5120885,-0.93827325,0.4471282,1.1629175,-0.26216924,0.68672675,1.1661195,-0.23129408,0.0139935,-0.3451063,-0.38962412,0.1830989,-0.056323957,-0.028741995,-0.0005055913,-0.05696091,-0.053662345,0.065736525,-0.013461322,-0.08750909,-0.020210873,0.007883982,-0.019731903,0.048653368,-0.14645857,0.0330803
-3.853443,-1.0733789,0.6210512,0.4924215,1.8457195,-0.17423505,1.5552777,-0.93677,0.43060017,1.1362374,-0.24676368,0.70360565,1.1838261,-0.26191917,0.02032699,-0.38537887,-0.39387184,0.1720725,-0.059512574,-0.05604596,0.0030840565,-0.0613986,-0.05898787,-0.015557646,-0.061499804,-0.08288853,-0.017452782,0.009588914,-0.021306498,0.048189726,-0.14905111,0.033109084
-3.885463,-1.0333961,0.6394958,0.52533126,1.7280451,-0.37289336,1.599188,-0.93394464,0.42728108,1.1090026,-0.2716044,0.7207419,1.1841432,-0.25208145,-0.011100361,-0.29371536,-0.3571492,0.14989735,-0.05476278,-0.06704382,0.0043363976,-0.0640574,-0.063059956,-0.049538914,-0.119982846,-0.07883054,-0.014537244,0.011298228,-0.021897089,0.049114145,-0.13615367,0.025508257
-3.9156775,-0.9957022,0.6566945,0.55614763,1.616853,-0.5601115,1.6403674,-0.93133694,0.42381322,1.0831441,-0.29431823,0.7365565,1.1842662,-0.24374726,-0.039415758,-0.20906712,-0.32287815,0.1295785,-0.051383518,-0.06380726,0.0037309278,-0.064573325,-0.06454973,-0.046793748,-0.148518,-0.07727757,-0.013119753,0.012185075,-0.021644333,0.04991376,-0.12498086,0.018588945
-3.959079,-0.9434214,0.6812261,0.5998806,1.4629145,-0.8220793,1.6984609,-0.9274962,0.41891134,1.0478067,-0.32394022,0.75990605,1.1868926,-0.23292986,-0.081226476,-0.09826889,-0.27755412,0.09997792,-0.04661889,-0.13010758,0.012312504,-0.07419465,-0.07563064,-0.21801046,-0.24542844,-0.06829176,-0.007775274,0.015830033,-0.025076613,0.048792012,-0.13357075,0.020407028
-4.000759,-0.8925206,0.7041555,0.6415555,1.3139275,-1.0723612,1.753501,-0.92394453,0.41465256,1.0128504,-0.35571998,0.78097993,1.1861881,-0.22053939,-0.120258726,0.020325314,-0.23012663,0.07250867,-0.041506544,-0.12193827,0.011075419,-0.07414177,-0.07650588,-0.20429145,-0.26300785,-0.06767162,-0.0068137366,0.01655009,-0.024302594,0.049444243,-0.12294423,0.01377258
-4.0285482,-0.85832673,0.7191629,0.66923594,1.2151793,-1.236461,1.7896241,-0.92155385,0.41283908,0.98931897,-0.38036025,0.7944833,1.1834052,-0.20902066,-0.1480439,0.11191128,-0.19485644,0.053894125,-0.036259163,-0.09445264,0.007455829,-0.07103627,-0.073532276,-0.14028959,-0.23516394,-0.070744805,-0.00815605,0.01582477,-0.022233909,0.04992093,-0.11491543,0.010169123
-4.055572,-0.82493734,0.73566854,0.69761103,1.1152159,-1.4089643,1.8281579,-0.91903627,0.4090735,0.9671011,-0.39685062,0.8106096,1.1877195,-0.2040405,-0.17495714,0.1730425,-0.16876526,0.03423362,-0.033644415,-0.17863666,0.01833709,-0.08307635,-0.08742671,-0.35479304,-0.37111562,-0.058475856,-0.001006749,0.020341016,-0.027121235,0.049128946,-0.121408366,0.010831577
-4.0712957,-0.8062705,0.7433319,0.71245396,1.0620515,-1.4959887,1.8470526,-0.91779494,0.40816784,0.9539755,-0.41098535,0.8172264,1.1849442,-0.19748022,-0.18921378,0.22613515,-0.1485347,0.024795018,-0.031158341,-0.13620697,0.012784824,-0.07756848,-0.08147354,-0.25090852,-0.31164348,-0.06416405,-0.0040062503,0.018609084,-0.024322044,0.04956285,-0.11518909,0.008243366
-4.080291,-0.7946668,0.74962026,0.7226384,1.0264217,-1.5589999,1.8613503,-0.91686136,0.40658173,0.9465188,-0.41544744,0.8236502,1.1880509,-0.19662248,-0.19911234,0.24219887,-0.14104411,0.017333308,-0.030245617,-0.19514228,0.020421058,-0.085882306,-0.091008864,-0.39997005,-0.4077006,-0.05550113,0.000969066,0.021652294,-0.027869133,0.04912273,-0.119282335,0.008863907
-4.10455,-0.766002,0.76176685,0.7456796,0.94338536,-1.6965892,1.8911815,-0.9149612,0.40413427,0.92639637,-0.43384606,0.83440113,1.1859708,-0.18974306,-0.21937191,0.31209737,-0.11324858,0.003043119,-0.028419623,-0.15049626,0.014512661,-0.0801622,-0.084907696,-0.29106617,-0.3460794,-0.061431475,-0.0021012553,0.019993383,-0.024959605,0.049521226,-0.11310909,0.0052996306
-4.124039,-0.7412277,0.7742585,0.76681954,0.86921674,-1.8248826,1.9200634,-0.91305,0.40174592,0.9101061,-0.447086,0.8466831,1.1891727,-0.18482025,-0.24071044,0.36026528,-0.09319258,-0.012177286,-0.025210202,-0.22342347,0.023955168,-0.09070776,-0.09720324,-0.47728953,-0.47185344,-0.05030937,0.0044221524,0.023970777,-0.02922092,0.04913316,-0.11551996,0.0049300436
-4.1386642,-0.7243363,0.78081053,0.78006095,0.8218529,-1.9013097,1.9365109,-0.91195285,0.40117222,0.8980675,-0.46081856,0.8521261,1.1855228,-0.17814645,-0.25346178,0.41225308,-0.07370136,-0.020357111,-0.022916604,-0.16718549,0.016640307,-0.083135605,-0.08874103,-0.33818707,-0.38207275,-0.058512233,-7.618893e-05,0.021392733,-0.025502766,0.04941906,-0.11098175,0.00353827
-2.6414394,1.6617166,-2.7487223,-0.018900817,2.307403,0.25885293,-0.45054713,0.9939515,0.5080413,-0.7421932,-0.31332403,0.48171923,-0.46101466,0.31699967,-0.29014996,-0.042135686,-0.059766356,-0.047746748,-0.080384634,0.0034267465,0.04621263,0.078658834,-0.03808869,0.17168011,0.13887472,-0.009182415,-0.040911816,-0.0122750485,0.036615904,-0.016304394,0.012540626,0.004225431
-2.6746168,1.6881579,-2.736206,0.004426611,2.1962314,0.047033787,-0.41263655,0.99247295,0.46656787,-0.765873,-0.22030473,0.4961549,-0.41129506,0.20891051,-0.20657164,-0.3376562,-0.14488617,-0.035039406,-0.09313661,-0.011516406,0.048630707,0.07561955,-0.04157455,0.101614736,0.116844535,-0.0058123325,-0.039221477,-0.011785608,0.035660997,-0.017052326,0.0073607597,0.009209428
-2.6838353,1.6978272,-2.7305872,0.012938313,2.1524394,-0.037775654,-0.396908,0.9918923,0.45074686,-0.7742637,-0.18476304,0.5025153,-0.39069754,0.16773178,-0.17548029,-0.4543842,-0.17824864,-0.030910436,-0.09889409,-0.03216734,0.051112708,0.07110307,-0.048338287,0.035116024,-0.00013761761,0.0028532087,-0.033702396,-0.009238818,0.033376023,-0.014806708,0.032090403,-0.004170151
-2.7008994,1.7109818,-2.7248058,0.024450548,2.1002975,-0.13558257,-0.3793126,0.99139184,0.4327044,-0.7858481,-0.14560506,0.5090347,-0.36985612,0.121334635,-0.14058161,-0.5771474,-0.21299975,-0.02594332,-0.10567667,-0.031701066,0.051310815,0.071244985,-0.047647774,0.024298126,0.030457238,0.0014957598,-0.034798615,-0.009838811,0.033597875,-0.016013967,0.02011836,0.0024027443
-2.7237632,1.7292691,-2.7161005,0.04058686,2.0233164,-0.2823066,-0.35302076,0.99037623,0.40401214,-0.80220187,-0.08119073,0.5190741,-0.33538607,0.046554696,-0.08288815,-0.7817453,-0.2719026,-0.017216574,-0.1146371,-0.044672925,0.053334706,0.06884866,-0.050317615,-0.030442009,0.014954862,0.0039627035,-0.03358482,-0.009442074,0.032805473,-0.016673228,0.014964429,0.006533718
-2.7315052,1.7385576,-2.7116666,0.04826636,1.9926115,-0.33627194,-0.34183505,0.99072105,0.39987683,-0.8090053,-0.077838585,0.5233711,-0.33099422,0.039118174,-0.08116193,-0.79093546,-0.272652,-0.020041443,-0.11501414,-0.042694896,0.052975655,0.06842697,-0.051494673,-0.030327855,-0.015363534,0.005841017,-0.032208618,-0.008851045,0.032645747,-0.015714362,0.02596225,0.0007202974
-2.7429574,1.7517138,-2.7056692,0.05927467,1.9544885,-0.40075397,-0.32755443,0.9917112,0.39882898,-0.8179265,-0.085696466,0.5290613,-0.33083895,0.04232312,-0.09206828,-0.7609333,-0.26062587,-0.027475957,-0.113837525,-0.05852737,0.055105243,0.06647025,-0.053342212,-0.070248716,-0.016824728,0.0066414895,-0.031869635,-0.008376217,0.032061335,-0.016663022,0.016655337,0.004973564
-2.7889843,1.8080642,-2.67971,0.10566486,1.7866491,-0.6852863,-0.2652276,0.99555933,0.39195913,-0.8567104,-0.11459661,0.5532128,-0.32777926,0.049637485,-0.13115798,-0.65190876,-0.21431708,-0.057038356,-0.112253584,-0.0712513,0.05638675,0.063398086,-0.058127113,-0.10885665,-0.08523359,0.0113961715,-0.028426198,-0.0061408877,0.031109056,-0.01570738,0.029926436,-0.0056238235
-2.8322325,1.8615336,-2.6549635,0.14994954,1.6310923,-0.9475916,-0.20678143,0.99952334,0.38894552,-0.892745,-0.15105662,0.5763913,-0.32864863,0.066841714,-0.17751348,-0.51745176,-0.16201933,-0.08815464,-0.10317976,-0.11192226,0.0617104,0.056978337,-0.065857776,-0.21804433,-0.15491472,0.017477024,-0.024560817,-0.0035940332,0.029454248,-0.016175428,0.029473903,-0.0055595404
-2.8492951,1.882477,-2.645727,0.16690889,1.5698193,-1.0499355,-0.18441084,1.000934,0.38715023,-0.90727115,-0.16435035,0.5847199,-0.32942912,0.07188158,-0.19284293,-0.4678213,-0.14220278,-0.09905555,-0.10128028,-0.09263501,0.059083298,0.059036963,-0.06411692,-0.17288567,-0.14745763,0.016086038,-0.02500348,-0.0038689217,0.030627567,-0.015463266,0.038598146,-0.010595358
-2.8693686,1.906837,-2.6340723,0.18740274,1.4976236,-1.1734401,-0.15695707,1.0027424,0.38465428,-0.92364764,-0.17735438,0.59592295,-0.32746163,0.07627932,-0.21231899,-0.41912755,-0.12193105,-0.11302886,-0.09933551,-0.13552704,0.064643726,0.052943777,-0.071052566,-0.28253448,-0.20909329,0.021851353,-0.021649359,-0.001627416,0.028294355,-0.016158123,0.032659356,-0.009092902
-2.9033532,1.948282,-2.6161847,0.22068666,1.3769169,-1.373844,-0.1133331,1.005494,0.38125387,-0.95258695,-0.20439878,0.6117964,-0.33017573,0.08675715,-0.24219434,-0.31741095,-0.08159012,-0.13412496,-0.095850445,-0.076782085,0.05680201,0.06005404,-0.06395084,-0.14089389,-0.1502027,0.015411015,-0.024701012,-0.0033780073,0.03198759,-0.014959567,0.048444025,-0.017584959
-2.954858,2.0115626,-2.5861416,0.2736199,1.1899476,-1.6924615,-0.04249547,1.010159,0.37545222,-0.9951876,-0.24060145,0.64043057,-0.32663608,0.10034988,-0.2934948,-0.18283927,-0.026626496,-0.17044455,-0.08930081,-0.16583967,0.06830123,0.046929747,-0.07932823,-0.3711884,-0.29650694,0.028486485,-0.01686036,0.0017195081,0.027192885,-0.015904376,0.042643815,-0.017607052
-2.9812016,2.0430684,-2.572676,0.29903474,1.099444,-1.8422371,-0.009736687,1.0123223,0.37364256,-1.0170739,-0.26310644,0.6524228,-0.3296902,0.11050437,-0.3181643,-0.09856057,0.005892728,-0.1870123,-0.08518398,-0.12583587,0.06305498,0.051922724,-0.07407271,-0.27492106,-0.24230227,0.02321178,-0.019522915,0.0002605303,0.030003246,-0.015529932,0.04920826,-0.02055129
-2.9993732,2.0660102,-2.5611513,0.3185932,1.0306952,-1.9611284,0.016970484,1.0140815,0.3712895,-1.0322052,-0.27498758,0.66374034,-0.32664675,0.11463882,-0.33752626,-0.055078976,0.0241775,-0.20094457,-0.08261665,-0.19163774,0.07157307,0.04245564,-0.085062966,-0.44274265,-0.35300973,0.033076376,-0.01375596,0.0038148633,0.026164826,-0.015976151,0.04595432,-0.020517023
-3.028712,2.100118,-2.5477796,0.3453008,0.93390876,-2.1180007,0.05059422,1.016249,0.3693069,-1.056605,-0.3004455,0.67487437,-0.33285528,0.12571976,-0.36144555,0.042143464,0.06145487,-0.21698698,-0.07970768,-0.07968819,0.0569469,0.057523254,-0.06827906,-0.165416,-0.17706887,0.01693014,-0.022597402,-0.0012118695,0.033412382,-0.015348803,0.055262417,-0.024278197
-3.0664513,2.1479232,-2.5240986,0.3857447,0.7909585,-2.3640888,0.1057139,1.0198569,0.36454797,-1.0883257,-0.3260671,0.69788307,-0.32761732,0.13486853,-0.40119594,0.13617447,0.100642204,-0.24554388,-0.07438062,-0.19315633,0.07159723,0.040974144,-0.087692186,-0.4560631,-0.37588066,0.03441504,-0.012261969,0.0051516704,0.026811976,-0.01593027,0.05227547,-0.025758665
-3.108236,2.1960924,-2.5050073,0.42372766,0.6542628,-2.5864465,0.15350829,1.0229776,0.36168566,-1.1226367,-0.36139172,0.714016,-0.3356446,0.15021236,-0.43561605,0.27130434,0.15258904,-0.26858634,-0.07033197,-0.055115357,0.05360937,0.059736528,-0.06653178,-0.11394915,-0.1434046,0.013532862,-0.023801813,-0.0012660989,0.03597266,-0.015684813,0.058481008,-0.027818883
-3.1344268,2.2306,-2.4862812,0.45396385,0.548591,-2.7730656,0.19598019,1.0257527,0.35749698,-1.1447392,-0.3763741,0.7330996,-0.32704362,0.15440042,-0.46604568,0.3240528,0.17617375,-0.29111126,-0.06604704,-0.22443007,0.07548967,0.0353545,-0.09502721,-0.54417175,-0.4469445,0.040118415,-0.008296336,0.007960164,0.02562153,-0.01607592,0.056517705,-0.030496491
-3.1546874,2.2535312,-2.4775245,0.47193322,0.48463598,-2.875984,0.21807633,1.0272484,0.35674685,-1.1611319,-0.39505187,0.74033654,-0.33226088,0.16350065,-0.48333195,0.39524588,0.2028329,-0.30210012,-0.063163,-0.14603744,0.0653356,0.046131354,-0.082725845,-0.3495104,-0.30880982,0.027882032,-0.015135116,0.0041253213,0.030915424,-0.016080843,0.05841582,-0.030196104
-1.7259557,-1.5268807,0.051024407,1.6726534,1.7116398,1.4541495,1.0329238,-1.1868255,2.164435,0.18176673,-0.41348115,0.03837823,0.29968032,0.2538582,-0.54205567,1.2865055,-0.2974116,-0.12354379,-0.15886684,1.0002531,-0.1099702,-0.025230277,-0.039070606,0.0010167058,0.47314584,-0.07464486,-0.025072051,-0.061393972,0.028618852,0.047991022,0.4735041,0.20757367
-1.7316601,-1.5214747,0.05670639,1.678978,1.6727284,1.3671474,1.0479856,-1.1871884,2.146426,0.174076,-0.37370104,0.04353312,0.32897085,0.20765857,-0.509416,1.1405025,-0.33887604,-0.11955645,-0.16624382,0.7369684,-0.08803809,-0.04414893,-0.057842925,-0.23952195,0.15713498,-0.05393227,-0.013704787,-0.05923632,0.025570558,0.05151713,0.5097931,0.1913158
-1.7273844,-1.5359654,0.05042238,1.6640671,1.69103,1.373416,1.033051,-1.1860472,2.1367266,0.16537479,-0.38251844,0.021232253,0.34390792,0.195298,-0.4889767,1.0932666,-0.34885478,-0.10890081,-0.15969203,-0.039519824,-0.06287977,-0.031945128,-0.025784884,0.19763304,0.32369393,-0.07701178,-0.016901335,-0.06131973,0.0028382442,0.05354495,0.3460969,-0.115660444
-1.7580333,-1.5114958,0.06137058,1.6852623,1.5917438,1.1868397,1.0664628,-1.1871939,2.101544,0.14360306,-0.30567923,0.03349952,0.38459775,0.10456981,-0.41909882,0.8512641,-0.4178307,-0.0985298,-0.1712921,-0.026399968,-0.064160936,-0.03067924,-0.024083436,0.20407107,0.3626651,-0.07892696,-0.018289406,-0.062413238,0.0037385684,0.052552525,0.33781317,-0.10947098
-1.7641865,-1.5034319,0.06761919,1.6930323,1.5501415,1.1022812,1.0826914,-1.1877596,2.0854025,0.13690688,-0.26711276,0.041010857,0.40863734,0.061603814,-0.38844758,0.72068715,-0.45544952,-0.09500854,-0.17844489,-0.104908876,-0.054357998,-0.04370832,-0.04118739,-0.0076731667,0.11658955,-0.05960642,-0.0064722486,-0.056315534,-0.0026490735,0.05553299,0.36975387,-0.1286976
-1.7805685,-1.4915199,0.07197417,1.7030846,1.50541,1.020631,1.0969644,-1.1882135,2.0702913,0.12618332,-0.23551254,0.045699295,0.42416513,0.023210237,-0.35824513,0.62444466,-0.48263034,-0.09024308,-0.1830415,-0.06895819,-0.05865112,-0.038282562,-0.03405518,0.07232465,0.22736332,-0.06763892,-0.011508035,-0.059125658,0.00014561889,0.053890865,0.35346982,-0.11838788
-1.8147843,-1.4620737,0.08620572,1.7287053,1.3847106,0.7927301,1.1386373,-1.1893927,2.0291865,0.10058142,-0.14632088,0.061549325,0.47351575,-0.08234599,-0.27955765,0.3403335,-0.56272835,-0.07977658,-0.19947244,-0.08286533,-0.056721356,-0.041617125,-0.038633227,0.007291112,0.16902412,-0.062154543,-0.008289312,-0.057766236,-0.0014858717,0.054277875,0.3593509,-0.12223604
-1.8618895,-1.4245383,0.103450656,1.7614424,1.2283572,0.49657345,1.191414,-1.1914892,1.9713303,0.066838756,-0.017549971,0.08119998,0.5415396,-0.23269862,-0.162278,-0.06703838,-0.6799576,-0.06169782,-0.21652678,-0.07653676,-0.056807328,-0.04197918,-0.03891128,-0.022746649,0.19185463,-0.06201493,-0.008584061,-0.058625087,-0.0009558451,0.053107835,0.35112888,-0.11370014
-1.8865206,-1.402767,0.113959305,1.7802409,1.1397932,0.33002025,1.2220039,-1.1922876,1.9420167,0.048019506,0.045160133,0.092742994,0.57654405,-0.3075522,-0.106809005,-0.26702654,-0.73595095,-0.05459435,-0.22880203,-0.07899787,-0.05650515,-0.04360283,-0.041686106,-0.05069213,0.14347847,-0.058042713,-0.006094223,-0.05763164,-0.0019081665,0.054005817,0.3618587,-0.120235704
-1.9302673,-1.3595527,0.13374323,1.8167609,0.98957676,0.06022953,1.2751385,-1.191649,1.9104929,0.014397275,0.09611827,0.11298832,0.6112485,-0.37838903,-0.0657954,-0.4193326,-0.7736623,-0.058666885,-0.23418804,-0.085066386,-0.055314418,-0.045330778,-0.043671,-0.09244082,0.14388713,-0.056878634,-0.0054875086,-0.057462793,-0.0018118633,0.053070873,0.3559963,-0.11514651
-1.9409959,-1.3458059,0.13997622,1.8279256,0.94916207,-0.0075354725,1.2900636,-1.190713,1.909461,0.0049619493,0.08698052,0.11865646,0.6108727,-0.3746069,-0.07638189,-0.3859487,-0.7604842,-0.06612435,-0.23227102,-0.07680562,-0.056496326,-0.044819,-0.043736186,-0.07469464,0.12845472,-0.056332532,-0.0048369807,-0.05720008,-0.0014025853,0.05393151,0.3663417,-0.120520405
-1.9478934,-1.3380944,0.14351277,1.8344499,0.9270234,-0.045059226,1.298428,-1.190104,1.9089528,-0.00021597747,0.08224424,0.12206368,0.61095333,-0.37246212,-0.083245784,-0.36772624,-0.7532763,-0.07065361,-0.23144066,-0.09188414,-0.054449085,-0.046599187,-0.045329537,-0.112177834,0.12910885,-0.055689767,-0.004630529,-0.056843426,-0.0019785522,0.053001057,0.35689116,-0.115953885
-1.9589453,-1.3232058,0.15017983,1.8462518,0.88233984,-0.11969011,1.3146269,-1.1891904,1.9072671,-0.0106464755,0.0734361,0.1279209,0.6107219,-0.3698825,-0.09266619,-0.33536813,-0.73991656,-0.077990666,-0.23056379,-0.06392655,-0.058320675,-0.0437273,-0.043187145,-0.045848995,0.12126765,-0.056520853,-0.0045571895,-0.05705235,-0.00067894015,0.054717988,0.3762893,-0.12633112
-1.9749207,-1.3053806,0.15842666,1.861416,0.8309596,-0.2071661,1.3341216,-1.1877913,1.9059304,-0.022606801,0.06293792,0.13592902,0.61134803,-0.36542064,-0.10825033,-0.29529017,-0.72388864,-0.08843463,-0.22873122,-0.101339616,-0.053303204,-0.048389766,-0.04772368,-0.13947728,0.106520586,-0.053906806,-0.0033413135,-0.05587374,-0.0023056208,0.052928377,0.35828152,-0.11790566
-1.9901453,-1.2857007,0.16700165,1.8770485,0.7731962,-0.30288398,1.3549763,-1.1865258,1.904409,-0.036351886,0.04947821,0.14342982,0.6098536,-0.36001426,-0.122298025,-0.24559382,-0.70432264,-0.09845702,-0.22648568,-0.063838735,-0.05836826,-0.044166,-0.043952428,-0.049693722,0.120736815,-0.056561735,-0.0043117264,-0.05664886,-0.00021972954,0.05447896,0.3764638,-0.1271242
-2.0574243,-1.2046404,0.20420104,1.9441481,0.5355377,-0.70453805,1.4436711,-1.1806855,1.8972398,-0.0915785,0.001408969,0.17824548,0.61115634,-0.34176248,-0.18605433,-0.06487182,-0.63123506,-0.1432982,-0.21921517,-0.11405018,-0.051894534,-0.05175059,-0.052765448,-0.18301252,0.057687823,-0.05047055,-0.0004719135,-0.053620372,-0.002263284,0.053005915,0.36611226,-0.124898195
-2.105409,-1.1470852,0.22963917,1.991067,0.36751616,-0.9858369,1.5052115,-1.1767312,1.8921288,-0.1314081,-0.03396576,0.20141518,0.6096938,-0.32865527,-0.22864094,0.0684807,-0.57766944,-0.17346638,-0.21481931,-0.083600774,-0.056036375,-0.048469685,-0.049805854,-0.11305075,0.08717784,-0.053802412,-0.001799147,-0.054091476,-1.991797e-05,0.05339176,0.3740843,-0.13052747
-2.7024915,-2.1861465,-0.48415825,-1.5006628,-0.09354393,1.8555009,0.16535851,0.65229845,0.28105077,-0.19743153,-0.35842144,-0.79631233,-0.80985296,0.29037154,-0.35176158,1.0744286,0.43115997,0.06728835,0.013251536,0.072920285,-0.011876974,0.025048664,0.038035557,0.37923405,0.29183376,-0.031472787,-0.0063391714,-0.0013929771,0.009446675,0.015870841,-0.016438121,0.035968993
-2.7028117,-2.1829538,-0.47961366,-1.4967749,-0.118458144,1.8000213,0.1762923,0.65175325,0.26899263,-0.19996813,-0.32673106,-0.79036963,-0.7892558,0.25697038,-0.32800066,0.96370125,0.39840862,0.07012784,0.008426364,-0.02966068,0.0010190769,0.008559895,0.016794348,0.10898029,-0.0052461843,-0.007992365,0.007935543,0.006063431,0.0015272455,0.019159526,0.018677209,0.015190408
-2.7246227,-2.1660058,-0.47312897,-1.4825915,-0.18088192,1.686876,0.19657794,0.6513499,0.24988961,-0.21479152,-0.28846034,-0.78361696,-0.7696977,0.20931758,-0.29218712,0.84732467,0.36654624,0.07497455,0.00045931453,0.016137041,-0.0046103382,0.015378869,0.025534738,0.21262714,0.12424823,-0.017550489,0.0020085792,0.0028179728,0.004774163,0.017397786,0.0008566962,0.025095936
-2.74406,-2.1518657,-0.46760875,-1.4705136,-0.23719005,1.5821819,0.21470511,0.6505509,0.22892798,-0.22779804,-0.24250366,-0.77742845,-0.74696153,0.15506694,-0.24842806,0.70514274,0.3254653,0.08232858,-0.004370758,0.049374364,-0.008409528,0.020202428,0.031958625,0.27965167,0.2292619,-0.024888413,-0.0026613951,5.518838e-05,0.0075155585,0.015721153,-0.014955982,0.036669012
-2.7586706,-2.1365767,-0.4580609,-1.4565585,-0.30730247,1.4445517,0.24065414,0.64976513,0.20364086,-0.2407316,-0.18473122,-0.7663448,-0.71236897,0.08892214,-0.2007059,0.51406544,0.27105847,0.088002145,-0.015535692,-0.025695574,0.0009832734,0.007461926,0.015140169,0.07040919,-0.01201528,-0.005755819,0.0090196235,0.0060213576,0.0012186707,0.018595913,0.01618163,0.01756205
-2.7950556,-2.109279,-0.44667098,-1.4329525,-0.41673076,1.2397473,0.27671593,0.64836687,0.16375616,-0.26542577,-0.09727374,-0.7534879,-0.66757214,-0.014225452,-0.11959207,0.24109572,0.19265985,0.1008837,-0.026806556,0.009010137,-0.0027655195,0.012293537,0.021821393,0.12737046,0.11053684,-0.013656233,0.0038258382,0.00284345,0.0041393526,0.016177902,-0.0064102104,0.03342543
-2.8111882,-2.094445,-0.43892112,-1.4199073,-0.4791036,1.1208351,0.29875562,0.6477759,0.14259152,-0.2781531,-0.051017612,-0.74479747,-0.6410546,-0.068694025,-0.07971584,0.091660455,0.15059985,0.10583216,-0.035947923,-0.013921592,0.00010145923,0.007859016,0.015692214,0.053642496,0.019195683,-0.006324522,0.0083244955,0.005022101,0.0018693398,0.01738768,0.007143481,0.025007732
-2.8323095,-2.075947,-0.4296592,-1.403754,-0.55772394,0.9710698,0.3259671,0.64680487,0.1143478,-0.29446244,0.01161854,-0.7343381,-0.6066036,-0.14189473,-0.023821397,-0.1090803,0.093260154,0.11379002,-0.045641102,-0.026296625,0.001787442,0.004766008,0.011222067,-0.00044547592,-0.047679517,-0.0007451171,0.011737647,0.006424336,0.00047264664,0.018356372,0.019117566,0.019277528
-2.8714106,-2.0457923,-0.41620377,-1.3773687,-0.68122625,0.73778045,0.36746603,0.64524,0.0689887,-0.32152915,0.112234175,-0.71896136,-0.553786,-0.25962678,0.06750187,-0.42586887,0.002255392,0.12784481,-0.059507854,-0.021040129,0.0018093662,0.005144798,0.01248519,-0.02130293,0.008895029,-0.0030438544,0.009832577,0.00504343,0.001275791,0.016243527,-0.00024858429,0.032509807
-2.8861277,-2.031405,-0.40907094,-1.365208,-0.7401575,0.62749165,0.38789383,0.6447212,0.05024744,-0.3338725,0.15146288,-0.7113544,-0.531452,-0.30705857,0.10271095,-0.55189055,-0.03268748,0.13210084,-0.06759518,-0.011922086,0.00043470904,0.0049489816,0.010877112,-0.013750574,-0.045698125,0.00045177346,0.012309765,0.005942322,0.0008698211,0.018154716,0.0208918,0.020682782
-2.9191363,-1.9936621,-0.39207545,-1.3338288,-0.85182536,0.43785188,0.42913994,0.6472285,0.044691257,-0.36002967,0.13527176,-0.6952846,-0.5285077,-0.30510467,0.07947007,-0.48708,-0.004851471,0.11310625,-0.06425689,-0.0288537,0.0027399461,0.002471838,0.008267771,-0.06156981,-0.04959368,0.0015063062,0.012948009,0.0066885743,0.00053325645,0.017029284,0.011688548,0.02494237
-2.954194,-1.950266,-0.37238175,-1.2983606,-0.9795752,0.22296041,0.47636926,0.65023136,0.040735733,-0.3898386,0.10902225,-0.67719847,-0.5285872,-0.2954279,0.046892643,-0.38900417,0.034789894,0.089803845,-0.060463976,-0.022648044,0.0017423006,0.002328385,0.0071885427,-0.05184648,-0.07196312,0.002530352,0.014093832,0.0074698096,0.0010388152,0.01776304,0.022531828,0.018046867
-2.9824743,-1.916161,-0.35687408,-1.2701377,-1.0782015,0.05712664,0.51320755,0.65274954,0.038840897,-0.4129413,0.085651,-0.66272694,-0.5296199,-0.2844432,0.017598508,-0.30229113,0.06843135,0.07026209,-0.05500032,-0.040756688,0.0041502723,-0.00050039875,0.0038993922,-0.10120614,-0.09314411,0.004606594,0.015452108,0.008519728,0.00055550603,0.01718221,0.019149268,0.019712294
-3.0003524,-1.8948461,-0.3468214,-1.2522564,-1.1412652,-0.050515782,0.53703165,0.65431505,0.036520608,-0.4273653,0.0746,-0.65311176,-0.52802503,-0.28101805,0.0011011777,-0.2603972,0.086017996,0.05832615,-0.053845108,-0.072734945,0.008302492,-0.0049405973,-0.0010284145,-0.18271175,-0.13142651,0.008427946,0.017635383,0.0100994,-0.0011132815,0.016394226,0.011912236,0.021950217
-3.0380785,-1.8491521,-0.3264261,-1.2149546,-1.275198,-0.27526262,0.58624935,0.6574516,0.032282367,-0.45892638,0.047050685,-0.6344657,-0.52858853,-0.27111593,-0.03254013,-0.15686533,0.12786196,0.03426828,-0.050423555,-0.05456908,0.0057528694,-0.0033383195,-2.1335678e-05,-0.14272997,-0.12836342,0.0073228674,0.017539388,0.010221047,0.00017724946,0.01699188,0.02133734,0.015689865
-3.1025813,-1.7699735,-0.29003114,-1.1495708,-1.506461,-0.6651686,0.6726883,0.66320205,0.026658555,-0.5126467,-0.004016317,-0.60052466,-0.52909946,-0.24904813,-0.09778892,0.03290467,0.20287314,-0.010511238,-0.039908104,-0.097199984,0.011255048,-0.010337484,-0.0086377645,-0.25919157,-0.20396903,0.013821128,0.021834848,0.0132216,-0.0014149382,0.016401323,0.021126866,0.014421976
-3.1520336,-1.7114893,-0.2652429,-1.10265,-1.6766133,-0.9473096,0.73370165,0.6670305,0.021050159,-0.5538241,-0.039917942,-0.5786337,-0.5327166,-0.23679438,-0.1375661,0.17022397,0.25820568,-0.039162446,-0.0376518,-0.0025014512,-0.0013072012,0.0019089563,0.0045037884,-0.027259856,-0.07030792,0.0010702972,0.015174967,0.009658666,0.0046561835,0.017152485,0.032727927,0.0070091537
-3.202854,-1.6480579,-0.23498368,-1.0495489,-1.8626332,-1.2636603,0.80453855,0.67182845,0.016918419,-0.59614825,-0.08074995,-0.54976827,-0.5309414,-0.2181467,-0.19327945,0.3201372,0.31734726,-0.07705105,-0.027140653,-0.10114464,0.011557114,-0.012659311,-0.012528569,-0.2830486,-0.23262598,0.015554978,0.023850089,0.0151283825,-0.00043184927,0.016214829,0.027906878,0.008227741
-3.2361536,-1.6099428,-0.22028753,-1.0197694,-1.9703555,-1.4377229,0.8417226,0.67423815,0.014699054,-0.623532,-0.109248765,-0.5376352,-0.5383461,-0.20581166,-0.21966405,0.4295985,0.35928681,-0.09467049,-0.024304364,0.03211391,-0.005814318,0.005515444,0.007979257,0.04804936,-0.010696121,-0.0044326293,0.012767064,0.008895718,0.008269459,0.016584726,0.03467726,0.0059051956
-1.5722259,0.018026533,2.1840975,0.43392113,3.0347648,0.5215803,-0.64286304,-0.46271694,-0.64789647,-1.1164099,-0.5384364,-0.3371761,-1.1414216,-0.047527913,-0.48048002,0.7754637,0.15768895,0.09610525,-0.04167442,-0.015192204,0.052678138,-0.10457155,0.0014231481,0.12049331,0.01365008,-0.0075565865,0.0161934,0.00013486795,0.008956274,-0.059984025,0.016622711,-0.004656482
-1.6272882,0.06368491,2.2057424,0.4737739,2.8456066,0.16341531,-0.5781781,-0.46492407,-0.7152595,-1.1567798,-0.39015728,-0.31275108,-1.0611172,-0.22170243,-0.34748617,0.30404502,0.023258928,0.115294166,-0.06484131,-0.024656573,0.05438973,-0.108009905,-0.00333762,0.04441676,-0.038848437,-0.0017825197,0.019455912,0.0011133209,0.007671756,-0.05988574,0.021658884,-0.0053566606
-1.6660444,0.09554663,2.220719,0.50153005,2.712708,-0.088380344,-0.53297913,-0.46661678,-0.76352924,-1.1851946,-0.28332946,-0.29580098,-1.0038636,-0.34682968,-0.2506983,-0.035285674,-0.073983446,0.12975429,-0.0800674,-0.023175737,0.05461948,-0.10935632,-0.0054383287,0.00938402,-0.061300285,0.0010560502,0.021043373,0.0013030699,0.0074065113,-0.059798863,0.025862781,-0.004988383
-1.7235909,0.14244007,2.2419841,0.54209244,2.523066,-0.4444367,-0.46881092,-0.46865016,-0.8293625,-1.2265911,-0.14050475,-0.2721253,-0.92737734,-0.51607144,-0.12170886,-0.48582268,-0.20173645,0.14824831,-0.10341645,-0.004210352,0.052786965,-0.10798981,-0.0037701915,0.008354918,-0.016426956,-0.0005667098,0.01972237,-2.9625508e-05,0.008395227,-0.06111935,0.015597607,0.002406602
-1.8028842,0.23490022,2.283899,0.6182268,2.239529,-0.929709,-0.36531934,-0.4634662,-0.8516928,-1.2921418,-0.15767486,-0.23261704,-0.9102859,-0.5359697,-0.15364346,-0.4021473,-0.15615936,0.1084017,-0.09892326,0.008726481,0.051045485,-0.10832074,-0.0056430805,0.016961005,-0.042893093,0.00082482805,0.02140727,0.0009926604,0.009726816,-0.06035545,0.031062106,-0.0058494597
-1.8506504,0.29261854,2.3103755,0.6660667,2.0717385,-1.2126068,-0.30250427,-0.45920193,-0.85548663,-1.3312122,-0.19534647,-0.20781226,-0.9108974,-0.51912576,-0.20236684,-0.26159778,-0.100905396,0.07541769,-0.09096076,-0.034271628,0.056735747,-0.114573926,-0.012618951,-0.09646876,-0.08541962,0.0053315526,0.0241428,0.0031651238,0.008186316,-0.061851226,0.019525044,-0.0008222191
-1.892042,0.34227943,2.332405,0.7065559,1.9259447,-1.4572253,-0.24911937,-0.45583293,-0.8605613,-1.3656656,-0.22405529,-0.18772207,-0.9112169,-0.50976974,-0.23758875,-0.15287594,-0.05642073,0.04980904,-0.08850699,-0.008338674,0.053140182,-0.11186019,-0.010324248,-0.03679167,-0.06710206,0.0029232877,0.02330489,0.0029351355,0.00992822,-0.061334267,0.02807107,-0.0072316327
-2.6675205,-2.2145102,-0.4979072,-1.5257422,0.027347246,2.086599,0.12394902,0.65394706,0.32653388,-0.1719989,-0.46083632,-0.81219935,-0.86489725,0.40911028,-0.4438031,1.4010935,0.52537835,0.053306904,0.026927875,0.09345787,-0.014980395,0.029405897,0.04351774,0.46817318,0.3493162,-0.037433825,-0.0096638715,-0.0026389793,0.011020012,0.015900193,-0.019349085,0.034812596
-2.6818223,-2.201319,-0.48985124,-1.5134485,-0.034659203,1.9637896,0.14658095,0.65304464,0.30203784,-0.18356831,-0.40337387,-0.80251443,-0.83186173,0.34419575,-0.39508703,1.2123975,0.47065857,0.06012722,0.01845142,0.026125247,-0.006321449,0.018242363,0.029244402,0.27778697,0.15859033,-0.021756744,-0.0002733426,0.002123211,0.00582573,0.017673193,0.0007243534,0.023680579
-2.7017918,-2.1830268,-0.47964224,-1.4969926,-0.115697116,1.8066008,0.17555796,0.65205127,0.27220556,-0.1994756,-0.33559144,-0.7906755,-0.79324675,0.26621506,-0.3369507,0.9921395,0.40757507,0.0679622,0.0071690525,-0.029414428,0.0008299603,0.008747428,0.016974742,0.11428545,-0.005898957,-0.008105712,0.007908253,0.006203915,0.0013398121,0.01920606,0.018321102,0.013459399
-2.7376006,-2.1566072,-0.469291,-1.4744499,-0.21951662,1.6141807,0.20913492,0.65073,0.23482679,-0.22352044,-0.25472733,-0.7791961,-0.75282663,0.16998644,-0.26027957,0.7419785,0.33583316,0.080438495,-0.0026352827,0.032347072,-0.006369218,0.01758407,0.028500019,0.2407521,0.17557314,-0.020968782,-0.00020640944,0.0014070744,0.0061714677,0.016518546,-0.0069646533,0.03166822
-2.7524052,-2.1428156,-0.46160287,-1.4620641,-0.2797055,1.4977769,0.230756,0.6500779,0.21341878,-0.23536947,-0.2066622,-0.7703539,-0.7250116,0.11430409,-0.2194714,0.5854018,0.2913163,0.085619755,-0.011551271,-0.008725286,-0.0011641753,0.010469102,0.019143468,0.120776094,0.044949133,-0.010353938,0.006222868,0.004636243,0.0026900824,0.01793247,0.008766127,0.02200064
-2.7694397,-2.1274478,-0.4533599,-1.4484131,-0.34709498,1.3678566,0.2545214,0.64920795,0.18859874,-0.2488622,-0.1506295,-0.760876,-0.6936112,0.049551543,-0.17043328,0.404202,0.23934653,0.09249133,-0.020257695,-0.039564554,0.0028402111,0.0047449223,0.011496784,0.02281891,-0.062248763,-0.0015337057,0.011562988,0.007153493,2.7848158e-05,0.019163888,0.023195928,0.014378484
-2.8001392,-2.104366,-0.44393012,-1.4285908,-0.43818384,1.1983972,0.28440535,0.6481344,0.15622488,-0.26964334,-0.08048699,-0.7503752,-0.65784323,-0.033752993,-0.10522132,0.18637529,0.1771415,0.10269262,-0.029929157,-0.003230323,-0.0012369434,0.010032942,0.018729342,0.09052279,0.06422118,-0.010002451,0.006074794,0.0039457916,0.003010947,0.016810983,0.00059188996,0.02929104
-2.8223395,-2.0845137,-0.43394688,-1.4112494,-0.52051497,1.042282,0.31317216,0.647351,0.1283777,-0.28677377,-0.019998759,-0.73924387,-0.6236952,-0.105272226,-0.05243193,-0.0077927965,0.122507475,0.1094344,-0.041591823,-0.02164421,0.0010978525,0.006098335,0.013172752,0.023327848,-0.018608648,-0.0032036102,0.010235668,0.005874956,0.0009872883,0.017907634,0.013297593,0.021445667
-2.8555384,-2.0580492,-0.4217867,-1.3881707,-0.6305997,0.83383054,0.3503451,0.64589196,0.08774857,-0.310535,0.07038426,-0.72539526,-0.5759314,-0.21081652,0.029749284,-0.293585,0.040321156,0.122053236,-0.053736698,-0.018439738,0.0012077002,0.0057515833,0.012957285,-0.00050774054,-8.1046404e-05,-0.0032053497,0.009936157,0.0052551366,0.0013168505,0.016936326,0.0058672135,0.028171849
-2.8655834,-2.049055,-0.41729668,-1.3803666,-0.66879237,0.7612208,0.36354247,0.6454117,0.074164204,-0.31847027,0.10026962,-0.7203687,-0.55942595,-0.24594209,0.05671991,-0.38967675,0.012899981,0.12589659,-0.05829622,-0.019395128,0.001315985,0.004722286,0.011048631,-0.014665755,-0.038678385,-0.00035636834,0.011795614,0.005953469,0.0008080487,0.017888129,0.01686551,0.022762084
-2.8858085,-2.0309522,-0.40873924,-1.3649433,-0.74194694,0.6244789,0.38859522,0.6447481,0.050263368,-0.33415797,0.15086395,-0.71111727,-0.5314592,-0.30671564,0.10215683,-0.5503429,-0.031950187,0.13176985,-0.068078816,-0.009008547,-3.4891316e-05,0.0051177414,0.010754785,-0.0065928367,-0.057111815,0.0010104091,0.012762069,0.006130376,0.0008348069,0.018666903,0.026246838,0.017491696
-2.9373522,-1.9706404,-0.3814414,-1.3149861,-0.91971123,0.32349584,0.45441794,0.64886427,0.04278672,-0.37570575,0.12100784,-0.68546873,-0.5284987,-0.2993749,0.061306376,-0.43373513,0.016560454,0.10031903,-0.06181871,-0.03584256,0.0036059495,0.001158493,0.0065278774,-0.0817546,-0.065623485,0.0027790458,0.013865171,0.007364708,0.0003305348,0.016968016,0.012697712,0.023813305
-2.9787612,-1.9202572,-0.3587377,-1.2737339,-1.0677185,0.07453346,0.5090361,0.65234417,0.03803409,-0.4103996,0.09102554,-0.66459256,-0.5285287,-0.28870758,0.023956455,-0.32132846,0.062152244,0.07353343,-0.05794806,-0.026822818,0.002218688,0.0013523092,0.0057996633,-0.065461524,-0.08274664,0.0033403311,0.014787887,0.00808728,0.0010498014,0.017641794,0.023245811,0.016658165
-3.0275881,-1.8602872,-0.33129498,-1.224321,-1.242542,-0.21966663,0.5742517,0.6567028,0.03401785,-0.4511143,0.051589884,-0.6390943,-0.5295627,-0.27124488,-0.02579424,-0.17457283,0.11986749,0.039616913,-0.04970227,-0.05305672,0.005636537,-0.0029924056,0.0005081514,-0.13820833,-0.12246218,0.0068916082,0.017203566,0.009910616,0.0003238856,0.01699392,0.021024434,0.017055606
-3.0439026,-1.8405806,-0.3229108,-1.2085023,-1.2992635,-0.31338134,0.5947039,0.65803224,0.03284685,-0.46485314,0.037460513,-0.63169104,-0.53158224,-0.26496434,-0.040894177,-0.12180399,0.14024466,0.02939571,-0.047160868,-0.021855423,0.0015161614,0.00084152503,0.0044267657,-0.06290776,-0.08773283,0.003255563,0.015424839,0.008865784,0.0023656269,0.017553134,0.02862,0.013468292
-3.0758262,-1.8021729,-0.30617774,-1.1774607,-1.4115032,-0.50054026,0.63544786,0.6606085,0.029249817,-0.4916277,0.014013473,-0.6166697,-0.5330728,-0.25667512,-0.068156496,-0.032813627,0.17613909,0.009844041,-0.04496751,0.017048525,-0.0036932728,0.005601481,0.009288595,0.030612456,-0.039680604,-0.0015827297,0.013069306,0.007690058,0.004941796,0.017970322,0.03553812,0.00887125
-1.9430814,0.30695313,-0.6781506,0.88739115,0.29946747,0.3991949,-2.5128794,-1.0640863,-0.466109,1.9350767,-0.28924933,-1.5008017,-0.3057047,0.43160984,-0.5294922,-0.24206534,-0.14356917,-1.1746366,0.035658777,0.02117938,-0.0029187142,0.036128897,0.08922079,0.16407982,0.08083058,-0.04585512,-0.056559864,0.02413274,-0.09120136,-0.038873427,-0.14851947,0.058476225
-1.9677137,0.32878718,-0.6671777,0.90649635,0.20852597,0.22651406,-2.4811442,-1.0649966,-0.49727702,1.9161628,-0.22118711,-1.4885135,-0.26747584,0.35137933,-0.46993494,-0.46045738,-0.20522353,-1.1668534,0.023030484,0.00012401919,-0.00020797162,0.031716593,0.083080165,0.08753197,-0.008175873,-0.038445875,-0.052054495,0.026207114,-0.093408905,-0.03777916,-0.13560857,0.050713997
-1.993132,0.3486639,-0.65790755,0.9240367,0.12474874,0.06683399,-2.4527435,-1.066181,-0.5290762,1.8982208,-0.14955205,-1.4777648,-0.22957544,0.26832005,-0.40509963,-0.6876528,-0.27092457,-1.1567171,0.013961124,-0.007214382,0.001176853,0.03004624,0.08130396,0.043755658,-0.010918604,-0.03691542,-0.051416058,0.02620192,-0.093741216,-0.03854904,-0.14146532,0.05615282
-2.006039,0.36124817,-0.6514936,0.9347698,0.07166176,-0.033460826,-2.434285,-1.0667657,-0.5469423,1.8872919,-0.11112949,-1.470786,-0.20788158,0.22259074,-0.3704696,-0.8116751,-0.3058529,-1.1521695,0.007183578,-0.0040479624,0.0006143747,0.02898599,0.07869529,0.03609497,-0.076661274,-0.032464717,-0.04838557,0.02736447,-0.09444202,-0.036594346,-0.119675584,0.044600107
-2.0201163,0.37386194,-0.6459032,0.9456407,0.028182145,-0.11193648,-2.4189868,-1.0665928,-0.5566505,1.877381,-0.09453915,-1.4648986,-0.19714572,0.2002693,-0.35725683,-0.86104673,-0.31850305,-1.1529447,0.005501882,-0.011975682,0.00187693,0.028023282,0.07809359,0.009008027,-0.060675554,-0.032797072,-0.048808485,0.027219713,-0.09451598,-0.037713926,-0.13042827,0.050909564
-2.0569644,0.41932625,-0.62506187,0.98289883,-0.10712701,-0.34074864,-2.3688967,-1.0635049,-0.56201816,1.846041,-0.118541084,-1.4456412,-0.195286,0.20676719,-0.38884085,-0.7704845,-0.2803397,-1.1767169,0.0070128953,-0.012763817,0.0016820481,0.02683866,0.07568451,0.0015287505,-0.10144475,-0.030296035,-0.046775583,0.028567813,-0.09468701,-0.03685228,-0.118663,0.04210449
-2.1141632,0.48823568,-0.5934068,1.0401486,-0.30730614,-0.6785763,-2.293833,-1.0584022,-0.56648046,1.7994411,-0.16365874,-1.4158926,-0.19581956,0.22702321,-0.44730377,-0.60279006,-0.21450853,-1.21624,0.016948482,-0.068018794,0.008955443,0.018627223,0.066283666,-0.14449091,-0.17035203,-0.023610462,-0.042670373,0.031563222,-0.09686349,-0.03828883,-0.12861006,0.046216317
-2.142375,0.52307886,-0.57818216,1.068143,-0.40967607,-0.8491635,-2.2567413,-1.0561205,-0.569839,1.7750978,-0.18504657,-1.4023358,-0.19719034,0.2344013,-0.4713904,-0.52235353,-0.18200175,-1.2337945,0.019097071,-0.021518463,0.002662669,0.024007745,0.07131676,-0.033020817,-0.1390476,-0.027757451,-0.04441377,0.030507479,-0.09414094,-0.03688935,-0.111321695,0.03650519
-2.1975322,0.58913773,-0.5477035,1.1230195,-0.60424393,-1.1791255,-2.1839957,-1.0513972,-0.57653314,1.7300373,-0.22174132,-1.3736471,-0.19454908,0.24668391,-0.5216755,-0.38419595,-0.12505846,-1.269949,0.023530053,-0.07056695,0.008898089,0.016519038,0.06238855,-0.1621883,-0.217306,-0.0207401,-0.040020075,0.033671264,-0.09657264,-0.037731253,-0.116298616,0.035575002
-2.2921436,0.7037667,-0.4959399,1.2171391,-0.9394869,-1.7428874,-2.059903,-1.0433106,-0.58616364,1.6514564,-0.2925401,-1.3258597,-0.1955817,0.27429208,-0.6104056,-0.1188552,-0.01875982,-1.3321888,0.034558903,-0.075718135,0.009328553,0.014111955,0.058418505,-0.18805364,-0.24966145,-0.01870016,-0.037876163,0.035619862,-0.09584691,-0.037832566,-0.10936323,0.028941907
-2.352928,0.7790061,-0.46108663,1.2793999,-1.1591483,-2.1135955,-1.9774598,-1.0377849,-0.5910236,1.6006376,-0.3422243,-1.2932389,-0.19607553,0.29670262,-0.6740721,0.06479061,0.053341683,-1.3754941,0.046009634,-0.12959379,0.016318653,0.0054785977,0.047873195,-0.33307764,-0.34861216,-0.010235136,-0.032445192,0.039191663,-0.09813496,-0.038290158,-0.10814113,0.027452946
-2.3972135,0.830207,-0.44068265,1.3198552,-1.3042796,-2.3498187,-1.9265541,-1.0344328,-0.5937955,1.5642836,-0.38039207,-1.2759194,-0.20466086,0.31379652,-0.71157914,0.21032359,0.109029934,-1.4003705,0.051038586,0.009774791,-0.0018182276,0.024399411,0.06922498,0.01189893,-0.11232768,-0.031425077,-0.044145588,0.03269121,-0.08878726,-0.03809972,-0.102151684,0.025795812
-2.4281428,0.868702,-0.421883,1.3524275,-1.4183763,-2.545647,-1.882687,-1.0315164,-0.59715796,1.5386982,-0.40242383,-1.2576882,-0.20138942,0.32248995,-0.7443174,0.290903,0.14188312,-1.4233927,0.05619311,-0.07330631,0.008925364,0.012181697,0.05483044,-0.2017329,-0.2601241,-0.01849516,-0.036454424,0.037404716,-0.09353545,-0.03846633,-0.103259295,0.024502724
-2.467055,0.91745466,-0.39881954,1.3929176,-1.5625622,-2.7905905,-1.8282667,-1.0279658,-0.6014275,1.5058148,-0.43126264,-1.2359148,-0.19942881,0.3337194,-0.78371847,0.39787057,0.18525678,-1.4512439,0.061639506,-0.126374,0.015727533,0.0040159817,0.04494944,-0.3408373,-0.3602689,-0.009924933,-0.031153426,0.04078923,-0.096365124,-0.038698714,-0.1022765,0.022095867
-2.503344,0.9590244,-0.3818744,1.4261042,-1.6814903,-2.985925,-1.7861552,-1.0252268,-0.6045813,1.4763763,-0.459268,-1.2212021,-0.20426589,0.34480166,-0.8130342,0.5053829,0.22741269,-1.471406,0.06411151,-0.037670497,0.004149353,0.016102677,0.05865753,-0.12135493,-0.20328252,-0.02382483,-0.038841583,0.03667262,-0.09036784,-0.03886909,-0.101331875,0.021556985
-2.5381298,0.99952763,-0.36570722,1.4582165,-1.7943313,-3.1686254,-1.7462982,-1.0224237,-0.60492706,1.447997,-0.4942864,-1.2074203,-0.2131263,0.3637428,-0.8474698,0.6370243,0.27591777,-1.4926293,0.072078384,0.060433567,-0.008427553,0.029574225,0.07419349,0.120541,-0.017769625,-0.039966278,-0.047863387,0.03167459,-0.08322498,-0.039308663,-0.10203113,0.024851622
-2.5564783,1.0232104,-0.35299885,1.478857,-1.8678956,-3.2987325,-1.7170843,-1.0206258,-0.6089686,1.4325243,-0.50158674,-1.1945392,-0.20616242,0.36318347,-0.86512923,0.66325134,0.28944194,-1.5069448,0.072343595,-0.042893555,0.004799636,0.014551528,0.056410674,-0.14192386,-0.21426626,-0.023030167,-0.037910223,0.03761751,-0.08983279,-0.039251518,-0.10047696,0.02041561
-1.8050914,0.19314514,-0.7330937,0.78729635,0.77636725,1.3065941,-2.6767063,-1.0582875,-0.29307604,2.0358896,-0.67404073,-1.5634947,-0.51447934,0.8807721,-0.8725237,0.9838082,0.207283,-1.2245573,0.09415952,0.09913706,-0.014399841,0.05220404,0.10939291,0.49423897,0.28901806,-0.06773396,-0.068782985,0.019316562,-0.08479328,-0.03839885,-0.15369257,0.056265146
-1.8205439,0.20733285,-0.7246694,0.80038714,0.711019,1.1779642,-2.6529818,-1.0591866,-0.3183056,2.023496,-0.6154174,-1.5534672,-0.48080853,0.8141857,-0.82275283,0.7918153,0.15181744,-1.2176902,0.08509371,0.035347432,-0.0062002554,0.04158245,0.09578763,0.3127246,0.10720173,-0.052757956,-0.059807688,0.023856139,-0.08976325,-0.036714375,-0.13461824,0.045458354
-1.8330276,0.21881579,-0.71772814,0.8109973,0.6563771,1.069802,-2.6332269,-1.060085,-0.34044725,2.0132675,-0.56323874,-1.545115,-0.45131198,0.75538623,-0.77772146,0.62102306,0.10201546,-1.2110432,0.07834871,-0.017073015,0.00059436,0.032710273,0.084365256,0.16127877,-0.046514753,-0.040123656,-0.052219223,0.027595747,-0.09379414,-0.035195835,-0.117099054,0.03652766
-1.8600514,0.2387717,-0.7104169,0.8277451,0.5817377,0.9339566,-2.6094034,-1.0608009,-0.36519632,1.9953705,-0.51196736,-1.5373398,-0.42607638,0.6927506,-0.72859865,0.4651167,0.058209892,-1.2034256,0.07051835,0.046155576,-0.007030059,0.04216247,0.09662926,0.30333984,0.13901207,-0.05374019,-0.06070219,0.022854414,-0.089004084,-0.037774183,-0.14263351,0.052660234
-1.8662567,0.24506325,-0.70621496,0.8336994,0.55096054,0.8722706,-2.5978987,-1.0612679,-0.37746638,1.9899176,-0.48288518,-1.5322566,-0.4089072,0.66011184,-0.7043617,0.36847562,0.030154496,-1.2001522,0.066061854,0.0040878635,-0.0017003686,0.03511445,0.087435216,0.18665157,0.0097535895,-0.04342441,-0.05443,0.026029302,-0.09236042,-0.036301035,-0.126459,0.043446567
-1.8753848,0.25435972,-0.700679,0.8420552,0.5092322,0.79107916,-2.5826719,-1.0617242,-0.3922953,1.9820095,-0.4493777,-1.5259075,-0.38913226,0.62149626,-0.6762846,0.2584481,-0.0010912319,-1.1967511,0.059637927,-0.031554215,0.0027664907,0.028964417,0.079276785,0.08521427,-0.10748386,-0.034090232,-0.048733775,0.028913228,-0.09540433,-0.03489808,-0.11113566,0.03406614
-1.8963953,0.27018908,-0.6944351,0.8555305,0.448419,0.6790141,-2.5628486,-1.0623386,-0.41294745,1.9678717,-0.40568587,-1.5191001,-0.36694098,0.5688396,-0.6354327,0.123721376,-0.039150834,-1.1905485,0.052863006,0.001886636,-0.0011740007,0.033882044,0.08576235,0.15489174,-0.0036565238,-0.04140969,-0.05336705,0.026278628,-0.092844784,-0.036552362,-0.12730372,0.044237316
-1.9355721,0.3019011,-0.6798921,0.8830881,0.31852502,0.43410024,-2.518849,-1.0638531,-0.45918635,1.9397187,-0.30420902,-1.5027428,-0.31277087,0.44941887,-0.5437754,-0.19692357,-0.13059954,-1.1770765,0.03737083,0.007214142,-0.0013690279,0.033723682,0.08570077,0.13336264,0.01634409,-0.04145037,-0.053693026,0.025655676,-0.09255335,-0.037557464,-0.13513474,0.05032066
-1.9535645,0.31902906,-0.6706197,0.8981468,0.24390194,0.29080686,-2.492432,-1.0647447,-0.48569945,1.9248351,-0.2452225,-1.4922628,-0.2791899,0.38066918,-0.4921469,-0.38845098,-0.18513122,-1.1701877,0.027388375,-0.020588445,0.0020862112,0.027882582,0.077270396,0.041115385,-0.11936048,-0.030973004,-0.04713988,0.028685678,-0.095455624,-0.035300408,-0.109827995,0.036433425
-1.970389,0.33126777,-0.665562,0.90882784,0.19484933,0.1987345,-2.476284,-1.0653883,-0.503907,1.9137207,-0.20496833,-1.4864644,-0.258659,0.33341032,-0.45497644,-0.51400006,-0.22132704,-1.1641936,0.022371897,-0.008482157,0.0009044128,0.02971046,0.08006751,0.05800012,-0.060362775,-0.03459117,-0.04959328,0.02723773,-0.094245516,-0.03670687,-0.123365544,0.04542933
-2.009048,0.36543587,-0.64930564,0.9381093,0.05584113,-0.06199151,-2.4286072,-1.0667171,-0.5501745,1.8840237,-0.106041536,-1.4687144,-0.20411055,0.21529287,-0.36642954,-0.8283978,-0.3095107,-1.1525096,0.003929688,0.0014659876,-0.00032314684,0.029213853,0.078266144,0.048154347,-0.10233542,-0.031075139,-0.047318455,0.027854552,-0.094673246,-0.03556668,-0.10905597,0.03747955
-2.0787618,0.44620538,-0.612708,1.0050652,-0.18540913,-0.47249094,-2.3396268,-1.0615275,-0.56367517,1.8278527,-0.13652089,-1.4341426,-0.19583368,0.21501666,-0.411644,-0.70355284,-0.25414595,-1.1921228,0.010989638,-0.028692381,0.003790488,0.024415359,0.07290524,-0.041333143,-0.119064786,-0.028524261,-0.045649216,0.029454684,-0.09517567,-0.03738303,-0.12217269,0.043683346
-2.1073534,0.48138508,-0.59698695,1.0337778,-0.28753757,-0.6432712,-2.3019512,-1.059048,-0.5658505,1.8037522,-0.16076508,-1.4197869,-0.19756174,0.22588907,-0.44011924,-0.6138475,-0.21923262,-1.21148,0.01616418,-0.015950233,0.0020476254,0.02532378,0.073206775,-0.014833119,-0.12402882,-0.02888034,-0.04537748,0.029637642,-0.09411973,-0.03673064,-0.11227039,0.038692314
-2.158649,0.5433163,-0.5693425,1.0842878,-0.46978062,-0.9493782,-2.2350914,-1.0548369,-0.5723,1.7608515,-0.19611633,-1.3945308,-0.19754557,0.2372261,-0.48406625,-0.47980893,-0.16416882,-1.2435548,0.019035472,0.00923068,-0.0014967627,0.027789136,0.07510545,0.04192869,-0.10853085,-0.03109744,-0.04601528,0.029628122,-0.09235957,-0.03626656,-0.10360673,0.031518567
-2.222349,0.6212791,-0.5332415,1.1490126,-0.69667804,-1.3324653,-2.1497834,-1.0490414,-0.5770637,1.7082977,-0.2479496,-1.360599,-0.19813672,0.26110238,-0.55117077,-0.2878682,-0.08907272,-1.288793,0.031251103,-0.059875287,0.0075827627,0.017412953,0.06305821,-0.14055797,-0.20629705,-0.022008961,-0.040425345,0.033483513,-0.09525015,-0.037637305,-0.11191128,0.03495802
-2.2345946,0.6355905,-0.5275704,1.1602652,-0.7373641,-1.3986098,-2.1355736,-1.0481297,-0.57789886,1.6980901,-0.25861007,-1.3558322,-0.20057358,0.26573774,-0.56128764,-0.2474569,-0.07357748,-1.2956016,0.032631055,-0.015191793,0.0017240092,0.023307754,0.06948923,-0.030316994,-0.14275262,-0.028041257,-0.043659065,0.031605057,-0.09240893,-0.037180975,-0.105911195,0.032302633
-2.2621686,0.6685008,-0.51358145,1.1866713,-0.83265185,-1.5563376,-2.1013107,-1.045933,-0.58050764,1.6750393,-0.28027254,-1.343475,-0.20321934,0.2742672,-0.5850768,-0.16521937,-0.04108424,-1.3122041,0.035116073,0.03486603,-0.004873908,0.029778557,0.076477684,0.091829516,-0.0690024,-0.034984384,-0.047298223,0.029655667,-0.08905898,-0.036880568,-0.10041286,0.029220765
-2.2953658,0.7086657,-0.4946423,1.2203281,-0.95092696,-1.7578164,-2.056556,-1.0429696,-0.584164,1.6479584,-0.3032956,-1.3254002,-0.20110466,0.28289974,-0.6176084,-0.07956933,-0.006171268,-1.3351529,0.03922734,-0.020059794,0.0022262337,0.021712204,0.067066975,-0.05021037,-0.15672491,-0.027076311,-0.042563256,0.032766245,-0.09198136,-0.037548814,-0.10484617,0.029610077
-1.4898274,-0.3135475,-0.72348845,1.0080091,0.5018548,1.8207816,-1.8803762,-1.7138973,1.1937867,-1.2781379,-0.65773493,0.7390141,0.51264596,-0.068921484,0.73154294,0.58154464,2.932311,0.90358853,0.09385149,0.06554525,-0.051313456,0.044837825,0.10197479,0.35032222,0.23735276,-0.08405473,-0.0008170214,-0.08347661,0.041462302,-0.026512034,-0.11676169,-0.026783545
-1.50175,-0.3019812,-0.7165851,1.0185801,0.44985828,1.7190785,-1.861333,-1.7144738,1.174959,-1.2879931,-0.6148072,0.7470646,0.5379736,-0.11816698,0.7672226,0.44047168,2.8920944,0.9079788,0.08572903,0.014085112,-0.04480858,0.036260575,0.09085653,0.20615926,0.08424556,-0.07164931,0.0066793226,-0.07962335,0.037275244,-0.024946662,-0.099645935,-0.037529044
-1.5137272,-0.29070207,-0.70995194,1.028839,0.39790842,1.6172466,-1.8425915,-1.715214,1.1549923,-1.2978821,-0.5686128,0.75487405,0.56433284,-0.17075413,0.80689645,0.28948063,2.8484821,0.91352665,0.07881764,-0.029270893,-0.039240174,0.028812919,0.081147805,0.08016503,-0.04949824,-0.060755026,0.013260066,-0.07637177,0.033796992,-0.023519546,-0.083448544,-0.046374246
-1.5519005,-0.26015416,-0.69632506,1.0553013,0.27498975,1.3866545,-1.801163,-1.7165427,1.1121646,-1.3249234,-0.47572255,0.7700857,0.61379695,-0.28089947,0.891078,-0.0030589206,2.7654324,0.9257557,0.06392791,-0.012553889,-0.04095113,0.030427428,0.08322295,0.09044936,-0.004685353,-0.06297197,0.011672797,-0.07762603,0.03482981,-0.024614269,-0.092539266,-0.039959215
-1.5743182,-0.2402087,-0.68612146,1.0727981,0.19020635,1.224867,-1.7715619,-1.7175161,1.0821124,-1.34235,-0.40915316,0.781615,0.6509167,-0.35870263,0.94965726,-0.21699516,2.7045543,0.93376917,0.052753814,-0.035848223,-0.03790362,0.025694551,0.07673365,0.0081686545,-0.0970397,-0.05526916,0.016341733,-0.075503945,0.032585237,-0.023508484,-0.07928403,-0.047163747
-1.6045228,-0.21517369,-0.6743097,1.0945837,0.08595469,1.0274599,-1.7360476,-1.7188137,1.0445412,-1.3646128,-0.32621598,0.79494417,0.69552535,-0.45598036,1.0246542,-0.480558,2.6291585,0.9448493,0.0405872,-0.035213042,-0.037689734,0.024528215,0.074886136,-0.020204347,-0.11924622,-0.052750297,0.017788613,-0.075243376,0.032277673,-0.023325827,-0.0748804,-0.04774792
-1.6230767,-0.20127943,-0.6684859,1.106654,0.030861199,0.92442364,-1.7177898,-1.7194438,1.0248832,-1.3770639,-0.2833562,0.8015165,0.7176868,-0.5066849,1.0639019,-0.6142437,2.5909746,0.9508795,0.034367032,-0.022511924,-0.03897618,0.02641559,0.07772289,-0.0023162505,-0.060331568,-0.056357704,0.0153448675,-0.076665245,0.033445243,-0.024730112,-0.08849544,-0.03918503
-1.6456585,-0.18234824,-0.6595134,1.1230783,-0.04816404,0.77484065,-1.6908617,-1.7204347,0.9964494,-1.3938956,-0.22062664,0.81160766,0.75144213,-0.58027256,1.1207049,-0.8136398,2.5339527,0.9592607,0.02518659,-0.02095584,-0.03896587,0.02563298,0.07637702,-0.021204486,-0.07852652,-0.054416616,0.016487394,-0.07646502,0.03324914,-0.024486411,-0.084023185,-0.04020505
-1.6854465,-0.14158374,-0.6407142,1.1571717,-0.18993056,0.5211331,-1.6406826,-1.7197007,0.96802056,-1.4255373,-0.176739,0.8304397,0.78247076,-0.6433201,1.1552552,-0.9458699,2.5031211,0.9547404,0.014344552,-0.010091616,-0.04048453,0.025833705,0.07565277,-0.014503104,-0.09936228,-0.052896947,0.017691165,-0.07595342,0.03331077,-0.02381508,-0.074799076,-0.047175094
-1.7600875,-0.05139654,-0.59973365,1.2317042,-0.45093453,0.0824767,-1.5432949,-1.7130502,0.96290433,-1.4866766,-0.23831828,0.86860955,0.7796561,-0.6145351,1.0781586,-0.7169542,2.5920646,0.90320665,0.028397378,-0.054347165,-0.03457709,0.018964944,0.06777225,-0.1355521,-0.14316812,-0.048327357,0.020699814,-0.073457494,0.03229479,-0.025536133,-0.08578173,-0.041779567
-1.8031837,0.0011105307,-0.57662755,1.2741854,-0.60503554,-0.1750812,-1.4871694,-1.7095453,0.9577984,-1.5232198,-0.26990968,0.88942176,0.77828145,-0.6037057,1.0411539,-0.5977824,2.640382,0.87637836,0.03150981,-0.0052229958,-0.041255783,0.024530595,0.07289939,-0.019034453,-0.10747256,-0.052894823,0.018834377,-0.07443302,0.035325233,-0.024259446,-0.068739675,-0.052117072
-1.9010483,0.12013201,-0.5219087,1.3727034,-0.9527166,-0.76194966,-1.357134,-1.7008818,0.9488807,-1.6039951,-0.3450439,0.94061726,0.77840436,-0.572069,0.94372624,-0.31782517,2.7516096,0.8092446,0.04616751,-0.0807625,-0.03146603,0.012721343,0.058813762,-0.22168732,-0.22266388,-0.042491436,0.025496392,-0.069641836,0.032310348,-0.025765253,-0.0759837,-0.051137116
-1.9350454,0.16038126,-0.50464886,1.405226,-1.0692306,-0.9554884,-1.3149936,-1.6981593,0.9456579,-1.6320794,-0.37117994,0.9560481,0.7757606,-0.5618275,0.9141957,-0.21889551,2.7907712,0.7886625,0.049382113,-0.032882523,-0.03779378,0.018782347,0.06526029,-0.10586014,-0.15387562,-0.049038295,0.02214499,-0.071378,0.035593346,-0.025484733,-0.070193544,-0.054591388
-1.9758981,0.20914859,-0.48381004,1.4445457,-1.2093214,-1.1872507,-1.2643092,-1.6947976,0.9428206,-1.6659557,-0.4058049,0.97459555,0.77101326,-0.5462232,0.87598085,-0.08862181,2.8411145,0.7630163,0.055422664,0.026460737,-0.04552755,0.0264287,0.07361942,0.037601836,-0.05754296,-0.05785319,0.017513467,-0.07380951,0.039935544,-0.025444483,-0.06588872,-0.05625375
-1.7762498,0.17973971,-0.44720933,0.7514186,0.8536164,1.5095503,-0.7459813,0.04853362,-0.2816705,-0.17457654,-0.6524859,-0.12888205,-0.32160538,0.34517637,1.8056221,2.031352,-0.5612587,-0.069301605,3.4442627,0.024996895,-0.013295167,0.033606518,0.04410206,0.38128805,0.44618803,-0.028076038,-0.0030089128,0.00011807446,0.008563969,0.015080192,0.09624657,0.001410239
-1.8258445,0.22472425,-0.42270598,0.7916976,0.65837574,1.1328588,-0.6763917,0.046367545,-0.35164633,-0.21346729,-0.49527112,-0.10069724,-0.2318356,0.1631046,1.9401013,1.5217171,-0.7064033,-0.051709536,3.4161887,-0.09552245,0.0021912006,0.012999623,0.01750631,0.024336072,0.0921976,0.0014970611,0.014677663,0.008999481,-0.001318095,0.018208941,0.13212794,-0.020742556
-1.8690442,0.25570175,-0.40991336,0.8187099,0.52891177,0.88797444,-0.6342952,0.044145912,-0.4035535,-0.24249528,-0.37785596,-0.08575599,-0.17314255,0.02695242,2.0513651,1.1537919,-0.8142096,-0.03234126,3.406695,-0.045692783,-0.0030878005,0.019433351,0.026104746,0.10392092,0.24266998,-0.008339289,0.008241616,0.00470977,0.0030346191,0.0156585,0.110680476,-9.92799e-05
-1.8775396,0.2634946,-0.4052409,0.82590884,0.4919817,0.8149059,-0.6209583,0.04353059,-0.41847783,-0.24944535,-0.34279686,-0.0801345,-0.15328017,-0.012661491,2.0817707,1.0388149,-0.8477517,-0.027829584,3.4022179,-0.07848234,0.0011306328,0.013670248,0.018486386,0.007867234,0.13462217,0.00033184577,0.013522171,0.007260004,0.0003902215,0.016969698,0.12557429,-0.007705075
-1.9093807,0.2923882,-0.39090896,0.85092,0.37450504,0.59372777,-0.579947,0.042611264,-0.45648333,-0.27411303,-0.26179007,-0.064420216,-0.10720371,-0.109438546,2.1519117,0.7798269,-0.9197368,-0.019521162,3.384584,-0.0988322,0.003660581,0.009252244,0.012235733,-0.0696291,0.043277644,0.008016604,0.01819406,0.009486647,-0.002070713,0.018032623,0.1378294,-0.016921427
-1.9657198,0.33562997,-0.3715447,0.88879675,0.19473557,0.25301272,-0.5197117,0.040070307,-0.52440333,-0.31332567,-0.109745465,-0.042117566,-0.02790347,-0.28647292,2.2911336,0.30016962,-1.0584189,0.0026223864,3.3660562,-0.08611622,0.0030945463,0.010061735,0.014010726,-0.09174596,0.11453125,0.0052189794,0.015871042,0.007467713,-0.0006022857,0.015595059,0.117246196,0.00019619773
-1.9731618,0.34385094,-0.36712092,0.89573026,0.15968831,0.1868215,-0.5073403,0.039720435,-0.53567696,-0.320343,-0.08590826,-0.037396282,-0.01393546,-0.31510654,2.3124683,0.22229208,-1.0800985,0.005138851,3.3612769,-0.08441466,0.0026467117,0.008958161,0.0113643445,-0.09785878,0.046322584,0.009681354,0.018937666,0.008736976,-0.0013905661,0.01763677,0.13949387,-0.01203684
-1.9886535,0.3550654,-0.36223716,0.90568036,0.113835625,0.09988652,-0.49201307,0.039114367,-0.55311614,-0.3304941,-0.046618793,-0.03167223,0.006363523,-0.3606518,2.3478634,0.099261485,-1.1156716,0.010770103,3.356196,-0.08868714,0.0036004584,0.0086712185,0.011906624,-0.120770454,0.08627455,0.0079726465,0.01749918,0.007964273,-0.0011448371,0.015905298,0.12226456,-0.0016204977
-2.0110545,0.38256913,-0.34961376,0.9282658,0.03136232,-0.040083867,-0.4615251,0.04089598,-0.5570949,-0.34954882,-0.05918314,-0.019930545,0.00845326,-0.35880828,2.3309472,0.1474752,-1.0948083,-0.003107906,3.3579717,-0.08776037,0.0033164658,0.007910652,0.010187125,-0.12377086,0.052693103,0.010009201,0.019117601,0.008866279,-0.0011874329,0.016789991,0.13362533,-0.008394349
-2.0511642,0.43157429,-0.32737744,0.968338,-0.11417218,-0.2857034,-0.40788102,0.044202928,-0.5629241,-0.3834516,-0.085043944,0.00052306324,0.010042406,-0.35194862,2.2973838,0.2455838,-1.0534773,-0.028392477,3.359166,-0.07927475,0.0019081184,0.008061393,0.009356968,-0.10789013,0.031385873,0.01087245,0.020207703,0.009731859,-0.00074640446,0.017538175,0.14428999,-0.016848536
-2.1088054,0.5013721,-0.29540262,1.0261867,-0.3165258,-0.6265365,-0.33209437,0.04938199,-0.56699437,-0.43063402,-0.13211036,0.030460643,0.008617873,-0.33003938,2.2373624,0.42041087,-0.9853605,-0.068599775,3.37004,-0.12888727,0.008488464,0.0006683221,0.0009594187,-0.23992759,-0.02414751,0.01645957,0.023669697,0.012356568,-0.0024509067,0.016009295,0.13363615,-0.011848718
-2.139362,0.53857857,-0.27938375,1.0560058,-0.4253699,-0.80735976,-0.29287893,0.051806964,-0.57051146,-0.4567328,-0.15522671,0.044629794,0.0066027115,-0.32198116,2.2118351,0.5078046,-0.9501836,-0.08709099,3.3721285,-0.07059884,0.000675605,0.007766277,0.008049045,-0.0987173,0.03255575,0.010190267,0.020688716,0.010637168,0.0010743223,0.017266396,0.14952411,-0.020786013
-2.2328942,0.65117633,-0.22915356,1.1480742,-0.75402033,-1.3584132,-0.17193031,0.05967349,-0.58003396,-0.53427327,-0.22505404,0.090650186,0.004192745,-0.2949991,2.126064,0.7709293,-0.8448499,-0.1472711,3.3818798,-0.04448225,-0.0029254414,0.010022793,0.009715907,-0.044672288,0.06778425,0.0066026216,0.01949049,0.010738084,0.0038148242,0.016835298,0.15260608,-0.025250398
-1.4700356,-0.15793648,-0.65354794,1.5501757,1.0124248,2.1945262,-0.53640217,0.81810325,-1.3617371,0.10347704,-0.90859586,0.06861191,-0.20812804,0.3569921,2.7167532,2.5701895,-0.088762924,-0.6251104,-1.0333672,0.04235115,-0.009405154,0.029110271,0.042416494,0.4325873,0.36192113,-0.029910928,-0.007813329,-0.0021164345,0.0076132393,0.010331791,0.023204323,0.010726144
-1.4988596,-0.13206995,-0.63948715,1.5734051,0.9002272,1.977901,-0.49641195,0.8168591,-1.4020892,0.0810976,-0.81781185,0.084837064,-0.15632829,0.25192076,2.7943385,2.2759235,-0.17262761,-0.6149236,-1.0495099,-0.02878691,-0.0002450731,0.017049013,0.02694756,0.22265658,0.15857913,-0.012826389,0.0023695284,0.0030219317,0.0018518409,0.012016966,0.04263301,-0.0013459951
-1.5307517,-0.10768356,-0.6285671,1.5947616,0.79744077,1.7826539,-0.46212187,0.81528413,-1.4418703,0.058747295,-0.72819597,0.09747296,-0.10992223,0.14789851,2.8772705,1.9927766,-0.25490376,-0.6013724,-1.0590796,-0.015148067,-0.0013683004,0.018088343,0.028379813,0.22302933,0.19639672,-0.014479609,0.0010844653,0.0017562258,0.0030516712,0.011061456,0.036093105,0.0069528297
-1.5547448,-0.08626792,-0.61720365,1.6138406,0.705497,1.6059334,-0.42958215,0.8142633,-1.4746462,0.040173028,-0.6549723,0.11048922,-0.06840769,0.06277148,2.9404383,1.7560858,-0.3222809,-0.5929929,-1.0719986,-0.06130816,0.004578945,0.009932906,0.017717429,0.08163344,0.05235801,-0.0024485723,0.008305558,0.0053032786,-0.0008597478,0.012436407,0.05203495,-0.002630617
-1.5952446,-0.054045603,-0.6024866,1.641922,0.57198054,1.3533869,-0.3845445,0.8125212,-1.5236839,0.011258757,-0.54618746,0.12721735,-0.010924492,-0.06449853,3.039484,1.4122137,-0.42107803,-0.5778186,-1.0867517,-0.05373274,0.004215492,0.00998809,0.017948518,0.062058736,0.07826437,-0.0028417069,0.007741156,0.0044306046,-0.0002676751,0.011358526,0.04407976,0.004957119
-1.6196934,-0.032273285,-0.5915333,1.6609643,0.48158807,1.1818775,-0.3529593,0.81165135,-1.5543833,-0.007542749,-0.47936577,0.13945583,0.026753949,-0.14340724,3.0977697,1.1977547,-0.48148027,-0.5703348,-1.0995333,-0.075305514,0.006970782,0.005519687,0.011733006,-0.015147888,-0.0120878415,0.0046546585,0.012303602,0.0065577677,-0.0025385362,0.012467355,0.05702996,-0.0030932126
-1.6778014,0.016345598,-0.5687651,1.7030936,0.28229305,0.8062543,-0.28499305,0.8094608,-1.6238787,-0.050361603,-0.3278863,0.16485779,0.10876054,-0.32233688,3.2338881,0.7174326,-0.61779314,-0.55104065,-1.1243688,-0.07104483,0.006897833,0.0040932335,0.009386299,-0.057180483,-0.034665428,0.00798838,0.014126987,0.006762018,-0.0029725223,0.012363538,0.059837002,-0.0030269187
-1.7448202,0.09056089,-0.5348892,1.7649354,0.04808536,0.3995629,-0.19985047,0.81298125,-1.6501608,-0.10398108,-0.31767938,0.19771247,0.13375348,-0.3628407,3.2297459,0.7071245,-0.60540074,-0.57773393,-1.1224107,-0.08990095,0.009641186,0.00022070698,0.0046134433,-0.1295849,-0.061371885,0.011109812,0.016185222,0.008069415,-0.0032047266,0.011418169,0.056179892,5.5974124e-05
-1.7698095,0.121277444,-0.5211073,1.790002,-0.041847616,0.24871132,-0.16671315,0.8151019,-1.6527061,-0.12511976,-0.33709794,0.21031195,0.13311175,-0.3552457,3.2064016,0.7793846,-0.5765695,-0.5941948,-1.1192273,-0.0781542,0.007976215,0.0010447673,0.004804539,-0.10467954,-0.070352726,0.011067138,0.01660978,0.008341045,-0.00240687,0.012149409,0.066252016,-0.005705435
-1.7899189,0.14632499,-0.51001376,1.8102499,-0.11491361,0.12689696,-0.13997917,0.8168168,-1.6544985,-0.14240733,-0.3539391,0.22029687,0.13175231,-0.34813413,3.1871364,0.842098,-0.55192155,-0.6075599,-1.1162251,-0.05741459,0.005182228,0.003266869,0.0067338166,-0.056444883,-0.058876432,0.009346412,0.016001262,0.007987973,-0.0010232582,0.0127986,0.075159624,-0.010351334
-1.8560181,0.22634673,-0.47321278,1.8765417,-0.34883124,-0.2681899,-0.05248695,0.8226446,-1.6607715,-0.19673759,-0.40352795,0.2547747,0.13225184,-0.32773322,3.1220908,1.0275174,-0.47789988,-0.65256095,-1.1071433,-0.11294739,0.012406452,-0.0050986633,-0.0029671914,-0.203685,-0.13083906,0.016224997,0.020298641,0.011218197,-0.0032643557,0.011335616,0.06526857,-0.0075106667
-1.8721778,0.24555086,-0.46512774,1.8919052,-0.40458506,-0.36043444,-0.032550007,0.82389104,-1.6625035,-0.21027996,-0.41575122,0.26187047,0.13079862,-0.32335994,3.10898,1.0739183,-0.4593726,-0.66194105,-1.1060994,-0.07675665,0.007596923,-0.0005167866,0.0018207005,-0.11527891,-0.08726144,0.011820525,0.018062487,0.0099496,-0.0010227165,0.011885094,0.07240891,-0.011454896
-1.9147595,0.2966103,-0.4428353,1.9332836,-0.5533898,-0.6086443,0.021604408,0.8273601,-1.6669744,-0.2457703,-0.44759485,0.28196344,0.12866078,-0.31147718,3.0717118,1.1945035,-0.41108316,-0.688306,-1.1024909,-0.032894086,0.001743367,0.004827082,0.007313675,-0.010545313,-0.028380224,0.0060573826,0.015251,0.008609396,0.002049321,0.012159687,0.078739464,-0.01586435
-2.7910123,-2.1131046,-0.44890472,-1.4364372,-0.3993868,1.2736769,0.2704372,0.6485943,0.17024015,-0.26210156,-0.112112984,-0.7561044,-0.67616504,0.0027890087,-0.13227975,0.28980464,0.20666192,0.0991759,-0.02439524,0.022759223,-0.004498964,0.014753144,0.02513568,0.16753623,0.15935205,-0.017508358,0.0014600542,0.0016832318,0.0053274683,0.015529949,-0.013593971,0.03745666
-2.8095484,-2.0950444,-0.4387695,-1.4204061,-0.47859344,1.1208836,0.29884946,0.64771587,0.14233454,-0.2776184,-0.049821973,-0.7445904,-0.64004916,-0.06960801,-0.0788883,0.08657448,0.14897381,0.105930015,-0.03584473,-0.022656126,0.0011613952,0.006296051,0.013500921,0.030606102,-0.016794287,-0.003686599,0.009992409,0.0058451258,0.0011059709,0.018016925,0.013887589,0.021390958
-2.8323038,-2.0775626,-0.43125138,-1.4052316,-0.54818994,0.99060255,0.32208738,0.6469548,0.11782518,-0.2931838,0.0034628536,-0.7361481,-0.61214954,-0.1327203,-0.030420767,-0.08015865,0.10151796,0.11317099,-0.044057675,-0.010491999,-3.357877e-05,0.007983074,0.01606288,0.043719847,0.039483033,-0.00696119,0.0077303518,0.0044870107,0.0021716352,0.016586358,0.00019415536,0.029895661
-2.883574,-2.0344205,-0.41078135,-1.3676903,-0.72502494,0.6567948,0.38273758,0.6450978,0.056596894,-0.33098626,0.13685113,-0.7132572,-0.5392499,-0.290303,0.08839732,-0.5040833,-0.018543057,0.12962225,-0.06698836,-0.019805245,0.0015043576,0.0047895163,0.011583975,-0.02547157,-0.01243516,-0.0014548185,0.010879271,0.005564895,0.0007644495,0.016739838,0.0049217897,0.027710486
-2.9572558,-1.9467008,-0.3707532,-1.2954266,-0.99047655,0.20432112,0.48036554,0.6504542,0.03997461,-0.39235577,0.10810116,-0.67568064,-0.5280199,-0.29594216,0.045206405,-0.38508278,0.036917057,0.08819615,-0.061137185,-0.02274992,0.0017144548,0.0022799629,0.0070848195,-0.05215724,-0.07344651,0.0026271532,0.014176223,0.0075658574,0.0009807842,0.01776458,0.022561653,0.01743359
-3.0388157,-1.8485543,-0.3261237,-1.214462,-1.2779832,-0.28058168,0.58718216,0.6574283,0.031225152,-0.459503,0.049458016,-0.6341656,-0.5273144,-0.2739602,-0.03062911,-0.16485906,0.12586837,0.034677334,-0.0525902,-0.05364652,0.005556391,-0.0031860403,0.00011322603,-0.1397352,-0.12871793,0.0073150024,0.017537983,0.010276607,5.0941722e-05,0.017022189,0.021185309,0.014661703
-3.1205976,-1.7481253,-0.28007463,-1.131561,-1.5704656,-0.7730854,0.69648623,0.66475606,0.024788158,-0.5275756,-0.01731479,-0.5912708,-0.5290209,-0.24390759,-0.114838496,0.082649924,0.22287077,-0.022494318,-0.03777446,-0.10372204,0.012058605,-0.011564728,-0.010266127,-0.27803832,-0.21903905,0.015018187,0.022699688,0.013863474,-0.0016173382,0.016345141,0.022046834,0.013277379
-3.1481938,-1.7157739,-0.26721933,-1.1061742,-1.6628366,-0.92336875,0.7287168,0.66680443,0.022619512,-0.55068827,-0.04061022,-0.58048534,-0.5342217,-0.23423477,-0.13709214,0.17158547,0.25729635,-0.037710965,-0.035396356,-0.0032330134,-0.0011133142,0.0018301909,0.004495486,-0.029493691,-0.06865208,0.0009919466,0.01509871,0.009521996,0.0047974936,0.017125508,0.032758236,0.008412271
-3.1780744,-1.6794058,-0.2498764,-1.0755839,-1.7701719,-1.106721,0.769544,0.6695109,0.019291168,-0.5751026,-0.061246842,-0.5638311,-0.5318332,-0.22648537,-0.16691664,0.24804361,0.28854522,-0.0587689,-0.03146106,-0.06316543,0.0066387802,-0.0069322786,-0.005728585,-0.18388954,-0.16696799,0.00979388,0.020334603,0.012878567,0.0015099181,0.01653259,0.028900955,0.008586328
-3.2179258,-1.6299869,-0.22676031,-1.0346665,-1.9161217,-1.3541244,0.82433563,0.6730752,0.014805003,-0.60860705,-0.0902157,-0.5421297,-0.5302284,-0.21557291,-0.20598407,0.35615832,0.3325084,-0.08650814,-0.026659356,-0.10442853,0.011905461,-0.013359168,-0.013528013,-0.29293236,-0.2423379,0.016285881,0.02441218,0.01560472,-0.00057464396,0.016184144,0.02854783,0.006758391
-3.2534046,-1.5883873,-0.20931652,-1.0012188,-2.0351894,-1.550509,0.8670898,0.67590433,0.012274344,-0.63769305,-0.11964157,-0.5267279,-0.5347599,-0.20262448,-0.23773727,0.4673854,0.37552765,-0.107852004,-0.022104183,-0.039566986,0.0034490218,-0.004807043,-0.0040436164,-0.1345133,-0.13469532,0.0065337284,0.019175738,0.012802095,0.003990538,0.016226009,0.03219048,0.0053383713
-3.2700648,-1.5667201,-0.19806644,-0.98256576,-2.1004632,-1.6641787,0.89284563,0.6776147,0.010195769,-0.65176153,-0.13100621,-0.5155249,-0.53125596,-0.19829747,-0.2570688,0.5081679,0.39260706,-0.12164224,-0.018864112,-0.11936744,0.013786771,-0.016332462,-0.01749692,-0.33793363,-0.27492905,0.018873265,0.026396627,0.017136281,-0.00074189296,0.015924824,0.030556293,0.004660347
-3.300165,-1.5331297,-0.1859795,-0.9567598,-2.1933923,-1.8115779,0.9240675,0.6797003,0.009142667,-0.6761991,-0.15921372,-0.5060728,-0.540788,-0.18472217,-0.28080803,0.61678725,0.43312645,-0.13661556,-0.015486429,0.038004335,-0.006625061,0.0054595345,0.007443659,0.054528203,0.0013670733,-0.00559893,0.012629726,0.009355447,0.009641566,0.016016647,0.034312405,0.0050064763
-1.8400636,0.22178717,-0.719242,0.81254363,0.6554795,1.0761243,-2.635229,-1.0598333,-0.33762345,2.010388,-0.5744402,-1.5476052,-0.46066034,0.7648511,-0.78341746,0.66633236,0.116113015,-1.2113422,0.07981972,0.079063654,-0.011410119,0.048010577,0.10412351,0.4083598,0.2342143,-0.062010627,-0.06558768,0.020548683,-0.08639575,-0.03847875,-0.15168375,0.05706941
-1.8696954,0.2484699,-0.70521575,0.8361989,0.5427807,0.8605107,-2.5953102,-1.0609285,-0.3765028,1.9874655,-0.48862657,-1.5317049,-0.4116123,0.66442525,-0.71000946,0.38935745,0.03788543,-1.2021062,0.063119434,0.024553824,-0.0044351243,0.038522273,0.09178846,0.24285564,0.06970478,-0.04816826,-0.057303775,0.024702314,-0.091074735,-0.037051156,-0.13533753,0.046008304
-1.8983959,0.27148458,-0.6938255,0.85673165,0.44196388,0.66617787,-2.5607338,-1.0625352,-0.41625494,1.9665339,-0.39758545,-1.5182868,-0.36292043,0.5598609,-0.62773997,0.0978746,-0.047001943,-1.1890421,0.052776005,0.0012069267,-0.0009984977,0.033678923,0.08554116,0.14973351,-0.0043020137,-0.041217852,-0.05328017,0.026236136,-0.09280448,-0.03660154,-0.12735161,0.0451511
-1.910417,0.28036436,-0.69054204,0.8641898,0.40877265,0.60576266,-2.5501091,-1.0628357,-0.4272176,1.958601,-0.3748154,-1.5147917,-0.3517105,0.5321246,-0.6061708,0.028857246,-0.0663455,-1.1857518,0.049111962,0.026015257,-0.003932374,0.03758068,0.0908295,0.20521817,0.082138315,-0.047366943,-0.057183806,0.024123851,-0.09079622,-0.03806106,-0.14211877,0.053948797
-1.9302446,0.29822204,-0.6812914,0.87992406,0.3334477,0.46200415,-2.5235949,-1.0636023,-0.4532553,1.9431765,-0.31754193,-1.5043579,-0.31921247,0.464922,-0.5565112,-0.15580681,-0.1185638,-1.1793401,0.038425293,-0.0008865466,-0.00050860964,0.032436468,0.083830535,0.11765767,-0.018496828,-0.039123327,-0.052168556,0.026528027,-0.093353935,-0.03685483,-0.1283015,0.045568284
-1.9638267,0.3266112,-0.66771626,0.9046359,0.21624103,0.24038552,-2.4833694,-1.0648899,-0.4942412,1.9182403,-0.22786717,-1.4891433,-0.27024636,0.35925397,-0.476485,-0.44114736,-0.19957116,-1.1681306,0.023495123,-0.008326544,0.0006759898,0.030023517,0.08041014,0.0677097,-0.06107417,-0.034891702,-0.049705435,0.027395613,-0.09439742,-0.036569476,-0.12307507,0.04329941
-2.0064328,0.3619414,-0.6511623,0.9353027,0.06992561,-0.03611026,-2.4335964,-1.0666585,-0.54651594,1.8868777,-0.11291315,-1.470542,-0.20847304,0.22413313,-0.37251773,-0.8058895,-0.30370378,-1.152876,0.0062382356,-0.0038436106,0.0005211375,0.029041339,0.07872229,0.037871294,-0.07786902,-0.032430954,-0.048349876,0.027445538,-0.09454003,-0.0365583,-0.119608305,0.04373259
-2.0794094,0.44850323,-0.61193985,1.0064268,-0.19211061,-0.48222044,-2.3375971,-1.0614666,-0.56340444,1.8261013,-0.14016066,-1.433845,-0.19750683,0.21723668,-0.41307288,-0.6911368,-0.24990392,-1.193008,0.012382894,0.008020609,-0.0011202708,0.028724002,0.076911226,0.048019215,-0.10500164,-0.031107686,-0.046702012,0.02848568,-0.09326064,-0.035737883,-0.1040041,0.035297204
-2.1350808,0.5154069,-0.5816449,1.061489,-0.38819963,-0.81259423,-2.2649438,-1.0567397,-0.56956244,1.7802198,-0.17970233,-1.4057652,-0.19717853,0.23167792,-0.46402997,-0.5419235,-0.189418,-1.229144,0.017478803,-0.0055588596,0.00053548504,0.026193712,0.07368288,0.007773213,-0.12193593,-0.02954018,-0.04540953,0.029825378,-0.093394056,-0.036476832,-0.107581094,0.034597374
-1.0105582,-0.62685317,-0.83707166,3.1307712,0.28731033,1.5310587,0.2946072,1.256012,-1.2255055,-0.21088906,-0.4029149,0.01446873,-0.045820683,-0.19476168,-0.77733654,-0.10155926,0.19310887,0.23419845,0.048760694,-0.025601743,-0.10366751,0.0063355328,-0.0085298745,0.165733,0.16513985,0.04155447,-0.013356122,0.048026264,0.0103569785,-0.014538524,-0.014367806,-0.0046893437
-1.0342146,-0.6062338,-0.82660764,3.1489396,0.19973828,1.3637592,0.32513478,1.2549822,-1.2568406,-0.22896557,-0.33331025,0.02636747,-0.0071353656,-0.27602488,-0.7159799,-0.32522568,0.12931003,0.24272922,0.037389405,-0.049646005,-0.100498535,0.0014535284,-0.015195528,0.08033803,0.07121165,0.049434554,-0.008589865,0.05017548,0.008076606,-0.013439988,-0.0010568367,-0.011714742
-1.064478,-0.58201337,-0.81530285,3.1701918,0.09919732,1.173037,0.35934088,1.2537292,-1.2935559,-0.25055453,-0.25172275,0.03927879,0.036490813,-0.3713424,-0.6426401,-0.5838368,0.05515148,0.2536923,0.02554789,-0.056924745,-0.0991415,-0.00031739325,-0.017151212,0.033914648,0.066128135,0.051240996,-0.007794329,0.050259054,0.007605597,-0.01422509,-0.007076207,-0.0068506594
-1.1001819,-0.5479402,-0.7991494,3.1992526,-0.028206803,0.93898284,0.40408707,1.2535274,-1.3271625,-0.27824634,-0.18749289,0.05629496,0.07564036,-0.4527533,-0.58817536,-0.78523785,0.001404555,0.2563066,0.0130427955,-0.06325191,-0.098329954,-0.002717316,-0.020941647,-0.007463518,0.008420541,0.05605857,-0.0047469595,0.051598486,0.0064780302,-0.013377032,0.0040046237,-0.0137980515
-1.1512227,-0.4854033,-0.77048945,3.2509584,-0.209603,0.633737,0.47198766,1.2581437,-1.3305943,-0.3205204,-0.23055382,0.08303665,0.073966965,-0.43237957,-0.6421199,-0.6261176,0.06312649,0.2202261,0.023539117,-0.098979205,-0.09363169,-0.008522017,-0.027977299,-0.10525927,-0.050256565,0.061209694,-0.0013652769,0.05393065,0.005305979,-0.013964309,0.003048627,-0.013318062
-1.1637776,-0.46975088,-0.7635125,3.2636306,-0.25573495,0.5564618,0.48886707,1.2591828,-1.3320963,-0.33138007,-0.24009319,0.08933925,0.07369407,-0.42905977,-0.65321743,-0.5906687,0.0774735,0.21213555,0.024780655,-0.084759854,-0.09560893,-0.0071493634,-0.027035797,-0.07236152,-0.053936884,0.060754135,-0.0012930019,0.05390636,0.0060622813,-0.0131573845,0.012771051,-0.018712388
-1.1933795,-0.43335107,-0.747158,3.2932556,-0.36317047,0.37597188,0.52833307,1.2616471,-1.3358423,-0.3565593,-0.26111776,0.104253426,0.073726356,-0.422184,-0.67911226,-0.511436,0.10997039,0.19318427,0.026805496,-0.06853511,-0.09791649,-0.0057212655,-0.026193578,-0.036171537,-0.055537347,0.06004682,-0.0012210155,0.05406463,0.007073792,-0.012467031,0.022428328,-0.025147554
-1.2332027,-0.38533637,-0.7247295,3.333364,-0.50386417,0.13712843,0.5813901,1.2652041,-1.3397843,-0.38896412,-0.28989723,0.12554204,0.07521615,-0.41058558,-0.71869177,-0.40402913,0.15317422,0.16570847,0.032228667,-0.12644756,-0.09036295,-0.014056599,-0.03566449,-0.18597041,-0.13252537,0.06740932,0.0031331747,0.05710247,0.004263655,-0.013688315,0.012741357,-0.021947155
-1.2750173,-0.33484507,-0.70230156,3.374552,-0.6513562,-0.10996317,0.63552725,1.2686853,-1.3441536,-0.4238329,-0.32122475,0.14600478,0.07400333,-0.39872643,-0.7564727,-0.28635785,0.20032482,0.13901924,0.036531657,-0.103467435,-0.09351958,-0.0118017625,-0.033888984,-0.13440184,-0.11852742,0.065392286,0.0025325937,0.056969255,0.005972936,-0.013186198,0.021586975,-0.027717458
-1.3090357,-0.2934587,-0.6842968,3.408035,-0.7704894,-0.30760553,0.67897946,1.2715802,-1.346284,-0.4523722,-0.35123372,0.16216297,0.0702833,-0.3846317,-0.7900805,-0.17446095,0.24332741,0.116620935,0.042762604,-0.066155516,-0.09839517,-0.0073323767,-0.029306248,-0.046325814,-0.06912301,0.060513284,0.00017486606,0.0557259,0.008814832,-0.012870738,0.028483137,-0.03055957
-1.338537,-0.25687188,-0.6663631,3.438977,-0.87972414,-0.4954807,0.7209165,1.2743256,-1.3501799,-0.47677356,-0.37012258,0.17956546,0.07429065,-0.37844202,-0.8197208,-0.104354136,0.27284923,0.09516212,0.045924693,-0.14853865,-0.08774018,-0.019144572,-0.0429403,-0.25664863,-0.20088871,0.07243134,0.0071393517,0.060157638,0.0041081877,-0.013710953,0.021763105,-0.029702552
-1.3786732,-0.20961408,-0.6469741,3.4765377,-1.0150112,-0.7172998,0.7688899,1.2774342,-1.3532343,-0.510136,-0.40371385,0.19630407,0.06812052,-0.36410728,-0.85408217,0.023191152,0.32225722,0.0718308,0.050270665,-0.04186186,-0.10170464,-0.005012481,-0.027367672,0.005894995,-0.03660243,0.057226747,-0.0010513077,0.055586196,0.0111582065,-0.013110129,0.031725563,-0.034160737
-1.4271399,-0.14913665,-0.6178344,3.5272882,-1.1940851,-1.0232401,0.8371891,1.2819498,-1.3585155,-0.5505791,-0.43877944,0.22423916,0.0720505,-0.35031158,-0.90450746,0.15257247,0.37489495,0.03633025,0.05765844,-0.14626507,-0.08820074,-0.020377448,-0.04541089,-0.26333708,-0.21492007,0.07299368,0.00835997,0.061509848,0.0053901323,-0.013894048,0.02767388,-0.034797654
-1.4838816,-0.08333964,-0.59094423,3.5796888,-1.3824446,-1.3323466,0.9039035,1.2862772,-1.3632417,-0.5971251,-0.48400792,0.24751282,0.06400604,-0.33187485,-0.95139754,0.3255854,0.44243804,0.004222427,0.062298518,-0.0019735717,-0.1070509,-0.00089085364,-0.023513263,0.09313778,0.029416027,0.051062584,-0.0036734517,0.054974243,0.015071619,-0.013803408,0.03321849,-0.03737351
-2.6162174,-1.3336121,0.69385403,0.095557936,1.9931775,0.21029532,1.5474644,-0.95728517,0.529412,1.3833815,-0.3900006,0.67745036,1.0982448,0.054317772,-0.032516375,0.12876712,-0.19059713,0.115336634,0.00056945876,0.013797707,-0.005428398,-0.050012566,-0.046986878,0.18912458,0.09554879,-0.098008454,-0.027634025,0.005923327,-0.017941987,0.045860007,-0.1772845,0.04169665
-2.6394088,-1.3132174,0.70410323,0.1134313,1.907623,0.047538023,1.5772616,-0.9582102,0.4995552,1.36561,-0.3243817,0.68898714,1.1348693,-0.022761768,0.02522983,-0.081819266,-0.2503218,0.123126924,-0.010893097,-0.005312905,-0.002936379,-0.05411804,-0.052728623,0.117849156,0.011967314,-0.09105326,-0.023399917,0.007824983,-0.019935643,0.046925798,-0.164547,0.03456281
-2.6641207,-1.2936994,0.7132137,0.13061897,1.8259856,-0.10773369,1.6049961,-0.9592938,0.4691362,1.3481053,-0.25627595,0.6994805,1.1710955,-0.10199424,0.08660971,-0.29775462,-0.3125159,0.13251542,-0.020149985,-0.012734001,-0.0015905707,-0.055752315,-0.054477654,0.07550574,0.008460133,-0.0895259,-0.022749715,0.007875608,-0.020331917,0.04618449,-0.17036222,0.039430875
-2.6723025,-1.2853522,0.71760225,0.1377065,1.7894847,-0.17714134,1.6176848,-0.9597989,0.45626733,1.3407433,-0.2281402,0.7042821,1.1868708,-0.13517974,0.11246827,-0.38915494,-0.33858195,0.13617083,-0.024215167,-0.00803965,-0.0023326792,-0.05646741,-0.05660782,0.0746814,-0.051186282,-0.08566163,-0.020058855,0.008853391,-0.020789135,0.048127793,-0.14871916,0.028568922
-2.6886501,-1.2698766,0.7245237,0.15090361,1.7375476,-0.26982868,1.6361343,-0.95939064,0.44643223,1.328877,-0.21364322,0.7113545,1.1974883,-0.15653063,0.12284317,-0.43118685,-0.34805226,0.13375938,-0.027222922,-0.016101101,-0.0011421796,-0.057454657,-0.05731033,0.04832842,-0.03818351,-0.0858302,-0.020354448,0.008867587,-0.021013921,0.047055475,-0.15925144,0.03361552
-2.7247949,-1.224967,0.7450747,0.18770218,1.6049641,-0.49337664,1.6853145,-0.95627445,0.44217047,1.2980906,-0.24022278,0.73032033,1.197997,-0.14702404,0.089199156,-0.33202878,-0.30771947,0.10952621,-0.023439381,-0.017700024,-0.0011502664,-0.058770604,-0.059822015,0.038136534,-0.07794664,-0.08336812,-0.01834789,0.010142353,-0.021037921,0.047875177,-0.14743924,0.025938783
-2.7546027,-1.1895905,0.76124287,0.21715128,1.5024241,-0.6664424,1.723729,-0.95365036,0.43981695,1.2741342,-0.2631327,0.7455436,1.1977556,-0.13687524,0.05931826,-0.2465925,-0.2741217,0.08933798,-0.018615967,-0.0468021,0.0026985423,-0.06296563,-0.06448714,-0.038236853,-0.10734632,-0.08027018,-0.016490415,0.011590135,-0.022147188,0.04690688,-0.15509066,0.029242544
-2.7678807,-1.1730429,0.76868623,0.2306508,1.4543345,-0.7468815,1.7415116,-0.9524791,0.4388579,1.2628301,-0.27470952,0.7523445,1.1969296,-0.1315533,0.04571922,-0.203888,-0.2575601,0.08013098,-0.015983686,-0.042069223,0.0020431674,-0.06273993,-0.06460114,-0.029057838,-0.11309513,-0.08016941,-0.016197646,0.011757818,-0.021727405,0.047251582,-0.14998588,0.026729355
-2.7816932,-1.1566337,0.77649826,0.24447998,1.4056638,-0.8302193,1.7599789,-0.95126206,0.43698308,1.2517588,-0.2828534,0.75987005,1.1984553,-0.12920108,0.033004403,-0.17287657,-0.24438043,0.07087511,-0.015259735,-0.0722269,0.005970995,-0.06685306,-0.06910078,-0.10544674,-0.14719766,-0.07668303,-0.014247499,0.01317051,-0.023322545,0.046471894,-0.15746137,0.029272852
-2.8204901,-1.1090852,0.79746723,0.28292415,1.26598,-1.0637014,1.8108758,-0.9480927,0.43237635,1.2186807,-0.31156352,0.7787471,1.1972252,-0.11931019,-0.0005276852,-0.06479027,-0.20057714,0.04653999,-0.012295337,-0.027092325,-0.00017946157,-0.061822034,-0.064582,0.001361791,-0.119748026,-0.08054787,-0.015733207,0.0123618115,-0.020589411,0.04781844,-0.13995044,0.018896598
-2.8808475,-1.0361294,0.83014596,0.3426574,1.0530826,-1.4208995,1.889403,-0.9429705,0.42643955,1.1685494,-0.3573954,0.8087565,1.1956986,-0.101136036,-0.056876805,0.107195154,-0.13198455,0.0071878457,-0.0051778196,-0.016063979,-0.001753904,-0.0613369,-0.0647761,0.02087459,-0.11501308,-0.08148264,-0.01564706,0.012855124,-0.019209128,0.04777856,-0.13521436,0.014835119
-2.964649,-0.9335865,0.87795734,0.42790368,0.7520734,-1.9310457,2.0026212,-0.93547076,0.4180979,1.0992066,-0.41981766,0.85384285,1.1981242,-0.07586849,-0.14057465,0.33922863,-0.038862936,-0.051126998,0.00687575,-0.11322282,0.010786016,-0.076143056,-0.0824066,-0.23461072,-0.2784145,-0.067053445,-0.006723714,0.018805165,-0.023970893,0.046650324,-0.13985398,0.013917006
-3.0142934,-0.8753093,0.90200657,0.47438306,0.58527666,-2.2049906,2.061972,-0.93159723,0.41436702,1.0581732,-0.46106678,0.87474495,1.1908952,-0.0581535,-0.18352082,0.49584505,0.021815632,-0.08020189,0.012390221,0.0058383974,-0.004772499,-0.060309332,-0.06484285,0.058174122,-0.087126486,-0.08452559,-0.016175438,0.013611497,-0.015946051,0.04703595,-0.13136719,0.010260641
-3.0847063,-0.7878879,0.94364524,0.54744613,0.3268487,-2.6453156,2.159989,-0.9251505,0.40666455,0.9994143,-0.5120839,0.9143996,1.1955355,-0.038356338,-0.2550996,0.68458354,0.09851066,-0.13070211,0.022463042,-0.116321966,0.010965339,-0.07862706,-0.08663624,-0.25896782,-0.30535224,-0.0655111,-0.0046506887,0.020907816,-0.022621399,0.0462964,-0.13307887,0.007411265
-3.1368978,-0.7281041,0.96726334,0.5946587,0.15799265,-2.919644,2.2190545,-0.9212266,0.4036068,0.9569083,-0.55713147,0.9343816,1.1849405,-0.017917417,-0.29911813,0.85674196,0.16418001,-0.15965772,0.028362937,0.05090782,-0.010742478,-0.055685993,-0.060472492,0.15578172,-0.008143373,-0.09178296,-0.01929319,0.012834059,-0.011277022,0.046110734,-0.13044226,0.007887448
-3.1703079,-0.6862279,0.9877996,0.6301116,0.033864357,-3.1327698,2.2668746,-0.91804093,0.40010232,0.92914444,-0.58150077,0.9543176,1.1884714,-0.007991431,-0.33520982,0.9455289,0.20020616,-0.18492207,0.03445119,-0.042461064,0.0013330883,-0.06946908,-0.076768905,-0.08447946,-0.17780909,-0.077031344,-0.010500687,0.018170437,-0.016633498,0.04582552,-0.13032591,0.005958022
-2.7036147,-2.1850078,-0.48362356,-1.4997157,-0.09753947,1.8483344,0.16677852,0.6523276,0.28026184,-0.19831896,-0.3571958,-0.79578936,-0.8089718,0.28859946,-0.3509393,1.0706425,0.43038058,0.06716246,0.012313806,0.07291177,-0.011905695,0.025047554,0.03801565,0.37925056,0.2912261,-0.031422522,-0.006305132,-0.0013490834,0.009378608,0.015868038,-0.016610667,0.035570014
-2.7283783,-2.162745,-0.47159135,-1.4797792,-0.19381273,1.662705,0.20103994,0.6512577,0.24577321,-0.21758097,-0.2797891,-0.7819406,-0.76483953,0.19888005,-0.28463686,0.8198681,0.35894814,0.07587525,-0.0014792823,0.015475809,-0.0045192917,0.01519171,0.025280457,0.20832562,0.12169232,-0.017243806,0.0021791444,0.0028935338,0.004653774,0.017371472,0.00066929904,0.024908796
-2.7611008,-2.1367593,-0.45982906,-1.4571604,-0.30053782,1.4613085,0.23700969,0.64993376,0.20710064,-0.24082057,-0.19449373,-0.76862943,-0.7197229,0.09874109,-0.20705448,0.5505998,0.2818156,0.08761714,-0.013562241,0.024074635,-0.0051546968,0.0156729,0.026031125,0.19996406,0.15020461,-0.018180717,0.0013468186,0.002033481,0.0052851103,0.01640791,-0.0069183153,0.03131948
-2.7972631,-2.1037555,-0.44243437,-1.4280382,-0.4411915,1.1921465,0.2866878,0.6484437,0.15801151,-0.26933968,-0.08589988,-0.7489534,-0.657994,-0.02821078,-0.11306991,0.19983543,0.18242183,0.099813074,-0.033458043,-0.033814106,0.0022174055,0.0048686047,0.011449081,0.016517565,-0.058041904,-0.0011601116,0.011695569,0.0070266393,-3.437758e-05,0.018861124,0.021071142,0.014528715
-2.8457553,-2.0664914,-0.4260114,-1.3955518,-0.5940854,0.9036472,0.33777463,0.64641297,0.10139096,-0.30298245,0.03973572,-0.7302149,-0.5925512,-0.17525586,0.002076543,-0.19539237,0.068620235,0.11788781,-0.049666833,-0.013785885,0.0005294603,0.0070681046,0.014889461,0.022819873,0.028949384,-0.0056465482,0.008441203,0.0046976344,0.0018428533,0.016485214,8.924923e-05,0.030451313
-2.861722,-2.0527623,-0.4192069,-1.3835324,-0.65267414,0.79186743,0.35796958,0.6456321,0.07994805,-0.31518766,0.08749017,-0.7224794,-0.56646186,-0.23098102,0.045085393,-0.34855062,0.024656309,0.124220625,-0.056473028,-0.019676838,0.0013618283,0.0051005045,0.011830851,-0.010193274,-0.021374844,-0.0015920792,0.010975213,0.0056594512,0.0009920206,0.017415311,0.011422088,0.025368698
-2.8811336,-2.0367782,-0.41178116,-1.3696464,-0.7181566,0.66837853,0.38025382,0.6448969,0.05691279,-0.32930723,0.13785751,-0.7141553,-0.5393246,-0.2903786,0.09039493,-0.50808865,-0.020716123,0.13073522,-0.06452166,-0.018442882,0.0013935978,0.0046862806,0.011231882,-0.024531342,-0.023378436,-0.00081336376,0.011346358,0.005617703,0.0009152141,0.017202893,0.010499438,0.026521165
-2.9224648,-1.9895711,-0.39015123,-1.3304164,-0.86353815,0.4181498,0.4336006,0.64756304,0.044638645,-0.36272562,0.1321304,-0.69346195,-0.52873117,-0.30327934,0.07530513,-0.4752872,-0.00042071068,0.110504255,-0.063307956,-0.03698458,0.0038563523,0.0014875375,0.0073662046,-0.08198076,-0.049972665,0.001894344,0.013092159,0.006879686,0.00025423057,0.01655683,0.007025884,0.02743005
-2.9411564,-1.9661937,-0.37957776,-1.3113408,-0.9320208,0.303238,0.4589205,0.6491845,0.04287274,-0.3787506,0.116847835,-0.6837858,-0.5292949,-0.29695877,0.057080418,-0.41890964,0.021879332,0.097764954,-0.060318545,-0.029425992,0.0027553549,0.0017780452,0.0069727683,-0.0670729,-0.06716152,0.002563717,0.013884851,0.007289482,0.00073363987,0.01736545,0.017521178,0.02179635
-2.9819424,-1.9165031,-0.35717902,-1.2707688,-1.0790211,0.05568714,0.51299876,0.65254825,0.037321404,-0.4131397,0.08955784,-0.6632524,-0.5284303,-0.2889416,0.022443041,-0.31551737,0.064889975,0.072054625,-0.05851147,-0.015181751,0.0006296437,0.00276813,0.007165742,-0.03682627,-0.07522628,0.0023348115,0.0143345585,0.0077911844,0.0016232888,0.018030344,0.027484177,0.014082373
-3.0505157,-1.8333073,-0.3199158,-1.2026802,-1.3212402,-0.35028002,0.6023965,0.65842927,0.031164657,-0.4702002,0.035601694,-0.6290607,-0.53097016,-0.26637772,-0.04327283,-0.113583304,0.1447119,0.026718758,-0.049076427,-0.0032797775,-0.0010247871,0.0032472282,0.0069248155,-0.016582167,-0.06749087,0.001146347,0.014344682,0.008287105,0.00329379,0.017890612,0.032183453,0.010468477
-3.1243608,-1.743063,-0.27810258,-1.1277863,-1.5848888,-0.7959497,0.7014067,0.6650672,0.024726776,-0.53119785,-0.021929236,-0.5897626,-0.53051835,-0.2414611,-0.11866797,0.10010632,0.2293322,-0.024935968,-0.036903784,-0.07980604,0.008942895,-0.008360706,-0.0067182034,-0.21878028,-0.18323736,0.011678658,0.020875713,0.012785304,-7.508782e-05,0.016555794,0.024815338,0.012346926
-3.1512215,-1.7116796,-0.26576224,-1.1032295,-1.6741898,-0.9408104,0.7324374,0.667048,0.022773178,-0.5536636,-0.045042805,-0.57949054,-0.5360401,-0.23162358,-0.14035219,0.18836494,0.2633067,-0.039620932,-0.034426317,0.023968248,-0.004640701,0.0055305846,0.008654781,0.03814298,-0.025376705,-0.002962578,0.0129044065,0.008226102,0.0065702023,0.017299047,0.03511685,0.00788302
-1.3525884,1.3668463,-2.6931868,-0.44743422,2.6321619,0.9962805,-0.5169285,0.9783245,0.6959633,-0.45909438,-0.6746668,0.43355912,-0.6561542,0.87610835,-0.54422104,1.175481,0.35131466,-0.1450614,0.013897695,0.09170584,0.034624744,0.09517995,-0.019281408,0.4908191,0.37637648,-0.033015724,-0.055810403,-0.017273473,0.042400397,-0.018917058,-0.022204828,0.01305979
-1.3611053,1.3756533,-2.687211,-0.43905437,2.5896542,0.91111547,-0.5008529,0.97778505,0.679597,-0.46655962,-0.63604975,0.4407518,-0.6328945,0.8327125,-0.51293844,1.0468458,0.31427395,-0.14121178,0.0069616144,0.025526268,0.043003447,0.08446257,-0.03299064,0.31089318,0.19032487,-0.017958404,-0.046741813,-0.012538059,0.03723615,-0.017117664,-0.002697971,0.0009890577
-1.379569,1.3928179,-2.6774576,-0.42355746,2.5132177,0.7625247,-0.4733641,0.9768645,0.6515119,-0.4814224,-0.572125,0.45208028,-0.59620404,0.7592694,-0.45850587,0.838621,0.25468525,-0.13400866,-0.0039654397,-0.032903194,0.05049425,0.07459007,-0.0457186,0.1416377,0.019424645,-0.0038351163,-0.038271952,-0.008265761,0.03253743,-0.015526358,0.015334395,-0.009757707
-1.4079936,1.4131067,-2.6701581,-0.40645432,2.4354248,0.61991394,-0.44880736,0.97586715,0.6236969,-0.50004625,-0.51272255,0.46004295,-0.5675305,0.68794876,-0.40076867,0.65710396,0.20263308,-0.12427186,-0.010490998,0.037108846,0.04215809,0.08488535,-0.032395832,0.2962099,0.22061425,-0.018596433,-0.047468033,-0.013555082,0.03799192,-0.018222226,-0.010567017,0.008621814
-1.4394646,1.4427259,-2.6537278,-0.38000035,2.3069046,0.37204552,-0.40269282,0.97453135,0.57858723,-0.52541727,-0.41196314,0.47880915,-0.5091592,0.570918,-0.31530347,0.32930824,0.109724276,-0.113615744,-0.029761666,-0.04640527,0.05272752,0.07042204,-0.051410932,0.051738326,-0.04417146,0.0029730638,-0.03441231,-0.0069804583,0.030864863,-0.015404858,0.020734226,-0.011086298
-1.4730533,1.4676567,-2.6436388,-0.35858414,2.207568,0.18687224,-0.37029052,0.97322893,0.5422954,-0.54809797,-0.33263537,0.49012625,-0.4691135,0.47714785,-0.24084397,0.08279106,0.038844276,-0.10154828,-0.03935974,-0.0015468855,0.04767134,0.07681271,-0.042834423,0.13657755,0.10080156,-0.006887229,-0.04075143,-0.01077417,0.0345359,-0.017892668,-0.002624959,0.005616205
-1.4839637,1.4774454,-2.6382186,-0.34976164,2.1634374,0.10096069,-0.35463357,0.97257876,0.5253521,-0.55677724,-0.29377377,0.4964824,-0.44731018,0.43261415,-0.2067597,-0.043616462,0.002272773,-0.096583135,-0.044763178,-0.026504753,0.05089313,0.07215458,-0.049133662,0.058964953,0.009219814,0.00046097647,-0.03625574,-0.008668924,0.03239136,-0.016687337,0.011237115,-0.0014105417
-1.4984196,1.490898,-2.6312187,-0.33803543,2.106381,-0.007685601,-0.3345984,0.9719775,0.5057043,-0.5684127,-0.2506891,0.5042945,-0.42292687,0.3819879,-0.16906331,-0.18249066,-0.036970697,-0.091691725,-0.05263708,-0.04196295,0.052834023,0.06884832,-0.053867817,0.0046379324,-0.06439458,0.0063142935,-0.032633174,-0.0069972877,0.030721027,-0.015574525,0.02391571,-0.008704746
-1.5348625,1.5199263,-2.6182246,-0.31287673,1.9882302,-0.22991197,-0.29486,0.97056925,0.46352926,-0.59429854,-0.15832904,0.5188905,-0.37409785,0.27309686,-0.08492853,-0.47350794,-0.12007349,-0.079083495,-0.0662107,-0.02617831,0.051299606,0.070331745,-0.05190519,0.012170746,-0.019626414,0.0041400157,-0.03420799,-0.008294275,0.031811737,-0.01669151,0.014838653,-0.0015119236
-1.5482063,1.5320745,-2.612246,-0.30245358,1.9375665,-0.32551596,-0.2773938,0.9700119,0.44619158,-0.60491395,-0.12077115,0.52546155,-0.35331967,0.22859797,-0.051161256,-0.5936524,-0.1540241,-0.07449204,-0.07262579,-0.024714258,0.051096953,0.069568194,-0.053531088,0.0017615084,-0.05462531,0.0067602103,-0.032491367,-0.007687081,0.031385455,-0.015782163,0.025473177,-0.00698376
-1.6032827,1.5879858,-2.5869002,-0.25570628,1.7463932,-0.6658835,-0.20983548,0.97117466,0.4095496,-0.6480619,-0.06695109,0.55078435,-0.3143408,0.14899616,-0.008993317,-0.7521545,-0.19009031,-0.082048096,-0.08267475,-0.0064028557,0.04886408,0.0707659,-0.05277652,0.019246135,-0.041090906,0.006052855,-0.032689344,-0.00796907,0.032443274,-0.015918082,0.027956443,-0.008614089
-1.6722386,1.6709193,-2.549246,-0.1872252,1.5052732,-1.0716168,-0.12006752,0.97720975,0.4037055,-0.7045088,-0.12046641,0.58583164,-0.3156711,0.17209293,-0.07707987,-0.55185056,-0.11102588,-0.12850796,-0.072438724,-0.042870194,0.053677324,0.06517097,-0.05913009,-0.08025645,-0.07073489,0.009415724,-0.030448103,-0.005880664,0.031605933,-0.017627103,0.015886351,-0.0038698183
-1.729826,1.7407668,-2.5185003,-0.13056299,1.3013412,-1.4122461,-0.04560296,0.9819625,0.3977184,-0.75292814,-0.16441916,0.6136224,-0.31826782,0.18878809,-0.1286023,-0.3865619,-0.04496456,-0.1649469,-0.06664688,0.011320916,0.046362918,0.07127496,-0.05343873,0.04701481,-0.023132803,0.0038377936,-0.032786157,-0.007014271,0.035264365,-0.016542744,0.032325294,-0.013723257
-0.38630623,-0.7089103,-0.73603904,2.5394163,0.30067542,1.5234936,-0.24981613,-0.7723042,2.3304212,-1.2460451,-0.010721103,-0.6668854,-0.5526621,-0.00886266,-0.272489,0.7038579,-0.6366871,-0.056481246,-0.13329639,0.4730481,-0.11168084,0.009412891,0.0048889495,0.052129734,0.18015364,-0.007272847,-0.012850493,-0.10144116,0.017784977,-0.01386454,0.04795408,0.1762101
-0.39137378,-0.7030512,-0.73105985,2.5453734,0.26658645,1.4513931,-0.23673546,-0.7726206,2.3166063,-1.2524424,0.019849932,-0.66191375,-0.53119767,-0.044391334,-0.2475421,0.5947007,-0.66750187,-0.053695355,-0.1396323,0.32750776,-0.099035576,-0.0028613352,-0.008609568,-0.11067284,-0.04581358,0.00818704,-0.0038972404,-0.098603904,0.014508901,-0.010902583,0.07817645,0.15918405
-0.40554103,-0.697113,-0.7283868,2.5492718,0.22403945,1.3582647,-0.22673932,-0.7724851,2.2946951,-1.2682711,0.051670942,-0.6666747,-0.50425535,-0.09405952,-0.20493457,0.4575442,-0.7042489,-0.04400222,-0.14339651,-0.052657522,-0.08729056,0.0041598896,0.0086898,0.11388446,0.066246636,-0.0048759975,-0.006532003,-0.10014429,0.0033760534,-0.010650121,-0.0116706565,0.008351746
-0.43381134,-0.674856,-0.7183302,2.5686798,0.13230151,1.1849153,-0.19585742,-0.77366936,2.2610617,-1.288247,0.12618218,-0.6552362,-0.46498033,-0.18131673,-0.13706525,0.22233395,-0.7718096,-0.03358385,-0.15354899,-0.046028517,-0.08770179,0.004500783,0.009316745,0.10434433,0.09286588,-0.0057593873,-0.0073177125,-0.10093464,0.003939119,-0.011583697,-0.019212047,0.014663534
-0.49305168,-0.6242948,-0.6937666,2.612749,-0.079603314,0.782759,-0.12302199,-0.7762225,2.1854298,-1.3329004,0.29301158,-0.62756145,-0.37394994,-0.37699553,0.01252054,-0.31021652,-0.92376584,-0.012120894,-0.1794279,-0.0619688,-0.08528432,-0.0008786845,0.0012842554,0.0037575632,-0.024738744,0.0045879474,-0.0010454006,-0.098653235,0.0016398065,-0.009933784,0.0028717574,0.00502084
-0.4733478,-0.64083236,-0.7017926,2.5983362,-0.008261739,0.9189068,-0.14732024,-0.7751368,2.2125037,-1.3179477,0.23211248,-0.63673526,-0.40647072,-0.30632588,-0.043230478,-0.115724504,-0.8674792,-0.020832915,-0.17216349,-0.062284734,-0.08545613,0.00034306472,0.003411727,0.026653897,0.010916389,0.0015300305,-0.002950308,-0.099128,0.0019472259,-0.010697789,-0.007461575,0.0081566265
-0.4454751,-0.6628734,-0.7113397,2.5793252,0.07844265,1.0804677,-0.17640199,-0.7743258,2.2417831,-1.2985597,0.16952084,-0.6472778,-0.43967226,-0.2314814,-0.09978699,0.08002039,-0.81236124,-0.028811306,-0.161135,-0.07900308,-0.083652735,-0.0019128949,0.00022005524,0.00463153,-0.05290526,0.005354607,-0.00035980757,-0.09759601,0.0007193702,-0.009198585,0.0069795595,-8.9045985e-05
-0.48953947,-0.6291655,-0.6967005,2.608659,-0.05763867,0.8247319,-0.13097008,-0.77597106,2.1925633,-1.3287803,0.2777693,-0.6306885,-0.3832419,-0.35880917,-0.0010788717,-0.2592795,-0.9095334,-0.01365843,-0.17644668,-0.060198378,-0.085267,0.00063164794,0.004389377,0.015792884,0.04957176,-0.00029064334,-0.0043685366,-0.100090586,0.0025987695,-0.012038568,-0.01988298,0.0174392
-0.5580388,-0.5560165,-0.66282386,2.6698892,-0.30196127,0.39223707,-0.043176036,-0.77367854,2.1527956,-1.3836619,0.32576653,-0.5971133,-0.340775,-0.43913832,0.030940965,-0.3962291,-0.9351151,-0.030285234,-0.18570212,-0.06680129,-0.08447919,-0.0026308568,-0.0009972317,-0.033877753,-0.027393166,0.0057687997,-0.00022039861,-0.098017596,0.0017236712,-0.010909173,-0.0027924515,0.0069487104
-0.59340346,-0.51275665,-0.64306426,2.7055907,-0.42746863,0.18122588,0.0037046762,-0.77049804,2.150332,-1.4129568,0.29620096,-0.5787263,-0.34202167,-0.4252992,-0.0060459618,-0.2865436,-0.8924725,-0.05507733,-0.17883721,-0.088333644,-0.08162911,-0.0060782414,-0.0050837686,-0.093011685,-0.05573512,0.008426399,0.0015469642,-0.09668432,0.001156346,-0.011520531,-0.005739129,0.008346274
-0.6184743,-0.4823876,-0.6295082,2.7303243,-0.5172843,0.030190082,0.036592484,-0.7684752,2.1468184,-1.4340768,0.2796733,-0.56636435,-0.34161907,-0.42074573,-0.026573146,-0.22392072,-0.86632824,-0.070480846,-0.17801997,-0.07074293,-0.08412416,-0.0043745576,-0.0038842554,-0.052575286,-0.055029105,0.007529297,0.0014639697,-0.09664233,0.0021351986,-0.010789345,0.00378588,0.0018496851
-0.30963996,-0.82020825,-0.830635,2.8764665,0.63871884,2.2570124,0.19713771,1.2504188,-1.0639954,-0.028614918,-0.7322851,-0.03370045,-0.22316036,0.2594585,-1.0381551,0.97816306,0.5330537,0.16595465,0.11869192,0.02107908,-0.11045737,0.016459664,0.0030758139,0.382942,0.28491557,0.027352596,-0.021767171,0.04567367,0.013626916,-0.014736931,-0.024041794,-0.0068350597
-0.33270448,-0.7991174,-0.8191204,2.8953547,0.54784864,2.0818806,0.22963944,1.2494829,-1.0959841,-0.04671893,-0.6608083,-0.020500429,-0.18197402,0.17643411,-0.9775195,0.74620205,0.46726313,0.17360058,0.105088346,-0.037479345,-0.102985315,0.0065257554,-0.009757282,0.21174033,0.113053836,0.0416375,-0.013203129,0.050021768,0.008779295,-0.013196398,-0.0067141233,-0.01814295
-0.3644465,-0.774562,-0.8082113,2.9167435,0.4459453,1.8892014,0.2636646,1.2480413,-1.1342832,-0.069014855,-0.5754467,-0.008027554,-0.13757966,0.0767591,-0.8987913,0.4770406,0.3895,0.18615517,0.09488172,-0.021163201,-0.104515284,0.008092889,-0.007657963,0.22144054,0.1593948,0.039260928,-0.01490172,0.048597623,0.010102008,-0.014251161,-0.01475428,-0.010003576
-0.37858677,-0.7614883,-0.8009319,2.928494,0.388557,1.778076,0.28423327,1.2473799,-1.1549938,-0.080311775,-0.52874786,0.00037335043,-0.11072038,0.02277849,-0.8588911,0.32496887,0.3461145,0.19137175,0.0866457,-0.059216302,-0.09967695,0.0014314639,-0.016449496,0.10922305,0.0360539,0.049271435,-0.008831424,0.051613092,0.006876107,-0.012876467,0.00065407,-0.019131104
-0.39103472,-0.75287974,-0.79794186,2.9357414,0.35540363,1.7172829,0.2945668,1.2469032,-1.1672877,-0.0883165,-0.5021253,0.003670582,-0.09816073,-0.0089091305,-0.8328689,0.2440283,0.3227038,0.19594681,0.08421173,-0.02811331,-0.10330653,0.006199314,-0.010058887,0.17811671,0.13850479,0.041910127,-0.013476476,0.0489884,0.009481783,-0.014470833,-0.014982609,-0.008437917
-0.39795828,-0.7442601,-0.7919263,2.9437118,0.31389487,1.6347398,0.3103829,1.2464311,-1.1822723,-0.09546344,-0.46752778,0.010671162,-0.07665233,-0.04823311,-0.8049617,0.12765734,0.2895947,0.1989796,0.07715412,-0.08565131,-0.096210755,-0.0037076971,-0.02339576,0.020467298,-0.061813243,0.0573875,-0.0039169155,0.053864308,0.004506868,-0.01172271,0.014438108,-0.026206713
-0.44423956,-0.7080504,-0.7764014,2.9748769,0.16998056,1.366208,0.35831523,1.2448689,-1.2323604,-0.1276788,-0.35937598,0.027896482,-0.020112522,-0.17683952,-0.70590603,-0.21041393,0.1936118,0.21370903,0.060392357,-0.047779687,-0.10039033,0.0013631426,-0.016533483,0.07941921,0.06312459,0.049474448,-0.009133739,0.050663255,0.007378326,-0.01422162,-0.008931425,-0.011049343
-0.46867603,-0.68558866,-0.76491785,2.9944024,0.075018644,1.1856846,0.3914652,1.243824,-1.2652129,-0.14721389,-0.28747812,0.0406935,0.020282188,-0.26148942,-0.64230174,-0.44191408,0.12806547,0.22218809,0.04781091,-0.06375453,-0.098416075,-0.0028920567,-0.023086118,0.012581408,-0.048372876,0.058095664,-0.0036945615,0.053027976,0.0052038776,-0.01215328,0.01468586,-0.023938775
-0.49739793,-0.6639508,-0.7555553,3.0132797,-0.013158435,1.0195273,0.420804,1.2426606,-1.2979554,-0.1667801,-0.21476535,0.051405296,0.057863988,-0.3465402,-0.57569855,-0.6697955,0.062419288,0.2327245,0.038468763,-0.05205192,-0.099316426,-0.0012457018,-0.020238986,0.017432585,0.024743812,0.0540871,-0.0065607475,0.05124467,0.006545528,-0.014229178,-0.0049456004,-0.01070025
-0.51264995,-0.65062535,-0.7492438,3.0247252,-0.06788913,0.91658795,0.43950698,1.2420626,-1.3166671,-0.17847694,-0.17443693,0.058348987,0.07993929,-0.39452407,-0.53912973,-0.79830915,0.026083175,0.2378087,0.03172304,-0.04461329,-0.10026155,-0.0011679431,-0.020847777,0.020912629,0.0028078638,0.055668525,-0.0054628914,0.051486753,0.0065335105,-0.013407464,0.0049009128,-0.015497859
-0.53094393,-0.62958515,-0.7397873,3.042214,-0.12927836,0.8128605,0.4622664,1.2435372,-1.3189256,-0.19291337,-0.18566404,0.06726631,0.08051733,-0.39098698,-0.5543079,-0.7544838,0.043834925,0.22658008,0.034591172,-0.057781506,-0.09841694,-0.0028554292,-0.022382181,-0.014446334,0.008724493,0.055908192,-0.0054110936,0.051802993,0.0063349875,-0.014483411,-0.004853343,-0.010348696
-0.5591349,-0.595059,-0.7241053,3.0704815,-0.23161758,0.6401439,0.5000477,1.2458768,-1.3228213,-0.2167568,-0.2045053,0.08171128,0.08146718,-0.3855307,-0.5784424,-0.68362564,0.07338106,0.20859247,0.036077347,-0.051919546,-0.099409,-0.0029360114,-0.023361415,-0.004263111,-0.01597597,0.057119444,-0.0042180386,0.052578654,0.0065862904,-0.013652225,0.0060679675,-0.017789979
-0.6407665,-0.49578393,-0.678943,3.152247,-0.5213006,0.15261833,0.6077899,1.2530127,-1.3302544,-0.28443176,-0.26780695,0.12361954,0.08028871,-0.35900182,-0.65843844,-0.44723964,0.16713892,0.15340671,0.04781182,-0.08249144,-0.0955029,-0.008391726,-0.030261105,-0.09205356,-0.06697459,0.06150366,-0.0010274415,0.05513089,0.0059682657,-0.014478112,0.0046067834,-0.019005964
-0.67813694,-0.45056376,-0.6594726,3.1885822,-0.65309197,-0.066284835,0.65536475,1.2560041,-1.3342061,-0.31606534,-0.29660755,0.14090434,0.07757218,-0.3483166,-0.6904621,-0.3384543,0.21056084,0.130607,0.050962634,-0.018216215,-0.10408131,-0.00050326914,-0.022258433,0.063433394,0.0030649195,0.054114074,-0.004613131,0.05312772,0.010016847,-0.013349073,0.019763527,-0.027495729
-0.73513216,-0.3815229,-0.62820005,3.2454312,-0.85388637,-0.40374076,0.7299817,1.2609886,-1.3389764,-0.36311758,-0.3417362,0.1698882,0.076035984,-0.3287131,-0.7468996,-0.17000076,0.27688652,0.09207987,0.059800625,-0.036660347,-0.10168075,-0.0038015791,-0.026347153,0.009565949,-0.020176554,0.056270476,-0.002956633,0.054602604,0.00989478,-0.014134692,0.016643118,-0.02683635
-0.75934666,-0.35251462,-0.61603785,3.2686105,-0.93692595,-0.540295,0.75974286,1.2629524,-1.3405005,-0.38338843,-0.36309904,0.18052438,0.07237748,-0.3188764,-0.7693783,-0.08957809,0.30773103,0.0771049,0.063520424,0.014693474,-0.1083805,0.0029018652,-0.019009726,0.1349563,0.058802977,0.048938893,-0.006853319,0.05244288,0.013438346,-0.0138730025,0.021822568,-0.028835975
-1.2515116,-1.2298249,-0.6675913,-0.90653694,-0.34531796,1.8203464,-1.9901994,-0.833344,-0.7454788,-1.4041734,-1.0021386,1.7683865,0.46025375,0.012615853,-0.8996136,1.1168981,-0.64935684,0.12577023,-0.060394738,0.04417112,-0.013545399,0.042097837,0.10012488,0.28220195,0.2176868,-0.07324663,0.0226808,0.027862687,0.09166678,0.011205338,-0.03856758,0.012146804
-1.2608224,-1.2211466,-0.66216403,-0.8984066,-0.38712078,1.7370722,-1.97491,-0.83402944,-0.7625,-1.4118608,-0.9618332,1.7749733,0.4833446,-0.032686546,-0.8651954,0.9842296,-0.6880608,0.13076869,-0.06578269,-0.0025442145,-0.007543112,0.034220126,0.08992506,0.14948365,0.07774391,-0.061894447,0.02953743,0.031273443,0.08802711,0.012689068,-0.02182354,0.0032412345
-1.2682433,-1.2164975,-0.6611991,-0.894745,-0.4024302,1.7110183,-1.9707329,-0.834191,-0.7674375,-1.4162292,-0.9523777,1.7758279,0.4867394,-0.044878975,-0.8545904,0.9583756,-0.69531107,0.13283299,-0.06645868,0.03623241,-0.012260137,0.040323082,0.09793394,0.2440462,0.19747047,-0.070921205,0.023948772,0.028246867,0.09112754,0.011085361,-0.038170855,0.013631172
-1.2685093,-1.2132555,-0.657217,-0.8911883,-0.42411774,1.6641538,-1.9613017,-0.83452404,-0.7764708,-1.4186567,-0.92946845,1.7807773,0.50232893,-0.069459945,-0.83798283,0.8775008,-0.7187481,0.13431624,-0.071177945,-0.04131318,-0.002641574,0.027620247,0.08125226,0.04016322,-0.045131113,-0.052080777,0.035510518,0.03428221,0.08485026,0.014116963,-0.0061027673,-0.0058798366
-1.2791421,-1.2074738,-0.656888,-0.88684344,-0.43988124,1.6400006,-1.957889,-0.834623,-0.78079915,-1.424194,-0.92288274,1.7807099,0.5027548,-0.079457864,-0.8282881,0.86456525,-0.7220626,0.13660417,-0.07113787,0.031942613,-0.011602952,0.039343562,0.096690476,0.22308452,0.18518932,-0.06954965,0.024706747,0.028523903,0.09073739,0.011026036,-0.03805084,0.01385528
-1.2927144,-1.1945084,-0.6496747,-0.8752725,-0.49566358,1.5326028,-1.9377959,-0.83514327,-0.7999026,-1.4352057,-0.880581,1.7889004,0.5275697,-0.12883522,-0.7927178,0.7266535,-0.7609201,0.14080404,-0.07986287,-0.0048227482,-0.007002637,0.032932095,0.08817142,0.11626722,0.06358405,-0.059773948,0.030657792,0.031544726,0.087503634,0.01242516,-0.022751233,0.003967704
-1.3088251,-1.1800591,-0.6419337,-0.8624332,-0.55938643,1.4096158,-1.9153727,-0.83600867,-0.82368135,-1.4479604,-0.8266971,1.7978307,0.5576083,-0.19098283,-0.74531364,0.55244035,-0.8110341,0.14759094,-0.087814465,-0.032730803,-0.0033589033,0.027659992,0.081089094,0.026157232,-0.03642495,-0.051559824,0.035639744,0.03385453,0.08508983,0.013620105,-0.008650599,-0.0031586455
-1.3312675,-1.1638079,-0.6356675,-0.84850717,-0.622217,1.29344,-1.8950514,-0.83673364,-0.84593004,-1.4626583,-0.77881694,1.8047917,0.58152235,-0.24812657,-0.7003456,0.40501332,-0.8531279,0.15478322,-0.09424201,0.0012258417,-0.007231712,0.032865573,0.08825662,0.09578108,0.08656296,-0.060020436,0.030198963,0.030796817,0.087951176,0.011388813,-0.030642258,0.010877631
-1.3525765,-1.1447008,-0.62603986,-0.8318172,-0.7014813,1.1431255,-1.8673384,-0.8374843,-0.87270623,-1.4791349,-0.72067595,1.815523,0.6143879,-0.31688246,-0.6496381,0.21830595,-0.90564436,0.16123569,-0.10550501,-0.016840845,-0.0049490226,0.02900842,0.082798846,0.030247962,0.0047030174,-0.053330265,0.034299485,0.03270297,0.0859607,0.012491072,-0.017930118,0.0030255264
-1.3699051,-1.1298351,-0.61862063,-0.81881046,-0.766001,1.0196588,-1.8451667,-0.83843714,-0.89703846,-1.4924875,-0.6658832,1.8240119,0.6440068,-0.38039333,-0.59996367,0.042701326,-0.9563664,0.16881831,-0.11246502,-0.023527466,-0.003943324,0.02683234,0.07950224,-0.0077074245,-0.046932958,-0.049054816,0.03694155,0.03364948,0.0851223,0.013387417,-0.006554295,-0.0013577773
-1.3864367,-1.1172949,-0.6133144,-0.80791515,-0.81522846,0.9277837,-1.8287538,-0.83892703,-0.9140836,-1.5036014,-0.62908155,1.8299572,0.66325945,-0.42415988,-0.5666605,-0.07202299,-0.9888744,0.17370367,-0.11852613,-0.015043871,-0.0047561913,0.02817632,0.08166461,0.0021601445,0.0020694153,-0.0519472,0.034939107,0.03253907,0.085939996,0.012079757,-0.01951389,0.006139159
-1.421987,-1.0849566,-0.59812254,-0.7803164,-0.9422398,0.6917591,-1.7849685,-0.83983874,-0.95321417,-1.5310382,-0.54840106,1.8463304,0.7088264,-0.5222753,-0.49444073,-0.32655132,-1.0598339,0.18157756,-0.1303277,-0.0037581157,-0.006032567,0.027948484,0.08030212,-0.0020906355,-0.030602697,-0.04925945,0.03675822,0.032859515,0.086075574,0.013133362,-0.005217936,0.00037870777
-1.4322729,-1.0745074,-0.5936099,-0.7713915,-0.97098637,0.64358395,-1.7742037,-0.8389673,-0.95342296,-1.5380634,-0.55598754,1.8506986,0.7080403,-0.5180844,-0.50479776,-0.29717028,-1.0488021,0.17531455,-0.1286185,-0.02361459,-0.0032270418,0.025970124,0.079078846,-0.05057212,-0.0057364823,-0.04990456,0.035994563,0.03286903,0.085618265,0.011167924,-0.025454728,0.010803115
-1.45339,-1.0483862,-0.5816788,-0.7500138,-1.0486987,0.51226854,-1.7454814,-0.8372097,-0.9564808,-1.5561012,-0.5699873,1.8616922,0.7089885,-0.5142545,-0.5228033,-0.24470131,-1.0267701,0.16173397,-0.12757628,-0.019103603,-0.0040218607,0.025786456,0.07803747,-0.04305311,-0.032717984,-0.048476633,0.03725538,0.03361156,0.08571757,0.012057956,-0.014408752,0.0036606835
-1.487446,-1.0063084,-0.56267405,-0.71567166,-1.1723424,0.30457848,-1.6998541,-0.83430076,-0.9601997,-1.585033,-0.5958282,1.8790964,0.7085643,-0.50452024,-0.5544903,-0.14811186,-0.9878989,0.13918307,-0.12375712,-0.008809681,-0.005534781,0.026262665,0.07772125,-0.022865457,-0.045877676,-0.04821136,0.037943073,0.03412483,0.086501,0.0127486,-0.004078221,-0.002773989
-1.5507038,-0.9303874,-0.5282734,-0.65306944,-1.3942143,-0.06920505,-1.617493,-0.8288903,-0.9666539,-1.6369755,-0.64207983,1.911055,0.70850134,-0.48660445,-0.613744,0.02553628,-0.91816896,0.09769169,-0.11663704,-0.029430289,-0.0029497095,0.022574462,0.07305975,-0.08228645,-0.07714191,-0.045452196,0.04000557,0.035931922,0.08608938,0.012008766,-0.006785685,-0.00372602
-1.5874121,-0.885518,-0.5085408,-0.61665857,-1.5238643,-0.28495643,-1.5700043,-0.82574046,-0.96918947,-1.6678419,-0.673837,1.9288797,0.7052138,-0.4720019,-0.6500591,0.1438191,-0.87243295,0.0732723,-0.11011441,0.0010076482,-0.0069539356,0.025982909,0.07633306,-0.012012307,-0.04311601,-0.049065437,0.038421106,0.03514543,0.088495955,0.012387238,0.0010038707,-0.007281506
-1.7779118,-0.7937166,1.3185198,-1.3274587,0.17232811,1.8199801,-0.67067283,1.847908,0.8082982,-0.5586578,-0.13440111,-1.0166813,0.6611211,0.6465344,-0.4884809,0.9711364,0.39623207,-0.15290847,-0.06407787,0.034286566,0.035087775,-0.020307558,0.06260162,0.2202754,0.4004584,0.03674008,-0.010919182,-0.016517872,0.023527576,0.07477057,0.36071825,-0.105820544
-1.793769,-0.77965635,1.3265913,-1.3145639,0.10763013,1.6929321,-0.64749765,1.8469269,0.7827788,-0.5711372,-0.07501174,-1.0070481,0.6945628,0.57907903,-0.43704897,0.77750653,0.34000334,-0.14539176,-0.07219576,-0.017690312,0.041841596,-0.02920709,0.051119935,0.0674919,0.24636444,0.04948015,-0.0032775155,-0.01277448,0.01947773,0.07627178,0.37819666,-0.11476828
-1.8142575,-0.7608465,1.3366361,-1.2979215,0.026974464,1.5382593,-0.6189157,1.8460677,0.7544802,-0.58737385,-0.012141776,-0.99565077,0.7303782,0.5057954,-0.3828964,0.5742496,0.28236324,-0.13839176,-0.08372618,-0.05637094,0.04678614,-0.036138467,0.041951757,-0.051429197,0.11955192,0.059956208,0.0030449564,-0.009668199,0.016095096,0.07759516,0.39332172,-0.12403689
-1.8595892,-0.7257927,1.3514016,-1.2677945,-0.11179234,1.2797457,-0.57294106,1.8445318,0.70602506,-0.61866933,0.0923684,-0.9792792,0.78460205,0.38138238,-0.28655976,0.24821828,0.18968676,-0.12384656,-0.099413894,-0.010755044,0.041631296,-0.029902324,0.050240405,0.027811974,0.26207995,0.050555643,-0.0030477992,-0.013362247,0.019554624,0.075016424,0.36918765,-0.10798785
-1.8788556,-0.7079279,1.3612989,-1.2518563,-0.1918846,1.1244457,-0.5445279,1.8434067,0.6759386,-0.6344155,0.16082416,-0.96782804,0.823174,0.30260667,-0.22647944,0.025571365,0.12555173,-0.1152998,-0.10942338,-0.051048502,0.046780773,-0.037703387,0.039462343,-0.0998001,0.09954977,0.063403174,0.0048746415,-0.0096748825,0.01589203,0.07737184,0.39602095,-0.1218822
-1.8962637,-0.6950762,1.3665161,-1.2407492,-0.2424296,1.0302913,-0.5279403,1.8428174,0.65788764,-0.64598835,0.20003727,-0.9619679,0.84317034,0.25609413,-0.19017813,-0.096184425,0.09074559,-0.109606385,-0.11486187,-0.033132777,0.044827454,-0.035010144,0.0432875,-0.06771939,0.17053942,0.0587612,0.0018242708,-0.011426957,0.017450862,0.0759126,0.3818149,-0.11278786
-1.9608648,-0.63990134,1.3924099,-1.193185,-0.46754885,0.6070857,-0.45108095,1.8404611,0.5808906,-0.69434345,0.36640674,-0.93334705,0.9337781,0.05859726,-0.040494107,-0.6239361,-0.0584402,-0.08892892,-0.14289254,-0.018606069,0.04332913,-0.03565163,0.0412148,-0.09027686,0.13381118,0.06270731,0.004225825,-0.011121485,0.017238192,0.07670385,0.3945348,-0.118148886
-2.0243378,-0.5639254,1.4268003,-1.1303748,-0.6874739,0.23739678,-0.36915815,1.8460381,0.5761743,-0.7459718,0.31569389,-0.9013127,0.9317359,0.081578225,-0.1043824,-0.43466303,0.015519196,-0.13190007,-0.13219044,-0.053397503,0.047979623,-0.040922906,0.035326064,-0.18515876,0.109515436,0.06566704,0.0061795395,-0.009271625,0.016539983,0.0749897,0.38218197,-0.11248732
-2.053926,-0.52787393,1.4429497,-1.1009464,-0.7933458,0.0596031,-0.33021462,1.8485051,0.57277066,-0.7708629,0.2940854,-0.88654035,0.9314561,0.08923557,-0.13079825,-0.35366514,0.048331764,-0.15088613,-0.12947759,-0.039286345,0.045969747,-0.03980738,0.0358113,-0.15452598,0.10425626,0.065281324,0.0064396826,-0.009028736,0.017467953,0.07568776,0.39205015,-0.118712865
-2.081001,-0.49445632,1.4577142,-1.073867,-0.89033896,-0.101978645,-0.29468173,1.8508278,0.57066965,-0.7938719,0.27094486,-0.8732157,0.9293211,0.09952666,-0.15731288,-0.2675248,0.081870064,-0.16895351,-0.12495029,-0.015389824,0.042786017,-0.037222765,0.038141843,-0.099371485,0.12327815,0.06292708,0.0055167666,-0.009511279,0.019223502,0.07623146,0.40058824,-0.122952685
-2.1560135,-0.4037077,1.499518,-0.9986344,-1.1560844,-0.55127877,-0.19525144,1.8574138,0.5631546,-0.85552293,0.21581599,-0.8340017,0.930566,0.12146704,-0.23021057,-0.061352134,0.16465119,-0.21977209,-0.115343116,-0.080054685,0.051144067,-0.04706765,0.026566291,-0.27077797,0.030126698,0.071527,0.010909213,-0.005581043,0.016429804,0.07482701,0.39193237,-0.121461734
-2.173169,-0.3833077,1.507253,-0.98293847,-1.2133924,-0.6429473,-0.17565,1.8586769,0.56251293,-0.8702036,0.19862364,-0.82782376,0.92542654,0.129826,-0.2449633,0.0035889316,0.18890563,-0.22928087,-0.11254647,0.007753787,0.03966637,-0.0354107,0.0393435,-0.0535842,0.15534918,0.059657745,0.0044972585,-0.009387322,0.021994691,0.07577819,0.4039686,-0.126212
-2.1863384,-0.36749986,1.5150927,-0.9693624,-1.2605181,-0.7245734,-0.15737757,1.8598943,0.5607367,-0.8806795,0.19098465,-0.8200658,0.9276977,0.13212062,-0.25798965,0.03190943,0.20101936,-0.23871195,-0.11127382,-0.039330523,0.045781296,-0.04202253,0.031840656,-0.1730364,0.08504692,0.06616961,0.008231867,-0.0070017916,0.019294932,0.07517933,0.3984782,-0.12474466
-2.210737,-0.3383728,1.5273519,-0.946074,-1.3444896,-0.8630839,-0.12729742,1.8618361,0.55867785,-0.90110534,0.17100528,-0.80931866,0.92475665,0.14042985,-0.27936465,0.1076232,0.23061576,-0.25340587,-0.108659156,0.011499749,0.039108057,-0.035394046,0.039056845,-0.048674304,0.1613013,0.05903872,0.0044546924,-0.009067733,0.02270127,0.07547928,0.40382242,-0.12739313
-2.2634132,-0.27343208,1.5581689,-0.8918121,-1.5362892,-1.1897165,-0.05465616,1.8666241,0.55286616,-0.944814,0.13340662,-0.7799895,0.9281096,0.15483288,-0.33225888,0.24733114,0.28749117,-0.29073977,-0.10166593,-0.07765042,0.05062683,-0.048551045,0.023637448,-0.2794386,0.015218389,0.07209922,0.01229786,-0.0039628865,0.017946124,0.07451437,0.39798898,-0.12730277
-2.300447,-0.23071653,1.574941,-0.8582456,-1.657137,-1.3856871,-0.012568667,1.8693808,0.5505754,-0.9752927,0.1012187,-0.76593727,0.9202944,0.16920449,-0.36297932,0.37029624,0.33446503,-0.3111028,-0.097689174,0.054253995,0.03344704,-0.030633073,0.043823667,0.047555543,0.23505174,0.0522912,0.0013536467,-0.0101006,0.026670568,0.07485054,0.40487367,-0.12948443
-0.35685232,-0.78166926,-0.8121917,2.9103453,0.47679675,1.9488528,0.25253925,1.2483507,-1.1234682,-0.06294993,-0.5996346,-0.012599904,-0.15170476,0.104839854,-0.91914123,0.5559549,0.4118549,0.18366621,0.09963084,0.0013010137,-0.10734999,0.011937863,-0.002618014,0.28619263,0.22957288,0.033563558,-0.018349903,0.046841837,0.012004905,-0.014993832,-0.022935484,-0.0047824513
-0.3697014,-0.7692121,-0.80508345,2.9215364,0.42267907,1.8442276,0.27218235,1.2478467,-1.14209,-0.0734851,-0.5581629,-0.004484595,-0.1271661,0.056610864,-0.88461715,0.42026907,0.37359956,0.1876655,0.090952344,-0.04100163,-0.102052785,0.004726984,-0.01210437,0.16587265,0.09582307,0.044329867,-0.011811416,0.050199132,0.008383528,-0.013523091,-0.006963615,-0.015236447
-0.38300323,-0.76009023,-0.8018781,2.9292572,0.38699672,1.7784297,0.2833192,1.2472879,-1.1557198,-0.082035236,-0.5282724,-0.00089300115,-0.113028415,0.021290747,-0.8554185,0.3289549,0.34702045,0.19288503,0.08855265,-0.009201308,-0.105732195,0.0095500145,-0.00563886,0.23504615,0.19999711,0.036879946,-0.016519466,0.047499593,0.011076271,-0.015143849,-0.022662444,-0.0040756604
-0.39253405,-0.7506422,-0.7963732,2.9377666,0.34541154,1.6977596,0.29847744,1.2468784,-1.170179,-0.090031646,-0.49591422,0.005409522,-0.093808636,-0.016235301,-0.82845014,0.22269659,0.3169855,0.19603677,0.08194881,-0.043265622,-0.10148747,0.003644612,-0.0135115795,0.13811196,0.08578584,0.045938384,-0.010979642,0.050317008,0.008109295,-0.013745572,-0.0074906424,-0.0135936905
-0.429388,-0.7210313,-0.78287184,2.9635222,0.22430445,1.4694276,0.33944637,1.2454572,-1.2133917,-0.11635128,-0.40105006,0.020622188,-0.043264836,-0.12787956,-0.74265856,-0.07693925,0.23147018,0.20871843,0.06761207,-0.03694608,-0.10182803,0.0037091218,-0.013286535,0.12128471,0.1087539,0.045576714,-0.011484089,0.04962257,0.008499861,-0.014739868,-0.015353499,-0.0074880538
-0.43572107,-0.7136911,-0.77800465,2.9702058,0.18850179,1.3984483,0.3527198,1.2449082,-1.2271328,-0.122704916,-0.3691029,0.026308991,-0.024321698,-0.16413315,-0.7153849,-0.18339469,0.20072588,0.21234912,0.062750235,-0.07207737,-0.097502686,-0.002887943,-0.022549985,0.019650389,-0.03929257,0.056773424,-0.0044666124,0.053012546,0.0052549834,-0.012308278,0.011212143,-0.022039074
-0.44767636,-0.70628387,-0.7758851,2.9764793,0.1621992,1.351201,0.36060604,1.2446183,-1.2365066,-0.1295686,-0.34931052,0.02864319,-0.015606843,-0.1880798,-0.6959601,-0.24142364,0.18409686,0.2158337,0.060613308,-0.042146184,-0.10091012,0.0023343104,-0.015003735,0.08973145,0.09448618,0.047432475,-0.010492328,0.049867522,0.008096703,-0.0149143655,-0.015610326,-0.005996508
-0.4533259,-0.699152,-0.77136976,2.9827557,0.1297002,1.2881079,0.3726543,1.244292,-1.2473737,-0.135506,-0.32533896,0.033665787,-0.00077662565,-0.21608973,-0.6758861,-0.3215985,0.16161858,0.21793643,0.055423837,-0.06581023,-0.09815207,-0.0024871093,-0.022163473,0.02034657,-0.03018327,0.056541037,-0.0046773446,0.052691817,0.005514725,-0.012546448,0.009813159,-0.020808412
-0.46397838,-0.6918063,-0.76857066,2.9891531,0.10115049,1.2349675,0.38187554,1.2439345,-1.2579064,-0.14220801,-0.30223882,0.036874015,0.0106857205,-0.24335888,-0.654361,-0.39276367,0.14111598,0.22149213,0.05259107,-0.054282025,-0.09935178,-0.0005370977,-0.019202841,0.042028774,0.028436877,0.05272723,-0.00721068,0.051307704,0.0066880276,-0.013867472,-0.0033971635,-0.012587581
-0.51373845,-0.64999306,-0.74905854,3.0253239,-0.06913855,0.91463864,0.43996882,1.242161,-1.3164464,-0.17889711,-0.17542242,0.058536734,0.07957107,-0.3937014,-0.54058725,-0.7946869,0.027449805,0.23732652,0.030893005,-0.04761327,-0.09986329,-0.0013218675,-0.020757293,0.0149293495,0.012026756,0.055218756,-0.005832221,0.0514194,0.006419407,-0.013876766,-0.00038861745,-0.013405403
-0.55081797,-0.60541767,-0.72878206,3.0621357,-0.19982785,0.6940527,0.48852235,1.2452706,-1.3207581,-0.20938796,-0.20102337,0.07749125,0.08030642,-0.3845986,-0.57373065,-0.69726115,0.06655073,0.21315171,0.03747216,-0.06532948,-0.09746653,-0.004263637,-0.024230711,-0.036282446,-0.007916209,0.057242334,-0.0044487263,0.052504018,0.0061366195,-0.014557796,-0.0038485017,-0.011359098
-0.5607472,-0.5928903,-0.72315437,3.0722642,-0.23710708,0.63142115,0.50216115,1.2460821,-1.3221904,-0.2181083,-0.20807631,0.08257508,0.080419175,-0.38259962,-0.58204675,-0.6710533,0.077440515,0.20682314,0.038070478,-0.05302792,-0.09920678,-0.0031365594,-0.023575213,-0.007828682,-0.016195284,0.05716858,-0.0041732225,0.052577686,0.006696308,-0.013699104,0.006125398,-0.017014446
-0.58178806,-0.56667876,-0.71138394,3.0935216,-0.3144951,0.50160784,0.53055465,1.2478468,-1.3247796,-0.23624349,-0.22363888,0.09325445,0.080202155,-0.3772768,-0.6007879,-0.61266553,0.10123031,0.1931572,0.03982024,-0.03717526,-0.10142703,-0.0016457061,-0.02257358,0.028276581,-0.017350696,0.056464277,-0.004172616,0.052604157,0.0076347697,-0.012961591,0.015738163,-0.022830307
-0.6035708,-0.5412122,-0.6997857,3.1147807,-0.38809553,0.37735784,0.55812997,1.2497492,-1.326465,-0.25348866,-0.24005245,0.10420931,0.08003231,-0.3699996,-0.6224037,-0.5512428,0.12537694,0.17861904,0.04319844,-0.06057447,-0.09831036,-0.004874079,-0.026013993,-0.032440234,-0.034446962,0.058556534,-0.002981167,0.05361982,0.0067615537,-0.013925078,0.0073408308,-0.019016838
-1.0531079,-0.028999995,2.258121,0.30733693,2.7826972,0.10638894,-0.53561056,-0.47562772,-0.70412445,-1.0644083,-0.38710925,-0.30876848,-1.0620862,-0.15713887,-0.3073536,0.3335414,0.062340673,0.09236807,-0.04265863,0.032862335,0.048057333,-0.09898517,0.0079485895,0.1737136,0.16250022,-0.01678248,0.009361123,-0.0035895992,0.0120030865,-0.06419872,-0.021801382,0.018688615
-1.0679082,-0.015211613,2.2654867,0.31952146,2.7241714,-0.0055942126,-0.51480055,-0.47618854,-0.7241058,-1.0762106,-0.34319764,-0.3004691,-1.0367391,-0.20866188,-0.26976472,0.19122328,0.02223763,0.09698613,-0.051374935,0.0057895803,0.05144415,-0.10399887,0.0011250161,0.09041921,0.06234258,-0.008749995,0.014277192,-0.0011676521,0.009458964,-0.062929764,-0.0077024363,0.009881379
-1.0787557,-0.005431787,2.2708302,0.3282337,2.679751,-0.09186435,-0.49919337,-0.47689846,-0.74142915,-1.0849812,-0.30337936,-0.29423347,-1.0147526,-0.2542299,-0.23429313,0.06219001,-0.015226144,0.10234878,-0.05633018,-0.013326867,0.053955425,-0.10781397,-0.0041359738,0.026793046,-0.0156120015,-0.002494989,0.01811851,0.0005410508,0.0077739055,-0.061816063,0.005397512,0.0038205127
-1.0893975,0.00211114,2.2736113,0.3346927,2.651622,-0.1433923,-0.49014792,-0.4771519,-0.75091755,-1.0917283,-0.28342375,-0.2911846,-1.004855,-0.2783803,-0.21566379,0.0014548225,-0.032344803,0.10521563,-0.059531175,0.0033562602,0.052045465,-0.10507115,-0.00024342818,0.06289443,0.05320826,-0.0072229025,0.0150600225,-0.0010845668,0.009228829,-0.06316251,-0.008312123,0.011822982
-1.111148,0.01939677,2.2814636,0.3497655,2.5809548,-0.27671465,-0.4662574,-0.47798693,-0.7762734,-1.1071113,-0.2276149,-0.28229937,-0.9751905,-0.3439601,-0.16526338,-0.17468333,-0.08267187,0.1127099,-0.0678883,0.005461006,0.052082274,-0.10515694,-0.00012938419,0.049205124,0.070431575,-0.007590503,0.014623045,-0.0015366873,0.009431611,-0.06395191,-0.015121019,0.016595054
-1.116197,0.025579467,2.2852905,0.35515857,2.5522544,-0.3324538,-0.45579538,-0.47836852,-0.7864226,-1.1124114,-0.20494929,-0.27802575,-0.96166956,-0.37030068,-0.14546935,-0.25007725,-0.104129866,0.11519071,-0.07175191,-0.008366557,0.053640734,-0.10852109,-0.005479618,0.004305194,-0.03057118,-0.0004062874,0.019291637,0.00060453365,0.007644404,-0.061736546,0.008968949,0.003456355
-1.1246618,0.030478973,2.2867098,0.3594623,2.534894,-0.36405286,-0.4505209,-0.4785444,-0.7928745,-1.1169404,-0.19088334,-0.27634582,-0.955381,-0.3869733,-0.13231578,-0.29138258,-0.11603952,0.11753396,-0.073447585,0.0020269537,0.05267181,-0.10609416,-0.0013228633,0.027755594,0.059946533,-0.006265825,0.015337441,-0.0013317905,0.009105942,-0.06406251,-0.015290473,0.017263243
-1.1469573,0.05035888,2.2963235,0.37660486,2.4543185,-0.5154073,-0.42264703,-0.47923213,-0.8192024,-1.1340605,-0.13486223,-0.2658277,-0.9239382,-0.45405072,-0.08290413,-0.470127,-0.16590779,0.12370654,-0.08484171,2.8750432e-05,0.052880276,-0.10757364,-0.0039190874,0.0033599841,0.012773383,-0.0024841994,0.017728917,-0.0003522524,0.008187302,-0.06313454,-0.004455697,0.010478667
-1.2349199,0.15129347,2.3423445,0.4602456,2.1436696,-1.0492877,-0.30893493,-0.47359106,-0.84516954,-1.2056527,-0.14848633,-0.22200978,-0.9022298,-0.4807183,-0.11497825,-0.39613718,-0.121316165,0.08075554,-0.08210577,-0.015401251,0.054845437,-0.11167963,-0.009836272,-0.060299892,-0.04432257,0.002187494,0.021164948,0.0018954154,0.007859353,-0.063128896,0.003024598,0.0049568107
-1.2919053,0.22097212,2.3742068,0.5177583,1.9409498,-1.390486,-0.23324305,-0.4685065,-0.84962124,-1.2529161,-0.19484048,-0.19234584,-0.9035715,-0.45985216,-0.17335992,-0.22406568,-0.0539066,0.041171934,-0.071955055,-0.048380125,0.059146866,-0.11714522,-0.016523812,-0.15148257,-0.09795027,0.006890831,0.024331903,0.004185247,0.006866778,-0.063780986,0.00163753,0.0050162766
-1.3012586,0.23232065,2.3788836,0.5267317,1.9083157,-1.4439702,-0.22167665,-0.46777952,-0.85033643,-1.2609364,-0.20311147,-0.1883388,-0.90509117,-0.45630676,-0.18149318,-0.1931411,-0.04197196,0.035593174,-0.07066856,-0.018622005,0.05520672,-0.11342294,-0.012698083,-0.078841284,-0.06672211,0.0035564601,0.02267161,0.0031548992,0.008677017,-0.06314201,0.009401702,0.0012979936
-1.3110913,0.24461253,2.3839915,0.5363756,1.8727528,-1.5021793,-0.20908318,-0.46699545,-0.85113084,-1.269618,-0.2120438,-0.18400203,-0.90676725,-0.45247328,-0.19025043,-0.15956558,-0.028967442,0.029542472,-0.06937087,0.01425777,0.05086203,-0.10924973,-0.008334796,0.0016654695,-0.028806774,-0.0003391406,0.020685505,0.0019528612,0.010704303,-0.06254271,0.016797075,-0.0022236302
-1.3175079,0.25204912,2.388365,0.5433753,1.8500222,-1.5437355,-0.19942468,-0.46628928,-0.852178,-1.2741352,-0.21404146,-0.1791893,-0.9035912,-0.45223188,-0.19785935,-0.15234199,-0.02520042,0.0240509,-0.06869109,-0.057805642,0.060317215,-0.11891321,-0.018860858,-0.17872907,-0.119368106,0.008597773,0.025564326,0.0050942414,0.0065899887,-0.06386656,0.0029385628,0.0035016749
-1.3269582,0.26369578,2.392549,0.5520449,1.8172618,-1.5952934,-0.1885652,-0.46563727,-0.85254526,-1.2826912,-0.22434336,-0.17611367,-0.90726036,-0.44733384,-0.20542061,-0.11351558,-0.010756321,0.01910104,-0.06720957,0.014271185,0.050845154,-0.10947741,-0.008727534,-0.0003929266,-0.029005744,-0.00036353664,0.020808352,0.002154869,0.010944167,-0.062667005,0.016877789,-0.0025813268
-1.3489261,0.28967577,2.4048417,0.57391936,1.7400819,-1.7274559,-0.1593748,-0.46374816,-0.8557112,-1.3003088,-0.23686852,-0.16429532,-0.90471846,-0.44419,-0.22479784,-0.06603197,0.0096404655,0.0047446336,-0.06635697,-0.026354482,0.05606955,-0.1152507,-0.015317851,-0.104133956,-0.08747173,0.005107392,0.024000743,0.004347525,0.008666781,-0.06335999,0.010784807,-0.0016073413
-0.9934779,1.1572837,2.0805144,-0.0068755257,0.9991999,1.8459418,-1.5733173,1.9319005,0.9118077,-0.6855241,-0.21363449,-0.7663336,1.5331439,0.89708066,-0.4529593,1.1525562,0.19958259,-0.096106686,0.046678144,0.07817199,0.043997914,-0.03423751,0.07586089,0.39190182,0.23119025,0.061694402,-0.033782985,-0.03569375,0.01428277,0.052166168,-0.13805634,0.020504687
-1.0168175,1.1781408,2.0918853,0.0118810795,0.9079477,1.6693937,-1.5408366,1.9308082,0.87841505,-0.7036781,-0.138088,-0.75314975,1.5760244,0.80990285,-0.38799703,0.90757954,0.12947826,-0.087318815,0.034007713,0.021117285,0.0513655,-0.04404117,0.06320317,0.22200726,0.062712975,0.075770535,-0.02536229,-0.03151166,0.0096553825,0.053683955,-0.12047254,0.0102421045
-1.0330808,1.1925492,2.0999618,0.024934424,0.84191036,1.5403088,-1.5174176,1.9297723,0.85233545,-0.7165578,-0.07759441,-0.7435853,1.6096675,0.74106055,-0.334915,0.7111197,0.0723785,-0.07938451,0.026215857,-0.021571707,0.056966864,-0.051595215,0.05336141,0.091816306,-0.07039964,0.086807355,-0.01873401,-0.028362755,0.006292798,0.05505397,-0.10416005,0.0024979576
-1.062915,1.2150578,2.1086574,0.043971736,0.7565312,1.3838431,-1.4897304,1.9289706,0.82396454,-0.7366095,-0.018322367,-0.7342323,1.639584,0.6690818,-0.27919185,0.5293154,0.021310978,-0.071018316,0.016598588,0.03350856,0.050384346,-0.04341946,0.064056866,0.21106768,0.09623301,0.07483954,-0.026253203,-0.03258274,0.010450971,0.052543767,-0.12894799,0.017780632
-1.0906246,1.2392441,2.1209505,0.06529965,0.65421987,1.1884862,-1.453998,1.9278183,0.7876811,-0.7577289,0.062084652,-0.7202701,1.6844504,0.57509726,-0.20868103,0.27094758,-0.052217137,-0.061386563,0.0029374256,0.0024864618,0.054453917,-0.04944627,0.055967413,0.104802355,-0.014730679,0.08423987,-0.020602401,-0.029967917,0.007600819,0.053696398,-0.11496295,0.009979137
-1.1107874,1.2565669,2.129741,0.08055562,0.5787799,1.0437201,-1.4279135,1.92673,0.7592243,-0.77322656,0.12636141,-0.7101587,1.7194443,0.50074893,-0.15094481,0.064568795,-0.11179109,-0.052695654,-0.005561596,-0.013496573,0.056674127,-0.053105235,0.05085065,0.040284332,-0.08820053,0.09042323,-0.016849156,-0.02844464,0.0060807695,0.054684356,-0.10244002,0.0048666648
-1.1603209,1.2954475,2.1469018,0.11428288,0.4218013,0.74894655,-1.3752464,1.9249222,0.7034344,-0.80787045,0.24830602,-0.69087386,1.7836626,0.35682458,-0.04006614,-0.31853634,-0.22105718,-0.036110952,-0.023859277,0.0076039177,0.054711133,-0.050655846,0.054539293,0.0521871,-0.00040480742,0.08576861,-0.020172725,-0.030682117,0.007812102,0.052321043,-0.123999394,0.019255474
-1.1747334,1.3093331,2.1539352,0.12613954,0.36343366,0.63872945,-1.3549719,1.9242891,0.68380225,-0.8199276,0.2905267,-0.6832117,1.8074487,0.30657932,-0.002078726,-0.45460227,-0.2593644,-0.031123962,-0.031363584,0.010510567,0.054189894,-0.051798407,0.05181946,0.042629316,-0.06724851,0.09035207,-0.01706932,-0.02949253,0.00706981,0.05426699,-0.102230996,0.0076759276
-1.194329,1.3254541,2.1610243,0.14010541,0.30271196,0.52650803,-1.3342166,1.9239794,0.6654614,-0.8335498,0.32799983,-0.6754582,1.8282852,0.26078108,0.030862076,-0.57073516,-0.29163432,-0.027726842,-0.036829107,0.010863908,0.05445215,-0.05172932,0.052433267,0.030335918,-0.035460684,0.08893442,-0.0181857,-0.030124238,0.0074260836,0.05300589,-0.11425616,0.014887935
-1.2516067,1.3948525,2.1926517,0.19731683,0.099617064,0.18419422,-1.2586805,1.9289426,0.6596793,-0.8809265,0.2854446,-0.64605755,1.8283281,0.277565,-0.023820013,-0.4112408,-0.22767575,-0.065957725,-0.029896908,-0.01360889,0.057552885,-0.05591326,0.04722371,-0.038290102,-0.07446502,0.09235932,-0.015777126,-0.02818288,0.0067210207,0.052339684,-0.11653508,0.014016072
-1.2719351,1.4200493,2.2038777,0.21782316,0.02651132,0.06213699,-1.2317601,1.9307071,0.6582071,-0.898205,0.2677254,-0.6358547,1.8268636,0.2856403,-0.044239618,-0.3458859,-0.20235449,-0.07979798,-0.025963755,1.6502225e-05,0.05570168,-0.054750532,0.047894116,-0.008404997,-0.0773701,0.09185416,-0.0156657,-0.028156394,0.007703799,0.053045906,-0.10682137,0.009249442
-1.3064792,1.4620634,2.2226284,0.25199538,-0.09746119,-0.1460262,-1.1863574,1.9335334,0.65366,-0.92736566,0.24405898,-0.61878824,1.8269489,0.29288456,-0.073442176,-0.25611457,-0.1652762,-0.10135314,-0.024339866,0.022756714,0.05252032,-0.05241856,0.04977196,0.04401243,-0.066009276,0.090038024,-0.016208991,-0.028276501,0.009136314,0.053649854,-0.09789791,0.0027255644
-0.80282164,1.2988149,-2.6263015,-0.5916836,2.460759,0.72884,-0.43467104,0.9666159,0.66980225,-0.38747048,-0.5883463,0.45409653,-0.6073093,0.84402066,-0.43520603,0.93122107,0.3132657,-0.16023421,0.018385137,0.05595088,0.039899692,0.08819959,-0.029237296,0.35695112,0.2714459,-0.023686245,-0.05105461,-0.014348641,0.038651127,-0.019581398,-0.026265334,0.011857413
-0.8191966,1.3137119,-2.6177056,-0.5780621,2.3932204,0.596626,-0.4103237,0.9657131,0.6441053,-0.400486,-0.52910554,0.46424672,-0.57344806,0.77641314,-0.38461444,0.73779714,0.25751233,-0.15325597,0.00909955,-0.001396611,0.047279343,0.07852985,-0.041684538,0.19147862,0.10432754,-0.009905624,-0.04278669,-0.010203687,0.0341225,-0.017997345,-0.008226153,0.0016731176
-0.8433912,1.335573,-2.606119,-0.5586931,2.299394,0.41661227,-0.37716985,0.96467465,0.6108258,-0.4194402,-0.45493123,0.47744286,-0.5314647,0.6900935,-0.32047084,0.49830723,0.189419,-0.14477095,-0.0040236157,-0.045105662,0.052915137,0.070723556,-0.051928762,0.05594043,-0.034489855,0.0017027141,-0.035817143,-0.0068000588,0.030373467,-0.016655993,0.0073969844,-0.007699412
-0.87050647,1.3547288,-2.599021,-0.5423656,2.224379,0.27783713,-0.35332742,0.9636102,0.5829542,-0.43714198,-0.39420217,0.48538312,-0.5019126,0.61806494,-0.2619949,0.31147486,0.13540062,-0.13475083,-0.010080794,0.010517555,0.046449207,0.078907974,-0.041125786,0.17380932,0.13672605,-0.010529253,-0.0435298,-0.011295067,0.034903016,-0.0192182,-0.017030079,0.0099836765
-0.88396895,1.367396,-2.5920582,-0.53107625,2.1698174,0.1728305,-0.33377683,0.96306443,0.56402797,-0.44797462,-0.35219187,0.4933032,-0.47751036,0.5690711,-0.22630316,0.17475851,0.09674441,-0.1303584,-0.018293979,-0.021917483,0.05052071,0.07313029,-0.048863214,0.077657275,0.025237815,-0.0015777394,-0.038069468,-0.008567293,0.03201284,-0.017880175,-0.0022477861,0.00078659266
-0.8962072,1.3785362,-2.5859559,-0.5211492,2.1198187,0.07591583,-0.31612644,0.9623362,0.54501086,-0.45785275,-0.30876556,0.500383,-0.4532881,0.519208,-0.18802139,0.033962037,0.056085363,-0.124786235,-0.02433956,-0.045990434,0.053649604,0.068545766,-0.055081714,0.00064876163,-0.06484145,0.00570119,-0.033624407,-0.00651635,0.0299225,-0.016702374,0.011474669,-0.006021486
-0.91072637,1.3891215,-2.5819693,-0.5121422,2.0798585,0.0026425712,-0.3032439,0.9619481,0.5314992,-0.46733364,-0.2803406,0.5047217,-0.43910736,0.48481625,-0.16128962,-0.05296389,0.03155334,-0.12066301,-0.028728297,-0.020431519,0.050651155,0.07248906,-0.04974674,0.0559293,0.022997249,-0.00048652614,-0.037561785,-0.008683246,0.03198066,-0.018197635,-0.00348307,0.0030817322
-0.918364,1.3965306,-2.5777583,-0.505564,2.0461795,-0.06275388,-0.29124713,0.9614614,0.51882875,-0.47385544,-0.25145337,0.50957197,-0.42276,0.45163384,-0.13592967,-0.14713912,0.004420965,-0.11707389,-0.03291614,-0.038051855,0.0528838,0.06902985,-0.054587137,0.00036506332,-0.051881418,0.0053504054,-0.033938512,-0.0070010684,0.030343037,-0.017040407,0.009585507,-0.003715207
-0.949142,1.41995,-2.5678828,-0.48532778,1.9530411,-0.23674797,-0.2603847,0.9603894,0.48573446,-0.4948335,-0.1794357,0.5206369,-0.3855237,0.3663691,-0.06979395,-0.37175483,-0.05967178,-0.106942624,-0.043351725,-0.013758422,0.050322622,0.07253929,-0.049521446,0.037594575,0.047547653,-0.0008746097,-0.038100455,-0.009455889,0.032446213,-0.019247904,-0.011632137,0.009866761
-0.97868645,1.4474912,-2.5542917,-0.46172106,1.8413808,-0.44617137,-0.22151741,0.95952314,0.45023575,-0.5183356,-0.10468545,0.53533965,-0.3428821,0.2763758,-0.0042981245,-0.6110198,-0.12590417,-0.0992779,-0.059789512,-0.01752405,0.05059088,0.07006633,-0.054031227,0.0021757286,-0.04161404,0.005830768,-0.03376451,-0.007579422,0.030790819,-0.017276514,0.010369247,-0.0040914468
-1.0128665,1.4773644,-2.5410354,-0.43604597,1.732391,-0.645504,-0.1838563,0.9592748,0.42069584,-0.5428214,-0.04767751,0.5495682,-0.30975088,0.20472594,0.04551769,-0.7852991,-0.17381027,-0.09632757,-0.06388785,-0.0193498,0.05149905,0.0696229,-0.053702157,-0.027398778,0.0054111504,0.003943998,-0.035291504,-0.008592088,0.031632,-0.019296614,-0.0073666577,0.009217555
-1.0379667,1.5092648,-2.5264597,-0.4101691,1.636736,-0.806925,-0.14867227,0.9613522,0.4166437,-0.5649622,-0.064267136,0.56284523,-0.30850956,0.20861429,0.024752643,-0.72316813,-0.14734209,-0.11250582,-0.06318096,-0.0008681881,0.048749406,0.07089788,-0.05364951,0.013632382,-0.026235932,0.005009242,-0.033975106,-0.007941224,0.032307595,-0.017522724,0.013398252,-0.003384859
-1.1089344,1.5945837,-2.487708,-0.33966184,1.3889917,-1.2237995,-0.056357384,0.9675815,0.41088903,-0.6229703,-0.119981535,0.5989519,-0.3100772,0.2331129,-0.045991194,-0.51504093,-0.06548794,-0.16053927,-0.052004144,-0.041144498,0.054073557,0.06471614,-0.060703468,-0.09594267,-0.062912986,0.008974985,-0.03136086,-0.0056450176,0.03130639,-0.019233823,0.0016161994,0.0014102348
-1.1524694,1.6471463,-2.4647374,-0.2972188,1.2343341,-1.4822522,-0.0002761734,0.9710328,0.40515667,-0.6597501,-0.15001072,0.6195661,-0.31105632,0.24211027,-0.08123781,-0.40074646,-0.018422414,-0.18669127,-0.05050837,0.01689415,0.046197675,0.07161048,-0.054006968,0.043668687,-0.0097077405,0.0029200742,-0.03410535,-0.0070706895,0.03479816,-0.018019011,0.017645696,-0.009018951
-1.2018797,1.7074184,-2.438127,-0.24814393,1.0610025,-1.7706661,0.063475914,0.9753609,0.40248325,-0.70098335,-0.1943242,0.6437278,-0.31600454,0.2638138,-0.1323256,-0.23600803,0.044560883,-0.22032279,-0.04021999,0.042386547,0.042947996,0.07435726,-0.051279273,0.09989717,0.032588333,-0.0010200359,-0.035886407,-0.0078122495,0.03742138,-0.01825848,0.02041016,-0.009255737
-1.2260308,1.7361784,-2.4245508,-0.22397263,0.97589296,-1.9160882,0.09566114,0.97746515,0.39932734,-0.72044694,-0.20921262,0.6567416,-0.31372344,0.26835132,-0.15449698,-0.17996351,0.0681037,-0.23641533,-0.038521327,-0.00027283098,0.04844922,0.06824785,-0.05827968,-0.0094558345,-0.029618554,0.0047679134,-0.032486755,-0.005497403,0.03508927,-0.018962156,0.014525276,-0.008217878
-1.2816201,-1.2051028,-0.65576917,-0.8848402,-0.44864494,1.6239997,-1.9548116,-0.83460975,-0.78297263,-1.426112,-0.9188671,1.7818544,0.5052574,-0.08467641,-0.8250926,0.85193986,-0.7252105,0.13669556,-0.072875425,0.03183717,-0.011628032,0.0392869,0.09657737,0.22202305,0.18307939,-0.06936363,0.024820529,0.02861423,0.09061359,0.011036454,-0.038078323,0.013189293
-1.2924345,-1.1936886,-0.64821273,-0.8742149,-0.50424576,1.5131501,-1.934131,-0.8354488,-0.8048122,-1.4360006,-0.8674604,1.7908701,0.5355479,-0.14257553,-0.78190833,0.6813187,-0.7746295,0.14249974,-0.08076548,-0.036253825,-0.00303723,0.027624356,0.08114495,0.03117292,-0.039516818,-0.05178099,0.035575468,0.033997606,0.0850293,0.013808242,-0.007636264,-0.0039441423
-1.3108774,-1.1796575,-0.64271015,-0.8623095,-0.5571931,1.4161123,-1.9168365,-0.8358868,-0.8220376,-1.4483944,-0.8317112,1.7967823,0.55383515,-0.18614471,-0.7487191,0.57158095,-0.805248,0.14727557,-0.087196074,-0.0065410156,-0.0065786783,0.032095566,0.087075956,0.09478065,0.055626746,-0.058510784,0.031313453,0.031649727,0.0872694,0.012251419,-0.023215134,0.0051060184
-1.3212557,-1.1701425,-0.6373792,-0.8537856,-0.6007326,1.331279,-1.9014195,-0.8365715,-0.8390045,-1.4568839,-0.7925992,1.8030214,0.5756307,-0.23081173,-0.7141881,0.44446743,-0.8421265,0.15240712,-0.09226724,-0.030196745,-0.003504464,0.02762417,0.08101445,0.020168908,-0.032603826,-0.05142489,0.03564913,0.03364862,0.08525032,0.013430697,-0.009526984,-0.0015414628
-1.3472998,-1.149502,-0.6282761,-0.8358989,-0.68322796,1.1767478,-1.8736689,-0.8374372,-0.86759424,-1.4751424,-0.73077554,1.8131775,0.6084876,-0.30426264,-0.65816694,0.25009957,-0.89723635,0.1605254,-0.10234006,-0.017517783,-0.004825699,0.029015724,0.08287588,0.031188702,0.00607558,-0.0535181,0.03419116,0.032626763,0.08609042,0.012509733,-0.017655652,0.0037719915
-1.3684233,-1.133266,-0.6212104,-0.82180005,-0.7489293,1.0533026,-1.851746,-0.83824044,-0.89139664,-1.4897094,-0.678386,1.8211703,0.6357534,-0.36584255,-0.61034024,0.08596114,-0.9442573,0.16788474,-0.10967251,-0.008038181,-0.00564739,0.030319897,0.085003465,0.037552457,0.05769765,-0.056392893,0.032158174,0.031370144,0.08704586,0.01109445,-0.031068387,0.012539045
-1.3830198,-1.1189159,-0.61363244,-0.8093998,-0.8099092,0.937411,-1.8302569,-0.8388686,-0.91190577,-1.502053,-0.63394463,1.8295138,0.6612792,-0.4184488,-0.57124466,-0.058123857,-0.984774,0.17278036,-0.11811349,-0.01889153,-0.0044399155,0.027135884,0.079788014,-0.00687899,-0.040548664,-0.049212668,0.036797535,0.033433765,0.08528779,0.013219204,-0.007584242,-0.00065450557
-1.4273541,-1.0805414,-0.59636533,-0.77637094,-0.95347875,0.67302054,-1.7807437,-0.839409,-0.9530843,-1.5339777,-0.5518351,1.848134,0.7082171,-0.52002954,-0.49964735,-0.31250516,-1.0547539,0.17876926,-0.12961328,-0.021057509,-0.0035601507,0.026422165,0.07965468,-0.043337315,-0.00049512886,-0.05033423,0.035697248,0.032668773,0.08568821,0.011186814,-0.025762284,0.010963503
-1.4782077,-1.017656,-0.56775326,-0.72499526,-1.1400841,0.35827693,-1.7118689,-0.83515805,-0.9600947,-1.577389,-0.58649474,1.8744224,0.70976025,-0.5097608,-0.54370606,-0.18228573,-1.0005687,0.14594965,-0.12668918,-0.0074271034,-0.0057598725,0.026621135,0.078190535,-0.017581753,-0.044440176,-0.048332803,0.037788957,0.033998016,0.08630834,0.012838819,-0.0043304176,-0.003249228
-1.5399574,-0.9431811,-0.53368723,-0.6632544,-1.3561329,-0.0057457276,-1.631016,-0.82965356,-0.964705,-1.6278052,-0.63600624,1.9063237,0.7085203,-0.48719892,-0.60703003,0.0018165517,-0.92856705,0.1033145,-0.11568206,-0.0581225,0.00094139413,0.019013574,0.06949605,-0.15277356,-0.102911614,-0.042518962,0.04141881,0.036757994,0.08455192,0.011303208,-0.014810537,0.0013632139
-1.564359,-0.9137209,-0.52076185,-0.6393592,-1.4422041,-0.14952801,-1.5996386,-0.8276647,-0.96735734,-1.6482743,-0.65425134,1.9179963,0.7075162,-0.48053816,-0.62835044,0.07046356,-0.9010023,0.08810762,-0.113499746,-0.032507326,-0.0025257615,0.02190865,0.0721805,-0.09230276,-0.08261342,-0.045010254,0.040386923,0.036231462,0.08620018,0.011906782,-0.0063668177,-0.003663671
-1.5862591,-0.8868237,-0.5091401,-0.6177326,-1.5197402,-0.27783215,-1.5715016,-0.8258153,-0.9687828,-1.6668965,-0.6738482,1.9283208,0.70484835,-0.471435,-0.649748,0.14356235,-0.87289304,0.07376642,-0.10958735,0.000791839,-0.0069009257,0.02596449,0.07633619,-0.0126049435,-0.042620264,-0.04908845,0.038398065,0.035107583,0.08852718,0.012378145,0.0009645011,-0.0069118575
-0.85761964,1.3437294,-2.6048138,-0.55224246,2.2726672,0.3712332,-0.37027556,0.9642789,0.6012648,-0.4273833,-0.43591338,0.47860897,-0.52502,0.66606104,-0.29865214,0.44612646,0.17426476,-0.14011341,-0.0041233418,0.03351353,0.043403704,0.08304729,-0.03574951,0.24681261,0.20754418,-0.0165466,-0.047119934,-0.012976253,0.03674883,-0.019863619,-0.024986057,0.013818986
-0.8853525,1.3701998,-2.590176,-0.52871305,2.1585357,0.15168786,-0.32932222,0.96315396,0.5618839,-0.44996268,-0.3485723,0.4952078,-0.47417766,0.56420904,-0.22466512,0.1619362,0.09402845,-0.13113394,-0.02150699,-0.036197625,0.052157275,0.07077385,-0.052092288,0.041676167,-0.025585998,0.0022453559,-0.03567901,-0.007229155,0.030600525,-0.017170204,0.004698016,-0.0050311815
-0.9253626,1.4001156,-2.5775418,-0.502741,2.0370195,-0.076691516,-0.28922695,0.96148545,0.51658106,-0.47718304,-0.24828722,0.509606,-0.42283148,0.4465807,-0.13156562,-0.15195446,0.0034377736,-0.11609362,-0.03347463,-0.0024778452,0.048643067,0.0752759,-0.04581036,0.090856336,0.09410864,-0.0052425894,-0.040663116,-0.01040927,0.03352353,-0.019619163,-0.017573813,0.011729401
-0.93271816,1.4069098,-2.5737114,-0.49662712,2.0060167,-0.1371652,-0.27819744,0.96100855,0.5046146,-0.4832182,-0.22080612,0.5140916,-0.4073501,0.41510326,-0.107354015,-0.2416655,-0.022554804,-0.11254859,-0.037169836,-0.019345563,0.050789125,0.07194272,-0.050484203,0.037494462,0.021483205,0.00040353817,-0.037152145,-0.008794462,0.0319678,-0.018474035,-0.004610119,0.0051620114
-0.9421319,1.4161556,-2.5688,-0.48862222,1.9667951,-0.21172026,-0.2643368,0.96062785,0.491496,-0.49113598,-0.19234742,0.5195038,-0.39096397,0.38146794,-0.082580194,-0.33379206,-0.04839965,-0.10952352,-0.042801786,-0.02959493,0.052008126,0.069570474,-0.054064933,0.0012852831,-0.039558128,0.005035584,-0.034223944,-0.007435058,0.030694472,-0.01736282,0.0076885764,-0.0020436065
-0.9540788,1.424509,-2.5655353,-0.48133957,1.9339474,-0.27305895,-0.25366962,0.9602027,0.47929046,-0.49875948,-0.16545843,0.5232534,-0.37751967,0.34981668,-0.05757464,-0.41697574,-0.07239875,-0.10540272,-0.046046954,-0.017964112,0.05081895,0.07149006,-0.051141474,0.021812132,0.01922096,0.0012617955,-0.03674239,-0.008837763,0.03188116,-0.018704979,-0.0056040245,0.00639857
-0.9606089,1.4310541,-2.5620186,-0.47570023,1.905519,-0.32728195,-0.24366413,0.95986396,0.46941456,-0.5044432,-0.14377098,0.52714103,-0.36519232,0.3243523,-0.038306627,-0.48732558,-0.092341036,-0.102853686,-0.049727663,-0.02296462,0.05138867,0.06996649,-0.053649377,0.0006260056,-0.028207475,0.004721823,-0.03450368,-0.007868001,0.031077852,-0.017658759,0.0060591944,0.00015006136
-1.0016352,1.4634105,-2.5475059,-0.44750583,1.774737,-0.57333,-0.19951166,0.95842403,0.4231753,-0.53312784,-0.042593956,0.5435005,-0.31144282,0.20506318,0.052755453,-0.8057308,-0.18298544,-0.08951898,-0.065706156,-0.01803811,0.05135472,0.07029444,-0.05252319,-0.02020307,0.024431713,0.0026790493,-0.036237482,-0.009069781,0.03166066,-0.019713352,-0.0131187495,0.011945554
-1.0296179,1.4974502,-2.5319111,-0.4195178,1.6726528,-0.7466815,-0.16179661,0.96062464,0.41808474,-0.55673957,-0.057611126,0.5580313,-0.30865827,0.20682539,0.032193884,-0.74762905,-0.15763229,-0.106572695,-0.06375893,-0.018387,0.051219344,0.06926088,-0.054621577,-0.027360281,-0.012573311,0.0049919817,-0.034412883,-0.008005824,0.031572115,-0.01884911,-0.0015790224,0.00477772
-1.0672475,1.5438591,-2.5109167,-0.38159958,1.5362103,-0.9760394,-0.11140514,0.9638372,0.41390613,-0.5886382,-0.08583317,0.5772938,-0.30892366,0.21731287,-0.0026861057,-0.6420713,-0.11504311,-0.13145296,-0.05969553,-0.009905709,0.049925804,0.0694184,-0.05535588,-0.012171492,-0.03006715,0.00560322,-0.03348957,-0.007325429,0.03226407,-0.018159546,0.009000223,-0.0020178938
-1.1134274,1.5992454,-2.4854877,-0.3355778,1.3750988,-1.248073,-0.051036537,0.9679284,0.41002482,-0.62614423,-0.121215336,0.6011997,-0.30901656,0.2327002,-0.049035434,-0.5099842,-0.062845506,-0.16300374,-0.052503202,-0.055395793,0.055919368,0.06282687,-0.06273898,-0.13154033,-0.07869603,0.010612537,-0.03047318,-0.0050016786,0.030477183,-0.019596772,-0.0022090045,0.0025741009
-1.1294489,1.6188465,-2.476996,-0.3197728,1.3184433,-1.3420624,-0.030451255,0.969263,0.40883362,-0.6397328,-0.13510326,0.6087766,-0.31066424,0.23887025,-0.06426859,-0.45839295,-0.042866737,-0.17336276,-0.049819432,-0.031190839,0.052698754,0.06562648,-0.060067784,-0.07401931,-0.05909323,0.008237062,-0.031507555,-0.0056370404,0.032055154,-0.018960847,0.0062210197,-0.0015159266
-1.1503968,1.6444684,-2.465827,-0.29915285,1.2434665,-1.466901,-0.0032691709,0.9709679,0.40651602,-0.6575993,-0.15111655,0.61874264,-0.31186578,0.24470681,-0.082475096,-0.39790553,-0.018585619,-0.18641026,-0.048095394,-0.0006368149,0.048601557,0.06929885,-0.056421045,-0.00057050434,-0.027965074,0.0048520076,-0.033095803,-0.006498857,0.03399114,-0.018389378,0.014053572,-0.006067148
-1.1759923,1.6753428,-2.451999,-0.27380404,1.1540618,-1.6166917,0.02981934,0.9731865,0.404578,-0.67869335,-0.17197943,0.6314823,-0.3131152,0.25405926,-0.107840136,-0.32013324,0.011765204,-0.20355222,-0.04383533,-0.0008515565,0.04863168,0.068892136,-0.05708252,-0.004716235,-0.02775793,0.0047854623,-0.032913238,-0.0061989133,0.03443296,-0.01860944,0.014151328,-0.006257937
-1.2257867,1.7355033,-2.4245853,-0.22415048,0.9782274,-1.9130902,0.09526354,0.97750485,0.3996911,-0.7197311,-0.20915312,0.65700245,-0.3131524,0.2689454,-0.15562287,-0.18096615,0.067422554,-0.23681687,-0.03753138,-0.0245201,0.05165306,0.06493749,-0.06194707,-0.07041706,-0.06426749,0.008033675,-0.030675054,-0.004427396,0.033705093,-0.019237809,0.011691546,-0.0066620423
-1.246349,1.7607154,-2.4122846,-0.20284948,0.9025885,-2.043312,0.12418265,0.9793609,0.39654574,-0.7366603,-0.22094986,0.6689235,-0.30994684,0.27184004,-0.17482997,-0.13667716,0.08668707,-0.25117064,-0.036440715,-0.07760817,0.058481324,0.05732852,-0.07074773,-0.20575762,-0.14962545,0.015746316,-0.026163604,-0.0015140965,0.030600594,-0.019792158,0.0070804106,-0.0065449565
-1.2918687,1.8144499,-2.390014,-0.15998034,0.74861103,-2.2963784,0.17905836,0.9829353,0.39312357,-0.7744503,-0.2590333,0.6883084,-0.31646556,0.28824976,-0.2145708,0.0076136864,0.1425842,-0.27810124,-0.031143563,0.0297813,0.044428594,0.07148782,-0.055176083,0.05782737,0.01647235,0.00038253615,-0.034401804,-0.0060717897,0.03780039,-0.019248948,0.016959134,-0.010945406
-1.3412664,1.8757898,-2.3606045,-0.108578496,0.56698847,-2.6064286,0.24815165,0.98748755,0.38757607,-0.81558317,-0.29417625,0.7164381,-0.31256863,0.30167654,-0.26497465,0.1377218,0.19571482,-0.31375358,-0.0242725,-0.06875314,0.057159547,0.056981817,-0.07220175,-0.1964478,-0.14990239,0.015140334,-0.02558081,-0.0004554823,0.03238559,-0.020086473,0.012271512,-0.0114440285
-1.3668249,1.9047519,-2.3503087,-0.086422704,0.4882489,-2.730077,0.27457562,0.9893466,0.3879913,-0.8364929,-0.32228616,0.72437036,-0.32270584,0.31734154,-0.2882914,0.24424124,0.23417841,-0.3274628,-0.018504756,0.07256358,0.038908985,0.07644636,-0.049971998,0.15499243,0.09545228,-0.0066825547,-0.037815202,-0.0074858884,0.04188733,-0.019868722,0.017657923,-0.010774539
-1.3855009,1.927853,-2.3385787,-0.06658617,0.4179928,-2.852578,0.30190143,0.9910734,0.38461226,-0.85183316,-0.33134884,0.73600805,-0.31801996,0.31845826,-0.305674,0.27780837,0.24972825,-0.3409321,-0.017919542,0.00024216017,0.04818836,0.06601692,-0.062181164,-0.028862143,-0.03247852,0.0045665624,-0.031227902,-0.0034273986,0.037419744,-0.020177523,0.015412114,-0.012386781
-1.1467872,1.2834672,2.140839,0.10379436,0.47286656,0.846376,-1.3929877,1.9255531,0.72173244,-0.79732686,0.20777181,-0.6977274,1.7611902,0.40424877,-0.07621194,-0.18813233,-0.18381672,-0.041215472,-0.017523782,0.016060323,0.053613756,-0.048398424,0.057960276,0.08876459,0.055990145,0.081327386,-0.022954995,-0.031847794,0.008883612,0.051310807,-0.13582359,0.02520428
-1.1625587,1.2986187,2.1487758,0.116912395,0.40810487,0.7230976,-1.3702695,1.9248233,0.69941324,-0.8104751,0.25655615,-0.6889294,1.7888614,0.34677443,-0.032966066,-0.34598976,-0.22848542,-0.035522394,-0.026064146,0.005777694,0.05479436,-0.051550686,0.052796584,0.04395494,-0.040452044,0.08843428,-0.018372783,-0.02986316,0.007209032,0.05339403,-0.112528116,0.012572561
-1.1855913,1.3165274,2.1567848,0.13259475,0.33582664,0.586941,-1.3458548,1.9240302,0.67373127,-0.82635784,0.3128988,-0.6798424,1.818792,0.28043386,0.01758309,-0.52330995,-0.27901974,-0.028097613,-0.03495988,0.0057385233,0.055152394,-0.051686324,0.053142056,0.025607694,-0.01155448,0.08745044,-0.019285493,-0.03047234,0.007402231,0.05210711,-0.12476342,0.019904941
-1.236441,1.3756225,2.183882,0.18172775,0.15719712,0.28127098,-1.279846,1.9276822,0.66207284,-0.86758524,0.29554632,-0.65403837,1.8276896,0.27507836,-0.011164274,-0.4492532,-0.24380603,-0.056174822,-0.03032576,-0.0242045,0.05911511,-0.056710318,0.04703499,-0.061958462,-0.06101644,0.09204109,-0.016332312,-0.028481217,0.0062781526,0.051477585,-0.12683494,0.020442458
-1.2603364,1.4049611,2.1971872,0.205716,0.0701911,0.13450581,-1.247762,1.9296592,0.6587442,-0.8878671,0.27951965,-0.6418075,1.8284477,0.27967718,-0.031523358,-0.3890318,-0.21868686,-0.07139447,-0.029087089,-0.016534932,0.057908047,-0.056464165,0.046489876,-0.046729505,-0.08131949,0.09290375,-0.015382399,-0.027885104,0.006617723,0.052314553,-0.11615115,0.013418253
-1.2860813,1.4370494,2.2115731,0.2318103,-0.023421122,-0.022042764,-1.2132745,1.9318972,0.6565486,-0.90988463,0.25790134,-0.6287235,1.8270581,0.2890367,-0.056920767,-0.30882323,-0.18722373,-0.08889358,-0.02483184,-0.0022328775,0.055947337,-0.05528293,0.047126103,-0.015738808,-0.083510645,0.09231201,-0.015272798,-0.027800312,0.0076916763,0.05298146,-0.1064394,0.008329037
-1.3394562,1.5013021,2.241347,0.28531542,-0.2115122,-0.3407304,-1.1426221,1.9366091,0.6512546,-0.9534011,0.21913102,-0.60060865,1.8285004,0.30454856,-0.10920979,-0.1640359,-0.1290551,-0.12524725,-0.017783862,-0.06389152,0.063959435,-0.06436532,0.03664841,-0.17675376,-0.16909876,0.100351945,-0.010401477,-0.024356239,0.0048107444,0.051701713,-0.1156174,0.010808966
-1.3735143,1.5421414,2.2593925,0.31855038,-0.33148426,-0.54187983,-1.0987974,1.9393568,0.6469657,-0.9818019,0.1957274,-0.5842042,1.8281889,0.3119209,-0.13768528,-0.07526902,-0.092620105,-0.14609143,-0.016068742,-0.036987364,0.06025573,-0.061406445,0.039297618,-0.11374421,-0.14837922,0.09776515,-0.011408165,-0.024747733,0.0065298434,0.052262664,-0.10718756,0.004759388
-1.456321,1.643167,2.3058,0.402007,-0.6275747,-1.0417731,-0.98827976,1.946617,0.63864523,-1.0505646,0.13368626,-0.5408964,1.8289372,0.33665118,-0.21813662,0.15622035,0.00017193591,-0.20231664,-0.0051513775,-0.08805122,0.06674346,-0.06991044,0.02867166,-0.25342828,-0.24571264,0.10597418,-0.005943669,-0.020895466,0.0044444157,0.051690582,-0.106081694,0.0012485114
-1.5055816,1.7013819,2.3299704,0.44850338,-0.794032,-1.3152806,-0.9288533,1.9505258,0.63529944,-1.091408,0.09152659,-0.51981753,1.8215679,0.35548338,-0.26222235,0.31556302,0.061527874,-0.23185855,0.0014142696,0.023440327,0.052190077,-0.05520249,0.04489873,0.019847391,-0.06967973,0.089791134,-0.014634155,-0.025690818,0.012048943,0.052136965,-0.09672408,-0.002492636
-1.5645245,1.7745311,2.3649762,0.50979155,-1.0103273,-1.6843249,-0.8465973,1.9559542,0.6288821,-1.1404631,0.048984393,-0.48635593,1.8258774,0.37207988,-0.3226349,0.4727051,0.12540857,-0.27442083,0.010091653,-0.09037091,0.06688104,-0.07211214,0.024905365,-0.2746099,-0.26900646,0.10727347,-0.004117427,-0.019060547,0.005784314,0.051384777,-0.09956274,-0.00424029
-1.6031499,1.8194726,2.3837671,0.54590374,-1.139485,-1.897601,-0.8003495,1.9589671,0.62551653,-1.1720265,0.018910052,-0.46978274,1.8216308,0.38418725,-0.35534117,0.5872738,0.17038748,-0.296926,0.013497807,-0.017023562,0.057282597,-0.06233832,0.035808705,-0.09459571,-0.14488196,0.096111074,-0.0101635605,-0.022253692,0.010829611,0.05135076,-0.0968137,-0.0058244923
-1.6949322,1.932157,2.4356015,0.6389432,-1.4691936,-2.4538064,-0.6771536,1.9671137,0.6170352,-1.2485566,-0.05250398,-0.4214419,1.8215331,0.41419384,-0.4470299,0.8528927,0.2759235,-0.36030966,0.027507605,-0.076091655,0.064847246,-0.07216846,0.023555946,-0.25631154,-0.25719795,0.105583705,-0.0038697405,-0.017900083,0.008511948,0.050735947,-0.09491556,-0.0092391735
-1.7121649,1.9507254,2.4419081,0.6531132,-1.51943,-2.5323546,-0.6605947,1.9682735,0.61694705,-1.2621577,-0.06959491,-0.41669026,1.8149685,0.42311433,-0.4607719,0.9187303,0.29996184,-0.36848426,0.029973073,0.023587346,0.051978346,-0.058190785,0.039761025,-0.0071978467,-0.07224973,0.08946807,-0.013033331,-0.023059467,0.01520751,0.05051244,-0.09561824,-0.0070308726
-1.7325833,1.9752761,2.4529197,0.67327166,-1.5908475,-2.6522105,-0.63418925,1.9700195,0.615103,-1.2789805,-0.085348785,-0.40654075,1.8143674,0.42965195,-0.48023048,0.9777402,0.32332796,-0.38190094,0.03269885,0.023621181,0.051952507,-0.058481097,0.039257746,-0.009787676,-0.072541825,0.08943864,-0.012874206,-0.02279758,0.015512376,0.050354406,-0.09550966,-0.0075191064
-1.3629442,0.21023422,-0.4279529,0.71976286,0.13784143,0.23403032,-1.34139,-0.7610094,-0.5883632,0.80463994,0.48400545,-0.78020936,-0.33935678,2.2712388,0.2009258,-0.091419995,-0.7812796,2.2145603,-0.23327878,-0.037429713,0.00538457,0.023084968,0.04423078,0.029075217,0.12427326,-0.015757145,-0.002416418,0.008901023,-0.034430962,0.00033368616,0.05791037,0.03397172
-1.3726364,0.22037144,-0.42219654,0.72861713,0.092797406,0.14731944,-1.3252742,-0.7615575,-0.6041824,0.795891,0.5190937,-0.7737673,-0.31897762,2.2302842,0.23163816,-0.2064076,-0.8139443,2.2185168,-0.23935525,-0.054508306,0.007391377,0.01909753,0.038093086,-0.02813514,0.0145550575,-0.0077117663,0.0027413766,0.011264347,-0.036505572,0.0025484085,0.08224494,0.020628272
-1.3865733,0.23067161,-0.41785955,0.7376306,0.052045763,0.07095467,-1.3117185,-0.7620047,-0.61874044,0.7866874,0.55094266,-0.76883185,-0.30244943,2.1926913,0.260498,-0.3057335,-0.8423014,2.2229066,-0.24415909,-0.049423974,0.0070151095,0.020000651,0.03974835,-0.025297424,0.057250552,-0.01012684,0.0010248222,0.010318709,-0.035862215,0.0012899676,0.06975222,0.028037911
-1.401572,0.24417391,-0.41123942,0.7492394,-0.0042506,-0.03533344,-1.2923291,-0.7626312,-0.6381137,0.77486986,0.5930076,-0.76153266,-0.27924213,2.142917,0.29830953,-0.4401985,-0.8803494,2.2280924,-0.25125107,-0.048389696,0.0068863216,0.019121015,0.03797457,-0.03836255,0.020958625,-0.0073433705,0.0028295629,0.010950992,-0.0363284,0.002185559,0.08036498,0.022651512
-1.4272721,0.26785246,-0.40062347,0.76954114,-0.08593025,-0.18250726,-1.2635049,-0.7622645,-0.6558455,0.756353,0.6226538,-0.750462,-0.25962418,2.102502,0.32165664,-0.5285126,-0.9025506,2.2262335,-0.25501373,-0.061474897,0.008927694,0.017397989,0.03668727,-0.0841529,0.040762417,-0.0074478597,0.0024389827,0.010877433,-0.03656328,0.000499077,0.064382344,0.031719163
-1.4474603,0.29254818,-0.389289,0.78994,-0.15814571,-0.3043297,-1.2365373,-0.76048416,-0.65771806,0.7395659,0.60701394,-0.73989004,-0.25964853,2.1090295,0.3016482,-0.4704193,-0.879468,2.2123883,-0.25194657,-0.07319691,0.010415443,0.015364805,0.034081824,-0.1166741,0.015107704,-0.0053635724,0.0038485297,0.01182784,-0.037028056,0.0004665708,0.06589312,0.03041206
-1.4619292,0.31066817,-0.38104475,0.8047095,-0.21198098,-0.39508235,-1.2166828,-0.75927377,-0.65970796,0.7270454,0.59681475,-0.73234206,-0.25927383,2.1121113,0.2890333,-0.4324925,-0.86375445,2.2029579,-0.25088367,-0.06546885,0.0092491405,0.01574875,0.033799555,-0.10038597,-0.0034935286,-0.0045952336,0.0046619754,0.012243752,-0.036725286,0.0013462242,0.0764562,0.024178674
-1.4885067,0.34365174,-0.3661224,0.83158636,-0.3093669,-0.55882823,-1.1807919,-0.75702524,-0.6629566,0.7043042,0.5773949,-0.7186976,-0.25921768,2.1187868,0.26507163,-0.3597315,-0.83407354,2.185543,-0.24855347,-0.054662094,0.007661672,0.016412677,0.033754446,-0.07776964,-0.016028639,-0.0043720026,0.005259521,0.012653902,-0.036062755,0.0021026018,0.086716525,0.017715205
-1.5435369,0.40987185,-0.3356175,0.8866471,-0.50229293,-0.88489664,-1.1084179,-0.7521432,-0.66771954,0.65948516,0.53541696,-0.68998086,-0.2589595,2.1368341,0.20985088,-0.2033576,-0.77213484,2.1478007,-0.23997502,-0.111295894,0.015077243,0.008044636,0.024162557,-0.22662601,-0.088826664,0.0026298491,0.009531465,0.015747545,-0.03845691,0.00071451813,0.07683672,0.021276819
-1.5493858,0.41702572,-0.33280846,0.89218235,-0.5227544,-0.9179933,-1.1013379,-0.75171345,-0.66813034,0.6543443,0.5298763,-0.6876886,-0.26033226,2.1392305,0.2050418,-0.18267515,-0.76423925,2.1445029,-0.23915914,-0.08215721,0.011219692,0.011725778,0.027964486,-0.15509708,-0.058897357,-0.0005873447,0.007910159,0.014709487,-0.0367409,0.001387934,0.08465774,0.017588072
-1.5558417,0.4247956,-0.32878715,0.89895993,-0.5461987,-0.95907605,-1.0920817,-0.7510881,-0.6691426,0.6492768,0.52674735,-0.68361795,-0.25866836,2.1399148,0.19850324,-0.17083444,-0.75887656,2.139686,-0.23880132,-0.11669731,0.015736774,0.007066629,0.02287295,-0.2418248,-0.10162883,0.0036488187,0.010241261,0.01625894,-0.038686097,0.00069643534,0.07761662,0.020257821
-1.5897005,0.46580002,-0.3111706,0.93183964,-0.6660252,-1.1581028,-1.0489289,-0.748409,-0.6730153,0.62050587,0.50131536,-0.66803014,-0.26093048,2.148778,0.17033869,-0.07447501,-0.7200927,2.119325,-0.23660192,-0.053198658,0.007243348,0.014891288,0.030811308,-0.08772101,-0.033966232,-0.0035459658,0.006740383,0.0142847365,-0.03478746,0.0018775382,0.092908934,0.011519139
-1.6434101,0.5313081,-0.28043947,0.9865197,-0.8582086,-1.4844166,-0.9763542,-0.7435608,-0.6782266,0.57636374,0.46146572,-0.63887465,-0.25894263,2.1651778,0.11594829,0.0734676,-0.66078305,2.0816143,-0.22849715,-0.13185062,0.017458275,0.003272789,0.017275874,-0.29225355,-0.15575472,0.007515724,0.013406976,0.018714257,-0.03872768,0.0007633983,0.08577697,0.013013299
-1.6845726,0.5800401,-0.2601725,1.025378,-0.9985212,-1.7154077,-0.92635953,-0.74035585,-0.6818194,0.5420263,0.42822275,-0.62122744,-0.264181,2.1786447,0.08106449,0.1997523,-0.6113313,2.057507,-0.22464874,-0.033660278,0.0045534037,0.016135197,0.03128613,-0.05120344,-0.010968972,-0.006085704,0.006174532,0.014701495,-0.03229762,0.0014702507,0.096814044,0.0074660666
-1.7595496,0.67216694,-0.2168474,1.1021602,-1.269718,-2.1761112,-0.8239988,-0.7335943,-0.68962306,0.4798737,0.37327415,-0.5801859,-0.26079848,2.2004097,0.0058678077,0.40368974,-0.52901113,2.004812,-0.21404119,-0.13882266,0.01811586,0.00027567166,0.0124401925,-0.32575125,-0.19195221,0.0098250285,0.015898716,0.021029633,-0.03775698,0.0005034905,0.09305573,0.005957822
-1.8077583,0.7278919,-0.19452156,1.1462804,-1.4279157,-2.4340386,-0.7683812,-0.72993463,-0.6927902,0.44035164,0.33228886,-0.56114614,-0.26965994,2.2185426,-0.034895267,0.56004727,-0.468998,1.9776555,-0.20878471,0.005552364,-0.00067451707,0.01988476,0.034590084,0.03151692,0.054907046,-0.012258972,0.0037025984,0.014291716,-0.028037094,0.0006138421,0.09846848,0.0044891676
-1.8673983,0.80260044,-0.15844268,1.2089709,-1.6495306,-2.8129048,-0.6838226,-0.72437644,-0.6995092,0.39038417,0.2894426,-0.52655,-0.26443416,2.2350388,-0.09672705,0.71787834,-0.4045405,1.933882,-0.19986318,-0.123165,0.015922025,0.0007501198,0.011894087,-0.3009396,-0.17707956,0.007934067,0.01583227,0.021828635,-0.03529116,2.1868169e-05,0.0974513,0.0014916684
-1.8940308,0.8328143,-0.14669006,1.2328058,-1.7340147,-2.9494934,-0.6543784,-0.7223708,-0.7005354,0.36890867,0.26518983,-0.51667494,-0.27072832,2.2468746,-0.11995475,0.810181,-0.3698987,1.9190805,-0.19593681,-0.033414852,0.0043180664,0.01311923,0.026084846,-0.07832213,-0.013793888,-0.006402253,0.007804121,0.017378584,-0.029112335,-0.00016848001,0.097974546,0.0027302587
-1.9185457,0.86077005,-0.13607909,1.2546344,-1.8113986,-3.07338,-0.6276836,-0.72051525,-0.70088434,0.3489901,0.24084535,-0.5079793,-0.27799967,2.259671,-0.14227892,0.9027065,-0.33577567,1.9053464,-0.19138515,0.06401277,-0.0082345195,0.026649779,0.041718535,0.16380104,0.16763858,-0.022222001,-0.0011177724,0.012395471,-0.022355534,-0.00046087842,0.09746289,0.005139337
-1.7931522,3.1379137,1.3194041,0.54129744,-3.0390992,-1.2888142,1.1803516,-0.011090447,0.31686053,0.11781055,-0.5175961,0.9982896,-0.6024858,-0.08994764,-0.32534164,0.47188267,0.26623103,-0.2385201,-0.010852881,-0.46219784,0.056570195,-0.04969019,-0.05358468,-0.89841044,-0.7179009,0.070731536,0.057945028,0.020899028,-0.024356294,0.018454319,0.016623393,-0.004450125
-1.8124074,3.1592636,1.327062,0.55780053,-3.0971003,-1.3803619,1.1999495,-0.009692125,0.3170422,0.10244524,-0.5377151,1.0043291,-0.60947496,-0.07886265,-0.34263456,0.5483721,0.2939593,-0.2487273,-0.006868343,-0.3683381,0.044486567,-0.036608417,-0.038447976,-0.66468346,-0.54391974,0.05555125,0.049354177,0.01604895,-0.017909406,0.018240953,0.016494911,-0.0021184694
-1.8232273,3.170604,1.3301134,0.5659353,-3.12591,-1.4224225,1.2085861,-0.009022267,0.3180319,0.093871795,-0.55170715,1.006004,-0.61667746,-0.0702252,-0.35180905,0.60223985,0.3126472,-0.25330102,-0.004109479,-0.26629034,0.03136075,-0.022194125,-0.021640461,-0.4090453,-0.35200098,0.038898468,0.0398203,0.010607131,-0.011037424,0.017999979,0.01533392,0.0010432164
-1.8397585,3.1923404,1.3422102,0.58508927,-3.19475,-1.5455369,1.2362456,-0.0073746606,0.31356186,0.079763964,-0.5560344,1.0184433,-0.60842174,-0.073003836,-0.3670064,0.61743045,0.3225247,-0.26647195,-0.004987656,-0.3798001,0.045857064,-0.038698185,-0.04122986,-0.69687504,-0.57218486,0.05778434,0.050912246,0.017191175,-0.018449355,0.018216034,0.018221177,-0.0047196206
-1.8694242,3.229704,1.360489,0.61656433,-3.3064473,-1.7373897,1.2790395,-0.00461381,0.30965617,0.054795057,-0.57587266,1.0360866,-0.6046054,-0.066371955,-0.39699706,0.69025403,0.35300604,-0.2882623,-0.001299258,-0.45250672,0.055162814,-0.049633153,-0.054403957,-0.8844685,-0.7159937,0.06999749,0.0582857,0.021658527,-0.02280614,0.018302195,0.021606674,-0.008830903
-1.9047345,3.2698443,1.3763664,0.6483995,-3.4192646,-1.9207009,1.3186299,-0.0019289396,0.30797222,0.026361424,-0.6069399,1.049611,-0.6119552,-0.05163374,-0.42770517,0.80861884,0.39778933,-0.30809757,0.0034716649,-0.3481112,0.041668992,-0.035216022,-0.037802327,-0.62571096,-0.5211068,0.05300756,0.048760474,0.01645241,-0.015530803,0.017887577,0.020428991,-0.0067012715
-1.9400814,3.3102882,1.3921758,0.68030053,-3.532041,-2.1028166,1.3580426,0.0007997391,0.30706143,-0.0022575008,-0.64057404,1.0629089,-0.6208505,-0.034399502,-0.46010208,0.93632185,0.4453136,-0.3283842,0.009694895,-0.2334052,0.026908057,-0.019280454,-0.019328302,-0.34120312,-0.30157596,0.034001194,0.03804472,0.010553746,-0.007417601,0.017307017,0.01785546,-0.002939134
-1.9550954,3.332817,1.4064494,0.7010021,-3.6058664,-2.2388604,1.3894359,0.00268619,0.30225223,-0.01597472,-0.6433494,1.0782527,-0.6082828,-0.037827224,-0.47879016,0.9428645,0.45254356,-0.34439096,0.010651356,-0.43397993,0.052657858,-0.048406526,-0.053847857,-0.84964436,-0.693162,0.067527354,0.057681385,0.021945393,-0.020407222,0.017937971,0.025435228,-0.012066111
-1.9812063,3.361177,1.4165592,0.7229435,-3.6835184,-2.3618753,1.4155506,0.0044999537,0.30167887,-0.036550894,-0.6677767,1.0862316,-0.61666083,-0.025558246,-0.49982148,1.0370578,0.48738167,-0.3572862,0.013948843,-0.3081847,0.036433093,-0.030682715,-0.033175845,-0.5352821,-0.45148087,0.046670023,0.04578487,0.015342586,-0.011836309,0.017359216,0.021648994,-0.008003732
-2.0181544,3.4029915,1.432619,0.75579345,-3.799727,-2.5488346,1.4558555,0.0072932635,0.30072474,-0.06629079,-0.7026847,1.0995841,-0.6264595,-0.007781721,-0.53277034,1.1701872,0.5369021,-0.3778529,0.01994325,-0.17682683,0.019529292,-0.012298844,-0.011757042,-0.20857619,-0.19599757,0.024663985,0.033306435,0.008482044,-0.002607108,0.016588613,0.0170952,-0.003076203
-2.0713527,3.465438,1.459226,0.8062705,-3.9792378,-2.8462312,1.5207452,0.0115961945,0.29651543,-0.10976751,-0.7451794,1.123348,-0.63179475,0.010366488,-0.5805621,1.3313272,0.59980464,-0.41027948,0.026092462,-0.106320806,0.010370395,-0.0028889186,-0.001078469,-0.037098236,-0.060416825,0.012883786,0.026906095,0.005290476,0.0027130193,0.01592621,0.014568127,-0.0018291373
-2.1357539,3.549292,1.5020629,0.8777243,-4.233414,-3.287476,1.6198221,0.01791489,0.286757,-0.1650223,-0.7857899,1.1654646,-0.61816996,0.022317542,-0.64887154,1.478043,0.6631837,-0.46097833,0.034501895,-0.35113603,0.04174157,-0.03930062,-0.044780005,-0.66461176,-0.5490797,0.054354828,0.05167887,0.019956449,-0.012474991,0.01665298,0.02773137,-0.015551953
-2.149538,3.5618882,1.5042056,0.8863264,-4.26234,-3.32569,1.6272099,0.018627487,0.28899074,-0.1749706,-0.80507207,1.165674,-0.6300286,0.035186004,-0.659701,1.5529925,0.68832725,-0.4652558,0.038425427,-0.1890775,0.020982642,-0.01602631,-0.017226258,-0.25718063,-0.22407861,0.026666775,0.035631396,0.010877703,-0.0014062113,0.015682383,0.01920633,-0.0068225614
-2.189483,3.6058123,1.5204431,0.9205469,-4.384244,-3.5207336,1.668737,0.021454299,0.2872433,-0.20667896,-0.8400828,1.1788327,-0.6407773,0.051634703,-0.6913736,1.6886529,0.7394014,-0.48541033,0.04216652,-0.021165986,-0.00068457157,0.0077455826,0.01063312,0.16269583,0.10786003,-0.0017567714,0.01937529,0.0019907146,0.010107838,0.01455627,0.010513184,-0.0002307118
-2.2229652,3.6532226,1.547419,0.962239,-4.5338335,-3.787881,1.7295263,0.025180452,0.27954432,-0.23684192,-0.85519797,1.2065195,-0.6244844,0.051903076,-0.7299784,1.7397413,0.76581466,-0.516322,0.045641292,-0.2844249,0.033043046,-0.030954467,-0.035637163,-0.5073812,-0.42201504,0.043196887,0.0459443,0.01741918,-0.006867089,0.015757697,0.025843987,-0.0152582005
-2.2721958,3.703516,1.5621997,0.9995961,-4.6638794,-3.9834807,1.7701256,0.028299995,0.28204834,-0.27437398,-0.91021776,1.2161851,-0.65052986,0.084148385,-0.7698269,1.9530032,0.8411091,-0.53741854,0.054957815,0.0779891,-0.013438555,0.020960325,0.02577067,0.40226212,0.30955952,-0.019047704,0.009969851,-0.0026860423,0.018065363,0.013254825,0.004425343,0.0041870936
-0.9361706,-0.38467574,-0.6582911,0.8608961,0.3449298,1.5818539,-1.8031827,-1.7253462,1.1737711,-1.2036568,-0.5859436,0.75748384,0.5536418,-0.084630795,0.8276169,0.3842572,2.908079,0.88632214,0.099761926,0.03925071,-0.047329094,0.039477497,0.094024785,0.24594843,0.15633579,-0.07684983,0.0027130977,-0.08113073,0.038365033,-0.02729902,-0.12267929,-0.027609764
-0.9762376,-0.34896845,-0.63925076,0.89270484,0.18937615,1.2820798,-1.7482942,-1.7272835,1.1168103,-1.2349306,-0.45757988,0.7794091,0.625721,-0.2331421,0.9395139,-0.030713977,2.789219,0.90184915,0.079223655,-0.03494868,-0.037692785,0.026001422,0.07622773,0.013327796,-0.08797997,-0.05656055,0.014935615,-0.07529126,0.03206996,-0.024728084,-0.09246631,-0.04402929
-0.95799816,-0.36552513,-0.64803034,0.87807095,0.2609189,1.4194117,-1.7735127,-1.7264397,1.1424702,-1.2204996,-0.5149212,0.76940924,0.5934264,-0.16649592,0.8895186,0.15448117,2.8420277,0.89507186,0.088848494,-0.005053747,-0.04154815,0.03159418,0.08373783,0.108967826,0.018001651,-0.06527674,0.00965244,-0.07779995,0.03473523,-0.025952473,-0.106699295,-0.036075052
-1.0063686,-0.32656744,-0.6301496,0.9119975,0.100889124,1.1172796,-1.7193044,-1.7283548,1.0850674,-1.2551572,-0.38857543,0.78960174,0.66082036,-0.31496102,1.0037384,-0.24506518,2.7278628,0.9120093,0.07000918,0.00021735506,-0.04161199,0.03112813,0.08327568,0.07833161,0.036326997,-0.06485609,0.009549429,-0.07844783,0.035000388,-0.027065765,-0.11488897,-0.029073766
-1.0255287,-0.3093912,-0.6214267,0.92703784,0.029064272,0.9807383,-1.6941704,-1.7290764,1.0604621,-1.2700155,-0.33482066,0.79937166,0.6911559,-0.3783088,1.0507082,-0.4179285,2.6790662,0.91810447,0.059986822,-0.017822143,-0.039323118,0.027321558,0.07790356,0.014079525,-0.044437364,-0.058293678,0.013577047,-0.0765836,0.03307567,-0.025955703,-0.102087416,-0.036666274
-1.0447093,-0.2927541,-0.61318314,0.9415342,-0.041940663,0.8454799,-1.669729,-1.730016,1.0345597,-1.2847983,-0.27718282,0.80869734,0.7225547,-0.44556263,1.1026461,-0.60243475,2.626157,0.92573315,0.05173303,-0.02412196,-0.038396724,0.025174491,0.07460958,-0.023433028,-0.096574955,-0.053969342,0.016251221,-0.07559756,0.03217618,-0.025058202,-0.09080759,-0.041512534
-1.0900996,-0.25720417,-0.59723777,0.97255296,-0.1867783,0.5724133,-1.6209284,-1.7317412,0.98236656,-1.3165101,-0.16219826,0.8267783,0.7833172,-0.58062214,1.2066674,-0.96458125,2.5225754,0.941363,0.034810238,-0.017410982,-0.038543154,0.025599426,0.07587355,-0.04522387,-0.039269608,-0.05618067,0.014380307,-0.07699834,0.03296102,-0.027225833,-0.1105343,-0.028375378
-1.1156394,-0.22632225,-0.58306634,0.9979557,-0.28020182,0.413262,-1.5864868,-1.7298138,0.976915,-1.3380566,-0.1735423,0.840023,0.78689843,-0.581454,1.1901822,-0.9194615,2.5433264,0.92648107,0.03583312,-0.016791612,-0.038809042,0.024740499,0.07399654,-0.049788676,-0.074712135,-0.053986095,0.016108133,-0.07600876,0.03285774,-0.026343502,-0.099113464,-0.0355724
-1.1424867,-0.19278745,-0.56786937,1.0252978,-0.3787717,0.2477381,-1.550071,-1.7274932,0.97409534,-1.3610755,-0.19458897,0.8539271,0.786427,-0.5732306,1.164599,-0.8411502,2.5746698,0.90836626,0.03931423,-0.008247667,-0.04006884,0.025056966,0.07355405,-0.033290803,-0.090803824,-0.05344612,0.016896954,-0.075514026,0.033472043,-0.02559358,-0.08863577,-0.041666728
-1.2074336,-0.11507928,-0.5326746,1.0893537,-0.60651565,-0.13626508,-1.4656383,-1.7220035,0.9668158,-1.4143722,-0.24010545,0.8866181,0.78713095,-0.5568862,1.1056137,-0.669501,2.6443996,0.86644304,0.04506986,-0.026799252,-0.037805066,0.02166657,0.06920797,-0.08717096,-0.1193581,-0.050943967,0.018819809,-0.07373539,0.03308415,-0.02633352,-0.0915744,-0.043265358
1.3440493,-1.0111096,-0.6278034,2.4567938,0.15088226,1.5628018,0.44640455,1.213865,-1.104459,0.21120194,-0.5093471,0.055462983,-0.13562569,0.24079335,-0.7831963,0.49698758,0.4843301,0.09943493,0.13273853,1.4225289,-0.15914682,-0.0021441379,-0.056726187,-0.43109632,0.04081008,0.070241585,-0.012884607,0.057206385,0.038485285,-0.022934517,0.18065505,0.46743086
1.3154303,-0.99018437,-0.6171706,2.4759884,0.05404133,1.3701179,0.47892395,1.2131164,-1.1415254,0.18786459,-0.43391815,0.064554036,-0.0878781,0.1481656,-0.7135036,0.24065402,0.41275662,0.109440334,0.11973281,1.1637561,-0.14309381,-0.009861877,-0.058700997,-0.4601678,-0.06558403,0.07283361,-0.013106199,0.051264312,0.043586697,-0.021638975,0.19305868,0.4667155
1.309187,-0.9997249,-0.61929387,2.4647098,0.025515204,1.2697681,0.47688437,1.21408,-1.1772583,0.16428837,-0.39812472,0.039703522,-0.037229322,0.07381388,-0.6413673,0.009185358,0.35158092,0.13102579,0.12137308,-0.050949756,-0.09881651,-0.00036484905,-0.022124097,0.042771555,0.03137914,0.05100473,-0.010101366,0.052468084,0.0045806686,-0.017127495,-0.037976284,-0.007033275
1.2944434,-0.98710394,-0.6127997,2.4759123,-0.029956723,1.1628579,0.49614224,1.2132486,-1.1984664,0.15297073,-0.34996074,0.047243774,-0.010891738,0.018250316,-0.59816396,-0.14601967,0.30665037,0.13757962,0.1151945,-0.06571743,-0.09682127,-0.0036477272,-0.026756654,-0.012986462,-0.037874635,0.056643944,-0.0066383695,0.053919,0.003176077,-0.016095748,-0.025467373,-0.012490726
1.2856303,-0.97859335,-0.6082517,2.4833128,-0.0667987,1.092444,0.5091186,1.2128162,-1.2113819,0.14557648,-0.32144082,0.05232328,0.005277047,-0.015126298,-0.5730257,-0.23837443,0.2804294,0.14091992,0.11032977,-0.07550828,-0.095621705,-0.0059539997,-0.030228373,-0.048465848,-0.09664333,0.06111926,-0.0038110497,0.05518848,0.002010322,-0.015013764,-0.013303713,-0.019099727
1.2727822,-0.9694197,-0.6048109,2.4911683,-0.101672955,1.028252,0.52034307,1.212446,-1.223512,0.13730514,-0.29558405,0.056125842,0.018109627,-0.046170577,-0.5487298,-0.31755742,0.25791898,0.144775,0.10665063,-0.05486061,-0.09799077,-0.0027005076,-0.02571158,-0.0047316016,-0.018895283,0.05574451,-0.007267018,0.053291358,0.0037657719,-0.016446292,-0.027639907,-0.010285118
1.2632041,-0.9604167,-0.60019857,2.498927,-0.14009593,0.95526206,0.5337044,1.2119871,-1.2369345,0.12942763,-0.2661642,0.061236236,0.034522407,-0.0807753,-0.52237785,-0.41227165,0.23102619,0.14838487,0.10184214,-0.0578482,-0.09764266,-0.004020745,-0.027984489,-0.023614623,-0.06245342,0.058983214,-0.0051737134,0.054136675,0.0030874023,-0.015458354,-0.016351445,-0.01611541
1.2494539,-0.95005995,-0.59587026,2.5078888,-0.1813937,0.8780341,0.5473459,1.2114828,-1.2517997,0.120099105,-0.23372121,0.06610937,0.051229905,-0.11915005,-0.4923781,-0.5135832,0.20200942,0.15307961,0.09743513,-0.045050126,-0.099041,-0.0022634082,-0.025585888,-0.0026058294,-0.01910369,0.05618504,-0.0070070215,0.05300897,0.0041265097,-0.016296962,-0.02416488,-0.010695114
1.2442666,-0.9467384,-0.594741,2.510764,-0.1938734,0.85507596,0.55125403,1.2113335,-1.2564551,0.11704129,-0.22348784,0.067407206,0.05602775,-0.13119553,-0.4828111,-0.5443114,0.19314656,0.15472706,0.09623968,-0.038942263,-0.09962156,-0.00095330307,-0.02339046,0.010225256,0.028152324,0.053135626,-0.009062681,0.051974062,0.0049267975,-0.017489653,-0.036482286,-0.0035203253
1.2286911,-0.9326873,-0.58805525,2.5227695,-0.25034207,0.74953675,0.5706885,1.2108673,-1.274556,0.10494497,-0.1854736,0.07462568,0.07733268,-0.17709088,-0.44891196,-0.6654124,0.1595167,0.15892237,0.08837632,-0.032299273,-0.10054791,-0.00096201507,-0.024154112,0.013286352,0.00234835,0.05495224,-0.0078063365,0.052379612,0.0047231526,-0.016607154,-0.026382433,-0.009483177
1.1906289,-0.8945124,-0.5709331,2.5547705,-0.37908584,0.52102757,0.6162132,1.2117625,-1.2983611,0.07566186,-0.15183713,0.091767944,0.10227874,-0.22793876,-0.423041,-0.76227945,0.13791685,0.15293632,0.084161505,-0.024897015,-0.10121349,-0.0004690033,-0.023457915,0.0126073025,0.032047026,0.05342734,-0.008751222,0.05182582,0.0056409934,-0.01759252,-0.033628657,-0.004576917
1.1373482,-0.8302929,-0.5421333,2.6073217,-0.56793624,0.20336075,0.6857193,1.2161633,-1.3049109,0.031291623,-0.18869235,0.118216865,0.102583155,-0.21583602,-0.46932667,-0.62309945,0.19495504,0.11932975,0.08770536,-0.009071954,-0.10354775,0.0005854994,-0.02326676,0.0452672,0.027723717,0.05286563,-0.008393937,0.052375324,0.0068308217,-0.017050551,-0.023898851,-0.012340428
1.0566425,-0.7326503,-0.49820313,2.6875257,-0.85128474,-0.2718312,0.7907138,1.2231956,-1.3113167,-0.03536423,-0.25373328,0.15874775,0.09927454,-0.18706268,-0.5492924,-0.38019818,0.2901362,0.0650398,0.10059646,-0.019032113,-0.10222802,-0.0018191227,-0.026438983,0.009480482,0.02315491,0.053412896,-0.007482161,0.053618256,0.0077117467,-0.01812425,-0.02777355,-0.011167542
1.0164891,-0.6846526,-0.47736317,2.7264678,-0.98996717,-0.50253695,0.84122974,1.2265137,-1.3146012,-0.06860668,-0.2861946,0.17752664,0.09604708,-0.17321509,-0.5864189,-0.2583347,0.33780423,0.039673954,0.10598356,0.022693226,-0.10772933,0.003231418,-0.021230938,0.10847355,0.08006385,0.04786379,-0.010188236,0.05226477,0.010790534,-0.017858304,-0.021283183,-0.014603045
0.9724377,-0.6308228,-0.45288396,2.770747,-1.1467062,-0.76595175,0.8995345,1.2304091,-1.3182406,-0.1052388,-0.3215808,0.20020044,0.094824694,-0.15764393,-0.6307251,-0.12625583,0.38975474,0.009468661,0.11306935,0.0058661583,-0.10552468,0.00035919898,-0.024710273,0.060422983,0.06066987,0.04973444,-0.008810552,0.05347874,0.010588847,-0.01856843,-0.024713943,-0.01351293
0.937782,-0.5901358,-0.43567306,2.8035083,-1.2640815,-0.960291,0.9417458,1.2331433,-1.3214142,-0.13373838,-0.3483781,0.21546581,0.091532215,-0.14704199,-0.6603422,-0.024448648,0.42990515,-0.011068089,0.11616438,0.06490759,-0.113285065,0.008067691,-0.016276821,0.20457086,0.15372303,0.041166898,-0.013353359,0.05108738,0.014622653,-0.01841507,-0.020266159,-0.016125105
0.81442845,0.32459578,-1.0856133,-0.40860564,0.9517597,-0.13395399,-1.8377945,0.7031899,0.7037749,2.0653713,-0.43955612,-0.2803595,-0.58044124,-2.3451657,-0.25899592,1.1108527,-0.20538253,1.1535888,-0.05911989,-0.020709287,0.034970343,0.04112123,0.02523133,0.049180396,0.016057622,0.003558737,-0.097959146,0.0029213342,-0.026562918,-0.017883506,-0.09339152,0.032332458
0.8024055,0.33531693,-1.0798609,-0.3990414,0.90434116,-0.2256421,-1.8210962,0.7025275,0.68595886,2.0558846,-0.3991271,-0.27369374,-0.55786455,-2.3917894,-0.22333698,0.9798415,-0.24314103,1.158743,-0.06493457,-0.04104481,0.0376023,0.037122015,0.019720282,-0.017332587,-0.065757416,0.010113901,-0.09393308,0.0047627552,-0.02840827,-0.01673705,-0.08010842,0.025644012
0.792508,0.3422486,-1.0774181,-0.3931922,0.87822396,-0.2733226,-1.8128732,0.702227,0.67677426,2.049563,-0.37958485,-0.27103347,-0.5485267,-2.415274,-0.2045686,0.92072934,-0.26000255,1.1618613,-0.06736399,-0.019652605,0.035126265,0.040560294,0.024480885,0.030355053,0.014611288,0.004453831,-0.09754958,0.0027967072,-0.0265563,-0.018162014,-0.094466075,0.034571763
0.77470434,0.35838684,-1.0693213,-0.3791602,0.81160206,-0.39934447,-1.7896031,0.7016206,0.65457916,2.0356781,-0.33173054,-0.26207387,-0.5214079,-2.4721036,-0.16275132,0.76709116,-0.30307242,1.1670926,-0.07688323,-0.031299084,0.036558434,0.037761245,0.02032373,-0.015639145,-0.05220536,0.009777083,-0.09423906,0.0043073297,-0.02806192,-0.01709628,-0.08233557,0.027131932
0.760469,0.37069803,-1.0631977,-0.3684377,0.7581151,-0.50157696,-1.7712665,0.70081574,0.634413,2.024599,-0.28639257,-0.2550954,-0.49695736,-2.5247126,-0.121416904,0.62180406,-0.34505218,1.1734425,-0.08249554,-0.033586834,0.036962267,0.036346033,0.017963693,-0.039216045,-0.09330636,0.01306615,-0.09216174,0.0049911635,-0.028578434,-0.016219325,-0.07141631,0.022871023
0.7056339,0.41577107,-1.043135,-0.32965165,0.5801397,-0.8333521,-1.7110877,0.6992039,0.5753901,1.985272,-0.16105172,-0.23306105,-0.429367,-2.675037,-0.008236128,0.22829498,-0.45575157,1.1886553,-0.10334961,-0.0040065655,0.033702083,0.039423928,0.021704417,-0.0082965745,-0.024414273,0.009244272,-0.094732754,0.0030675808,-0.026811631,-0.017604953,-0.082617715,0.03058307
0.7317243,0.39282945,-1.0537891,-0.34929374,0.6711751,-0.66363245,-1.7422683,0.69996053,0.6045459,2.005012,-0.22215126,-0.24462748,-0.46328202,-2.6012716,-0.0631554,0.42147344,-0.40170997,1.1819189,-0.09320468,-0.015786728,0.035122633,0.038998134,0.021951888,-0.014762907,-0.009815233,0.008005514,-0.095606044,0.0030413268,-0.027047114,-0.018272655,-0.09158865,0.03463431
0.65138173,0.4811417,-1.0136387,-0.27583456,0.39020726,-1.1523933,-1.6406027,0.70391595,0.5708349,1.9406607,-0.20370743,-0.20574762,-0.4309548,-2.6566157,-0.061427426,0.3877241,-0.3929614,1.1523417,-0.09520064,-0.017780472,0.03549894,0.036859322,0.018517742,-0.049860127,-0.03786705,0.010587392,-0.09358291,0.0042413115,-0.026688656,-0.01840877,-0.08625672,0.031538907
0.6199783,0.5193224,-0.99662644,-0.24469607,0.2785575,-1.3395064,-1.5995796,0.7065447,0.56756115,1.914316,-0.22752838,-0.19022278,-0.43182975,-2.6475334,-0.0900661,0.47687945,-0.35727316,1.1320953,-0.09172957,-0.00029666614,0.03307483,0.038445573,0.019572388,-0.011054207,-0.03507329,0.009538867,-0.093699306,0.004277621,-0.025457142,-0.017777462,-0.07681908,0.025828298
0.5987379,0.54569864,-0.985094,-0.22342834,0.20244195,-1.4657124,-1.5718036,0.7083785,0.5662805,1.8961459,-0.2469914,-0.17991412,-0.43430045,-2.6382527,-0.111572124,0.5490807,-0.32960773,1.117755,-0.08743648,0.02617368,0.029588314,0.041494623,0.02252334,0.05124915,-0.009495384,0.0066682957,-0.09497796,0.0035344735,-0.02356199,-0.017235238,-0.06868298,0.022244785
0.58528364,0.5611527,-0.977886,-0.21035154,0.15732826,-1.5426759,-1.5547202,0.7095456,0.5648456,1.8857218,-0.2555494,-0.17295673,-0.43340668,-2.6351273,-0.12422182,0.5814158,-0.3163772,1.1089333,-0.08615093,-0.00050638086,0.03309782,0.03790539,0.01868301,-0.016421696,-0.034978293,0.009457903,-0.09344625,0.004691749,-0.02487187,-0.018068325,-0.076650634,0.025459712
0.5309514,0.6267829,-0.9480591,-0.15628754,-0.03478663,-1.8663732,-1.4833763,0.7142212,0.5592129,1.8408448,-0.29538912,-0.14526595,-0.4333495,-2.6197462,-0.17538911,0.731095,-0.25617623,1.0730199,-0.080091864,-0.019615313,0.035500366,0.034562737,0.014502808,-0.07090053,-0.062764935,0.01194938,-0.09161638,0.00629535,-0.025299435,-0.018760033,-0.07956645,0.024873314
0.48987508,0.67572314,-0.92679876,-0.1165801,-0.17668962,-2.102746,-1.4317374,0.7175735,0.55537146,1.8068657,-0.3271314,-0.12609977,-0.4360248,-2.6070876,-0.2120807,0.85078734,-0.20880917,1.0475188,-0.07569483,0.023499094,0.02978158,0.039814327,0.019922879,0.03183976,-0.0042040795,0.006239118,-0.09441125,0.004925054,-0.022213276,-0.018488022,-0.07319408,0.020969478
0.42661947,0.75269,-0.8918177,-0.053210214,-0.40098995,-2.47999,-1.3483196,0.7231212,0.5498575,1.7544277,-0.3768874,-0.09366095,-0.43732643,-2.5857806,-0.27466327,1.0365274,-0.13542706,1.0045822,-0.066140026,0.00022017096,0.032786638,0.035707273,0.014803164,-0.035090152,-0.038335156,0.009279884,-0.092175454,0.006781958,-0.022580512,-0.019266272,-0.07570122,0.020988025
0.402314,0.7806119,-0.88154924,-0.031716492,-0.47808623,-2.602352,-1.3221512,0.72489864,0.54957885,1.7343203,-0.4019556,-0.08554514,-0.4455715,-2.5726767,-0.29608613,1.1316177,-0.10049742,0.99142426,-0.06160619,0.12373036,0.016772479,0.05255321,0.033838335,0.27160135,0.16636232,-0.009188951,-0.102434166,0.00086865603,-0.014407656,-0.018802201,-0.068043664,0.019573463
0.37899536,0.8088338,-0.86788565,-0.007837055,-0.5623274,-2.7472353,-1.2899758,0.72698087,0.54622287,1.7153554,-0.41563836,-0.072293825,-0.44227794,-2.5689926,-0.317852,1.1827595,-0.07854232,0.97534937,-0.0600451,0.06672776,0.024104213,0.04432803,0.02427816,0.12594144,0.0725752,-0.00077789655,-0.097487904,0.004041434,-0.017730981,-0.019334286,-0.072179936,0.019372836
0.33280197,0.8653988,-0.8418558,0.038821813,-0.7285873,-3.0280135,-1.2279656,0.7310287,0.5412589,1.6768132,-0.44953012,-0.048037857,-0.44153604,-2.5560071,-0.3622032,1.309801,-0.027222732,0.9440628,-0.054714464,0.03826681,0.027719047,0.039710548,0.018618237,0.04867039,0.024828663,0.0033976976,-0.09472831,0.0060917586,-0.018879913,-0.019869437,-0.074039064,0.018338688
0.294375,0.90907323,-0.82548344,0.0728184,-0.8491187,-3.220399,-1.1865956,0.7339014,0.54085225,1.6455992,-0.4881789,-0.0347497,-0.4534997,-2.5355885,-0.3969096,1.456505,0.026704887,0.9228255,-0.047405485,0.20257398,0.0065147444,0.06239882,0.044653337,0.4568432,0.32017258,-0.022614831,-0.109333135,-0.002150293,-0.007640266,-0.020006517,-0.07133227,0.020581948
0.26513124,0.9449398,-0.8080438,0.103126325,-0.9563108,-3.4047334,-1.1456074,0.73654604,0.5367023,1.6215384,-0.50595784,-0.017858772,-0.44939172,-2.5305138,-0.42483097,1.5225618,0.0549003,0.90226,-0.04501021,0.13063101,0.015748436,0.051871452,0.03225881,0.27245703,0.1934899,-0.011487634,-0.10272599,0.0019997242,-0.01188805,-0.020415327,-0.073625185,0.018966941
0.9310005,1.9620051,-1.3420016,-1.114103,0.445735,1.4444405,1.3106313,-1.3481325,-0.9153634,-0.59214807,-0.07542765,-1.4827232,0.734578,-0.21037531,-0.3201706,0.7517794,0.10424513,0.11070491,0.0011785647,-0.020787645,0.03791151,0.064949736,-0.03108514,0.048365004,0.06586743,0.0077530923,0.07966001,-0.009162031,-0.04077853,-0.00048395188,-0.009345782,-0.01690842
0.92210585,1.9718933,-1.3355228,-1.1050382,0.3985273,1.3510054,1.3281996,-1.3487675,-0.9330726,-0.6005962,-0.03440738,-1.4751441,0.7590927,-0.25698742,-0.28584972,0.6153383,0.065060094,0.11503298,-0.005849768,-0.07317645,0.044428576,0.055716977,-0.04358218,-0.0991903,-0.122196145,0.022334442,0.08866811,-0.0046715345,-0.04531704,0.0021488294,0.019294867,-0.033352524
0.9066394,1.9830949,-1.331389,-1.0955468,0.35626712,1.2736584,1.3417224,-1.3492045,-0.94748497,-0.6106874,-0.0040792553,-1.4706602,0.774048,-0.2936926,-0.2570066,0.5227811,0.03886133,0.11959296,-0.0102158,-0.04186069,0.040721513,0.06047976,-0.037248045,-0.030348754,-0.02139923,0.015112013,0.084112786,-0.0072076772,-0.042835508,0.0005668454,0.003584301,-0.02346378
0.8970065,1.9922155,-1.3264377,-1.0875294,0.31608352,1.1963404,1.3559088,-1.3497269,-0.96209484,-0.61867607,0.028698653,-1.465037,0.79252374,-0.33170292,-0.22814192,0.41650105,0.008447463,0.12358743,-0.01534527,-0.056853563,0.0426187,0.057359464,-0.041698024,-0.08052724,-0.09139817,0.020580908,0.08751516,-0.0056548812,-0.04433537,0.0016859621,0.016303085,-0.030170772
0.87530315,2.0082474,-1.3202335,-1.0738484,0.2551615,1.0843054,1.3757061,-1.3503044,-0.9826561,-0.63297486,0.07208671,-1.4582623,0.8144285,-0.384072,-0.18773316,0.28334624,-0.02908888,0.1296993,-0.022312336,-0.024076689,0.038817484,0.062451605,-0.034702037,-0.011626179,0.027647045,0.012347638,0.08222932,-0.008550165,-0.04166063,-0.0004833914,-0.005437536,-0.017188998
0.85797435,2.0233197,-1.3128308,-1.0607226,0.19190027,0.9642165,1.3975275,-1.3510541,-1.0050325,-0.6462422,0.12126617,-1.4499505,0.8414887,-0.44188917,-0.14366382,0.12586166,-0.07394276,0.13592428,-0.030138168,-0.028436957,0.03942166,0.060694117,-0.03753751,-0.040889304,-0.020626064,0.016221609,0.08466238,-0.007618332,-0.04248607,0.0004428428,0.005729926,-0.022651428
0.8478577,2.0303042,-1.3100985,-1.0546443,0.16370316,0.9113016,1.4066156,-1.3514936,-1.0160866,-0.65273243,0.14611544,-1.4467674,0.8537082,-0.47077647,-0.12034274,0.04899318,-0.09636557,0.13995911,-0.03249442,-0.018474227,0.0384642,0.062394705,-0.034854434,-0.024080645,0.035615847,0.01265321,0.08226215,-0.008968658,-0.041351896,-0.00088885427,-0.0073903156,-0.013994502
0.84547424,2.034314,-1.3074507,-1.0512469,0.14487235,0.8748978,1.4135981,-1.351715,-1.0222374,-0.65607476,0.15942234,-1.443921,0.86209846,-0.48651683,-0.10873575,0.003829313,-0.10899604,0.1411752,-0.03520727,-0.02512679,0.03905828,0.060191926,-0.03879546,-0.047631994,-0.04932574,0.018383859,0.08609251,-0.0072360137,-0.04264635,0.001285297,0.016002772,-0.026925584
0.8393585,2.0381472,-1.3061581,-1.0478705,0.13074227,0.84885114,1.4180583,-1.3518625,-1.0273961,-0.6595735,0.17065072,-1.4424113,0.8674643,-0.49984536,-0.09833462,-0.030056605,-0.1187313,0.14292686,-0.036694102,-0.018847639,0.03845396,0.06151382,-0.036592327,-0.03468494,-0.0020281728,0.015338875,0.08403996,-0.008268484,-0.041851815,9.204808e-05,0.0036736615,-0.019817565
0.83007896,2.0470254,-1.3017935,-1.0403616,0.09421884,0.7804348,1.4306604,-1.3522109,-1.0392784,-0.66724426,0.19578007,-1.4377325,0.8815606,-0.5300341,-0.07569178,-0.11047656,-0.1411652,0.14579667,-0.041532528,-0.013408832,0.03767901,0.061478656,-0.037329286,-0.030653372,-0.027840914,0.017032655,0.08523573,-0.007874014,-0.042003557,0.001014414,0.014064672,-0.025483787
0.8120126,2.060259,-1.2962185,-1.0287695,0.041387238,0.68121505,1.4481937,-1.352838,-1.058573,-0.6791445,0.23838533,-1.4313438,0.9035041,-0.5800344,-0.036989547,-0.2432719,-0.17926165,0.15182774,-0.0475106,-0.008004302,0.03739682,0.06256832,-0.035143346,-0.030352915,0.032393597,0.013674859,0.08282176,-0.009193726,-0.041136418,-0.00083631306,-0.004344488,-0.014397897
0.7941605,2.0809653,-1.286778,-1.0117263,-0.023678696,0.5689608,1.4718096,-1.3518178,-1.0650673,-0.6940659,0.23849005,-1.4224006,0.90922344,-0.5888212,-0.040149722,-0.23812091,-0.17306277,0.14400655,-0.0478787,0.00033918713,0.036201328,0.06292951,-0.03546135,-0.01606245,0.014621123,0.014507451,0.08365019,-0.008831462,-0.040806286,-9.061456e-06,0.0059495703,-0.020196658
0.7714735,2.1093216,-1.2740151,-0.9886878,-0.10700346,0.429302,1.502476,-1.3498739,-1.0674709,-0.7135907,0.22062556,-1.4107927,0.9086067,-0.58190054,-0.061488397,-0.17153862,-0.14641988,0.12885779,-0.045072224,0.013870574,0.034305096,0.06404727,-0.034903854,0.0136869615,0.009442747,0.014150315,0.08387134,-0.008686455,-0.03992464,0.000718691,0.015796922,-0.025816882
0.7504807,2.13369,-1.2630337,-0.96837825,-0.17666803,0.31227458,1.5285387,-1.3480111,-1.0685554,-0.73004013,0.20354708,-1.40046,0.9075591,-0.5733955,-0.08340119,-0.10745398,-0.121812,0.11465015,-0.04103041,-0.008587093,0.03739424,0.0612407,-0.03750218,-0.043928932,0.012473965,0.014947068,0.0841743,-0.0080974065,-0.040494632,-0.00080048374,0.0015489099,-0.018476307
0.7442273,2.141661,-1.2595961,-0.96205455,-0.20017642,0.27327263,1.5369768,-1.3475178,-1.0693324,-0.7356582,0.1984749,-1.3974638,0.9070957,-0.5716829,-0.08859918,-0.088713385,-0.114273235,0.11077347,-0.040442415,0.00947411,0.03493997,0.06327381,-0.03570864,-0.00050024386,0.017623449,0.013779257,0.083770245,-0.008445425,-0.039552644,5.6308427e-06,0.010751912,-0.023286011
0.734133,2.1533213,-1.2541837,-0.95224184,-0.23414999,0.21552551,1.549798,-1.3466318,-1.070341,-0.7435244,0.19182271,-1.3922782,0.9075471,-0.5690875,-0.098291084,-0.06330261,-0.10396148,0.104097165,-0.039480202,-0.009797273,0.03750851,0.06082638,-0.038142085,-0.048968885,0.008575808,0.015212357,0.084472366,-0.0077780792,-0.040394098,-0.0008924557,0.0018575835,-0.01931735
0.7128314,2.179165,-1.2428119,-0.9312848,-0.30980298,0.0890586,1.5773942,-1.3448936,-1.0727286,-0.76148045,0.17596175,-1.3820047,0.90678954,-0.56341183,-0.11685415,-0.003710905,-0.07995715,0.09077594,-0.037622295,0.01270579,0.03444507,0.06330442,-0.03593847,0.003982004,0.022209734,0.013284343,0.0837475,-0.0081614135,-0.038995113,-0.00023206511,0.010657794,-0.024492526
0.6940842,2.2024047,-1.23273,-0.91261625,-0.37693354,-0.022075748,1.601776,-1.3433003,-1.0739746,-0.7775616,0.15903346,-1.3730531,0.90454197,-0.55556303,-0.13530622,0.059296437,-0.05571058,0.078366674,-0.03419009,0.04168258,0.03062271,0.066764995,-0.03248252,0.07313639,0.052673917,0.010004223,0.08220411,-0.009061845,-0.03701432,0.00031479038,0.018502243,-0.02806999
0.6860102,2.2114704,-1.2284063,-0.90478826,-0.40308803,-0.06698206,1.6118753,-1.3425661,-1.0745804,-0.7835547,0.15361212,-1.368765,0.90513366,-0.5531044,-0.1437048,0.0795526,-0.04767031,0.0727929,-0.032860328,0.014922075,0.034175586,0.0632393,-0.036185984,0.0057538496,0.028229006,0.012739899,0.08365778,-0.008010885,-0.038338292,-0.0005001858,0.010430339,-0.024320578
0.63911265,2.2683425,-1.203669,-0.85891205,-0.5686383,-0.34237227,1.6719741,-1.3387152,-1.0791826,-0.82310396,0.11682121,-1.346635,0.90185314,-0.538634,-0.18566222,0.21850523,0.007484921,0.04337499,-0.02809596,0.07520827,0.026169943,0.07066266,-0.028510481,0.15055451,0.10643802,0.005003363,0.07983611,-0.009976421,-0.03421079,6.9336405e-05,0.020521626,-0.030241119
0.61224777,2.301189,-1.1881117,-0.83138174,-0.66468227,-0.5055996,1.7084725,-1.336215,-1.0814005,-0.84506106,0.09606352,-1.3317802,0.9027207,-0.52928436,-0.2144049,0.29555383,0.037985496,0.023876548,-0.023221312,0.02198749,0.03317794,0.06320301,-0.036797572,0.014024726,0.0416948,0.011409045,0.08351499,-0.007447723,-0.036780544,-0.0011466368,0.0100552095,-0.025712455
0.59538597,2.3209736,-1.1800188,-0.81566054,-0.72139996,-0.5986357,1.7285517,-1.3349277,-1.0827911,-0.859064,0.08225873,-1.3248005,0.90024096,-0.5236156,-0.22844063,0.34797052,0.058394372,0.014237696,-0.021610698,0.06879023,0.027029574,0.06934675,-0.03010919,0.12915437,0.10926531,0.0050213537,0.08011039,-0.009373522,-0.033762265,-0.0007387206,0.015860155,-0.028503237
0.5796244,2.3398337,-1.1724374,-0.8008168,-0.77459604,-0.6848989,1.7472883,-1.3336692,-1.0832812,-0.8723466,0.06665609,-1.3183979,0.89645386,-0.51568115,-0.2434895,0.40657935,0.0802813,0.0046372754,-0.018446766,0.12050956,0.020313065,0.07622548,-0.022481672,0.25642225,0.1900556,-0.0024243442,0.07607325,-0.011696601,-0.030265655,-0.000434451,0.020884562,-0.029955583
0.94213057,1.9529811,-1.3461921,-1.1219698,0.48314345,1.5152352,1.297938,-1.3476636,-0.9017979,-0.5840996,-0.10542226,-1.4874709,0.71855927,-0.1752224,-0.34732777,0.8468508,0.13147946,0.10664031,0.005489706,-0.021405114,0.037854474,0.065218985,-0.030714791,0.05747277,0.06679817,0.0072974246,0.07944824,-0.009111596,-0.0407685,-0.0003516528,-0.008845247,-0.017889105
0.93084365,1.9632834,-1.3404232,-1.1126795,0.43690223,1.425253,1.314437,-1.3482991,-0.9192409,-0.59315026,-0.06555898,-1.4807339,0.741151,-0.2209768,-0.31270963,0.71699667,0.0940628,0.11151252,-0.00052011356,-0.05051667,0.041585427,0.059940096,-0.037784293,-0.030644363,-0.03477663,0.01546461,0.08443056,-0.006719688,-0.04324765,0.00091546756,0.0055707744,-0.025594886
0.92242503,1.9687698,-1.3388635,-1.1081681,0.41711837,1.3899592,1.3202934,-1.3485562,-0.9262725,-0.5982834,-0.050878495,-1.4791014,0.747509,-0.23886691,-0.2977339,0.67390156,0.08168782,0.11426369,-0.0017494307,-0.020516198,0.03801782,0.06469603,-0.031404413,0.040028185,0.065645315,0.008106194,0.07981506,-0.009239084,-0.04074334,-0.00060905993,-0.009809184,-0.015689036
0.9128732,1.9796016,-1.3320572,-1.098433,0.36789894,1.2939014,1.3385648,-1.3490463,-0.94322187,-0.6073282,-0.0128522515,-1.4713631,0.7707384,-0.282848,-0.26641452,0.5475057,0.04605357,0.117663205,-0.00984583,-0.06751491,0.04376273,0.05629548,-0.04294213,-0.0921903,-0.11248577,0.021777479,0.08830662,-0.004957444,-0.045046486,0.0020058183,0.018265836,-0.03276094
0.89131224,1.9957516,-1.3256123,-1.0846212,0.30507895,1.1776048,1.359076,-1.3497418,-0.9651049,-0.6218299,0.034019645,-1.4642551,0.7945448,-0.3389229,-0.2226217,0.40246898,0.004816318,0.124457546,-0.01659465,-0.036423426,0.040158708,0.060827628,-0.03691143,-0.029778782,-0.013423756,0.014907565,0.08392783,-0.007487778,-0.042609714,0.00035719524,0.002341143,-0.022382207
0.86879814,2.0133734,-1.3178813,-1.0693659,0.23359399,1.0433345,1.3829674,-1.3506202,-0.990829,-0.63762313,0.09041327,-1.4555587,0.8240558,-0.40538806,-0.17093267,0.22528985,-0.04588829,0.13236454,-0.024507394,-0.022768755,0.038755927,0.062423576,-0.034746375,-0.0150860045,0.029864365,0.012413551,0.08222856,-0.008672606,-0.041559216,-0.0005894983,-0.005908458,-0.016189894
0.8592075,2.0233636,-1.3122846,-1.0606781,0.18949859,0.95867777,1.3986855,-1.3511511,-1.0062052,-0.64625144,0.12434927,-1.4493256,0.84371626,-0.44512293,-0.14107938,0.11422267,-0.07739932,0.13621584,-0.030393228,-0.036245108,0.040300712,0.058977384,-0.04022664,-0.062896095,-0.07181168,0.019781511,0.086988166,-0.00652688,-0.043380104,0.001584878,0.01799856,-0.02922526
0.8475281,2.0306773,-1.3099227,-1.0543389,0.16247714,0.9091643,1.4070586,-1.3514723,-1.0162318,-0.6530077,0.14619543,-1.4466062,0.85385233,-0.47102773,-0.12038908,0.0487769,-0.09628774,0.13983884,-0.032844193,-0.018349169,0.03843169,0.06241134,-0.03484816,-0.023629434,0.035280924,0.012667775,0.082274295,-0.008947916,-0.041377027,-0.0008792805,-0.007357668,-0.014228745
0.8400935,2.037637,-1.3063822,-1.0483253,0.13305691,0.8533343,1.417303,-1.351807,-1.026346,-0.6590751,0.16817048,-1.4426905,0.8662293,-0.49703935,-0.10069338,-0.022201564,-0.11638038,0.1424854,-0.036593407,-0.019269358,0.03848343,0.06148074,-0.03663917,-0.034734298,-0.0032417295,0.0153967105,0.08408166,-0.008220184,-0.041902345,0.000116782954,0.0038039351,-0.020122612
0.8307366,2.0464325,-1.3020627,-1.0408623,0.0964543,0.7845319,1.4298925,-1.3522055,-1.0386571,-0.6667492,0.19456495,-1.438012,0.8808601,-0.528505,-0.07673618,-0.106673114,-0.14016253,0.14570616,-0.04115612,-0.013821139,0.037735935,0.061432384,-0.037376195,-0.031357523,-0.028340848,0.017066084,0.08525571,-0.0078645,-0.042010408,0.0010189087,0.01411776,-0.02541744
0.8221735,2.051343,-1.3004165,-1.0364004,0.07766052,0.74921334,1.4358011,-1.3524754,-1.0464191,-0.67136073,0.21239795,-1.4359266,0.8892526,-0.5489856,-0.060450044,-0.1606925,-0.15604557,0.14866075,-0.042864453,-0.013077984,0.038037427,0.062401883,-0.03496645,-0.033632066,0.04162633,0.012972682,0.0823317,-0.0092676375,-0.041170508,-0.001221507,-0.009088463,-0.011979616
0.81405944,2.059841,-1.296132,-1.0293295,0.04210329,0.68265635,1.4480891,-1.3528556,-1.0578883,-0.67871755,0.23640242,-1.4314153,0.9028907,-0.57803744,-0.03827794,-0.23832472,-0.1777047,0.15148985,-0.047238495,-0.0005135595,0.03623105,0.06288801,-0.03567321,-0.012862777,-0.0019723389,0.015423252,0.0842052,-0.008685909,-0.04116517,0.0006711222,0.011763595,-0.022911495
0.78105265,2.09597,-1.2800452,-0.9992509,-0.06708314,0.49583745,1.4879378,-1.3507084,-1.0662808,-0.70430905,0.22945666,-1.416081,0.9091526,-0.5852012,-0.052277077,-0.20349172,-0.15919551,0.1357184,-0.046694595,-0.010961966,0.037743296,0.06162382,-0.03653546,-0.04461995,0.02290671,0.014491651,0.08351967,-0.008599923,-0.041076075,-0.0010192678,-0.0039181835,-0.0156897
0.73933643,2.1466537,-1.2572803,-0.95778465,-0.21570848,0.24610086,1.5427285,-1.3472036,-1.0709007,-0.73921967,0.19881202,-1.3951844,0.90877056,-0.5739933,-0.09010687,-0.08862495,-0.11282515,0.10875146,-0.042545803,0.001004304,0.0359879,0.062248502,-0.036737796,-0.020956103,0.012554743,0.014494603,0.08411447,-0.008063193,-0.040130287,-0.00038769978,0.006261585,-0.022475481
0.710726,2.1820607,-1.2416574,-0.92907804,-0.31785476,0.0762807,1.5802103,-1.3447032,-1.072558,-0.76350075,0.1727537,-1.3810861,0.9058038,-0.56141365,-0.1195731,0.007876034,-0.07587506,0.08918586,-0.03651361,0.024917576,0.032845933,0.064802825,-0.03442653,0.033637952,0.03316002,0.012029094,0.08314043,-0.008590357,-0.03823341,0.00011133409,0.014764125,-0.026094727
0.6994953,2.1948278,-1.2357209,-0.9182341,-0.3547687,0.0133960135,1.5942317,-1.3437144,-1.0735006,-0.7720656,0.16508749,-1.3753328,0.906274,-0.5581423,-0.13067721,0.036691695,-0.06438877,0.08170053,-0.034968432,0.00044392465,0.036096208,0.061571106,-0.03780264,-0.02829579,0.013371403,0.014364737,0.08438448,-0.0076252557,-0.03937437,-0.00074726745,0.0064585404,-0.02233647
0.6743688,2.2259357,-1.2222986,-0.8933498,-0.44514143,-0.13621394,1.6268772,-1.3416342,-1.0756686,-0.7937356,0.14365539,-1.3634928,0.90361345,-0.54907864,-0.15391302,0.11705291,-0.032955125,0.06562095,-0.03158027,0.04704201,0.029916754,0.06727444,-0.032011174,0.08416663,0.064052865,0.009006674,0.081783585,-0.009129342,-0.03636002,0.00010209087,0.017961444,-0.028093468
0.66385865,2.2379837,-1.2160604,-0.88265735,-0.48093313,-0.19916469,1.6411626,-1.3406159,-1.0769916,-0.80150604,0.1383797,-1.357057,0.906153,-0.54740185,-0.16497393,0.13687421,-0.024328971,0.057839546,-0.030510126,-0.015959289,0.038205054,0.058895785,-0.04101315,-0.07371419,-0.006896154,0.016300838,0.08572445,-0.0064738123,-0.039812017,-0.0013515322,0.0030400422,-0.021767294
0.6366201,2.270823,-1.2023604,-0.856591,-0.57601464,-0.355702,1.6749872,-1.3384992,-1.0796076,-0.8246993,0.11627357,-1.3452017,0.9027722,-0.5388071,-0.18776132,0.22058593,0.00864744,0.04179931,-0.028133273,0.057391647,0.028498901,0.068271,-0.031121487,0.10596136,0.083924726,0.0072222017,0.08105148,-0.009182891,-0.035243858,-0.00026099745,0.017037489,-0.028945569
0.5727548,2.347521,-1.1679499,-0.79354,-0.7984444,-0.72878736,1.7573476,-1.3329847,-1.0848085,-0.877119,0.065697104,-1.3134308,0.90031594,-0.5167682,-0.2501342,0.40978467,0.08294829,-0.0006321966,-0.018496942,0.050301738,0.029440874,0.06656375,-0.033329297,0.0800868,0.08557121,0.007296578,0.08153244,-0.008306698,-0.034501784,-0.0012295468,0.01252661,-0.027490731
0.550741,2.3736181,-1.1571933,-0.772803,-0.87318444,-0.8513446,1.7838961,-1.3312579,-1.0864199,-0.89550406,0.046974298,-1.3041359,0.8968789,-0.5086152,-0.26937923,0.48083627,0.11041225,-0.013640408,-0.015925216,0.10702013,0.022028256,0.07409856,-0.024989478,0.21963249,0.17518955,-0.00093161216,0.07708482,-0.010773654,-0.030704819,-0.0009862547,0.01712042,-0.029426971
0.536477,2.3909545,-1.1486288,-0.75794643,-0.92436314,-0.9396216,1.8037685,-1.3298982,-1.0878639,-0.90692383,0.037162937,-1.2956916,0.8986659,-0.5045892,-0.28477576,0.5167451,0.12502468,-0.024307901,-0.013426856,0.05689034,0.028569208,0.06701511,-0.03304381,0.09199986,0.09972574,0.006030952,0.08109642,-0.008248086,-0.033495408,-0.0015926332,0.011894054,-0.027669676
0.5111231,2.4223905,-1.1339495,-0.73195654,-1.0172303,-1.0969349,1.8385843,-1.327633,-1.0907559,-0.9282554,0.018847402,-1.2819372,0.8996313,-0.49775267,-0.3095057,0.58540654,0.15299858,-0.041891098,-0.0105879195,0.03157581,0.031814966,0.06316377,-0.037614703,0.025359876,0.05963469,0.009631519,0.083335705,-0.0066717784,-0.03471251,-0.002010205,0.009529644,-0.027783627
0.48009038,2.4579086,-1.1204518,-0.7043166,-1.116791,-1.2569107,1.8727912,-1.3253738,-1.0922176,-0.9537741,-0.009538439,-1.2709259,0.8915466,-0.48444232,-0.33513683,0.6939139,0.1939049,-0.058479007,-0.0068293284,0.16482727,0.01449056,0.0813649,-0.01702851,0.356386,0.28329083,-0.010466191,0.07216859,-0.0129978275,-0.02593179,-0.0016588344,0.016190581,-0.029405192
0.4674208,2.474863,-1.1105198,-0.68891454,-1.1694477,-1.3519945,1.8947945,-1.3238933,-1.0944189,-0.964212,-0.015648203,-1.260385,0.8977916,-0.48295408,-0.3515858,0.71451664,0.20377545,-0.070637554,-0.0042790254,0.035503216,0.031284325,0.06311302,-0.037986554,0.029475836,0.06819457,0.008817152,0.08323153,-0.0063707414,-0.033753775,-0.0024091739,0.009224859,-0.028234161
0.4566181,2.4859712,-1.108159,-0.68139625,-1.1970536,-1.3903844,1.9022931,-1.3233435,-1.0933634,-0.97297865,-0.030348461,-1.2597318,0.8890818,-0.47412032,-0.35918015,0.77140754,0.22341248,-0.07414864,-0.0019643223,0.17547692,0.013168124,0.08259759,-0.015663382,0.37985802,0.3087246,-0.012600698,0.07110855,-0.013430496,-0.024699353,-0.0020151846,0.014855744,-0.028124413
-0.43973067,-2.512133,-0.24341735,-2.125253,-0.5530752,1.2167522,0.41585776,0.60793865,0.25691506,0.1362388,-0.1916953,-0.7446916,-0.71312207,0.3706446,-0.0723874,0.66856885,0.44156334,-0.015047918,0.06121486,-0.003750681,0.00022836894,0.009153608,0.013330087,0.07180376,0.047464326,-0.010549859,0.003280521,0.00585298,-0.00011721964,0.01276027,-0.04149031,0.03600855
-0.46939144,-2.4856632,-0.23011863,-2.1021163,-0.6623091,1.0097796,0.45407626,0.6069535,0.22029701,0.1134801,-0.11234207,-0.729876,-0.6681935,0.27672264,-0.0035654625,0.41408008,0.3701402,-0.006437994,0.045325693,-0.0316233,0.0037812635,0.0036416994,0.0058083283,-0.02476784,-0.058332734,-0.0016428174,0.008663186,0.008423265,-0.0029554758,0.013892632,-0.028277123,0.027057132
-0.5061787,-2.4574208,-0.21766914,-2.0775335,-0.7798005,0.78756094,0.49317318,0.6052149,0.17566356,0.08771422,-0.0125831505,-0.7156024,-0.61659884,0.16040494,0.088860944,0.09971045,0.2790742,0.008541831,0.034058943,-0.008910416,0.0015580656,0.005999762,0.008904543,-0.0045450474,0.0040399106,-0.0050947643,0.006288542,0.006495391,-0.0011000452,0.012629612,-0.037852302,0.037140984
-0.52879083,-2.437073,-0.20771831,-2.059954,-0.86226785,0.63253254,0.5218322,0.6045492,0.14894734,0.07027536,0.044184145,-0.7047135,-0.58446854,0.09240183,0.13850915,-0.08170293,0.22859822,0.014555629,0.022024745,-0.0158058,0.0023674404,0.003802045,0.005423904,-0.041133277,-0.0544326,-0.0003842128,0.009232212,0.0078022797,-0.002406141,0.013619958,-0.026492594,0.029611709
-0.5679483,-2.406313,-0.19399711,-2.0332632,-0.9891894,0.393062,0.56430995,0.6028337,0.10208827,0.042518277,0.14800897,-0.68915164,-0.53020424,-0.029202404,0.23395061,-0.4089325,0.13441268,0.029491251,0.008716109,0.004378144,0.00041762443,0.0057783187,0.008026607,-0.02770902,0.001555476,-0.0032796634,0.00719016,0.006098164,-0.0008522598,0.012362768,-0.036248993,0.038821507
-0.5804988,-2.3950927,-0.18868867,-2.023686,-1.0347915,0.30765373,0.579917,0.60238594,0.08699985,0.03274932,0.1800451,-0.6833898,-0.5124957,-0.06765606,0.262961,-0.5110414,0.10578206,0.03334485,0.00285504,0.012939145,-0.0007232236,0.0061185397,0.0077346363,-0.01833024,-0.017864134,-0.0020241886,0.008114762,0.0063030897,-0.00080296875,0.013216493,-0.026367106,0.03363975
-0.5891422,-2.3890646,-0.1861425,-2.018328,-1.059611,0.260526,0.5881141,0.60200846,0.07716658,0.027206047,0.2024645,-0.68035495,-0.5011601,-0.0934632,0.28343394,-0.580933,0.085356705,0.036759403,0.00068009645,0.011842461,-0.00029372418,0.0062253145,0.008486377,-0.028287252,0.014021257,-0.0036168818,0.0068891435,0.0056323204,-0.00044317573,0.012032993,-0.03809642,0.041106395
-0.6131528,-2.3584898,-0.1721583,-1.9935386,-1.1514751,0.10542382,0.62189245,0.60398763,0.07315304,0.0059640044,0.1868934,-0.6676201,-0.49980578,-0.09010839,0.26385868,-0.5225592,0.11040832,0.02134786,0.0011054751,0.03030909,-0.0030449494,0.0075157457,0.008563208,0.01289796,-0.017770922,-0.0025388119,0.008203561,0.0062757875,0.00020349235,0.0138179455,-0.01734209,0.028465401
-0.6390334,-2.3283517,-0.15877609,-1.9685783,-1.2374767,-0.03848113,0.65383327,0.6062434,0.07187707,-0.014508005,0.16521466,-0.65517026,-0.50166863,-0.07933387,0.23726653,-0.441621,0.14133492,0.0041025323,0.0062779672,0.019019108,-0.0014344472,0.0060143643,0.0072149327,-0.017993363,-0.0067799743,-0.002765143,0.008058261,0.006551359,0.00032769932,0.01265263,-0.027237477,0.03386127
-0.67449605,-2.2855844,-0.1394142,-1.933378,-1.362261,-0.24838613,0.70013416,0.6093072,0.0684915,-0.04373498,0.13847065,-0.6372297,-0.50214034,-0.06847102,0.20332104,-0.34114102,0.1813956,-0.019430934,0.010690607,0.008075944,-2.295388e-05,0.0041515934,0.004989896,-0.049518734,-0.015072946,-0.0018232897,0.008807856,0.007371816,0.00025695024,0.0119879525,-0.031318266,0.034894757
-0.70000213,-2.2547636,-0.12586285,-1.9083575,-1.4522914,-0.39883837,0.73299485,0.61139625,0.065758705,-0.06512409,0.11930411,-0.62497175,-0.50316846,-0.061384857,0.18084002,-0.269096,0.21028504,-0.035419893,0.01309187,0.03290329,-0.0033881324,0.0069141057,0.0075071617,0.0087914085,0.0035938951,-0.0041801883,0.00786522,0.006902792,0.0018749437,0.012589074,-0.022784049,0.029813582
-0.7506008,-2.1935627,-0.0981372,-1.8580308,-1.6311888,-0.69984144,0.7993367,0.6157566,0.060708422,-0.10699018,0.08151543,-0.59930766,-0.50362396,-0.046413507,0.13284117,-0.12705274,0.2671518,-0.06892285,0.019018367,0.019944852,-0.0017552566,0.0045346976,0.0045307023,-0.029685272,-0.01007507,-0.0028433634,0.008980221,0.008069446,0.0018463536,0.01184247,-0.02651739,0.030035557
-0.8252466,-2.104813,-0.05910013,-1.7856891,-1.8900307,-1.1329873,0.89396673,0.6218451,0.052613836,-0.16851586,0.027638456,-0.56377953,-0.5059226,-0.026904697,0.06779004,0.077057116,0.3493782,-0.11509284,0.02488137,0.06959786,-0.00844801,0.010306602,0.010276175,0.0862673,0.059182204,-0.009575857,0.005865709,0.0068716113,0.005608801,0.011839534,-0.020847958,0.024452444
-0.907373,-2.0056562,-0.0155782895,-1.7049133,-2.1745367,-1.6060425,0.9984343,0.6289689,0.048239063,-0.23644868,-0.04529056,-0.52428085,-0.5144258,0.008767814,-0.016101787,0.34869295,0.4531626,-0.17017803,0.04149687,0.11604331,-0.014339335,0.015665108,0.015966076,0.19076301,0.14898318,-0.017516116,0.0020007798,0.0051989895,0.010314963,0.011067416,-0.020414487,0.026183348
-0.94061613,-1.9668425,0.00041361855,-1.6739442,-2.28559,-1.7884297,1.0379269,0.6315551,0.045686852,-0.26379028,-0.07249887,-0.51037467,-0.51919276,0.020342538,-0.04461078,0.45240727,0.4934323,-0.18949395,0.044866115,0.19376348,-0.024468888,0.026157374,0.027791897,0.38237563,0.28365946,-0.029529093,-0.0045925244,0.0016434777,0.015643112,0.011003606,-0.01827153,0.025433663
0.74058664,-0.44193098,-0.39266506,0.96264803,0.37412867,1.2143567,-0.22489548,0.77125144,-1.45341,0.39937228,-0.58979195,0.14350602,-0.03008719,0.26091254,3.1334486,1.6798593,-0.21825889,-0.68633825,-1.005077,-0.056306906,0.0062598637,0.008000779,0.011121881,0.014095555,0.052441813,-0.0017733519,0.005768503,0.0064067277,-0.003630358,0.0070396527,0.0012065038,0.013778206
0.72179466,-0.42451134,-0.3836007,0.9779241,0.30176783,1.0768565,-0.1992798,0.7706525,-1.4772851,0.38455063,-0.5381542,0.15359248,-0.00022257684,0.19976102,3.1775444,1.5131958,-0.2648152,-0.6811739,-1.0161986,-0.08331331,0.009611681,0.0029206611,0.004170739,-0.071024805,-0.04945748,0.0064657284,0.010804054,0.008906383,-0.006300167,0.00829179,0.015062385,0.0044097826
0.6962223,-0.404846,-0.3750645,0.9949638,0.2211508,0.9250848,-0.17250915,0.76954126,-1.507215,0.3667133,-0.47189882,0.16328062,0.034030024,0.12207785,3.2389116,1.3050351,-0.32483009,-0.67138654,-1.0242774,-0.0637109,0.0075560864,0.0052492237,0.0072381296,-0.04571687,0.0071794833,0.0030236838,0.008514604,0.0072830897,-0.004745426,0.0072214277,0.0061340085,0.012190765
0.68397796,-0.39374393,-0.36928272,1.0047323,0.17364535,0.83420074,-0.15583217,0.76899,-1.5240359,0.35703322,-0.43464583,0.16982321,0.055021677,0.07851032,3.271664,1.184669,-0.3590875,-0.6669506,-1.0305655,-0.07761497,0.00931083,0.0022358624,0.0028932411,-0.09452106,-0.061509546,0.008424263,0.01187419,0.008808517,-0.006227984,0.00832204,0.018680938,0.0053619803
0.6600449,-0.37253478,-0.35909185,1.0229594,0.086937405,0.6712301,-0.12601131,0.7681469,-1.5530653,0.33860156,-0.37233892,0.1809941,0.08947891,0.004288658,3.3272758,0.9862861,-0.41481137,-0.65960646,-1.0421038,-0.07519323,0.0090229055,0.0013311333,0.001012637,-0.1104418,-0.09810137,0.011441913,0.013793373,0.009455688,-0.006775318,0.009142959,0.028772283,-0.0002677718
0.6293361,-0.34856418,-0.3487012,1.0436599,-0.0098520275,0.48977807,-0.093768395,0.766961,-1.58775,0.31709883,-0.29658917,0.19264106,0.12900016,-0.085224256,3.3970535,0.74852365,-0.48281732,-0.6488919,-1.0526564,-0.05046738,0.0063069756,0.0043131127,0.0048292503,-0.0750488,-0.031864617,0.0073016076,0.011083741,0.007590178,-0.004981503,0.007979198,0.018917624,0.0076020984
0.61370116,-0.3350406,-0.34241745,1.055175,-0.066029646,0.3841899,-0.07480412,0.766239,-1.6076232,0.30503875,-0.25333604,0.19955072,0.15210567,-0.13639799,3.437072,0.6112524,-0.5219793,-0.6429302,-1.0587399,-0.035176285,0.0044293283,0.005504817,0.005602056,-0.053503558,-0.035087556,0.0074140336,0.011296247,0.007273922,-0.0043495265,0.008661113,0.02767554,0.0043683467
0.5810895,-0.30041125,-0.3271046,1.0840496,-0.17300233,0.19974808,-0.036154207,0.7680095,-1.6186491,0.28002587,-0.25177726,0.21431509,0.16154675,-0.15190148,3.4320555,0.6184706,-0.5124771,-0.6558056,-1.0583377,-0.039725494,0.005280722,0.0050572846,0.005778088,-0.073176146,0.004198972,0.005429117,0.009943699,0.006880986,-0.003785999,0.006851097,0.011023166,0.013204755
0.5620931,-0.27694756,-0.3166006,1.103149,-0.24181508,0.084393464,-0.010853105,0.7696114,-1.6206626,0.2638412,-0.2665204,0.22388127,0.1610448,-0.14627726,3.414538,0.6732821,-0.4905451,-0.6682574,-1.0560257,-0.026819289,0.0034715554,0.0061409534,0.006326742,-0.04451513,-0.0022013562,0.005186779,0.010198113,0.007008322,-0.003004297,0.0076170987,0.020922674,0.00765258
0.55180556,-0.26502386,-0.311187,1.1131334,-0.27571616,0.027417041,0.0019108219,0.7705496,-1.6210155,0.2558574,-0.2752513,0.22901188,0.16043457,-0.14161232,3.4032123,0.7059923,-0.47814777,-0.6754359,-1.053686,-0.042662833,0.005650778,0.004194305,0.004534129,-0.08468595,-0.0017646607,0.005863324,0.01045466,0.007397914,-0.0034839597,0.0066359304,0.011472409,0.012639433
0.51711756,-0.22250816,-0.29238012,1.1474786,-0.40163055,-0.18359308,0.04771719,0.77332085,-1.6259857,0.22614202,-0.298649,0.24594292,0.16041952,-0.1352612,3.3752909,0.7947843,-0.44110703,-0.69657975,-1.0528181,0.0001023043,-0.00024744804,0.008944494,0.008706934,0.017119823,0.018590054,0.0025673783,0.009268971,0.0067565474,-0.0011132128,0.008082458,0.029326092,0.0013645408
0.46434498,-0.15921755,-0.26366803,1.1998279,-0.5847422,-0.49142778,0.11601195,0.777991,-1.6297487,0.18320432,-0.3412517,0.27271593,0.15863837,-0.11562779,3.3214896,0.9537482,-0.3791451,-0.73261166,-1.0435479,-0.033675823,0.0042840852,0.003980403,0.0032715467,-0.0737672,-0.003092875,0.005341337,0.011020895,0.00840537,-0.0018976176,0.006431937,0.016717866,0.007386874
0.42227852,-0.10911661,-0.2417889,1.2405261,-0.73072904,-0.735207,0.16918693,0.7813973,-1.6342515,0.14837708,-0.3721096,0.29250228,0.15683377,-0.10436384,3.2850912,1.07055,-0.33223906,-0.7584408,-1.0401751,0.0064559197,-0.0010953776,0.008784358,0.008115181,0.021625267,0.04747087,0.00027022595,0.008612102,0.0072848597,0.0008955915,0.006759749,0.023501646,0.0026148472
0.3776774,-0.054683045,-0.21706009,1.2852898,-0.8892751,-1.0016454,0.22812718,0.78532934,-1.6380142,0.111305386,-0.4076852,0.31539536,0.15564261,-0.08886397,3.2405376,1.2034574,-0.27987424,-0.78888565,-1.0332247,-0.009122313,0.00094135344,0.0060867956,0.0048350967,-0.023289353,0.030337375,0.0019436791,0.009877868,0.008445823,0.0007655752,0.0060425024,0.019999266,0.0036625965
0.35260192,-0.025126461,-0.20568408,1.3083045,-0.9713681,-1.1331313,0.25657094,0.7872784,-1.6381361,0.09032735,-0.43433183,0.32470718,0.14783378,-0.07449147,3.216452,1.3034364,-0.24324417,-0.8036791,-1.0273589,0.09659571,-0.012759109,0.020275988,0.020673847,0.23776336,0.19757004,-0.013390141,0.0014838655,0.0035536434,0.007852082,0.006668117,0.029731398,0.0013346409
0.33852124,-0.008249481,-0.19732347,1.322765,-1.0220335,-1.2209812,0.27614194,0.78855115,-1.6403532,0.07907336,-0.44165468,0.3329615,0.150587,-0.0729778,3.2033863,1.3308843,-0.23104991,-0.8134705,-1.0267222,0.04885753,-0.0065892297,0.0135561,0.013013721,0.11674389,0.12470466,-0.006685813,0.0053396276,0.0060324054,0.005050828,0.0060938755,0.024406513,0.0023136209
0.30027443,0.036783107,-0.17838024,1.3589121,-1.1515864,-1.4349035,0.32261902,0.79158384,-1.6435555,0.04752187,-0.4722532,0.3496643,0.14623614,-0.06028913,3.1700952,1.4471807,-0.1855488,-0.83626986,-1.0228498,0.119719796,-0.015854623,0.0229608,0.023481322,0.29034346,0.24405508,-0.017441876,-0.0004660488,0.0029628656,0.009971908,0.0060723484,0.02740062,0.0007732881
1.0102407,1.897258,-1.372082,-1.1704544,0.7126642,1.9487451,1.2199335,-1.34496,-0.8199627,-0.53466594,-0.2852436,-1.5166231,0.6220546,0.03625997,-0.5095981,1.4166481,0.29404974,0.08288462,0.03290155,-0.025859283,0.037689768,0.06673844,-0.02853781,0.10948785,0.07412558,0.0044977395,0.07812131,-0.008909566,-0.04059737,0.0003791328,-0.00617613,-0.022601984
0.9796031,1.9247023,-1.3579654,-1.1462846,0.5980579,1.7304751,1.2602952,-1.346036,-0.85897356,-0.55824935,-0.1998557,-1.5007445,0.67064464,-0.0641805,-0.43612143,1.141892,0.21667238,0.09210362,0.016043276,-0.06934033,0.043251753,0.058881663,-0.038898353,-0.028118553,-0.06590899,0.016316498,0.08521215,-0.005412965,-0.044527408,0.0016630292,0.008667495,-0.032754853
0.9428709,1.9527696,-1.3457686,-1.1219324,0.48167667,1.5108055,1.2988374,-1.3477631,-0.9031625,-0.5839219,-0.101322904,-1.4868108,0.7213097,-0.17926167,-0.34428024,0.83188856,0.12685992,0.10709819,0.005239591,-0.038373116,0.03997827,0.062410258,-0.03441687,0.012723463,0.012424878,0.01149075,0.08203011,-0.007795823,-0.042103812,0.00037085282,-0.0010798005,-0.022146929
0.92054343,1.9728189,-1.335607,-1.1043868,0.39838073,1.352689,1.3280208,-1.3485469,-0.93131596,-0.60118866,-0.040099245,-1.475464,0.75600374,-0.25158772,-0.29107895,0.635145,0.07152133,0.11382522,-0.0067230584,-0.060467403,0.042775687,0.057934333,-0.040631317,-0.06379667,-0.0785318,0.018968552,0.08659203,-0.0056381496,-0.044398356,0.0015064819,0.011984907,-0.030393831
0.86236554,2.0206964,-1.313716,-1.0630372,0.20283698,0.9849347,1.3941696,-1.3507991,-1.0000495,-0.64363533,0.10963465,-1.4510692,0.8360924,-0.42862126,-0.15499648,0.16171218,-0.06318127,0.13368763,-0.029841004,-0.03563311,0.040149037,0.059520673,-0.039292045,-0.054654963,-0.05440862,0.018462928,0.0861379,-0.006761161,-0.0432761,0.0011410675,0.012466367,-0.027626643
0.8373561,2.040216,-1.30514,-1.0461743,0.12242336,0.83351064,1.4209251,-1.3519131,-1.0298752,-0.6613211,0.17572068,-1.4413701,0.87031436,-0.5060206,-0.09386934,-0.04597845,-0.1230324,0.1433915,-0.037953388,-0.01769784,0.038302884,0.061620254,-0.03649383,-0.033322897,-0.0008892004,0.015284401,0.084003106,-0.008294888,-0.041833553,7.575058e-05,0.0035521477,-0.019949263
0.8252023,2.050952,-1.300056,-1.036985,0.078309245,0.7506186,1.4359883,-1.3523995,-1.0448974,-0.67074716,0.20799547,-1.4358013,0.88799673,-0.544503,-0.06446455,-0.14891775,-0.15212144,0.14748025,-0.043318328,-0.009488629,0.037234202,0.06190574,-0.036832582,-0.025178982,-0.020237973,0.016557543,0.08493212,-0.008111532,-0.04175713,0.0009170368,0.013422903,-0.024778483
0.81639826,2.0571232,-1.2975168,-1.0315554,0.053301446,0.7034607,1.4441931,-1.3527547,-1.0545608,-0.6764048,0.22976966,-1.4328277,0.89894307,-0.56975365,-0.044499207,-0.2165502,-0.17175867,0.15079792,-0.04579249,-0.007074864,0.037194684,0.06253854,-0.03545699,-0.02586149,0.018767137,0.014352163,0.08334865,-0.008963286,-0.041194152,-0.00029283695,0.0013184058,-0.017293658
0.80032104,2.0742297,-1.2896912,-1.017365,-0.004886376,0.60030067,1.464836,-1.3523425,-1.0649297,-0.68949884,0.2436463,-1.4251379,0.9098554,-0.59160453,-0.033812243,-0.25748262,-0.1803013,0.14793083,-0.049216684,0.0045383293,0.035584535,0.063362494,-0.03521688,-0.0052939304,0.0061569875,0.014853651,0.08392054,-0.008807905,-0.040835723,0.00053030817,0.0111188525,-0.023025427
0.7616085,2.1210935,-1.2686529,-0.9789134,-0.14058347,0.37303886,1.515091,-1.348951,-1.0677636,-0.721467,0.21179244,-1.4057631,0.90783626,-0.5770755,-0.072738856,-0.13838015,-0.13389008,0.12174259,-0.04268612,0.00020374575,0.03620704,0.062420785,-0.036310565,-0.020968162,0.014543994,0.0144360885,0.083895765,-0.008428025,-0.040253103,-0.0002840949,0.0061345026,-0.020634655
0.7227699,2.1677172,-1.247902,-0.9408829,-0.2779596,0.14218156,1.5654095,-1.3458107,-1.0729138,-0.7538515,0.18591374,-1.3868114,0.9081339,-0.5694285,-0.1049712,-0.040095247,-0.09316913,0.09791217,-0.041138403,0.023130514,0.032978065,0.06473101,-0.034497473,0.031593427,0.025652649,0.012623063,0.08338748,-0.008482695,-0.03880418,0.00030024012,0.015037886,-0.027521696
0.6400017,2.2677581,-1.2030193,-0.85880166,-0.5681563,-0.34414384,1.6727923,-1.3386238,-1.079493,-0.8222197,0.11921611,-1.345481,0.9044455,-0.5399768,-0.18659762,0.20930754,0.0045514205,0.04249252,-0.02816815,0.019698892,0.033455487,0.063271165,-0.036541224,0.01220872,0.03544833,0.011973436,0.08360846,-0.007602773,-0.037461605,-0.00086865167,0.010292194,-0.02590057
0.5977076,2.3180044,-1.1812896,-0.81808287,-0.7136779,-0.58628225,1.7256489,-1.3351891,-1.0834028,-0.85714996,0.08647925,-1.3259405,0.90144235,-0.52688104,-0.22417463,0.33293375,0.05341567,0.01642138,-0.023729142,0.06823051,0.027039679,0.06930962,-0.030179026,0.12858331,0.10576167,0.005282019,0.080242984,-0.009278685,-0.033999417,-0.0006656117,0.016011795,-0.029425833
0.92865324,1.027403,-2.4565165,-1.0827962,2.219573,0.4397881,-0.28059387,0.93434423,0.68598104,-0.11330116,-0.53498214,0.48129234,-0.5713996,0.9911726,-0.29297554,0.8479016,0.3831167,-0.23193061,0.06608543,-0.06510476,0.056664485,0.06726519,-0.0591448,-0.009254267,-0.07918253,0.004234033,-0.036260843,-0.0045111687,0.026963051,-0.019771772,-0.024571968,-0.0013555383
0.9158791,1.0363612,-2.4539394,-1.0756071,2.1883469,0.38510013,-0.27131256,0.9340637,0.67621446,-0.121467985,-0.51601356,0.48377135,-0.563232,0.9670004,-0.2730974,0.7931806,0.36797234,-0.22856197,0.06361041,-0.009343733,0.049808957,0.075737275,-0.048305143,0.124583565,0.07618974,-0.007636603,-0.04354243,-0.00852095,0.031176334,-0.02160505,-0.043020118,0.010521287
0.9024039,1.0491152,-2.4466035,-1.0640588,2.131837,0.27520353,-0.25084344,0.93343514,0.6558657,-0.13240197,-0.4699407,0.49227098,-0.5363758,0.91390604,-0.23430346,0.6425098,0.3250415,-0.22366622,0.05509675,-0.05570904,0.05568332,0.067868024,-0.058569644,-0.007992671,-0.0658807,0.003899418,-0.036566254,-0.004979038,0.027341878,-0.020116756,-0.026572555,0.00037393946
0.8925188,1.0584393,-2.441004,-1.0555271,2.08782,0.18841892,-0.23495379,0.9327334,0.6383581,-0.14067183,-0.42898002,0.49893352,-0.5131512,0.86756045,-0.19886239,0.5084113,0.28605404,-0.21850921,0.049619496,-0.09402552,0.06061979,0.061210927,-0.06729642,-0.11993504,-0.18754996,0.013747484,-0.03059966,-0.0020706079,0.024281757,-0.01873637,-0.010831351,-0.007763258
0.87922233,1.0677173,-2.4381366,-1.0479052,2.0549867,0.13010064,-0.22494635,0.9324453,0.6278868,-0.14907593,-0.4081725,0.5018385,-0.5037008,0.8414186,-0.1778634,0.4472098,0.2690188,-0.21505988,0.046633624,-0.04709303,0.054884728,0.068373606,-0.058046542,-0.008687049,-0.05177281,0.003516034,-0.036913965,-0.0055386373,0.02786021,-0.020469878,-0.028300622,0.0032406943
0.85852873,1.0837958,-2.4313722,-1.0341333,1.9910052,0.010905655,-0.20380425,0.931697,0.60535693,-0.16348906,-0.35948214,0.50932604,-0.47854653,0.7835174,-0.13267155,0.2952556,0.22571969,-0.2081287,0.039701622,-0.022855911,0.052094955,0.07160873,-0.05389509,0.035242006,0.014979482,-0.001020389,-0.03980321,-0.0073409607,0.0296418,-0.021506792,-0.037675586,0.010038455
0.8471273,1.0945795,-2.425404,-1.024515,1.9442047,-0.07932118,-0.18702886,0.9312028,0.58894825,-0.17274015,-0.32292372,0.5161312,-0.45734328,0.7409659,-0.101484284,0.17612535,0.1919443,-0.20421723,0.032799613,-0.050576583,0.055567823,0.0665825,-0.060698435,-0.047480155,-0.085075885,0.00693513,-0.034925953,-0.0049313344,0.027136404,-0.02021423,-0.023382876,0.0014460115
0.8253345,1.1140267,-2.4156926,-1.0076131,1.862912,-0.23344178,-0.15880199,0.93033785,0.560894,-0.18967234,-0.2616279,0.52695477,-0.42321402,0.66873807,-0.047284845,-0.020206098,0.13640499,-0.19695093,0.021979054,-0.06275533,0.057159044,0.06354638,-0.0651377,-0.09986098,-0.15298395,0.012542805,-0.031480726,-0.0034478628,0.025633853,-0.019219195,-0.011464372,-0.005163224
0.8010997,1.1320782,-2.4084682,-0.9921511,1.7918997,-0.36531052,-0.13565552,0.92947143,0.535543,-0.20600142,-0.20679665,0.5349861,-0.39548528,0.6035051,0.0041857567,-0.19024482,0.087759145,-0.18875065,0.014815039,-0.027405972,0.053084627,0.06859901,-0.058467634,-0.030045606,-0.044354647,0.005004902,-0.03627632,-0.006287158,0.028417692,-0.020965042,-0.027983977,0.0063119917
0.7647736,1.1613148,-2.39546,-0.9669514,1.6737962,-0.5866767,-0.09598012,0.92813784,0.49413887,-0.23197123,-0.11685329,0.5494552,-0.34790003,0.49698156,0.086183995,-0.47311023,0.007328179,-0.17666529,0.00096432964,-0.0061048837,0.050806783,0.07092217,-0.055508483,-0.007517335,0.011785542,0.0018379254,-0.03842678,-0.007866406,0.029834898,-0.022124074,-0.037669405,0.013499489
0.73859745,1.1838046,-2.3849425,-0.9476101,1.5823373,-0.75836337,-0.06477341,0.9271995,0.46314362,-0.2516616,-0.05024727,0.5610231,-0.31153026,0.41761664,0.14626387,-0.6846007,-0.05230712,-0.16841343,-0.010646812,0.0044543887,0.049531054,0.0711525,-0.056004416,-0.004953429,-0.006555763,0.003422168,-0.037367176,-0.007747791,0.029892564,-0.021431768,-0.02863024,0.009093618
0.72201025,1.1978905,-2.3784976,-0.93560547,1.5237657,-0.868479,-0.045110665,0.9263911,0.44205877,-0.26430658,-0.004144766,0.5681577,-0.28716066,0.36322558,0.18933976,-0.8305485,-0.09425123,-0.1618439,-0.015892714,0.022985566,0.04731629,0.07276687,-0.05468591,0.022809867,-0.0011217261,0.002903383,-0.03754169,-0.008347085,0.03086868,-0.020838376,-0.020369668,0.007088661
0.6781995,1.2492846,-2.3555524,-0.8931855,1.3752264,-1.1177673,0.009887394,0.9301291,0.43846843,-0.29944322,-0.037367873,0.589449,-0.28864083,0.3775153,0.14744951,-0.7051902,-0.044869594,-0.19023365,-0.010132225,0.008965426,0.049256608,0.070886634,-0.056363747,-0.01599506,0.018143509,0.0022615716,-0.037894677,-0.007901356,0.031087365,-0.022588998,-0.035388354,0.013900129
0.6414226,1.2936538,-2.3357358,-0.85696626,1.2445852,-1.3373477,0.05783463,0.9331361,0.43377364,-0.33018926,-0.06253391,0.6075751,-0.2884631,0.3854121,0.11616889,-0.6100323,-0.0056982017,-0.21316196,-0.00808243,0.027640147,0.046599735,0.07258915,-0.055255454,0.025794988,0.020857621,0.0011651145,-0.03799539,-0.0077630593,0.032286346,-0.021958936,-0.025995184,0.0070831077
0.587141,1.359519,-2.3060384,-0.8028466,1.0535709,-1.6576828,0.12870249,0.93790334,0.4296662,-0.37507695,-0.10692059,0.6349959,-0.29083976,0.40545896,0.061562195,-0.4444235,0.058983296,-0.25004494,0.0010993151,0.016816428,0.04805325,0.07045022,-0.057907138,-0.008604705,0.015144774,0.0018831394,-0.03721184,-0.0068120635,0.032706756,-0.02282745,-0.030050544,0.008792818
0.57098144,1.3794295,-2.2980788,-0.78734666,0.99700135,-1.7492071,0.14848505,0.9391715,0.42899483,-0.38919944,-0.12333836,0.64159,-0.29492584,0.41349205,0.046543527,-0.38317278,0.081958115,-0.2598574,0.004308101,0.084597655,0.039152138,0.079148814,-0.048695516,0.15771332,0.09712458,-0.006381035,-0.041496374,-0.009450245,0.036944892,-0.02165617,-0.015632946,0.0026232135
0.565602,1.3855163,-2.2943976,-0.7815023,0.978357,-1.7836554,0.15654464,0.9397755,0.42809853,-0.39282873,-0.12466444,0.64571905,-0.29197457,0.41352424,0.04005246,-0.3783361,0.08470266,-0.26452467,0.004825637,0.01658173,0.04809047,0.070100084,-0.058468558,-0.012265224,0.015441228,0.0018209766,-0.03706195,-0.0065648635,0.03308835,-0.023017433,-0.029989423,0.008709348
0.5563207,1.3968877,-2.2903695,-0.77306676,0.9464658,-1.8336849,0.16705525,0.94040644,0.4277651,-0.4012105,-0.13483961,0.64863986,-0.2957116,0.41838273,0.032728698,-0.33994728,0.09895146,-0.2692922,0.006262506,0.08987206,0.038463287,0.079718925,-0.04811307,0.16918485,0.1084426,-0.007359591,-0.041949276,-0.0095791,0.03752046,-0.02182967,-0.016193334,0.0027246953
0.52224284,1.4369644,-2.2719646,-0.7397276,0.82813597,-2.0346332,0.21118192,0.9432471,0.4231108,-0.4286763,-0.15537256,0.66599375,-0.29346198,0.42400938,0.0036091283,-0.26159447,0.13201632,-0.29072356,0.0074197715,0.060040418,0.042251028,0.07538225,-0.053079773,0.09167311,0.07191871,-0.0037666962,-0.039766125,-0.007818131,0.03603862,-0.022707684,-0.023502763,0.0036821037
0.45398143,1.5200433,-2.234445,-0.67145574,0.58722395,-2.4386766,0.30063337,0.9492688,0.4180797,-0.48524392,-0.21177527,0.7006479,-0.2965345,0.44975677,-0.06568842,-0.051501118,0.21391152,-0.33742478,0.019451184,0.04471526,0.04429852,0.072370715,-0.056866355,0.043747175,0.057582382,-0.0023452982,-0.038443673,-0.006468261,0.036453526,-0.023668297,-0.02707924,0.0052023944
0.44092885,1.5349144,-2.228837,-0.6598942,0.54557747,-2.5055356,0.3149003,0.95020545,0.41744706,-0.49595758,-0.2236619,0.70520324,-0.29996464,0.45526838,-0.07625955,-0.0061338083,0.23101586,-0.34428635,0.020996213,0.10322564,0.03667586,0.08030412,-0.047969226,0.18897635,0.15158062,-0.0109072225,-0.04316869,-0.00917423,0.04025301,-0.023378098,-0.022757549,0.0037510316
0.42273733,1.5561996,-2.2204437,-0.64319044,0.4855746,-2.6026397,0.3358487,0.9515998,0.4166388,-0.51107174,-0.24062212,0.71222526,-0.30424508,0.46344322,-0.092392266,0.058236964,0.25527686,-0.3547208,0.023740754,0.16786964,0.028280122,0.08906717,-0.038093604,0.3489545,0.25966653,-0.020642767,-0.048542038,-0.012206497,0.044595867,-0.023216434,-0.019215146,0.002959697
0.408301,1.573848,-2.211575,-0.62801737,0.43267965,-2.694485,0.35644564,0.9529594,0.41460392,-0.5227245,-0.24899292,0.72102386,-0.30144668,0.46587595,-0.106950186,0.08904286,0.2685615,-0.3653461,0.025225533,0.1120996,0.035503674,0.08114835,-0.0471898,0.20726909,0.17030346,-0.012550988,-0.0438604,-0.009281624,0.041327823,-0.023727741,-0.02364781,0.0036659273
-0.47568768,-2.4826179,-0.22970758,-2.099592,-0.6742882,0.9879978,0.4570807,0.6065444,0.2139993,0.11011497,-0.097635664,-0.72928786,-0.6625408,0.25986853,0.012349901,0.37058818,0.35668468,-0.0027564827,0.046513855,-0.0014876708,0.000308193,0.00836691,0.012202007,0.044715967,0.04380764,-0.009096756,0.003970095,0.0057594413,-0.00023584947,0.012364002,-0.043129906,0.03834024
-0.50325954,-2.4582355,-0.21762417,-2.0783436,-0.7748551,0.79769266,0.49207276,0.6055883,0.18002594,0.089036226,-0.023991864,-0.7158418,-0.62121934,0.17267895,0.076868735,0.13483325,0.2903607,0.005565174,0.032419357,-0.019194406,0.002587567,0.0043909517,0.006566185,-0.025031595,-0.038703956,-0.0021667427,0.00818771,0.0076687816,-0.002278665,0.01339563,-0.030844878,0.030672215
-0.55070555,-2.4208112,-0.20081557,-2.0458124,-0.92912996,0.50647837,0.54386306,0.60355777,0.12340274,0.0553708,0.10130208,-0.6967794,-0.55539244,0.02581947,0.19160935,-0.260518,0.17673363,0.023318153,0.015792051,0.0005214609,0.00078211207,0.006034389,0.008720532,-0.020335933,0.013905362,-0.0045267483,0.0064242054,0.0060099885,-0.00082222425,0.012071702,-0.040719144,0.04028632
-0.58151615,-2.3939219,-0.18821684,-2.0227451,-1.0369647,0.3048091,0.5808167,0.60262966,0.08823453,0.03210677,0.17575713,-0.6830674,-0.5141884,-0.06363525,0.25799343,-0.4967222,0.110843174,0.03182889,0.000994871,0.010505813,-0.0004844066,0.0061038844,0.007953843,-0.020853342,-0.00881828,-0.0025454808,0.0077235703,0.006305532,-0.0010090693,0.012776768,-0.031774975,0.034724407
-0.6887082,-2.2691805,-0.1321492,-1.9199809,-1.4118112,-0.33243498,0.7181045,0.61031693,0.06532843,-0.055389043,0.13304573,-0.63057053,-0.5004061,-0.0698162,0.19529514,-0.31905568,0.1923063,-0.026730567,0.008245026,0.020330636,-0.0018173557,0.005533175,0.006164546,-0.019693961,-0.010207241,-0.0026947262,0.0085238265,0.0073360396,0.0007340931,0.012363323,-0.027060002,0.030462109
-0.75022924,-2.1940644,-0.099229276,-1.8590455,-1.6280065,-0.6915907,0.7972705,0.6156307,0.061737232,-0.106995806,0.07807707,-0.6008771,-0.50691694,-0.043448992,0.13305981,-0.11463843,0.27064013,-0.06798226,0.020426039,0.07310595,-0.008687911,0.011584363,0.012189248,0.10240569,0.057688095,-0.009513111,0.0053776796,0.005748268,0.0050570793,0.012774949,-0.016095163,0.026284676
-0.78103286,-2.1576767,-0.082470864,-1.8287132,-1.7348244,-0.87281704,0.837257,0.6182637,0.058144435,-0.13178506,0.05778276,-0.58503675,-0.505487,-0.036483906,0.10494077,-0.03803849,0.30210942,-0.08801804,0.022949046,0.04063665,-0.004496019,0.0068923524,0.006858133,0.018084135,0.017759444,-0.005591949,0.007728535,0.0075345333,0.0035115466,0.011903395,-0.02320067,0.028023949
-0.8206961,-2.1090925,-0.060287207,-1.7886764,-1.8761538,-1.1104823,0.8899679,0.6218067,0.055071708,-0.16475484,0.0253564,-0.56442964,-0.5066104,-0.02181846,0.06423032,0.08260167,0.34934202,-0.11558525,0.029945686,0.019604534,-0.0017310232,0.0034595926,0.0027465257,-0.040205766,-0.010066298,-0.0029971707,0.009496614,0.008916743,0.0030039197,0.011261082,-0.026193576,0.029132664
-0.86377317,-2.0584514,-0.038519595,-1.7477026,-2.0235085,-1.3558761,0.9432427,0.6251964,0.050238404,-0.20019147,-0.005277125,-0.5449095,-0.5088442,-0.011272742,0.028752863,0.19955355,0.39655894,-0.1409911,0.03223707,0.07653337,-0.009298763,0.010747331,0.0105646225,0.098065466,0.075783245,-0.011026305,0.0053432393,0.006857071,0.006843473,0.011423762,-0.02136273,0.025155056
-0.9189836,-1.9907829,-0.007736826,-1.6920038,-2.219865,-1.6855764,1.0164001,0.63013834,0.046339374,-0.2461112,-0.051611844,-0.5163818,-0.51112854,0.010295919,-0.02858875,0.3716197,0.4634686,-0.17949733,0.042745773,0.05330451,-0.0062212087,0.006748953,0.0056819646,0.031702414,0.04449465,-0.008160425,0.007408968,0.00850686,0.006546299,0.010651017,-0.024032038,0.026404956
-0.9663537,-1.9356418,0.015546188,-1.6475712,-2.37919,-1.949603,1.0736307,0.63382703,0.041603066,-0.2848192,-0.086638525,-0.4957092,-0.5150916,0.023330025,-0.06775497,0.50555605,0.5167932,-0.2069896,0.045803204,0.13221823,-0.016592687,0.017233828,0.017347557,0.22517458,0.17883433,-0.02022327,0.0009037385,0.005165147,0.011962908,0.010524052,-0.021856856,0.024321668
0.651819,2.0761266,1.1203873,-0.612494,-0.73853356,2.8751695,0.40621158,-0.07864876,0.65126306,0.9655021,-0.6818661,0.663347,-0.89728206,0.6015724,-0.22137761,0.8842015,0.3154793,-0.043967456,0.06648658,-0.11936774,0.012768315,0.0127844745,0.023182347,0.17864552,0.05947418,0.0002274551,0.010968013,-0.0050095054,-0.009176338,0.017701719,-0.045559254,0.03120032
0.6456833,2.0826337,1.1250122,-0.60621417,-0.771154,2.809182,0.41863498,-0.07912689,0.638185,0.95993674,-0.6505649,0.66898984,-0.8784737,0.56667274,-0.19588177,0.77955604,0.28512278,-0.04067603,0.061377533,-0.17436275,0.019732097,0.003802033,0.011620581,0.028939055,-0.09967307,0.013011207,0.018698102,-0.0010155553,-0.013472459,0.019356638,-0.027556568,0.02053991
0.6358143,2.0925732,1.1311179,-0.59714156,-0.8168686,2.7194364,0.43542472,-0.07968269,0.6212977,0.95143145,-0.6117365,0.67611945,-0.8556279,0.5223712,-0.16345082,0.6517594,0.24854842,-0.036583774,0.054448936,-0.22142336,0.025686381,-0.0040916484,0.0013490149,-0.103108436,-0.24236193,0.024516448,0.025664575,0.0025388685,-0.017294483,0.02088121,-0.010815542,0.010422927
0.62190276,2.1018903,1.133787,-0.589522,-0.8502026,2.6602073,0.44532144,-0.08008651,0.60988575,0.94277024,-0.5884717,0.6788457,-0.84546417,0.49355444,-0.13933758,0.5832869,0.22904515,-0.032234285,0.052328102,-0.16554768,0.018882843,0.0043326006,0.012152553,0.02889828,-0.08606567,0.012651659,0.018369667,-0.0015431854,-0.012994158,0.019016607,-0.02925072,0.023046356
0.6168582,2.107713,1.1378722,-0.5840624,-0.87892264,2.6026893,0.45621294,-0.08047522,0.59886074,0.9378427,-0.5624742,0.68370134,-0.82974195,0.464357,-0.11812472,0.49643734,0.20404267,-0.029633144,0.047754668,-0.20856482,0.024290347,-0.002814969,0.0028221048,-0.08874243,-0.21803647,0.023130408,0.024748817,0.0017328828,-0.016463706,0.02052905,-0.012879391,0.013265416
0.5819469,2.1362352,1.1500558,-0.5598002,-0.9886771,2.4001522,0.4929731,-0.08130241,0.5640083,0.9130517,-0.49028736,0.6967733,-0.7910709,0.3763909,-0.052696344,0.27153707,0.14176103,-0.021053402,0.032993607,-0.17048386,0.019639013,0.0022388466,0.009030128,-0.015896196,-0.12622596,0.016720911,0.020749459,-0.00063712604,-0.014157628,0.019254657,-0.024989385,0.01939079
0.5284499,2.1806827,1.1712648,-0.5210646,-1.1766189,2.0430005,0.55697656,-0.08386199,0.49462786,0.87322724,-0.33576778,0.7208628,-0.7082727,0.19605905,0.08781152,-0.22057137,0.0002211645,0.0002661998,0.012314663,-0.1699855,0.020134943,-0.0003978297,0.004705205,-0.07254766,-0.18822522,0.02273237,0.02433918,0.00016179621,-0.014827899,0.020231837,-0.009504807,0.015767515
0.51768064,2.187879,1.173654,-0.51495075,-1.2034526,1.9940423,0.5653097,-0.08419582,0.48497152,0.86659074,-0.3151605,0.7235059,-0.698591,0.17128573,0.10785817,-0.2828053,-0.017660843,0.003739893,0.010087634,-0.14439967,0.017149236,0.0036402917,0.010203604,-0.0149698835,-0.0981477,0.016299427,0.020261254,-0.0020838175,-0.012654295,0.01874085,-0.02442284,0.025353888
0.51047444,2.1951644,1.1776161,-0.5086476,-1.234943,1.9339528,0.5764687,-0.08453633,0.47422382,0.8603243,-0.29163688,0.72788477,-0.68505317,0.1436298,0.12844947,-0.35922185,-0.03921337,0.006329579,0.005727614,-0.15318982,0.01818799,0.0015397405,0.006979591,-0.046067193,-0.1547321,0.020522077,0.022951135,-0.0008540901,-0.013763341,0.019839033,-0.012275203,0.018523034
0.46256232,2.234357,1.1947478,-0.47516057,-1.3893437,1.647014,0.62829596,-0.08595757,0.42299083,0.82595223,-0.18313271,0.7465311,-0.62718093,0.013180639,0.2271105,-0.69904953,-0.1345,0.019991292,-0.013847179,-0.110812224,0.013167918,0.0067557613,0.013318025,0.024259197,-0.057262957,0.014086977,0.01886496,-0.003492977,-0.011203238,0.018395027,-0.024947247,0.026212566
0.42139786,2.2738829,1.2123523,-0.44199458,-1.5293629,1.3950483,0.6769286,-0.08580437,0.39051503,0.7943696,-0.12705694,0.76453537,-0.592157,-0.06206276,0.2759677,-0.8682986,-0.17839578,0.019648755,-0.019088946,-0.08255522,0.009919094,0.009551227,0.016250733,0.06637445,-0.014321414,0.011095337,0.017198777,-0.004870406,-0.009076084,0.018106746,-0.023694577,0.029112125
0.41173115,2.2865896,1.2180833,-0.4318023,-1.5669732,1.3322172,0.6907059,-0.08496343,0.38944924,0.7855922,-0.13532259,0.7696588,-0.5926013,-0.058832165,0.26665547,-0.83782566,-0.16624139,0.01294176,-0.01767054,-0.069122724,0.0080624465,0.010842338,0.017123876,0.097483195,-0.018949496,0.010735573,0.017306011,-0.0049077463,-0.008361333,0.018924827,-0.013947615,0.023989236
0.40401733,2.2947135,1.2216144,-0.42492482,-1.5896604,1.2941489,0.69916433,-0.084318645,0.389137,0.7800894,-0.14098234,0.7730366,-0.5930624,-0.05596268,0.25915092,-0.81618357,-0.15799414,0.008233127,-0.016468063,-0.07942497,0.009511942,0.0097626755,0.016385853,0.071958244,-0.007338671,0.010476344,0.016982697,-0.004850798,-0.008578107,0.017927326,-0.024009211,0.02912456
0.38196295,2.3218582,1.2337029,-0.40294415,-1.6699009,1.1596141,0.72847384,-0.08251588,0.38618988,0.76120967,-0.15641668,0.78396785,-0.59316534,-0.051249936,0.24054365,-0.75778824,-0.1338934,-0.005582822,-0.015396124,-0.05846052,0.0066093802,0.0120020285,0.018268438,0.12115385,0.001646069,0.008910436,0.016480692,-0.0050786636,-0.0073514837,0.018622018,-0.014955895,0.023304973
0.31101513,2.4065475,1.2717258,-0.33320642,-1.9153005,0.74780273,0.81942546,-0.07638288,0.38043982,0.7033826,-0.21192229,0.81916344,-0.59569734,-0.027023928,0.17127195,-0.5494573,-0.05201105,-0.05259343,-0.005040774,-0.07691809,0.009118552,0.009059526,0.0151196895,0.06721659,0.011813017,0.008968386,0.01678044,-0.0040557897,-0.0069425036,0.016683944,-0.029334525,0.02954768
0.27585644,2.448468,1.2899498,-0.29922265,-2.0372834,0.5444237,0.863767,-0.073541194,0.37679276,0.6742101,-0.23818684,0.83558047,-0.5975714,-0.017218785,0.1407555,-0.45013356,-0.01229855,-0.07415452,-0.0020209376,-0.037779886,0.003892679,0.013810245,0.019961655,0.16080917,0.060961694,0.0040427665,0.01439893,-0.005231848,-0.0042680125,0.017063405,-0.022471407,0.025134454
0.37851566,-0.07128498,-0.2660779,0.21835041,-0.048725277,0.05817952,-1.2085125,-0.7923116,-0.54816675,1.0875938,0.47783315,-0.7630951,-0.33892298,2.4834504,0.29516,0.024632877,-0.6528296,2.1362188,-0.17716071,-0.03545261,0.0063734446,0.021448754,0.038385984,-0.006855794,0.083840124,-0.013464002,-0.0028778582,0.01072078,-0.037133433,-0.00222855,0.033528376,0.036255825
0.3493296,-0.045816753,-0.25380823,0.24039839,-0.15282704,-0.13794647,-1.1726156,-0.7933146,-0.58321774,1.0654742,0.553362,-0.74953353,-0.2970353,2.3936684,0.36215204,-0.2161288,-0.7205448,2.1450546,-0.19123775,-0.039638557,0.0069554914,0.019422937,0.035111003,-0.043661226,0.030984778,-0.008954306,-9.588856e-05,0.011803705,-0.038220894,-0.0013697462,0.044216286,0.030019943
0.32454875,-0.025018264,-0.24404481,0.25835025,-0.24010251,-0.3030335,-1.1430538,-0.79449314,-0.61501133,1.046839,0.6235916,-0.7385752,-0.2595658,2.3112984,0.42657363,-0.43932542,-0.7846011,2.1548352,-0.20064463,-0.028465878,0.0057492335,0.01967878,0.034725662,-0.042327315,0.017107733,-0.0076086177,0.00078841025,0.0116885295,-0.03787271,-0.0007530183,0.053181358,0.027575651
0.3095405,-0.014041868,-0.23935878,0.26801407,-0.28445193,-0.3866938,-1.1282979,-0.79506093,-0.6315233,1.0369205,0.6603229,-0.7331555,-0.24058735,2.2683573,0.4600104,-0.5543267,-0.81774396,2.1601274,-0.20547883,-0.025153589,0.0056536174,0.02026328,0.036013667,-0.04599648,0.05662899,-0.009673961,-0.00073801423,0.010793318,-0.037295055,-0.0020297351,0.04077226,0.035452023
0.2683237,0.03460097,-0.2173606,0.3082071,-0.42784625,-0.6292284,-1.0752496,-0.79174566,-0.6373419,1.0033903,0.6354117,-0.7125816,-0.2385805,2.2749302,0.4266722,-0.45812654,-0.7778315,2.1347492,-0.200927,-0.038630214,0.0074218106,0.017912194,0.033174466,-0.08631226,0.042884566,-0.008215971,0.00033894106,0.01178993,-0.0374604,-0.0027246175,0.036909547,0.03653765
0.2527874,0.0548374,-0.208333,0.32438385,-0.48797688,-0.72965956,-1.0533707,-0.79045177,-0.6393709,0.9892863,0.62298983,-0.7045661,-0.23909423,2.279106,0.4129418,-0.41222128,-0.7591824,2.1244984,-0.1993806,-0.009096547,0.0033467235,0.0209529,0.035490222,-0.016586564,0.038532324,-0.009346905,0.00027342528,0.011539747,-0.035980534,-0.0010626975,0.056132417,0.026227372
0.23563062,0.07455141,-0.19941442,0.34086344,-0.5448752,-0.82572085,-1.0320971,-0.7889794,-0.6407844,0.9758998,0.6106369,-0.6961309,-0.23915546,2.284381,0.39646143,-0.36563507,-0.74074906,2.1133685,-0.19714172,-0.027378595,0.005796504,0.01855348,0.033076614,-0.063549176,0.03208988,-0.008137701,0.00090137974,0.012213467,-0.03662154,-0.0020346635,0.047118142,0.030323254
0.19410574,0.124861814,-0.17698427,0.3818356,-0.6929234,-1.074216,-0.97783154,-0.78556836,-0.6459685,0.9410314,0.58166844,-0.67568606,-0.23933144,2.2937872,0.36078158,-0.25591844,-0.6957673,2.087344,-0.19468333,-0.0030448698,0.002401599,0.021025315,0.035073522,-0.007946192,0.04688452,-0.010255793,0.00023898769,0.012087587,-0.034984272,-0.0015050451,0.05583461,0.02374685
0.06761994,0.27659664,-0.10882682,0.5066326,-1.1339784,-1.8148129,-0.81453437,-0.774721,-0.65715814,0.8371965,0.48402148,-0.6126955,-0.24286547,2.334715,0.23951383,0.10960042,-0.55122983,2.0040016,-0.17728417,-0.016318783,0.004046041,0.017492581,0.030172545,-0.057600547,0.032575723,-0.009040983,0.0019344345,0.014182582,-0.03379881,-0.0028543924,0.05260355,0.022810528
0.032720022,0.31842792,-0.09103858,0.54028225,-1.2536925,-2.012345,-0.7712854,-0.7718274,-0.6591783,0.808158,0.45307156,-0.596938,-0.2476773,2.3493547,0.20597485,0.22569048,-0.50682884,1.9818362,-0.17127131,0.03972436,-0.0032334374,0.024730429,0.038098622,0.07803325,0.12276663,-0.017314583,-0.00242687,0.01183477,-0.02969897,-0.002752261,0.05722679,0.021402068
0.0049759364,0.3519599,-0.075035326,0.56851304,-1.3530596,-2.1823907,-0.73352325,-0.7693541,-0.66268206,0.7855795,0.43527701,-0.58154625,-0.24489293,2.3551934,0.17945868,0.2920388,-0.47915232,1.9627212,-0.16861135,-0.016280765,0.0039848615,0.016587464,0.02861881,-0.065818116,0.03181697,-0.0091390535,0.002418375,0.01497681,-0.032841973,-0.0033452378,0.052943673,0.021455117
-0.053478647,0.4212565,-0.045902133,0.6241142,-1.5512234,-2.5087898,-0.6623189,-0.7646097,-0.6663877,0.73723876,0.3848314,-0.5558932,-0.2531354,2.378361,0.12532309,0.4824102,-0.40602174,1.9267274,-0.1599746,0.09110277,-0.00996029,0.0308209,0.04452672,0.19639724,0.2166589,-0.02570552,-0.0065335,0.010188009,-0.025124239,-0.0034721901,0.057158362,0.020583471
-0.06760543,0.44033688,-0.034630533,0.6414393,-1.6113107,-2.6176739,-0.6372594,-0.76298773,-0.66946834,0.7254175,0.379563,-0.5439276,-0.24523921,2.3782806,0.10821934,0.49985802,-0.39648214,1.9134187,-0.15825544,-0.054047477,0.008815699,0.010204926,0.020664318,-0.17059976,-0.03472583,-0.003436614,0.006309705,0.017845107,-0.03409674,-0.004020997,0.052232467,0.019801136
-0.08428047,0.45814684,-0.029578598,0.654312,-1.6575712,-2.686377,-0.6231411,-0.761965,-0.6685027,0.7119658,0.35923278,-0.54095,-0.2553,2.390128,0.09489549,0.57802665,-0.36896968,1.906371,-0.15471575,0.09938799,-0.01100941,0.03159962,0.045272052,0.21307307,0.23594761,-0.027362209,-0.0072474703,0.010023884,-0.023998167,-0.0038411648,0.0561999,0.021173537
-0.099138424,0.4767577,-0.01980874,0.67049646,-1.7147179,-2.7869601,-0.600586,-0.7605437,-0.6714323,0.6997536,0.35278812,-0.5310876,-0.2505076,2.3903744,0.080693334,0.60155,-0.35751283,1.8951902,-0.15429811,0.024036916,-0.0013269482,0.020774774,0.032621667,0.021928513,0.10190829,-0.015587931,-0.00038227692,0.014197559,-0.028697133,-0.0040955963,0.05427004,0.01957565
-0.1639738,0.55589396,0.01658726,0.73583275,-1.9473121,-3.1799333,-0.5138262,-0.75488967,-0.67848283,0.64580977,0.3056575,-0.49713293,-0.24926965,2.4081926,0.018912802,0.77805483,-0.28610292,1.8515128,-0.14696594,-0.015625441,0.0036813992,0.014229453,0.024475304,-0.08608693,0.028512398,-0.009342265,0.003763597,0.017189594,-0.030378649,-0.0046309265,0.05392734,0.016872017
-0.2049006,0.603004,0.035699856,0.7734432,-2.0804517,-3.397555,-0.46659258,-0.7516915,-0.68058574,0.6126785,0.2699026,-0.48057383,-0.25667578,2.4250977,-0.017777065,0.9136561,-0.23458883,1.8276322,-0.14103483,0.08346215,-0.009126242,0.0277766,0.039991308,0.15834339,0.21221435,-0.025409084,-0.0051660077,0.012354832,-0.023343753,-0.005041764,0.053379666,0.018627532
-0.24126521,0.6448214,0.05221655,0.8065137,-2.1973503,-3.5868063,-0.42556193,-0.74885625,-0.68160105,0.5831664,0.23544723,-0.46658197,-0.2654075,2.442694,-0.05142556,1.0442605,-0.18589272,1.806469,-0.13453713,0.19405776,-0.023358904,0.043086518,0.057702683,0.4322399,0.42285746,-0.04367774,-0.015435826,0.006710674,-0.0154821705,-0.0055862567,0.051307738,0.022079939
-0.2639193,0.6736844,0.06713915,0.8313652,-2.285278,-3.740454,-0.391076,-0.7466637,-0.685477,0.5641888,0.22324398,-0.45171192,-0.25946677,2.4451578,-0.07433917,1.0884763,-0.16590999,1.7890469,-0.13260762,0.09416414,-0.010535789,0.028506879,0.040454615,0.17762396,0.23541215,-0.027479017,-0.005881507,0.01244262,-0.021691473,-0.005636448,0.052350905,0.018423228
-0.34250873,0.7671047,0.10753415,0.9071482,-2.553983,-4.186605,-0.29324633,-0.7401179,-0.69110143,0.49958786,0.1582531,-0.4153472,-0.2670073,2.4743104,-0.14860433,1.3332676,-0.07095174,1.7391745,-0.1211917,0.16984889,-0.020318706,0.03830465,0.051457528,0.35837224,0.38445845,-0.040405534,-0.012737464,0.009173906,-0.015467697,-0.0066136736,0.049166795,0.02047294
-0.36623782,0.7930383,0.116425075,0.92695653,-2.6234818,-4.294859,-0.27019393,-0.7384287,-0.6904387,0.48078465,0.13236474,-0.40861824,-0.27700096,2.4891055,-0.16992685,1.432234,-0.03545832,1.7270174,-0.116070084,0.3016865,-0.03723761,0.056949046,0.0733156,0.68778807,0.64257723,-0.062573396,-0.025426421,0.0020635212,-0.006318253,-0.0073152636,0.044384137,0.026249306
-0.38439807,0.81698793,0.12967418,0.94799536,-2.6990988,-4.429774,-0.23987868,-0.736616,-0.6951792,0.46522582,0.12699649,-0.3950424,-0.2683361,2.4866123,-0.18691531,1.4511333,-0.023955645,1.712494,-0.11671203,0.18130845,-0.021865591,0.039402414,0.052450314,0.3822952,0.40729076,-0.042437553,-0.013579814,0.009083031,-0.014171208,-0.00703386,0.048109386,0.01986233
1.0064269,1.9001459,-1.3707408,-1.167894,0.7000047,1.9244144,1.2241728,-1.3451903,-0.8251617,-0.53736037,-0.27326733,-1.5150299,0.62824714,0.022535369,-0.49849337,1.3785831,0.28286687,0.08477279,0.03188035,-0.02566667,0.037750825,0.06660482,-0.02870554,0.1052568,0.07385509,0.0046810945,0.07820085,-0.008961439,-0.04054772,0.00033179673,-0.006150438,-0.021848472
0.98765576,1.9175782,-1.3612329,-1.152347,0.62537086,1.7809138,1.2508947,-1.3459115,-0.8509509,-0.55224776,-0.21606499,-1.5042082,0.6614245,-0.044185795,-0.45009786,1.1928235,0.23040594,0.090683065,0.020471592,-0.07156465,0.043556117,0.058695845,-0.03906347,-0.029300978,-0.068886,0.01638675,0.08526754,-0.0053776857,-0.044480797,0.0017714687,0.009816105,-0.03235293
0.97520584,1.9286249,-1.354891,-1.1422744,0.5733305,1.678523,1.2693677,-1.3468251,-0.87227166,-0.5622496,-0.16601868,-1.4966063,0.68910843,-0.10076634,-0.40589336,1.0299417,0.18274926,0.097527966,0.014819042,-0.10740524,0.048270386,0.052266173,-0.04750703,-0.13900451,-0.18528302,0.025933273,0.09102882,-0.0026822397,-0.047291096,0.0030865672,0.025424091,-0.03936868
0.95171106,1.9469421,-1.3473246,-1.1266391,0.50208217,1.5466427,1.2928989,-1.3475307,-0.89629555,-0.5785012,-0.11515471,-1.4883511,0.7155441,-0.16202071,-0.3587831,0.8717415,0.13815127,0.10444816,0.006509649,-0.07560688,0.044478092,0.056587994,-0.042079117,-0.07639938,-0.103516474,0.020150734,0.087410904,-0.0048598237,-0.04509185,0.0019715072,0.015107492,-0.03254097
0.94041336,1.9546182,-1.3449235,-1.1202992,0.47362858,1.4953676,1.3015229,-1.3479114,-0.9064624,-0.58564717,-0.09373295,-1.4858078,0.7252171,-0.1879669,-0.33722764,0.80781436,0.119784296,0.10830531,0.0045973565,-0.03791171,0.039976146,0.062386338,-0.034440514,0.01095169,0.013580751,0.011508334,0.08202133,-0.007862647,-0.042041525,0.00032059784,-0.0012846044,-0.021553691
0.94061446,1.9571519,-1.3416494,-1.1175191,0.4559073,1.4569402,1.3092544,-1.3482138,-0.91394854,-0.58755195,-0.07472083,-1.4817517,0.73816824,-0.20836,-0.32321578,0.7404163,0.10019456,0.10961948,0.0009130763,-0.09997154,0.047632087,0.051998593,-0.04829726,-0.15307306,-0.19388093,0.02741784,0.09185451,-0.0027938616,-0.04719397,0.0031618574,0.028876498,-0.039440256
0.9324644,1.9623601,-1.3403788,-1.1132891,0.43871716,1.4272466,1.3141952,-1.3483388,-0.91923356,-0.5923179,-0.06468623,-1.4805326,0.74216914,-0.22137086,-0.31254596,0.71242076,0.092494294,0.11150234,-0.00044635075,-0.0656737,0.043458417,0.057438694,-0.04111315,-0.0696336,-0.0849867,0.019271228,0.0867916,-0.005503704,-0.044463694,0.0016285944,0.013122949,-0.029864913
0.9012017,1.9874777,-1.3293936,-1.0917445,0.3382246,1.2396256,1.3478085,-1.3494303,-0.95399684,-0.6146041,0.010251841,-1.4684119,0.78164816,-0.3105394,-0.2439371,0.47747895,0.025891975,0.121564955,-0.01224538,-0.039869465,0.040534247,0.06059823,-0.03712571,-0.030482067,-0.018131256,0.015023259,0.08403257,-0.0073344405,-0.04272084,0.00048368474,0.003154221,-0.022829423
0.87820196,2.007817,-1.319479,-1.0741254,0.25493267,1.0825797,1.3766432,-1.3502119,-0.9818649,-0.63220793,0.07021978,-1.4574629,0.81515706,-0.38187194,-0.19097404,0.28588417,-0.027902007,0.12841572,-0.023727372,-0.045860745,0.04129273,0.058489844,-0.040468052,-0.0664865,-0.07341935,0.019546568,0.08684928,-0.006159711,-0.04387364,0.0014250955,0.014320708,-0.029487072
0.8426884,2.037353,-1.3060248,-1.0487493,0.13467963,0.8569584,1.4172609,-1.3515732,-1.0237137,-0.6583584,0.16091274,-1.4425826,0.8636465,-0.48941904,-0.10828823,-0.0005988472,-0.10923153,0.1404035,-0.03794188,-0.0244091,0.038849875,0.060289312,-0.038767725,-0.045030992,-0.05153353,0.018495603,0.086181365,-0.007087636,-0.04284011,0.0013334694,0.01600741,-0.02854545
0.8110692,2.0623112,-1.2950096,-1.0272381,0.032018628,0.6638348,1.4514695,-1.3529618,-1.0614346,-0.68090093,0.24421674,-1.4301847,0.90692174,-0.5871577,-0.031305876,-0.26246136,-0.18453716,0.15249571,-0.048507657,-0.0010165969,0.036389098,0.06298709,-0.035267126,-0.016137939,0.012947431,0.014634519,0.08360932,-0.008964298,-0.041044798,0.00012133502,0.006098427,-0.019790532
0.77431524,2.1071794,-1.2747966,-0.9907291,-0.10282948,0.4358377,1.5007606,-1.3501563,-1.0684928,-0.71232754,0.22483186,-1.411662,0.90998495,-0.5857476,-0.056601007,-0.18676573,-0.1510862,0.1309307,-0.047579825,0.026414623,0.032493055,0.06540153,-0.033916663,0.044865828,0.00027417054,0.014154955,0.08408631,-0.008714945,-0.039656967,0.0016982614,0.025663137,-0.03188555
0.73497397,2.153996,-1.2538698,-0.95212656,-0.23697045,0.21153341,1.550586,-1.3466638,-1.0704539,-0.74409103,0.19098228,-1.3922839,0.9070112,-0.5688078,-0.09793762,-0.060340963,-0.10274693,0.104041874,-0.039464872,0.010567311,0.034771703,0.06328604,-0.035785787,0.0010768241,0.019094748,0.013614005,0.083760165,-0.008353437,-0.039360348,-7.291475e-05,0.010754266,-0.023667049
0.7079115,2.1865768,-1.2395766,-0.9256936,-0.33223584,0.05232586,1.5853059,-1.3444666,-1.0734916,-0.76674396,0.1711235,-1.3793683,0.9060336,-0.56176174,-0.121299356,0.014584853,-0.07252827,0.0872943,-0.037328016,0.03822817,0.031026375,0.06644917,-0.032805838,0.06651919,0.043348387,0.010779334,0.08254783,-0.008949344,-0.037569378,0.00049640925,0.018978579,-0.02878618
0.6722152,2.2296722,-1.220848,-0.89082927,-0.45690522,-0.15487204,1.6306784,-1.3414962,-1.0763898,-0.7965939,0.14173962,-1.3625574,0.90295255,-0.54911125,-0.15464051,0.12489065,-0.029430078,0.064513996,-0.03239833,0.07896611,0.025657706,0.07141249,-0.027671363,0.16353638,0.09827938,0.005406101,0.07990986,-0.010301153,-0.03460882,0.0008021019,0.02555681,-0.03215709
-0.47951993,-2.4795833,-0.22829798,-2.096933,-0.6870946,0.9636368,0.4614089,0.6063599,0.20915312,0.10736868,-0.086755924,-0.72766703,-0.65679824,0.24722415,0.022280967,0.33607742,0.34670526,-0.001193684,0.04517935,-0.0013427049,0.00035019947,0.008257099,0.012061477,0.04109582,0.04365143,-0.008937926,0.0040407456,0.005727875,-0.00022269406,0.012310969,-0.04331743,0.03884923
-0.48688614,-2.4724765,-0.22415599,-2.0905118,-0.71937424,0.90061885,0.47306108,0.6059274,0.19711249,0.10118366,-0.059258007,-0.722847,-0.6409259,0.2156623,0.045942195,0.24589507,0.3207863,0.0020109054,0.04079173,-0.024616435,0.0032761206,0.003985018,0.006225342,-0.027937483,-0.044227425,-0.002060137,0.0082863225,0.007783505,-0.0022894456,0.0135571165,-0.029483672,0.031205403
-0.4916686,-2.4672527,-0.22092007,-2.0858414,-0.74379426,0.85282195,0.4819769,0.6055929,0.1880684,0.09667471,-0.038566332,-0.7191273,-0.62880456,0.19197616,0.06367666,0.17761941,0.30120465,0.004330712,0.037418924,-0.043854773,0.0056594135,0.00038699608,0.0012150301,-0.08445373,-0.12265058,0.00395132,0.012032395,0.009595959,-0.0040602195,0.014779665,-0.016057856,0.023748342
-0.5060961,-2.45657,-0.2168935,-2.0767882,-0.7835866,0.7801961,0.49484053,0.6052683,0.1751271,0.08720185,-0.011819234,-0.71480864,-0.6153611,0.15927781,0.088706695,0.09610369,0.27845848,0.008012846,0.03270645,-0.017799126,0.0025622197,0.004424423,0.0066462024,-0.027041785,-0.034464434,-0.0023071296,0.008062112,0.007444272,-0.002019453,0.013300951,-0.031011652,0.03244984
-0.5408125,-2.4287925,-0.20448421,-2.0527563,-0.8961264,0.56885624,0.5327012,0.60397637,0.1353804,0.06250353,0.07484723,-0.70092934,-0.569458,0.05684859,0.16756009,-0.1767807,0.20073307,0.019688739,0.019526828,-0.0015138972,0.00091735873,0.006049997,0.0087730745,-0.016016027,0.011154185,-0.0046399417,0.0064091007,0.006153544,-0.0009252938,0.012213819,-0.040029667,0.03921163
-0.55648863,-2.4150805,-0.1978227,-2.0408785,-0.95322937,0.46082458,0.5523465,0.6033229,0.11547529,0.050456803,0.118257776,-0.6935107,-0.54557556,0.0055731665,0.20660248,-0.31561843,0.16131265,0.025149006,0.01243905,-0.0012882447,0.0009080641,0.00503393,0.00683994,-0.031716287,-0.026722282,-0.0017001169,0.008302363,0.0068194144,-0.0014319771,0.013109283,-0.029343706,0.033925287
-0.5730648,-2.4004762,-0.19092183,-2.028412,-1.0134321,0.34773746,0.5728471,0.60263956,0.09478565,0.03759822,0.16291656,-0.68595344,-0.5213143,-0.047489338,0.24732246,-0.45760974,0.12111659,0.030891795,0.005231017,0.009363193,-0.00041884684,0.005531931,0.006738868,-0.021787968,-0.041640524,-0.00063802896,0.00908265,0.006852448,-0.0012122123,0.013867085,-0.01998146,0.029675074
-0.61953,-2.3520916,-0.1693762,-1.9880646,-1.1695633,0.074776955,0.6286278,0.60448575,0.07256927,0.0015849129,0.18345957,-0.6649141,-0.49967843,-0.088892706,0.25863957,-0.508885,0.11596718,0.017854488,0.0012541602,0.01963403,-0.0015766873,0.0064091985,0.0077849496,-0.013115867,-0.00793044,-0.0026622028,0.007947804,0.00637834,-0.00013672154,0.012855102,-0.027362445,0.03317254
-0.7006557,-2.2540965,-0.12554416,-1.907807,-1.4547124,-0.403205,0.73385006,0.61141384,0.0652484,-0.065653756,0.12014566,-0.62466526,-0.50259024,-0.06257216,0.18138856,-0.27179793,0.20974885,-0.035456844,0.012160739,0.03315592,-0.00345678,0.006950608,0.0075240983,0.009664439,0.0029104147,-0.004144179,0.0078910645,0.0069454736,0.0018099882,0.012606521,-0.022781169,0.02930691
-0.7406161,-2.20538,-0.1034703,-1.8677374,-1.5960425,-0.6403808,0.78640485,0.6149608,0.062320128,-0.098775834,0.087106004,-0.6042399,-0.50426793,-0.0474149,0.14051095,-0.1486999,0.2577385,-0.062979065,0.019285087,0.019451719,-0.0016251922,0.004596271,0.0047177477,-0.030104237,-0.008868495,-0.0028838848,0.00887134,0.007888257,0.001811304,0.011880585,-0.026616665,0.031064589
-0.78052044,-2.1579645,-0.082823955,-1.8292598,-1.7342968,-0.8711811,0.8366757,0.6181655,0.057900526,-0.13179982,0.058277078,-0.5856031,-0.50592667,-0.037217937,0.10658044,-0.03931771,0.30183735,-0.087209046,0.022054072,0.061202068,-0.0072200554,0.009673141,0.009899979,0.06977195,0.044854134,-0.008218577,0.006287488,0.0066587175,0.004653481,0.0122160595,-0.02001238,0.02631707
-0.83415,-2.0924993,-0.053183742,-1.7754439,-1.9241729,-1.1897188,0.907257,0.62292534,0.054021884,-0.17631815,0.013655912,-0.5582007,-0.50831723,-0.016666928,0.051619567,0.12678531,0.3665161,-0.12418287,0.031777453,0.04535401,-0.005102891,0.0067966487,0.006375139,0.022532165,0.029095622,-0.0066493005,0.0075710146,0.007870787,0.0047830516,0.01138626,-0.023558894,0.02794915
-0.85932356,-2.063099,-0.04102023,-1.7519403,-2.008456,-1.3283967,0.937285,0.6248781,0.05198094,-0.19702621,-0.0066674915,-0.5475851,-0.5116443,-0.008225975,0.030232975,0.20401694,0.396612,-0.13879178,0.034276847,0.10303806,-0.012656836,0.014435668,0.014810475,0.16427113,0.12016899,-0.015014338,0.003066622,0.005405767,0.008644801,0.011611392,-0.019024393,0.025788639
-0.8905568,-2.026218,-0.025729684,-1.7224721,-2.1134732,-1.5006943,0.97480506,0.6273862,0.050219674,-0.22283779,-0.034292106,-0.5342504,-0.5167767,0.0047498974,0.0013853488,0.30828732,0.43639696,-0.15778247,0.03910933,0.17149667,-0.021540686,0.023574132,0.025052784,0.33212408,0.23687345,-0.025492534,-0.0026333863,0.0022934885,0.013472014,0.011618243,-0.015902678,0.025195787
0.31463525,-0.9966876,-0.5975579,-0.7730408,-0.70535976,0.55946887,-2.7196121,-1.352733,-0.8593767,0.720824,-0.6309074,0.29754663,0.26998848,0.3127029,-0.81990254,0.07016399,-0.49987638,-0.95017284,-0.06996388,-0.04452412,0.0042552287,0.036157172,0.10499586,-0.10384807,0.12221623,-0.060489077,-0.003192492,0.050096203,0.0026277187,0.005759662,0.32685363,-0.10054791
0.3060062,-0.98866177,-0.5931596,-0.76594687,-0.7416603,0.48917294,-2.7068458,-1.3532944,-0.8732693,0.7136659,-0.59920144,0.30262217,0.28759363,0.27627462,-0.7916231,-0.032692295,-0.5296387,-0.9459763,-0.07409,-0.058101192,0.0060096458,0.033254724,0.10084095,-0.15055145,0.056698,-0.055372488,-4.869429e-06,0.05149868,0.0013096019,0.006843258,0.3393614,-0.10656974
0.29652193,-0.9821409,-0.59093887,-0.76041305,-0.76536906,0.44619778,-2.699384,-1.3535014,-0.88116884,0.7077983,-0.58283633,0.30502138,0.29543504,0.25626722,-0.77601737,-0.08179903,-0.54344624,-0.94349825,-0.07662459,-0.03797907,0.0036534292,0.036543407,0.10540451,-0.10465861,0.13355958,-0.06080446,-0.003473855,0.049657144,0.0030228775,0.0054658153,0.32527584,-0.098265186
0.27731976,-0.9660638,-0.5833792,-0.7464568,-0.8316229,0.32110167,-2.676779,-1.3542631,-0.904478,0.6935982,-0.5318962,0.3134842,0.32303938,0.19615634,-0.7300703,-0.24373166,-0.5895204,-0.93690246,-0.08468144,-0.035653856,0.003484756,0.03601182,0.10435733,-0.11719026,0.11690957,-0.059162784,-0.0024785574,0.049865726,0.002842515,0.0057699545,0.32991478,-0.100005984
0.2706731,-0.96173024,-0.5818881,-0.7427291,-0.84826374,0.29039025,-2.6715791,-1.354498,-0.9108449,0.689562,-0.5178238,0.3151951,0.3296505,0.17962839,-0.71667063,-0.28633726,-0.60189867,-0.9345318,-0.08602957,-0.02516887,0.0023852857,0.037918348,0.107284784,-0.094974026,0.17422634,-0.06297716,-0.004997727,0.048532475,0.0039787805,0.0044930074,0.31694025,-0.09202098
0.26798505,-0.9586041,-0.58002114,-0.7399952,-0.86231583,0.26324373,-2.666467,-1.3546598,-0.9156317,0.6869046,-0.50732046,0.31726944,0.3359897,0.16728002,-0.7075432,-0.32131162,-0.6117737,-0.93344927,-0.08802334,-0.030877765,0.0029988827,0.036421586,0.104828164,-0.114044465,0.12610826,-0.059599187,-0.0027859255,0.049546864,0.0031513823,0.005595992,0.3288793,-0.09864313
0.2544925,-0.9460216,-0.5738943,-0.72929066,-0.91349673,0.16744374,-2.6487885,-1.3551004,-0.9321028,0.67608285,-0.4725862,0.32386276,0.35551992,0.12548754,-0.67659616,-0.4321884,-0.64258885,-0.9296365,-0.09512686,-0.026564218,0.0023671023,0.036110718,0.1037127,-0.11576473,0.09583518,-0.05744664,-0.0013285474,0.050071225,0.002820938,0.006513491,0.33930254,-0.10471771
0.21963894,-0.91829467,-0.5618361,-0.70532185,-1.0219562,-0.03454686,-2.6122894,-1.3560861,-0.9683622,0.6518533,-0.39531365,0.3372294,0.39669925,0.033082742,-0.6067536,-0.67315537,-0.71075326,-0.9201741,-0.106240004,-0.011763798,0.0010430414,0.038110014,0.106923744,-0.10509716,0.173784,-0.061816,-0.0043880814,0.04821288,0.0042908974,0.0043774582,0.3191863,-0.091827154
0.1885105,-0.88013697,-0.5445987,-0.6740963,-1.1341003,-0.22317873,-2.5708709,-1.3534514,-0.9718704,0.6256041,-0.41833282,0.3530713,0.3966127,0.041463412,-0.63523364,-0.5872102,-0.67601055,-0.94055456,-0.102971464,-0.0043100985,-0.00010649716,0.03821336,0.10617844,-0.09167568,0.15430424,-0.06101814,-0.003413236,0.048860453,0.004820465,0.005130264,0.32985598,-0.09848649
0.1648205,-0.85054916,-0.5313988,-0.6500904,-1.220205,-0.36687195,-2.5392094,-1.3513887,-0.9737208,0.60529363,-0.4388192,0.36502624,0.3949466,0.050625116,-0.6589034,-0.5112694,-0.6464317,-0.95671445,-0.09874062,0.012738733,-0.002407163,0.039829906,0.10736352,-0.053513575,0.15851079,-0.06213084,-0.00362968,0.048740484,0.006074076,0.005774849,0.33920702,-0.1031605
0.15295511,-0.83721244,-0.5253778,-0.6388544,-1.2582709,-0.4311334,-2.5249047,-1.350359,-0.974438,0.59629816,-0.4476877,0.37077644,0.3947129,0.05484058,-0.6707941,-0.47790217,-0.6334918,-0.9644772,-0.09677139,-0.004669865,-4.725577e-05,0.03763551,0.10524913,-0.09768717,0.15472473,-0.061117787,-0.0031634318,0.049268756,0.005454616,0.0048201224,0.33001226,-0.0986247
0.11793304,-0.79486394,-0.5064519,-0.60427785,-1.3824742,-0.63960713,-2.479252,-1.3474407,-0.9784431,0.5670568,-0.47289985,0.388091,0.39430678,0.06377887,-0.7019354,-0.38269916,-0.5948839,-0.98677975,-0.093919605,0.008767269,-0.0019338374,0.03884799,0.1061009,-0.068485476,0.16396078,-0.062379684,-0.0034905463,0.04933655,0.0065421932,0.004975704,0.33440492,-0.102342494
0.090090275,-0.7608104,-0.49161428,-0.57677215,-1.4808428,-0.80289257,-2.4434068,-1.345082,-0.98041224,0.5435333,-0.49707022,0.4013831,0.39148355,0.074770994,-0.72900146,-0.29248115,-0.5599879,-1.0050365,-0.08921534,0.04180227,-0.0062821303,0.042776827,0.11005759,0.009753985,0.20317027,-0.06641036,-0.005399814,0.048307505,0.008937944,0.0054066638,0.34182557,-0.10576878
-0.0076757316,-0.64331025,-0.43824902,-0.4797712,-1.8234688,-1.3799945,-2.3159604,-1.3366151,-0.9896045,0.46338308,-0.5705429,0.45105037,0.39073524,0.10481627,-0.8231089,-0.017108131,-0.45029107,-1.0701202,-0.07649755,-0.003932301,-0.0003618848,0.03540996,0.10132043,-0.11659045,0.15132114,-0.06129793,-0.0018765405,0.05138441,0.0077756066,0.0036078235,0.33098203,-0.10314782
-0.04870375,-0.5950024,-0.4175364,-0.44071275,-1.9635824,-1.6129667,-2.2653139,-1.3333614,-0.99381757,0.42962104,-0.60089856,0.4695896,0.38800552,0.11605918,-0.8577962,0.09835078,-0.40417892,-1.0945815,-0.07348184,0.052294303,-0.0078024557,0.042616215,0.10907764,0.01986284,0.23693019,-0.06928184,-0.006019852,0.04929072,0.011627671,0.0037677083,0.33583868,-0.106625564
-0.11915093,-0.51051295,-0.38045958,-0.37195525,-2.208079,-2.0205765,-2.1758318,-1.3274369,-0.9995878,0.37135184,-0.65750897,0.5032198,0.38313907,0.14041907,-0.92425984,0.31128147,-0.32073578,-1.1399043,-0.06392811,0.09902833,-0.0139098745,0.04823891,0.115057915,0.12837616,0.32128373,-0.07683533,-0.009763358,0.047709376,0.015688308,0.0032103339,0.33623406,-0.10731322
0.6956609,1.328398,2.5701485,-0.53826714,1.1200713,1.5922073,0.18820977,-0.37136117,-0.01551458,0.04437923,-0.60720783,0.31977186,-1.3018377,0.27503094,-0.39536262,0.6498046,0.33470106,-0.11805842,-0.06687552,-0.10729542,0.051649623,-0.06958206,0.010359385,0.029624188,0.2542447,-0.003375016,0.02777711,0.0020702586,0.010813559,-0.006206567,0.41968054,-0.110409126
0.6833774,1.3401561,2.5769465,-0.5276271,1.0679967,1.4909484,0.20711125,-0.37192658,-0.034139927,0.03432962,-0.56511563,0.32763177,-1.2771884,0.22647731,-0.36002287,0.51199055,0.29549453,-0.11367072,-0.074827336,-0.15057443,0.05711294,-0.07695082,0.0007074611,-0.09381105,0.11929032,0.0075238026,0.03438435,0.0054285806,0.0071990225,-0.004740734,0.43578994,-0.12040022
0.6704733,1.3520937,2.5836565,-0.5169132,1.0142361,1.3864328,0.2262752,-0.37266845,-0.054418616,0.02383989,-0.5187428,0.33543596,-1.2509841,0.1733054,-0.3197223,0.36116433,0.2520502,-0.10799961,-0.0817838,-0.18423845,0.061449416,-0.08298052,-0.007287155,-0.19562715,0.0068228524,0.016663568,0.039928794,0.008099314,0.0043891585,-0.0034343817,0.45078683,-0.12837316
0.65239674,1.3644538,2.5874403,-0.50671715,0.9699988,1.3075066,0.23969899,-0.37312296,-0.06912961,0.012530759,-0.48886994,0.33934107,-1.2374989,0.13626826,-0.28959122,0.27292877,0.22717164,-0.102856,-0.08543079,-0.12205384,0.053915728,-0.07342838,0.005168287,-0.04916079,0.19333537,0.002735313,0.03129135,0.0033449708,0.0092508,-0.0059401006,0.4256241,-0.11223011
0.63245314,1.3824728,2.5967128,-0.49088863,0.89451396,1.1637799,0.26624653,-0.37385526,-0.09488156,-0.0029896968,-0.43255603,0.34974498,-1.2054844,0.06996652,-0.24080174,0.09151899,0.1760354,-0.096665934,-0.09628511,-0.14665388,0.057028487,-0.07821847,-0.0014080397,-0.13044041,0.09760623,0.010555123,0.036060836,0.0056296773,0.006827242,-0.0047568297,0.43911624,-0.120610036
0.603307,1.405362,2.6066668,-0.47117972,0.8015875,0.9895382,0.29716417,-0.37503126,-0.12840329,-0.023575269,-0.35915565,0.36088493,-1.1673185,-0.016613118,-0.17298976,-0.13879465,0.11006445,-0.08616403,-0.10616634,-0.121653266,0.05428121,-0.075175926,0.0024898946,-0.093714915,0.16471434,0.0063160453,0.03329396,0.0037314338,0.008672555,-0.0059122858,0.4293674,-0.112610176
0.5923648,1.4151182,2.6117673,-0.46255836,0.7590336,0.90772164,0.31204772,-0.37560934,-0.14412041,-0.032204777,-0.3238443,0.36673284,-1.1476785,-0.057589553,-0.14158064,-0.25294936,0.07725595,-0.081632234,-0.11130824,-0.13370492,0.055834286,-0.07789799,-0.0014691867,-0.13765731,0.101516426,0.011269709,0.036384396,0.0050802752,0.007404563,-0.004848403,0.4416728,-0.1187339
0.5785946,1.4278427,2.6181254,-0.45161638,0.70606744,0.807722,0.330427,-0.3761474,-0.16196392,-0.04323529,-0.28532192,0.3737107,-1.1261097,-0.10329727,-0.107342556,-0.37641144,0.042525798,-0.07716783,-0.11839658,-0.1364271,0.056141775,-0.07928432,-0.0038687557,-0.15858929,0.05645333,0.01471352,0.03859112,0.005979117,0.006636099,-0.0038777154,0.4528363,-0.12492282
0.54438174,1.4554379,2.630092,-0.42800334,0.5969814,0.60477483,0.36691564,-0.37722504,-0.19878724,-0.06757478,-0.206829,0.38680667,-1.084582,-0.19732822,-0.03562533,-0.62208664,-0.026690558,-0.06693725,-0.1317243,-0.10478538,0.05244374,-0.075300075,0.0010825762,-0.10553553,0.13483456,0.00953222,0.03528422,0.003864162,0.008684009,-0.0050960984,0.4420059,-0.11788703
0.51435107,1.4790958,2.6405332,-0.40760532,0.4995068,0.42132002,0.39938337,-0.37856036,-0.23474944,-0.08897086,-0.12728576,0.39857617,-1.0433068,-0.2905698,0.03791931,-0.87213707,-0.09866335,-0.05533565,-0.14166133,-0.08279945,0.050149467,-0.07276404,0.004394963,-0.07887421,0.19660999,0.005849492,0.03282406,0.0020675438,0.010396681,-0.0062768646,0.43232894,-0.10931956
0.48671883,1.5126269,2.655612,-0.3802055,0.40020013,0.2539557,0.4358776,-0.37632897,-0.23872872,-0.11222594,-0.14513011,0.41242477,-1.0424589,-0.28582335,0.015384217,-0.8043802,-0.07038464,-0.07246888,-0.13988751,-0.070531145,0.04836739,-0.0718982,0.0045841183,-0.05290945,0.18672119,0.0058621317,0.033296205,0.002411162,0.011122111,-0.00553317,0.44240573,-0.11582773
0.44970053,1.5578247,2.67566,-0.34345284,0.26849252,0.03384879,0.48418748,-0.3731984,-0.24217325,-0.14339046,-0.17457569,0.43062544,-1.0443265,-0.27375877,-0.019361954,-0.69414973,-0.02678037,-0.09662148,-0.13507631,-0.04559261,0.045003463,-0.06929671,0.0068364046,0.0038967275,0.20645393,0.0034004305,0.03239457,0.0020476838,0.012999797,-0.00504821,0.45094636,-0.120759904
0.39539465,1.6227003,2.7048674,-0.28994694,0.08088133,-0.2810087,0.5538801,-0.3684507,-0.24618334,-0.1875583,-0.21800809,0.45772618,-1.04652,-0.25406313,-0.07367102,-0.5314424,0.03676403,-0.13309793,-0.12625994,-0.06795795,0.04805306,-0.07258139,0.0034136018,-0.05797873,0.20928213,0.0041268575,0.032946806,0.0030554838,0.012959612,-0.006833153,0.4368935,-0.11409323
0.36753803,1.6563891,2.719061,-0.26312613,-0.016987238,-0.44260457,0.5888354,-0.3662735,-0.24903557,-0.21130234,-0.24011089,0.47009712,-1.0494587,-0.24575773,-0.09692849,-0.44779253,0.06994098,-0.14963068,-0.12401241,0.00045032182,0.038969822,-0.06394644,0.0123985605,0.10913075,0.2889606,-0.0040322826,0.028823504,0.0006631122,0.017181084,-0.005685109,0.4515071,-0.12182108
0.33654174,1.6930252,2.7356975,-0.23269679,-0.12316259,-0.6215795,0.62847555,-0.36357668,-0.2515816,-0.23619197,-0.26362664,0.48570228,-1.0498335,-0.23556104,-0.1273836,-0.3597806,0.10464822,-0.1702912,-0.1194095,-0.023766922,0.042180434,-0.06743102,0.008578134,0.04512181,0.26983684,-0.0017974351,0.030179588,0.0018496978,0.016387876,-0.0067095356,0.4432719,-0.11831295
1.8028035,-0.9743956,-0.4683125,1.9667661,-0.40131405,0.4316881,0.08232695,-0.8191645,2.223659,-0.96576685,0.33322653,-0.5856199,-0.36123803,-0.13999662,0.16820471,-0.2595196,-0.78373957,-0.11591256,-0.11474758,0.44545582,-0.10538131,-0.00093674514,-0.013327858,-0.18205047,0.030729143,0.0076084654,-0.007212069,-0.0976846,0.011967969,-0.018240424,0.016515221,0.18764193
1.743107,-0.9146512,-0.4409553,2.0168984,-0.61054164,0.05520945,0.15586141,-0.8179945,2.1810992,-1.0137149,0.3966024,-0.5592508,-0.31439352,-0.23319748,0.22005291,-0.4542959,-0.8291009,-0.12244603,-0.12762658,0.3942879,-0.10457605,-0.00048462607,-0.0118057495,-0.13311744,0.0043395404,0.0072475057,-0.007427686,-0.09981729,0.014945835,-0.01685127,0.033269476,0.17741582
1.6963316,-0.86039644,-0.41585484,2.0602171,-0.77562654,-0.23224512,0.21421458,-0.8124578,2.1776319,-1.0588294,0.33686137,-0.54424995,-0.31424284,-0.20563048,0.16431375,-0.2795353,-0.7605664,-0.15605234,-0.11215108,-0.033511594,-0.08670128,-0.0010652161,-0.0040281727,-0.028894892,0.016413778,0.0020559605,-0.0047911294,-0.09756825,0.0012248777,-0.016359136,-0.051117104,0.019857848
1.6627934,-0.819266,-0.39766166,2.0936234,-0.89496106,-0.43124202,0.25798684,-0.8095866,2.1749918,-1.0871296,0.30864716,-0.52777296,-0.31666914,-0.19316834,0.13163267,-0.17438944,-0.719558,-0.17832714,-0.10671294,-0.008613547,-0.090017535,0.0015755591,-0.001675062,0.02794983,0.037637457,-0.00049614545,-0.0057754493,-0.09803201,0.0031491362,-0.01587942,-0.042685874,0.015583881
1.6362348,-0.7880395,-0.38305268,2.1198945,-0.98651266,-0.58722717,0.2925939,-0.807259,2.172079,-1.1082141,0.29116267,-0.5137717,-0.31498665,-0.18678069,0.10635794,-0.10862064,-0.6926475,-0.19608279,-0.10400988,-0.05556031,-0.083880104,-0.004930569,-0.008848117,-0.091969594,-0.016134005,0.0049580294,-0.0026696369,-0.0957869,0.0008004323,-0.017095959,-0.053732388,0.019592365
1.6148517,-0.7623173,-0.37201262,2.1406336,-1.0607175,-0.7102157,0.3194628,-0.80551004,2.1704094,-1.1261029,0.27327397,-0.5039356,-0.3171844,-0.1790351,0.08667518,-0.04164901,-0.6666036,-0.20949936,-0.1009587,-0.02243527,-0.08825728,-0.0008840192,-0.0047137938,-0.012401749,0.022484593,0.0009816191,-0.0046062814,-0.09687316,0.0030323328,-0.016592676,-0.046323586,0.01595944
1.6046811,-0.7498231,-0.3657935,2.1513338,-1.0976218,-0.773862,0.33383107,-0.8045154,2.1694329,-1.1342938,0.2660993,-0.49780184,-0.31592956,-0.17593364,0.07529514,-0.015220075,-0.6558973,-0.21731131,-0.09908952,-0.061688047,-0.08310635,-0.006298985,-0.010722199,-0.111865595,-0.029176626,0.005973664,-0.0017947201,-0.09504652,0.0009160837,-0.01729196,-0.052886855,0.01868176
1.572362,-0.711494,-0.34917417,2.1823711,-1.2096517,-0.9608408,0.374436,-0.80196106,2.165557,-1.1610928,0.24350613,-0.48285583,-0.31709877,-0.16856603,0.048817523,0.0708566,-0.6208557,-0.23653601,-0.09756951,-0.021684472,-0.08847933,-0.0013736786,-0.0056754556,-0.015383527,0.020355567,0.000998733,-0.0042310487,-0.09625237,0.0035034567,-0.016866168,-0.046042204,0.0138182845
1.5367284,-0.66855747,-0.33077973,2.21699,-1.3325311,-1.1638551,0.41900125,-0.7989634,2.1636496,-1.1907935,0.21138822,-0.46648315,-0.3219213,-0.15305561,0.013718612,0.19088602,-0.5750942,-0.25961554,-0.09083489,0.02860212,-0.09500285,0.0049950043,0.0012057043,0.10534491,0.09863836,-0.0062761335,-0.007994007,-0.09827372,0.007278554,-0.016719218,-0.04073328,0.012210595
1.4483023,-0.5616884,-0.28132972,2.3057294,-1.6467603,-1.6963438,0.5366906,-0.79125774,2.1537638,-1.263468,0.14940739,-0.41995862,-0.31864724,-0.13031112,-0.070009775,0.4229847,-0.4806223,-0.3189733,-0.08137807,-0.054881573,-0.0843229,-0.007820903,-0.0141150905,-0.115030095,-0.038711797,0.0059188306,-0.00035997247,-0.09293808,0.0032218068,-0.017953642,-0.046876226,0.010758296
1.3643899,-0.46361923,-0.2402114,2.3845077,-1.9286865,-2.1618955,0.63773644,-0.7846649,2.1465845,-1.3322612,0.083398044,-0.38368574,-0.32798442,-0.10336641,-0.14195855,0.67436606,-0.3820742,-0.3683452,-0.07357918,0.1006925,-0.1046571,0.01296066,0.009150387,0.26675096,0.22992304,-0.018099915,-0.013396469,-0.09979412,0.0140377935,-0.018206088,-0.042722825,0.008347824
1.2886603,-0.36981902,-0.19588667,2.462853,-2.2034814,-2.6284652,0.7419217,-0.7776484,2.140213,-1.3951346,0.023315616,-0.34157878,-0.32589394,-0.076564334,-0.22276239,0.8952971,-0.2947617,-0.42353064,-0.05889372,-0.021336103,-0.08880244,-0.005445411,-0.012700333,-0.051976047,0.016517887,0.000573657,-0.0020258846,-0.0926301,0.0077975574,-0.019078925,-0.044494785,0.007357885
1.2633876,-0.34160605,-0.18525991,2.4849389,-2.2818022,-2.754154,0.768852,-0.7758063,2.1393597,-1.4153554,0.00014031131,-0.33284953,-0.33266073,-0.065192744,-0.24404158,0.98398,-0.2616332,-0.43693706,-0.05545599,0.078738876,-0.10173392,0.008475571,0.0033745558,0.19712314,0.20207049,-0.015615147,-0.01116363,-0.09770447,0.01462996,-0.019366395,-0.045197833,0.009356232
1.221076,-0.29291254,-0.16566795,2.5236313,-2.4195683,-2.978868,0.8174678,-0.77254117,2.1369612,-1.449744,-0.036377605,-0.31602886,-0.34055632,-0.048329566,-0.28101343,1.123255,-0.20850693,-0.46117306,-0.050153635,0.19230083,-0.11642309,0.024148667,0.02143349,0.47834924,0.4163828,-0.034247905,-0.021599295,-0.10334573,0.02259817,-0.019931922,-0.047431022,0.011869911
1.202949,-0.26679927,-0.14968015,2.5474453,-2.5033302,-3.131788,0.8527671,-0.7703346,2.1323078,-1.4657506,-0.042338666,-0.29897526,-0.32820827,-0.04962264,-0.30402443,1.1413685,-0.19713585,-0.47970638,-0.047814127,-0.021075496,-0.08894025,-0.0066455984,-0.014797119,-0.062441025,0.015018791,0.00046367414,-0.0013504777,-0.09151856,0.00905037,-0.019734027,-0.04403792,0.005129119
1.1182207,-0.16602923,-0.10568833,2.6294267,-2.794923,-3.617785,0.9592393,-0.7633081,2.1249745,-1.5354362,-0.10867922,-0.25912508,-0.33384272,-0.02196285,-0.38190168,1.3917855,-0.09855114,-0.53314024,-0.03772088,0.042871382,-0.09730746,0.0013313896,-0.006099129,0.088305816,0.13507713,-0.010120774,-0.006768751,-0.09388546,0.014366066,-0.020555565,-0.04553598,0.0048762076
1.0359613,-0.07393172,-0.07025274,2.701952,-3.0523703,-4.0334888,1.0485038,-0.7572397,2.1211765,-1.6011842,-0.18072124,-0.22950836,-0.35301727,0.012060856,-0.45072263,1.6684561,0.0059325686,-0.5773107,-0.028187761,0.32698834,-0.13397859,0.041183725,0.040341254,0.79607534,0.68854374,-0.057749614,-0.03380355,-0.10862162,0.034078043,-0.022307176,-0.057031162,0.01459469
0.9729361,0.0070798583,-0.029850781,2.7705038,-3.2951014,-4.451747,1.1423327,-0.7511313,2.1132846,-1.65481,-0.22477941,-0.19022244,-0.34388122,0.028175263,-0.51859593,1.8286577,0.07248436,-0.6260851,-0.01804025,0.1322621,-0.10893396,0.01219905,0.0056919893,0.29529735,0.3121165,-0.0255625,-0.014538209,-0.09708554,0.022450225,-0.022185452,-0.049963824,0.0061657145
0.9359569,0.047553178,-0.015227896,2.8019876,-3.4050229,-4.6258006,1.1796513,-0.7484346,2.1134903,-1.6838598,-0.2621481,-0.17851862,-0.35655165,0.04866766,-0.5516436,1.971323,0.1243575,-0.64561754,-0.010901726,0.29517594,-0.12982148,0.03526396,0.032820728,0.701823,0.63870275,-0.05344183,-0.030498087,-0.10592173,0.033930745,-0.02334919,-0.058471326,0.014469681
0.89157337,0.09671879,0.0030843199,2.8403995,-3.540696,-4.8426948,1.2261307,-0.74519014,2.1124406,-1.7191052,-0.30366504,-0.16358036,-0.36932406,0.06974372,-0.5896181,2.1307392,0.18351646,-0.66909456,-0.0045200502,0.472602,-0.15263486,0.060375735,0.062327914,1.1447077,0.9944778,-0.0838076,-0.04786565,-0.11543745,0.0463482,-0.024683762,-0.068527214,0.022885807
1.3447821,0.76969457,2.2929132,-0.68493307,0.7925572,1.6840203,-1.408498,1.8905025,0.97759026,-0.2971395,-0.24395084,-0.746522,1.5244977,1.2095109,-0.35213953,1.3702697,0.38780624,-0.20467618,0.124449655,-0.016503092,0.057594065,-0.05031201,0.051363576,0.10922279,-0.03036273,0.08169757,-0.024353039,-0.027512314,0.0040242877,0.049913563,-0.15979303,0.014598596
1.3377198,0.77893305,2.3006694,-0.6756429,0.7422256,1.5798721,-1.3885063,1.889752,0.9568994,-0.30482504,-0.19325477,-0.73693156,1.556077,1.1538445,-0.31239825,1.1981411,0.3378141,-0.19994956,0.11562538,-0.1344536,0.07245876,-0.069321804,0.026962219,-0.20580328,-0.36694697,0.108588316,-0.008083314,-0.018989807,-0.0051417775,0.053412143,-0.12224432,-0.008200675
1.3189403,0.7903152,2.302408,-0.666934,0.7061779,1.5202473,-1.379371,1.889323,0.94540495,-0.3157442,-0.17224808,-0.7356935,1.5623513,1.1257919,-0.2864835,1.1430175,0.32232025,-0.19447929,0.11536419,-0.009860249,0.057111736,-0.050320033,0.051195066,0.09905248,-0.025468826,0.08212876,-0.024237804,-0.02789802,0.0044024223,0.0496707,-0.15980653,0.017394003
1.3197773,0.79281485,2.3067656,-0.66361576,0.6842615,1.4703575,-1.3692865,1.8888763,0.9348233,-0.3175413,-0.14399636,-0.7299797,1.581463,1.0963305,-0.2663561,1.0428342,0.29279253,-0.19242543,0.11036948,-0.1180919,0.07067815,-0.067593016,0.028987369,-0.18375991,-0.33569214,0.10662691,-0.0093485685,-0.02004987,-0.0039656283,0.053060446,-0.12391279,-0.004459857
1.3041892,0.80402374,2.3102167,-0.65451604,0.64533037,1.4018859,-1.3574244,1.8886122,0.92319936,-0.32757443,-0.12181592,-0.72661495,1.5914965,1.0677567,-0.24370839,0.9783733,0.27526274,-0.18890612,0.106495366,-0.057524282,0.063182384,-0.05844437,0.0406163,-0.038530894,-0.1709248,0.09399774,-0.017075038,-0.024287112,0.00048893085,0.051166568,-0.14309214,0.00736619
1.2713262,0.830389,2.3214905,-0.6320255,0.5414878,1.2090855,-1.3228481,1.8875747,0.8881614,-0.350883,-0.04730794,-0.71432066,1.6306543,0.97834975,-0.17521071,0.74568427,0.2096939,-0.17902835,0.09408436,-0.020655975,0.058817826,-0.05365323,0.046556663,0.02879583,-0.08051286,0.08778015,-0.020989323,-0.02673437,0.0029353425,0.04989836,-0.15444061,0.014950084
1.2583622,0.8415643,2.3277068,-0.62184364,0.48985544,1.1078604,-1.3046097,1.886697,0.8672565,-0.36098695,0.0014538688,-0.7068773,1.6575733,0.92298067,-0.13203734,0.587236,0.1633986,-0.1723463,0.08843705,-0.051954977,0.062943615,-0.059389487,0.03895872,-0.06895921,-0.18640915,0.0964515,-0.015740985,-0.024311993,0.00043141973,0.051149074,-0.13957311,0.008274437
1.248648,0.84820294,2.3295805,-0.61648715,0.46673357,1.067304,-1.2977673,1.8864806,0.8598616,-0.3670643,0.016024021,-0.70504713,1.6637905,0.9045843,-0.11689206,0.5452882,0.15170948,-0.16972902,0.08663822,-0.012021712,0.05808354,-0.053176943,0.04707873,0.026885062,-0.06510635,0.08734519,-0.021382483,-0.027380465,0.0035656923,0.049519744,-0.15611568,0.018659186
1.2490875,0.8504904,2.332824,-0.6138602,0.44942194,1.0292221,-1.290126,1.8861449,0.8521461,-0.3687914,0.035936385,-0.70096,1.677231,0.8834076,-0.1021395,0.47473338,0.13105328,-0.1682205,0.08311562,-0.07778862,0.066229306,-0.064118356,0.03256213,-0.14687356,-0.2802936,0.10391539,-0.011163963,-0.022113295,-0.0018160444,0.05239404,-0.12554345,0.00067430624
1.2357044,0.86020267,2.336064,-0.6058306,0.41503975,0.9679515,-1.2793766,1.8859243,0.8417112,-0.37741017,0.056357104,-0.69767153,1.686942,0.85755014,-0.08217022,0.41434276,0.11455622,-0.1652665,0.079237476,-0.037606865,0.061304294,-0.057936147,0.04059289,-0.051865265,-0.16072029,0.09498262,-0.01670056,-0.025103472,0.0012053323,0.050769493,-0.1421328,0.0104027055
1.2154922,0.8760308,2.3427231,-0.59232426,0.35206366,0.8507812,-1.258585,1.8851904,0.8196267,-0.39159185,0.10399279,-0.6903375,1.7115161,0.8008537,-0.037883285,0.26582938,0.07228164,-0.15849042,0.07242607,-0.012329495,0.05837526,-0.054534044,0.04494944,-0.004917872,-0.091561496,0.09023417,-0.019713541,-0.02696765,0.0030591947,0.049722727,-0.15164734,0.017255226
1.2081465,0.88440317,2.3481472,-0.58474106,0.31217963,0.77213734,-1.243826,1.8846393,0.8047631,-0.3987732,0.13820678,-0.6840536,1.7319001,0.7618201,-0.008878353,0.1520334,0.039612725,-0.15478532,0.06672966,-0.05016672,0.063029565,-0.061553817,0.035152227,-0.113855906,-0.24654137,0.10201221,-0.012351835,-0.023376016,-0.00042590185,0.05219298,-0.124736205,0.002171416
1.1866406,0.90092814,2.35466,-0.57075316,0.24971648,0.65769994,-1.2234087,1.8841207,0.784517,-0.41335866,0.18013903,-0.6770802,1.7533967,0.71065366,0.030124754,0.023199571,0.0036986086,-0.14919704,0.059158918,-0.013999072,0.05868318,-0.05620861,0.042124003,-0.03616353,-0.13795684,0.094243824,-0.017236613,-0.026097067,0.002226673,0.05053428,-0.1412156,0.011836203
1.1544305,0.92681885,2.365963,-0.54858285,0.14590023,0.4638927,-1.1887435,1.882962,0.748425,-0.43638164,0.25805882,-0.664616,1.7943078,0.61802155,0.10168586,-0.22098489,-0.06561602,-0.13860032,0.047204036,0.014804329,0.05540491,-0.052644037,0.046607424,0.009306004,-0.06423657,0.08947785,-0.020310469,-0.028132645,0.0041994834,0.049329925,-0.15164141,0.01943923
1.1276312,0.9505454,2.3771696,-0.5283462,0.04821357,0.28048635,-1.1554705,1.8818599,0.71502084,-0.45726046,0.3299318,-0.6523726,1.8334594,0.5324327,0.16736546,-0.4497816,-0.13032815,-0.12937482,0.035528976,0.035020553,0.05282212,-0.051603135,0.046491373,0.032470293,-0.094949715,0.091460615,-0.01880131,-0.028007066,0.004614055,0.05093067,-0.13249029,0.010434827
1.0789382,0.99989575,2.3987808,-0.48719513,-0.1113652,0.0014316601,-1.0988983,1.8835889,0.6909065,-0.49432057,0.35502526,-0.63119495,1.8566376,0.4859758,0.1835413,-0.5135944,-0.13950866,-0.1413195,0.032697946,0.051663768,0.051098738,-0.04933356,0.04988337,0.055596516,-0.011058507,0.08612599,-0.022146147,-0.02963179,0.006668929,0.048707407,-0.15214182,0.021962756
1.0527124,1.0320649,2.4129984,-0.461022,-0.20426574,-0.1533542,-1.0647588,1.8858557,0.68921524,-0.51639134,0.33191505,-0.6182978,1.8543453,0.49680978,0.15710643,-0.42811295,-0.106599815,-0.15901627,0.037899718,0.070666455,0.048571657,-0.04746369,0.051376425,0.0982069,-0.0017364109,0.08459764,-0.02258905,-0.02987595,0.008147715,0.049296387,-0.14304166,0.017752131
1.0354724,1.0534384,2.4223795,-0.44382682,-0.2669094,-0.2577161,-1.0419941,1.8872794,0.6873448,-0.53126097,0.3183576,-0.6099216,1.8533578,0.50189143,0.14173399,-0.37719738,-0.08622934,-0.17000794,0.039605957,0.09533454,0.045246556,-0.04461294,0.054066967,0.15705986,0.017172575,0.08224737,-0.023596266,-0.030455498,0.009672031,0.04995012,-0.1345509,0.013033893
1.018811,1.0721871,2.4310439,-0.42789832,-0.32070073,-0.34909573,-1.0215659,1.8887631,0.68621784,-0.5438009,0.30651036,-0.60152733,1.8536382,0.5074258,0.124733776,-0.33236727,-0.06864084,-0.18117772,0.04217535,0.056969803,0.050407805,-0.049429603,0.04935453,0.060734954,0.0012205174,0.084974095,-0.022307018,-0.029244639,0.008050331,0.04814663,-0.15249741,0.021702131
1.001823,1.0927593,2.4399154,-0.41132677,-0.38040522,-0.44823754,-0.9999518,1.8901417,0.68465114,-0.5581402,0.29278815,-0.59362555,1.8522073,0.5129574,0.10956746,-0.2809716,-0.04840347,-0.1917555,0.04420988,0.0845333,0.04672956,-0.04614258,0.05259002,0.12688252,0.027088441,0.08205827,-0.023653863,-0.030028924,0.009799125,0.04876068,-0.14439629,0.017465036
0.9706149,1.1307099,2.4566534,-0.38054475,-0.49095392,-0.63270336,-0.95953196,1.8927634,0.68168426,-0.58436704,0.26826328,-0.57849324,1.850459,0.5228737,0.08069484,-0.18851672,-0.011741635,-0.21185698,0.047783516,0.10887529,0.043496445,-0.04326811,0.055510215,0.18390112,0.061971407,0.078700595,-0.025251724,-0.030726882,0.011687619,0.048782844,-0.14144441,0.015400152
0.9382444,1.1695589,2.4733117,-0.3492508,-0.6030483,-0.8183875,-0.9189833,1.8954142,0.67911017,-0.61139333,0.24148451,-0.5636703,1.8471105,0.5344094,0.0510177,-0.0876413,0.027579056,-0.23208626,0.052015636,0.15729134,0.037142336,-0.0371156,0.062104654,0.30093,0.13354671,0.071949445,-0.028734677,-0.03257317,0.01509883,0.0490321,-0.13581361,0.012645194
1.9986376,-1.1818005,-0.6061607,2.2207267,0.3299043,1.9047847,0.39708257,1.2083309,-1.0302802,0.33754894,-0.69564754,-0.0008195074,-0.19438244,0.490862,-0.8788346,0.98449093,0.66301477,0.06428324,0.18111892,-0.07152283,-0.097085185,1.1687128e-05,-0.022086015,0.085297845,0.019825147,0.04839224,-0.011804327,0.05401451,0.002911409,-0.017298179,-0.048384793,-0.01365932
1.93173,-1.1226739,-0.57641214,2.2725122,0.08366998,1.437094,0.48305938,1.2058823,-1.1147525,0.28636655,-0.5109048,0.03254007,-0.09067086,0.27335063,-0.7176796,0.39218137,0.49580345,0.08529616,0.14661707,-0.13616307,-0.088683866,-0.012641373,-0.039113604,-0.13990508,-0.21239893,0.06826219,0.000115188006,0.05961219,-0.0033344664,-0.015041579,-0.021097807,-0.030942159
1.8925313,-1.0969136,-0.5671154,2.2947435,-0.02414248,1.2341496,0.51657814,1.2035832,-1.1611892,0.26118976,-0.40468723,0.043614652,-0.040472534,0.15074009,-0.61307937,0.06282316,0.3978092,0.10524621,0.14296627,-0.04704478,-0.09874273,-0.00012488893,-0.022734,0.0399702,0.045482807,0.049865704,-0.011509303,0.0523956,0.004308131,-0.018585794,-0.052161865,-0.0015570718
1.8750621,-1.0821505,-0.55996627,2.307657,-0.08572535,1.1172591,0.53776884,1.2028646,-1.1830801,0.24817777,-0.3564563,0.051689614,-0.014088483,0.09411914,-0.5699995,-0.09115648,0.35391858,0.111376524,0.13528937,-0.053211454,-0.097844705,-0.001869282,-0.025246006,0.0071666962,0.010279931,0.053002764,-0.009625347,0.05311765,0.0035432086,-0.018163146,-0.04641486,-0.0041684527
1.8571894,-1.0646275,-0.5506367,2.3228858,-0.1596768,0.9766441,0.56399524,1.2021903,-1.2075382,0.23324473,-0.30360043,0.061982322,0.016622182,0.031495705,-0.52431685,-0.26261422,0.305955,0.116783954,0.12434148,-0.075121105,-0.095256574,-0.006762743,-0.032582004,-0.067171335,-0.11450274,0.06243944,-0.003656686,0.05593302,0.0008853625,-0.015912361,-0.021722255,-0.018951446
1.8367231,-1.0507809,-0.54566133,2.334786,-0.21343078,0.87715757,0.5809785,1.2014269,-1.2278395,0.22040586,-0.25900373,0.06764456,0.038046893,-0.021127934,-0.48169237,-0.39901355,0.26640257,0.124198936,0.11995301,-0.039518837,-0.09920899,-0.0010163849,-0.024395937,0.0075596943,0.03156558,0.052440166,-0.010131863,0.052341063,0.0041986112,-0.018719114,-0.04959294,-0.00075689016
1.7983621,-1.0180731,-0.53040665,2.362921,-0.34735337,0.6253913,0.6265385,1.1999385,-1.2740834,0.1915853,-0.15895218,0.08449613,0.092260316,-0.13989006,-0.39088267,-0.7166423,0.17639697,0.13707058,0.10369624,-0.021320898,-0.101365045,-0.00033759995,-0.024701206,0.016601767,0.010626902,0.054310996,-0.008852914,0.05229444,0.004557356,-0.017731152,-0.03628019,-0.006381184
1.7873371,-1.0082542,-0.5258645,2.37119,-0.3878951,0.5495516,0.6401965,1.1994354,-1.288092,0.18286063,-0.12884352,0.08940727,0.108384565,-0.17578067,-0.36280018,-0.8121747,0.14927842,0.14118527,0.099306256,-0.005505297,-0.10337842,0.0010891135,-0.023631236,0.044227187,0.0092695635,0.05409644,-0.008806351,0.05196765,0.0052298578,-0.016996108,-0.0273914,-0.010107789
1.7736704,-0.99444276,-0.5199808,2.382857,-0.42734522,0.4829438,0.6546469,1.200414,-1.2898823,0.1732631,-0.13498779,0.09506566,0.10886654,-0.17456262,-0.3719784,-0.7860882,0.16000642,0.13421929,0.100821905,-0.018628573,-0.10141925,3.884141e-05,-0.023749584,0.011373576,0.04867706,0.052281253,-0.010251099,0.051595923,0.005256755,-0.019069897,-0.04849369,0.00095479656
1.7214583,-0.93068236,-0.49136946,2.4347641,-0.6162501,0.16510127,0.7239244,1.2046658,-1.2972699,0.12898745,-0.16959314,0.121171266,0.10991832,-0.16499138,-0.41526133,-0.6549637,0.21481745,0.101714514,0.10258073,0.013475274,-0.106024,0.0029783074,-0.02192379,0.08433832,0.044138465,0.05099039,-0.010100205,0.05188168,0.007037817,-0.01761791,-0.02939612,-0.01230777
1.6784087,-0.87967694,-0.46830162,2.477184,-0.7618783,-0.079199545,0.7784986,1.208569,-1.2988982,0.09466432,-0.20743191,0.14281,0.10697738,-0.14516792,-0.4623698,-0.51474065,0.26795232,0.07151394,0.11298083,-0.026976341,-0.10047554,-0.0025777689,-0.027641557,-0.022159941,0.027691329,0.053757314,-0.008553354,0.053364195,0.00604582,-0.019691601,-0.04688405,-0.0023695591
1.6410779,-0.83443475,-0.44810888,2.5141306,-0.8939612,-0.30055538,0.8271015,1.2117236,-1.302624,0.06351467,-0.2358727,0.16127731,0.1058446,-0.13398695,-0.49695626,-0.40791413,0.31058386,0.04728664,0.11722765,-0.013535346,-0.102326766,-0.0014049561,-0.026828619,0.0064242827,0.03831739,0.05239656,-0.008918233,0.053406287,0.007267138,-0.019583909,-0.042546973,-0.0055787987
1.5978216,-0.78265196,-0.42606142,2.5556798,-1.044151,-0.54934174,0.88111967,1.2151576,-1.306876,0.027225478,-0.26964095,0.1807605,0.10193644,-0.12098325,-0.5339695,-0.2800012,0.36127338,0.021268582,0.12101807,0.06707806,-0.11300207,0.008823846,-0.016034616,0.20268169,0.14404975,0.04202618,-0.014218909,0.050498202,0.012502374,-0.018685156,-0.029358603,-0.012863383
1.4846333,-0.6466924,-0.36430168,2.6678789,-1.4414572,-1.2189437,1.0287927,1.224893,-1.3182834,-0.06566317,-0.35262856,0.23822434,0.10197477,-0.08847638,-0.64091355,0.03166654,0.48632112,-0.05342437,0.13408954,0.018264232,-0.106765434,0.00078958937,-0.025733503,0.06701943,0.08301337,0.047827218,-0.010156232,0.05404514,0.011203883,-0.020523733,-0.039672416,-0.0117491735
1.3718925,-0.5143881,-0.3081512,2.774632,-1.822125,-1.8492478,1.1660707,1.2339135,-1.3276501,-0.15801063,-0.4418421,0.28821075,0.09066276,-0.051284745,-0.74035424,0.37017035,0.6188477,-0.12135478,0.14610371,0.18703336,-0.12880012,0.02311691,-0.0007916753,0.4784676,0.38100863,0.021310039,-0.024424195,0.046736497,0.023382297,-0.021170551,-0.037110362,-0.013463448
1.2834691,-0.40533254,-0.25740516,2.8652217,-2.1398675,-2.3861299,1.2857717,1.2420322,-1.3341541,-0.23139165,-0.5148309,0.33596784,0.090103164,-0.017355815,-0.8348175,0.63933116,0.7240011,-0.18502885,0.16410553,0.084901154,-0.11544681,0.007448125,-0.019395942,0.20800671,0.21239547,0.036246803,-0.015151824,0.0528043,0.018825307,-0.022395574,-0.04109785,-0.012334465
1.2282481,-0.3435664,-0.2340907,2.9135194,-2.3119183,-2.66247,1.3448992,1.2460402,-1.3364445,-0.2757192,-0.56439114,0.3551042,0.07578686,0.006318574,-0.8804403,0.8297379,0.79556304,-0.21410395,0.17061143,0.30392867,-0.1437621,0.03802746,0.016010659,0.7538308,0.6237085,0.0004979236,-0.03538204,0.04162903,0.033758212,-0.023201827,-0.044759136,-0.007342025
1.6101601,1.7878605,-1.3247383,-1.3508288,0.71242,2.0052738,1.2437198,-1.3546978,-0.7851543,-0.42645326,-0.33313322,-1.5181422,0.5983525,0.1618146,-0.52093923,1.5986794,0.37753135,0.050346367,0.058357764,-0.052933,0.041354377,0.06272603,-0.03456844,0.044633947,0.0058117397,0.009260706,0.08041117,-0.006685322,-0.043291684,-1.2536559e-05,-0.01099237,-0.025313482
1.6006818,1.7971134,-1.3188282,-1.3421533,0.668501,1.91794,1.2599952,-1.3553009,-0.8022259,-0.43444666,-0.29308295,-1.5110551,0.62188697,0.116605155,-0.4875766,1.4662632,0.3392733,0.05476619,0.05186576,-0.107957564,0.048352674,0.05361854,-0.04631283,-0.10828355,-0.15509671,0.022279853,0.088266514,-0.0026643649,-0.04762746,0.0016330539,0.0071597733,-0.035913713
1.5832292,1.8132999,-1.3099322,-1.3277216,0.59779114,1.7815151,1.2852068,-1.3561091,-0.8275936,-0.4484523,-0.23609075,-1.5008633,0.6544478,0.050613638,-0.4386341,1.2813141,0.28657985,0.061189044,0.041850287,-0.14966442,0.053684585,0.04629266,-0.055941463,-0.2331453,-0.2881185,0.033199243,0.09485718,0.0005972234,-0.051156744,0.003028419,0.0230135,-0.04531646
1.5517203,1.8362011,-1.3018426,-1.3086214,0.5118161,1.6253169,1.3122602,-1.3570696,-0.856895,-0.46926624,-0.17501913,-1.4922789,0.6838303,-0.023793384,-0.37888032,1.0959971,0.23405229,0.0709701,0.034079347,-0.061504606,0.043002393,0.059247367,-0.039425157,-0.033163454,-0.047738135,0.015205324,0.083757095,-0.0057257744,-0.044535402,0.00010152609,-0.0053771883,-0.025806602
1.5419537,1.8451062,-1.2965877,-1.3004296,0.4701623,1.5431895,1.327266,-1.3577307,-0.8734835,-0.47717828,-0.13625848,-1.4859916,0.70578843,-0.06772029,-0.34530035,0.96909213,0.19712938,0.07589171,0.028920276,-0.09674747,0.04754029,0.0530717,-0.047561172,-0.13663901,-0.16216958,0.024435483,0.089363314,-0.0030074264,-0.04737605,0.0014449415,0.00992457,-0.033693276
1.5181142,1.8668993,-1.2856413,-1.2815357,0.38060406,1.3740872,1.3585824,-1.3584936,-0.90291816,-0.49584147,-0.07305031,-1.473938,0.7417064,-0.1429036,-0.2904152,0.7665309,0.14057563,0.08255747,0.015749782,-0.11442713,0.04974128,0.04923634,-0.053025473,-0.20223013,-0.24424964,0.031184336,0.09349808,-0.0010613275,-0.049447596,0.002521932,0.022250287,-0.04201244
1.488843,1.8877554,-1.2779154,-1.2638398,0.2988392,1.223012,1.3845326,-1.3596653,-0.93323153,-0.5151239,-0.0071055954,-1.4653479,0.7737287,-0.2211814,-0.22669213,0.5637679,0.08196861,0.093492135,0.009267206,-0.05058407,0.042270564,0.058567055,-0.040828332,-0.06578877,-0.05460278,0.017513115,0.08492123,-0.0060837483,-0.04432404,-0.00018038259,-0.0033708357,-0.023159064
1.4741088,1.9012264,-1.2710525,-1.2520933,0.24267569,1.1164397,1.4042124,-1.3602041,-0.952166,-0.52673036,0.033970874,-1.4577183,0.79706013,-0.2697855,-0.19081195,0.43151546,0.044778816,0.098029315,0.0013177096,-0.06282837,0.043777097,0.055757046,-0.044970423,-0.11119998,-0.12147515,0.022773985,0.08820215,-0.0045768064,-0.0458036,0.0009094038,0.008943879,-0.030470949
1.4555777,1.9174327,-1.2631992,-1.2381079,0.17477547,0.98799235,1.4274828,-1.3610264,-0.97615284,-0.5410436,0.08654224,-1.4489752,0.8257092,-0.33167836,-0.14326957,0.2637541,-0.0029997278,0.104838364,-0.0067877145,-0.060868975,0.04360215,0.05488406,-0.046734553,-0.1259492,-0.15585275,0.02554896,0.089976676,-0.0040417225,-0.046177134,0.0017387166,0.01928466,-0.035113644
1.4250088,1.9406999,-1.2537253,-1.2182302,0.08371185,0.81919825,1.4573547,-1.3620261,-1.0078135,-0.56187904,0.15448494,-1.4385438,0.8604149,-0.4128087,-0.080122165,0.053232383,-0.062792785,0.11451365,-0.01680629,-0.021210792,0.039060205,0.060691938,-0.03889058,-0.0487709,-0.022695355,0.016479786,0.0841441,-0.00740169,-0.04302124,-0.00063482526,-0.0037252742,-0.020396458
1.3923733,1.9697472,-1.2401986,-1.1935682,-0.03332578,0.60084057,1.497232,-1.3631285,-1.0461099,-0.58714914,0.23531556,-1.4239703,0.9048112,-0.5101358,-0.006783332,-0.20317578,-0.1344557,0.1241979,-0.031928737,0.006464247,0.035465736,0.062738724,-0.037868377,-0.008926014,-0.040214654,0.01742198,0.085042335,-0.0075775213,-0.042305365,0.00087314856,0.01428181,-0.029842813
1.3483336,2.017304,-1.2193595,-1.1541226,-0.17850628,0.35211134,1.5496237,-1.3606317,-1.0595012,-0.6213155,0.23230737,-1.4040638,0.9150754,-0.526126,-0.017219312,-0.17575237,-0.1165913,0.10553295,-0.027402392,0.012646572,0.035116613,0.06362016,-0.036072314,-0.006638603,0.026476651,0.0133084925,0.08249333,-0.008701797,-0.04052998,-0.0012521703,-0.0037485342,-0.018019091
1.3068198,2.0670426,-1.1972406,-1.1135503,-0.32505912,0.105832554,1.603284,-1.3572831,-1.0650451,-0.65587854,0.20484902,-1.3838637,0.91542625,-0.5181231,-0.051481966,-0.07132331,-0.0732608,0.08016481,-0.025909156,0.037264828,0.031654786,0.06614767,-0.034023445,0.050005753,0.0408417,0.011211959,0.08183968,-0.008805988,-0.03896248,-0.00069985294,0.0049511013,-0.025019975
1.2675958,2.1148562,-1.1764123,-1.0748059,-0.46203354,-0.12117587,1.6533738,-1.3538837,-1.0668753,-0.6887103,0.1685372,-1.3651345,0.9104817,-0.49999437,-0.091968566,0.06345359,-0.02211217,0.053730812,-0.01728495,0.07534836,0.026733467,0.07063613,-0.029422779,0.13879713,0.09359996,0.006066778,0.07937157,-0.010104574,-0.03584121,-0.00046760164,0.011822362,-0.027106004
1.2376248,2.1512003,-1.1605393,-1.0454046,-0.56735533,-0.2963327,1.6917601,-1.3513672,-1.069367,-0.7138478,0.14398624,-1.3508679,0.90803933,-0.48945442,-0.120166324,0.15590924,0.014107529,0.034433883,-0.013294337,0.1052603,0.022810966,0.074351326,-0.02545916,0.2099513,0.14153863,0.0016410522,0.07713058,-0.011185294,-0.033538528,-0.00051608257,0.014045923,-0.02835338
1.2254107,2.1654258,-1.1533338,-1.0329301,-0.60911363,-0.3690597,1.708286,-1.3501713,-1.0704889,-0.7230489,0.13630955,-1.34355,0.9100599,-0.48611388,-0.13381326,0.18436928,0.025732493,0.025197601,-0.011185502,0.041913327,0.031170402,0.06589372,-0.03454882,0.050740905,0.070971414,0.008917751,0.081076585,-0.008530429,-0.03691308,-0.0020049312,-0.0009115859,-0.02166357
1.1880568,2.209707,-1.134831,-0.99762195,-0.7374756,-0.5809405,1.7540158,-1.3473045,-1.0744336,-0.75433916,0.107944295,-1.3274142,0.90626097,-0.4758707,-0.16393629,0.29265183,0.068901084,0.0037260985,-0.009046282,0.1311903,0.019365165,0.07749683,-0.022066692,0.2700167,0.19464198,-0.002945762,0.0748397,-0.011992849,-0.03125584,-0.0011330472,0.011272339,-0.028514184
1.0466323,2.1345809,1.2450359,-0.64724296,-1.4263375,1.6358933,0.66318715,-0.09630493,0.4429418,0.9249534,-0.19786358,0.74847543,-0.6359316,0.09992041,0.24821782,-0.6168254,-0.08038805,-0.006395946,0.009611266,-0.10400486,0.013141162,0.008582061,0.015887301,0.033833105,0.032682773,0.008023655,0.0140947215,-0.0050600213,-0.010463876,0.014798713,-0.062039185,0.04432076
1.0294018,2.1492655,1.25203,-0.63453054,-1.4877529,1.5196565,0.68413603,-0.09708473,0.4209601,0.91190076,-0.14957011,0.75631005,-0.60979825,0.043091275,0.29218945,-0.7708646,-0.124420814,7.6303644e-05,0.002588094,-0.0990577,0.012591517,0.008197123,0.014738039,0.027803281,0.005989632,0.010130346,0.015478592,-0.0047395206,-0.0105785765,0.015594637,-0.052057423,0.040147707
1.0068964,2.170214,1.2616876,-0.61686593,-1.5679098,1.3722357,0.7117242,-0.09747348,0.39797884,0.894357,-0.10403078,0.76644975,-0.58366203,-0.013600201,0.33277324,-0.9136643,-0.16330984,0.0038043957,-0.005797613,-0.08227471,0.010441632,0.009512073,0.015557913,0.05205425,0.0026332897,0.010232726,0.015724597,-0.0049498505,-0.010000225,0.016265374,-0.04343778,0.035711963
0.95120865,2.2358904,1.2911055,-0.5625845,-1.7573551,1.0542828,0.7820484,-0.09266391,0.39391106,0.84959185,-0.14793414,0.79379654,-0.58592355,0.0062080296,0.27789333,-0.74922466,-0.09913116,-0.032986972,0.0030562212,-0.10381166,0.013384211,0.00633565,0.012257924,-0.007856862,0.0069844243,0.010827784,0.01620625,-0.0039749523,-0.009984101,0.0144751,-0.057507556,0.042368192
0.91537017,2.279241,1.3104521,-0.52720195,-1.8846263,0.8406049,0.82878816,-0.089703955,0.38968462,0.8196088,-0.17352478,0.811482,-0.58621824,0.01499524,0.24649571,-0.65287054,-0.059939913,-0.05564345,0.005856106,-0.0855446,0.010811057,0.0079837805,0.01332596,0.032745156,0.009862532,0.00973634,0.01610152,-0.0038664017,-0.008747973,0.015095475,-0.048091557,0.035977073
0.8628615,2.3427107,1.3391533,-0.47491354,-2.068797,0.5312687,0.8972447,-0.08510112,0.38558385,0.7763886,-0.21577276,0.83808964,-0.5880064,0.03383398,0.19394799,-0.4954076,0.0017251981,-0.09123952,0.01457236,-0.10281367,0.013084574,0.004923574,0.009572845,-0.0176869,-0.010058514,0.011640102,0.017568912,-0.002547971,-0.008813981,0.014318962,-0.051409904,0.037106875
0.81724125,2.3972507,1.3624879,-0.43108484,-2.2275798,0.26765835,0.95442575,-0.081499964,0.3806185,0.73814386,-0.24989836,0.8587852,-0.5912671,0.04607267,0.15588114,-0.3657154,0.053713046,-0.118444584,0.017604033,-0.023201467,0.0024967536,0.0149783,0.020114884,0.17605126,0.09212484,0.001537945,0.012446294,-0.0053125625,-0.00370884,0.015237995,-0.038052484,0.029136831
0.7695271,2.4551532,1.3894,-0.38282818,-2.3962512,-0.017766273,1.0179921,-0.077177025,0.37680423,0.6991483,-0.28737584,0.88422424,-0.59096324,0.062892415,0.106268086,-0.22674583,0.10842381,-0.15206605,0.026152108,-0.085423134,0.010664327,0.005871723,0.009696043,0.013625105,0.0080006225,0.009510544,0.017232683,-0.0020121199,-0.0065086503,0.013953626,-0.047231987,0.032813925
0.74235934,2.487895,1.4040701,-0.3559452,-2.491184,-0.17689161,1.0531161,-0.07483129,0.3746363,0.67676055,-0.30918932,0.89774156,-0.5921426,0.07247579,0.07963364,-0.14532427,0.14032383,-0.17016415,0.030423021,-0.08558302,0.010678788,0.0054522795,0.009002929,0.009476111,0.0080699865,0.009447664,0.01743092,-0.0016858762,-0.0060576643,0.013724997,-0.047131605,0.03249108
0.7044885,2.5322123,1.422846,-0.32023114,-2.6193566,-0.38940492,1.099214,-0.0718667,0.37085348,0.64567983,-0.337432,0.914427,-0.59524655,0.083041914,0.04806284,-0.03763801,0.18317498,-0.19234078,0.03308567,-0.023031242,0.0024363536,0.013639698,0.017973185,0.16236946,0.10761792,0.00031413688,0.012579383,-0.004203246,-0.0018169928,0.013838835,-0.04302713,0.02965587
0.6505302,2.5982041,1.4529408,-0.26584932,-2.8113346,-0.7122413,1.1707774,-0.067066275,0.3666104,0.60086274,-0.38133907,0.94237626,-0.59673434,0.10275167,-0.0069703474,0.12565424,0.24716215,-0.22967392,0.042471197,-0.049170732,0.005854672,0.009238976,0.012593467,0.089092575,0.06890825,0.0037842444,0.014990159,-0.0023517644,-0.0024168866,0.01313117,-0.045348477,0.030224983
0.6113595,2.6425898,1.4698464,-0.231194,-2.9358392,-0.9126886,1.213622,-0.06422865,0.36453998,0.56897706,-0.41592544,0.9562591,-0.6063362,0.1185883,-0.038722422,0.25843367,0.2974809,-0.25035298,0.046546336,0.1098497,-0.014794613,0.031149063,0.037598137,0.48471397,0.3480582,-0.020958304,0.0011412393,-0.010090327,0.008167252,0.013146754,-0.041728627,0.030238826
0.5516212,2.716586,1.5050718,-0.16933493,-3.154494,-1.2852356,1.2965504,-0.058764115,0.35801923,0.5192425,-0.4590399,0.98981714,-0.6024185,0.13531852,-0.09936146,0.41815436,0.36239535,-0.29310092,0.054968134,0.0049878326,-0.0012607103,0.015555392,0.019182172,0.21297455,0.16788492,-0.005077233,0.010717297,-0.003968595,0.0024912881,0.012294097,-0.045627546,0.029042827
0.5079416,2.7667098,1.525462,-0.12929277,-3.296819,-1.5183809,1.3470314,-0.05539389,0.35516572,0.48391035,-0.49534708,1.0075195,-0.6094354,0.151472,-0.13702933,0.55652297,0.41559124,-0.31811717,0.059954237,0.1089016,-0.0147342775,0.029785413,0.035475485,0.46968508,0.36037448,-0.021908995,0.0013569732,-0.008991278,0.009774757,0.011845422,-0.046652045,0.030463777
1.1889338,-0.55229115,-0.56508416,0.25797606,-0.035037134,0.79383487,-2.626665,-1.9911886,0.5967705,1.0092171,-0.52585006,-0.44298872,0.23447628,0.53543216,0.26500586,0.18554634,2.2273953,-0.46227655,0.092531286,-0.043693915,-0.020300018,0.037050083,0.10372474,-0.06652911,0.1264884,-0.06885486,-0.021262586,-0.02740766,-0.03467254,-0.022729797,0.25008368,-0.12482046
1.1803352,-0.5420427,-0.55794996,0.2675311,-0.084359705,0.6955428,-2.60786,-1.991751,0.5787618,1.0007074,-0.4840377,-0.43461668,0.26035294,0.48806357,0.29856303,0.04520472,2.1873894,-0.45857856,0.08406648,-0.11634916,-0.011267411,0.024846707,0.08758828,-0.2643213,-0.10800472,-0.050475802,-0.009999455,-0.02160273,-0.040739406,-0.019819565,0.28123564,-0.14396869
1.1582134,-0.5255929,-0.5517548,0.28140002,-0.14685053,0.58114344,-2.5877879,-1.9924031,0.557595,0.9859162,-0.43963176,-0.42795166,0.28242052,0.43423235,0.34091148,-0.09077361,2.148962,-0.45195377,0.07762566,-0.06876711,-0.016981427,0.031822514,0.09657589,-0.15979187,0.02734926,-0.060375627,-0.01616247,-0.025116371,-0.03716309,-0.021658592,0.26334104,-0.13221584
1.1288438,-0.50211596,-0.54157686,0.3015331,-0.24020712,0.40710625,-2.556602,-1.9933876,0.5255353,0.9651114,-0.37079337,-0.4167422,0.31866938,0.35211247,0.40395567,-0.30634466,2.0879545,-0.44275388,0.06656362,-0.042671636,-0.019976167,0.035100244,0.10071232,-0.11767444,0.09522832,-0.06478715,-0.019004773,-0.02695364,-0.035401862,-0.02278151,0.2533927,-0.12542315
1.1128159,-0.48839915,-0.53463906,0.31363928,-0.2996965,0.29295456,-2.5360162,-1.9942338,0.50320727,0.9528577,-0.32049075,-0.4087568,0.3461556,0.29381004,0.44913536,-0.46808168,2.0412977,-0.43598488,0.05980491,-0.054481335,-0.018360592,0.03222667,0.09656285,-0.1666487,0.031947542,-0.059623044,-0.015823783,-0.025661195,-0.036631178,-0.021789232,0.26550972,-0.13072911
1.0969445,-0.47400218,-0.52751607,0.32604253,-0.3595717,0.17988077,-2.5152996,-1.9948595,0.48284248,0.94033116,-0.27638862,-0.40090692,0.37069112,0.24156213,0.48844174,-0.60921663,2.0014954,-0.43075055,0.051937055,-0.05688863,-0.018066386,0.030820869,0.09413293,-0.18878157,-0.012747331,-0.056136988,-0.01360304,-0.024786968,-0.03738481,-0.020848189,0.27653345,-0.13669272
1.0758904,-0.45779446,-0.52069515,0.3399798,-0.42421457,0.059230164,-2.4939291,-1.9956342,0.45986998,0.9257732,-0.22654387,-0.3933071,0.39644393,0.18241179,0.5346634,-0.7649492,1.957019,-0.4236033,0.044998344,-0.033959657,-0.020675832,0.033852916,0.09804619,-0.1486102,0.051462244,-0.060439102,-0.016357716,-0.026527341,-0.035678767,-0.021882452,0.26723918,-0.1298442
1.0630922,-0.4484112,-0.51691914,0.34806368,-0.4612115,-0.009637641,-2.4818451,-1.9960827,0.44650534,0.91728747,-0.19736764,-0.38906536,0.4111595,0.14792849,0.56173164,-0.85520655,1.931159,-0.4192897,0.04113164,-0.02062562,-0.02208635,0.035996817,0.1012262,-0.12445401,0.113378905,-0.06445475,-0.019020995,-0.028011542,-0.034405403,-0.023248374,0.25371715,-0.12137573
1.0491326,-0.43487296,-0.5101846,0.3595298,-0.5173455,-0.115041696,-2.462426,-1.9966476,0.42811012,0.9055735,-0.15836836,-0.38182542,0.43314603,0.10111555,0.5970005,-0.98058975,1.8960866,-0.414773,0.033837814,-0.011789743,-0.023388594,0.035761368,0.09959908,-0.11791448,0.05939564,-0.060983498,-0.016565861,-0.027156094,-0.03475632,-0.021354588,0.27482924,-0.1326968
0.9998997,-0.38398427,-0.4876451,0.40170342,-0.6856182,-0.41061506,-2.402999,-1.995144,0.40051973,0.8669043,-0.1256344,-0.3598387,0.4604259,0.04544337,0.62095815,-1.0707986,1.879787,-0.42504865,0.027040258,0.024272865,-0.027961591,0.039804537,0.10383304,-0.048805293,0.11389108,-0.06532716,-0.0188711,-0.02850737,-0.03240917,-0.021631813,0.27540392,-0.1332193
0.952592,-0.3277269,-0.46260282,0.4480547,-0.84641045,-0.6791259,-2.3433406,-1.9909477,0.3984367,0.82872444,-0.16718788,-0.33669612,0.45632607,0.066613324,0.570888,-0.915993,1.9386574,-0.4574051,0.037396025,0.010950387,-0.025971709,0.037936796,0.10223056,-0.087611124,0.13938063,-0.0664231,-0.019456562,-0.028251495,-0.03171991,-0.023516586,0.2602523,-0.12439342
0.93850964,-0.31057757,-0.45518363,0.46185115,-0.89647424,-0.762394,-2.3252313,-1.9898176,0.3969272,0.81673783,-0.17811759,-0.33009365,0.45539585,0.07064151,0.5587688,-0.8750057,1.9550221,-0.4660737,0.038717963,0.035302766,-0.029248355,0.04079092,0.10495364,-0.029145407,0.15777484,-0.06871839,-0.020460948,-0.028861798,-0.030262778,-0.022833452,0.2687618,-0.12901314
0.9089184,-0.2748014,-0.43958282,0.4907588,-1.000845,-0.9363063,-2.2873096,-1.9874043,0.3938092,0.79184264,-0.2006144,-0.31609493,0.45373723,0.079066105,0.53281933,-0.78996575,1.9890397,-0.48447296,0.04131811,0.07126768,-0.03405479,0.04514456,0.10935759,0.057006177,0.20036578,-0.07308192,-0.0225547,-0.029927174,-0.027855195,-0.022385107,0.27597323,-0.1334338
0.88286495,-0.24335867,-0.4250352,0.51696026,-1.0917689,-1.0897363,-2.2530324,-1.9850084,0.39221707,0.7707423,-0.22213116,-0.30235466,0.4531887,0.089585714,0.5046311,-0.70988023,2.0200553,-0.5030717,0.046669822,0.034110535,-0.02907577,0.040074747,0.10398695,-0.038807523,0.1716871,-0.069657005,-0.020647798,-0.02840834,-0.029290734,-0.023794157,0.2635203,-0.12719773
0.8405697,-0.19313441,-0.40381005,0.5571709,-1.2377661,-1.331499,-2.2007592,-1.9817319,0.38755408,0.73535967,-0.2535317,-0.28368163,0.44969276,0.10060551,0.47035033,-0.59004676,2.0681236,-0.5276605,0.048936702,0.1214805,-0.04066155,0.05132953,0.11600068,0.17515613,0.2905211,-0.081140175,-0.02661773,-0.0316677,-0.023737108,-0.022927554,0.2759503,-0.13458729
0.7946863,-0.13770302,-0.37910676,0.60259366,-1.3973631,-1.5980332,-2.1417465,-1.9776951,0.38485,0.69756997,-0.29310137,-0.26100925,0.44616506,0.11970455,0.423078,-0.44253963,2.1248507,-0.5588838,0.05791651,0.123017706,-0.040744003,0.051140696,0.1157981,0.17297453,0.3133746,-0.08275192,-0.027286172,-0.0316203,-0.022515774,-0.023898466,0.27028105,-0.13112359
0.39538956,-1.8919674,0.9229376,-0.817304,2.046105,0.60188586,1.6458193,-1.0052869,0.7246261,1.9340235,-0.6800629,0.6604779,0.94943744,0.7384583,-0.12916145,1.2063454,0.275143,-0.052290566,0.13737594,-0.02004125,-0.00016919075,-0.05482047,-0.058711074,0.13421698,-0.026870238,-0.093054414,-0.02723121,0.011057634,-0.02422067,0.043110933,-0.20978023,0.035731785
0.36876285,-1.8681602,0.9352812,-0.7962728,1.9457997,0.41033065,1.6811694,-1.0062919,0.6899309,1.9134864,-0.60361546,0.6744392,0.99283504,0.64886636,-0.06319351,0.960007,0.20549333,-0.043815,0.122933015,-0.060408093,0.005007589,-0.062143423,-0.06839348,0.006825857,-0.1590213,-0.08198367,-0.020574195,0.014314648,-0.0278271,0.044401098,-0.19484401,0.026178366
0.34528282,-1.8481362,0.9455241,-0.7785435,1.8580459,0.24148259,1.7115669,-1.0075774,0.65646684,1.8955367,-0.5276521,0.6862989,1.0341961,0.56125104,0.0048862924,0.7158857,0.13489787,-0.0335141,0.11309339,-0.08384994,0.008237726,-0.06707903,-0.07509623,-0.080915116,-0.25149867,-0.07411369,-0.015846549,0.016305184,-0.02987748,0.045485664,-0.18089077,0.020668183
0.3209927,-1.8309432,0.95150536,-0.76411974,1.7933635,0.123679064,1.7318412,-1.0083495,0.63386834,1.87981,-0.4800094,0.6927417,1.0569401,0.5035956,0.05141747,0.57139325,0.093677275,-0.025706928,0.10750152,-0.01956346,0.00054645026,-0.05743758,-0.062540285,0.06415518,-0.060990576,-0.08812862,-0.024575187,0.011374012,-0.024845386,0.042869512,-0.20654303,0.037945624
0.31535485,-1.8252661,0.9550479,-0.75889647,1.7666373,0.070875034,1.7416577,-1.0087314,0.6236287,1.8748834,-0.45625263,0.6969277,1.0708555,0.4765853,0.071589485,0.49282947,0.07099824,-0.022992088,0.103777565,-0.045926172,0.0038545302,-0.062117737,-0.068860196,-0.011341014,-0.15519089,-0.08077188,-0.020040546,0.013607029,-0.027107142,0.04416625,-0.19228257,0.029993476
0.29966184,-1.8105713,0.9625886,-0.7461554,1.7054582,-0.044980604,1.7631327,-1.0092844,0.60332596,1.862289,-0.41242993,0.7052423,1.095861,0.42462268,0.10970055,0.3518382,0.031531427,-0.018330047,0.09489833,-0.05965523,0.0055352272,-0.06517279,-0.07331977,-0.061112516,-0.2261986,-0.0751529,-0.016549008,0.015239165,-0.02874292,0.04527258,-0.17983907,0.022285549
0.2626405,-1.7826146,0.97386473,-0.72228426,1.5955783,-0.24878849,1.7990215,-1.0105829,0.5645312,1.8370917,-0.3288373,0.7176965,1.1382776,0.324991,0.18803132,0.09267349,-0.042401288,-0.006022239,0.08351858,-0.005456391,-0.0007411445,-0.057430275,-0.06313007,0.04635687,-0.061154544,-0.08662778,-0.02384082,0.010936082,-0.02452635,0.04263726,-0.20484576,0.039385136
0.24438412,-1.7666007,0.98159397,-0.7084474,1.5295516,-0.37333488,1.8217379,-1.0112804,0.54196125,1.8230985,-0.27999792,0.72624886,1.1652366,0.2670522,0.23178463,-0.06326201,-0.08645511,-6.600492e-05,0.07502292,-0.0045421077,-0.00084410404,-0.058406822,-0.06504488,0.03079222,-0.09878902,-0.08366075,-0.021935511,0.011604574,-0.02505401,0.04351557,-0.19431031,0.03390611
0.22220819,-1.7474623,0.9904747,-0.69210416,1.4512049,-0.5202634,1.8483013,-1.012163,0.5150182,1.8062135,-0.22190346,0.7359801,1.1965796,0.19796555,0.28487304,-0.24741234,-0.13859773,0.0074934354,0.06571969,0.011818585,-0.0028440054,-0.057231545,-0.06435109,0.05031904,-0.102342576,-0.08337133,-0.021635888,0.011299684,-0.024477696,0.044149052,-0.18585598,0.030485474
0.19914964,-1.7296865,0.99804914,-0.6767903,1.3794471,-0.6546451,1.8720547,-1.0130843,0.4890234,1.7901738,-0.16500223,0.7444763,1.2259526,0.13080397,0.337663,-0.4255671,-0.18969974,0.015784737,0.058276538,0.03456037,-0.005372645,-0.054309737,-0.06056044,0.087279074,-0.03815614,-0.08756135,-0.02434385,0.0095241,-0.022745807,0.043069758,-0.1953106,0.037913457
0.18199053,-1.7122062,1.0057302,-0.662165,1.3240542,-0.7510531,1.8918628,-1.0123395,0.48167852,1.7772627,-0.1592441,0.7519871,1.2328321,0.1177698,0.33989006,-0.4378398,-0.18975079,0.010597513,0.057467304,0.033311114,-0.0050369035,-0.0542792,-0.06001855,0.079195924,-0.008407151,-0.089165576,-0.025454625,0.009109108,-0.02235099,0.04188449,-0.20665854,0.043919854
0.15623876,-1.6807088,1.01984,-0.6364721,1.2315843,-0.90627325,1.9258751,-1.0101855,0.478777,1.7555228,-0.17836429,0.7648803,1.2324796,0.12468818,0.31669083,-0.3663388,-0.16088124,-0.0060279467,0.060034845,0.04686484,-0.006958571,-0.05319327,-0.059532695,0.10880713,-0.014356726,-0.08947658,-0.025183057,0.00931769,-0.021484261,0.042608794,-0.19675945,0.037926108
0.11421582,-1.6300008,1.0425885,-0.5948757,1.0843805,-1.1530006,1.9803221,-1.0065442,0.47531122,1.7208495,-0.21175972,0.78582555,1.2307441,0.13922417,0.27557597,-0.24107009,-0.11163697,-0.03403185,0.06620406,0.044109616,-0.0065698144,-0.053944375,-0.06043905,0.0969453,-0.0036476096,-0.090112954,-0.025309693,0.0096868025,-0.020819116,0.04177418,-0.20185822,0.03995277
0.06790634,-1.5740838,1.0669295,-0.5497303,0.9208668,-1.425602,2.039636,-1.0028201,0.4700446,1.6818322,-0.24598086,0.80763835,1.2285376,0.15124108,0.23617376,-0.11157692,-0.059410095,-0.062384684,0.06949254,0.10630621,-0.01492901,-0.046481784,-0.053039685,0.2463331,0.06053724,-0.09705706,-0.02855559,0.00797253,-0.016872883,0.042879853,-0.18641649,0.03055806
0.026259838,-1.5237759,1.0898659,-0.5080621,0.7758416,-1.6692733,2.0939305,-0.9990426,0.46772078,1.6478916,-0.2815254,0.82907397,1.2265475,0.1688204,0.19150706,0.020454457,-0.008631702,-0.09172298,0.078384355,0.070763476,-0.010122421,-0.051554553,-0.058500554,0.15209323,0.036649555,-0.0940483,-0.026758365,0.009529849,-0.017838899,0.041301746,-0.19895415,0.037260927
0.015322743,-1.5108411,1.0949982,-0.49790093,0.7392607,-1.7285984,2.106732,-0.998207,0.46719965,1.6387068,-0.29182616,0.8333793,1.2240623,0.17371306,0.18182614,0.059147287,0.005959622,-0.09805123,0.080187574,0.11131867,-0.015431541,-0.046254717,-0.052765414,0.2518607,0.09203377,-0.09938524,-0.02959114,0.007850881,-0.015241908,0.041795745,-0.19252734,0.034604352
0.0025543831,-1.4954686,1.1024756,-0.48486134,0.6934411,-1.8074522,2.1242836,-0.9970498,0.46541965,1.6284184,-0.29926908,0.8406592,1.225876,0.17583998,0.16965234,0.08726367,0.01800344,-0.10693702,0.081018,0.07517835,-0.010730253,-0.05124114,-0.058309495,0.16034533,0.045146767,-0.09482885,-0.027016263,0.009598523,-0.017237177,0.04108495,-0.19930573,0.036786735
-0.031521644,-1.4552971,1.1195863,-0.45245564,0.5773631,-1.9999584,2.1661508,-0.9943407,0.46225336,1.6003361,-0.32556248,0.855898,1.2229275,0.18620807,0.14027219,0.18695089,0.057380676,-0.12735438,0.084173515,0.12811765,-0.01770642,-0.04442978,-0.05095507,0.28903648,0.12499418,-0.102295056,-0.030911913,0.007560562,-0.013614619,0.041308507,-0.19413273,0.03373639
-0.06146277,-1.4195826,1.1344566,-0.42389482,0.4761724,-2.1657395,2.2024384,-0.9918666,0.4611705,1.5754857,-0.353991,0.86888796,1.2173309,0.20062962,0.11073237,0.29341823,0.09737981,-0.14630625,0.09033956,0.19053559,-0.025764816,-0.036177594,-0.041741528,0.44127557,0.23044705,-0.111804076,-0.036047462,0.004719469,-0.00907907,0.041351493,-0.19038805,0.033435233
0.20830753,-2.6603312,-0.21411131,-2.3395088,-0.39154866,1.5798998,0.38481322,0.60030603,0.351115,0.27920184,-0.3714732,-0.7667293,-0.80703336,0.65040714,-0.20347957,1.2688454,0.64517635,-0.065764435,0.10477047,-0.0336287,0.0036233494,0.006378777,0.009014535,0.047593646,-0.014922267,-0.007910519,0.0045717643,0.00829422,-0.0028163027,0.012880702,-0.04508381,0.02885483
0.19387305,-2.6475132,-0.20662999,-2.327682,-0.45136294,1.4619894,0.40629017,0.5993651,0.32713974,0.26777422,-0.31535855,-0.7577441,-0.7754394,0.5868679,-0.1548241,1.0855446,0.59181017,-0.058574714,0.09743964,-0.0844786,0.010226288,-0.0023664837,-0.0023062536,-0.10166338,-0.16836932,0.0046978574,0.012143508,0.012005437,-0.0067825075,0.014444069,-0.026920097,0.019763611
0.17258558,-2.62808,-0.19634232,-2.3105204,-0.534434,1.3028913,0.43565038,0.59847873,0.29802266,0.25097534,-0.25077477,-0.7460905,-0.73876524,0.5115037,-0.09901422,0.87700427,0.53267604,-0.051315907,0.08567955,-0.12107313,0.014913713,-0.009015741,-0.011137173,-0.21600193,-0.29084522,0.014835515,0.018262744,0.014987782,-0.0100240195,0.015738092,-0.012031223,0.010728245
0.14660156,-2.610192,-0.19043799,-2.2955945,-0.60211545,1.1797748,0.456466,0.59752727,0.2734109,0.23430878,-0.19836754,-0.7397096,-0.7144244,0.44838902,-0.046702467,0.71842176,0.48693186,-0.04202288,0.08112412,-0.03990145,0.0051752506,0.002998692,0.0043128342,-0.031530496,-0.06295088,-0.0021798566,0.0077385455,0.008952716,-0.0036902193,0.012902573,-0.039323907,0.030597473
0.1450409,-2.6059582,-0.18603355,-2.2911808,-0.6278335,1.1253434,0.4672299,0.597139,0.2628947,0.23098,-0.17220034,-0.7342847,-0.69715416,0.41996923,-0.02705284,0.62731755,0.46054715,-0.040052794,0.07601339,-0.11602349,0.014631174,-0.009534595,-0.0121647455,-0.23304908,-0.30252796,0.01645544,0.019172192,0.01489444,-0.009866809,0.015900383,-0.00749148,0.011374323
0.13426691,-2.6001718,-0.18587272,-2.2869163,-0.64312017,1.1025599,0.47031933,0.5970409,0.25883472,0.22539777,-0.1664646,-0.73459315,-0.69742936,0.41077113,-0.017704656,0.6176088,0.4581738,-0.037731275,0.07634771,-0.03545652,0.0047450825,0.0032696088,0.0045884694,-0.031635586,-0.05580132,-0.0023720625,0.0075655836,0.008684295,-0.003456037,0.012717654,-0.040342547,0.031865943
0.122522675,-2.5889034,-0.17964117,-2.2768939,-0.6914734,1.0096147,0.48770186,0.59659,0.24235938,0.21582249,-0.13011798,-0.7275442,-0.6761151,0.36824122,0.012995131,0.499114,0.4248173,-0.034104876,0.06885617,-0.064514406,0.008356863,-0.0019461216,-0.0024650923,-0.117290094,-0.15962097,0.005870694,0.012619234,0.011220022,-0.0061119534,0.014041116,-0.025873424,0.022728821
0.11158833,-2.5788925,-0.17414977,-2.2679892,-0.7365572,0.92222506,0.5036015,0.5959193,0.22515494,0.20692606,-0.09081506,-0.7211795,-0.6542246,0.32311866,0.04776495,0.37165043,0.3879767,-0.029008444,0.06351429,-0.08498195,0.011014041,-0.0059547415,-0.007977765,-0.18388551,-0.24136275,0.01241189,0.016635431,0.013049393,-0.007935711,0.015190419,-0.012522768,0.016188394
0.0957836,-2.5679588,-0.17071885,-2.258958,-0.77562666,0.8525001,0.515551,0.59555596,0.21238682,0.19699852,-0.064990595,-0.7176434,-0.6424474,0.2910569,0.0734979,0.29545802,0.36663097,-0.024745392,0.059947908,-0.034285013,0.004897596,0.0019679037,0.0024966435,-0.064407796,-0.08041545,0.0005263938,0.009216968,0.009021535,-0.0039077266,0.012852675,-0.036230396,0.03083959
0.0903544,-2.5610924,-0.16590689,-2.2526445,-0.8095815,0.78481185,0.5283751,0.59507483,0.19957544,0.19117269,-0.03514521,-0.71202064,-0.62428826,0.25726908,0.098354764,0.19523174,0.33781856,-0.02168601,0.054848194,-0.0759215,0.010013317,-0.0055564176,-0.007905407,-0.18127875,-0.24348229,0.012915302,0.01694812,0.012846127,-0.007651274,0.015389743,-0.008779321,0.015252142
0.07165174,-2.546945,-0.16048904,-2.2407026,-0.8625762,0.68806815,0.5455585,0.5946359,0.18243136,0.17864712,0.00020172661,-0.7062451,-0.6064046,0.21400058,0.13150759,0.08719258,0.30770934,-0.016855475,0.04858619,-0.040379323,0.0057342793,-0.00022792457,-0.0009337408,-0.1030196,-0.13538142,0.0051137884,0.012053096,0.010141099,-0.004997365,0.013760876,-0.025062935,0.024886608
0.041680798,-2.5230174,-0.15010105,-2.2202153,-0.9587122,0.5085417,0.57758015,0.5935227,0.14870581,0.15729347,0.07322303,-0.69476515,-0.5682516,0.12732664,0.19880517,-0.14152148,0.24263225,-0.006739211,0.037812065,-0.0117785,0.002482812,0.00336245,0.0036031825,-0.056577757,-0.061111953,0.00025610946,0.008929752,0.008085173,-0.0029852712,0.01256935,-0.03539292,0.03263687
0.03150422,-2.5129366,-0.14469841,-2.2115157,-1.0032095,0.4233605,0.59315664,0.5929016,0.13266385,0.14840306,0.10880649,-0.68873954,-0.5482663,0.08573454,0.23098584,-0.2571717,0.20952629,-0.0021783055,0.032666415,-0.015535695,0.0028479786,0.0013186774,-0.00014698452,-0.08117552,-0.14000285,0.0058007454,0.012599125,0.009569313,-0.00404172,0.014588639,-0.012789846,0.02122238
0.021065548,-2.5065362,-0.14275171,-2.2059834,-1.0261407,0.38173026,0.60017896,0.59266824,0.124404036,0.14251943,0.12652777,-0.6865217,-0.5402167,0.06452173,0.24779278,-0.30954602,0.19451672,0.0007481739,0.030461876,0.0018819458,0.0010037693,0.004731406,0.0051981816,-0.041470513,-0.03425227,-0.0012683076,0.007923281,0.007207691,-0.0020989964,0.012159144,-0.03798077,0.035794802
0.011451055,-2.496651,-0.13766171,-2.1976428,-1.0678236,0.3032314,0.61469966,0.59222615,0.1107316,0.13398306,0.15555415,-0.68106854,-0.52364385,0.02971254,0.27409878,-0.40355176,0.16820176,0.0040804404,0.02510139,0.008072877,1.7033168e-05,0.0042248666,0.0032743495,-0.03827392,-0.0926247,0.002455761,0.010541902,0.008189657,-0.0025683197,0.0141162295,-0.016405176,0.024260828
-0.004569609,-2.4849212,-0.13289548,-2.1875074,-1.1141297,0.21692224,0.6298757,0.59167904,0.093998455,0.12340135,0.1921928,-0.67569524,-0.50511384,-0.0134889465,0.30782554,-0.5168578,0.1357601,0.009406294,0.020088064,0.020880528,-0.0012288709,0.0064709685,0.006871036,-0.017374841,-0.015514097,-0.0023680374,0.0072716274,0.0064194878,-0.0011675473,0.012195672,-0.03564601,0.035909537
-0.01601356,-2.4739835,-0.1279202,-2.1783543,-1.1552013,0.14192964,0.6440033,0.59152377,0.08286587,0.11432564,0.21340469,-0.67055666,-0.49268746,-0.040525362,0.32702252,-0.58321935,0.11788167,0.010863701,0.016568862,0.035570636,-0.0031559854,0.0077816295,0.0077756396,0.009846856,-0.019694265,-0.0024637035,0.0074279523,0.006233477,-0.00057321705,0.012973337,-0.02642635,0.031459633
-0.029602602,-2.45844,-0.12109908,-2.1654983,-1.1993222,0.06832241,0.6603227,0.5926989,0.082250565,0.10375018,0.20219037,-0.6642297,-0.49386415,-0.034869958,0.31320074,-0.5408002,0.13406245,0.0020017705,0.019032521,0.029520191,-0.0022416671,0.007240415,0.007654094,-0.0058036596,0.0017326226,-0.0035463464,0.006670738,0.006091701,-0.00036741974,0.011865418,-0.037010472,0.03704134
-0.04826006,-2.4355495,-0.11086964,-2.1468844,-1.2668538,-0.0450658,0.6850759,0.59423107,0.07986939,0.08787239,0.18892218,-0.65492487,-0.49390125,-0.030615618,0.29716665,-0.4910434,0.15446223,-0.009794267,0.02033404,0.04436746,-0.0043325103,0.00862185,0.008542489,0.02811173,-0.001709752,-0.004054275,0.0067640794,0.006147777,0.00045263226,0.012640125,-0.027271045,0.031157596
-0.06623205,-2.4130423,-0.100936465,-2.1287284,-1.3323088,-0.15395075,0.7090004,0.59577584,0.0784623,0.07234995,0.17316963,-0.64601946,-0.49547446,-0.023605399,0.27948123,-0.43257332,0.17720215,-0.021892156,0.023458049,0.065523416,-0.0071628215,0.010934651,0.010607411,0.0775666,0.011276383,-0.0058859657,0.0060716732,0.0057206247,0.0018704841,0.013289152,-0.018457264,0.026813481
-0.09045211,-2.3846147,-0.08807648,-2.1051722,-1.4147764,-0.29281798,0.73969585,0.5978731,0.07631433,0.052994043,0.15551063,-0.63399214,-0.4957427,-0.01621083,0.2562001,-0.36545545,0.2039066,-0.03776668,0.026250927,0.04577286,-0.004485827,0.008485627,0.008371511,0.02687083,0.017772034,-0.0054262276,0.00620416,0.006284193,0.0013795949,0.011762439,-0.032863695,0.033387233
-0.13155605,-2.3348787,-0.06653382,-2.0651095,-1.5599172,-0.534323,0.7922355,0.6011799,0.071870804,0.018263312,0.1242582,-0.6147739,-0.49828488,-0.004774288,0.2208773,-0.24741492,0.25117925,-0.06298282,0.029624624,0.10826149,-0.0128496,0.016058866,0.015959458,0.1774294,0.08355552,-0.012476211,0.0028515516,0.00444889,0.0053380113,0.0128878355,-0.017483575,0.02452463
1.1647553,-0.3183408,2.5144045,-0.28625315,2.1798918,-0.79717577,-0.23752408,-0.5213544,-0.7755484,-0.76303715,-0.12108598,-0.24043903,-0.91313654,-0.1969327,0.06393081,-0.38192946,-0.014033234,0.023073155,-0.0118746925,0.021741454,0.05214113,-0.10642264,-0.006745505,-0.0033544728,0.052244466,-0.0057441066,0.012978647,-0.00014254732,0.0065431595,-0.06851026,-0.056766048,0.025990494
1.1485363,-0.30472574,2.520839,-0.27446032,2.1224527,-0.9060863,-0.21803215,-0.5221566,-0.79664004,-0.77526176,-0.074379645,-0.23318179,-0.8881325,-0.25166506,0.10684622,-0.5308359,-0.056862764,0.029637069,-0.017947339,0.02895307,0.051331818,-0.10645965,-0.00744571,-0.003540455,0.031712662,-0.004140285,0.0140610505,-1.2512151e-05,0.006656922,-0.06775401,-0.047077052,0.022471346
1.1398363,-0.29665637,2.5246747,-0.26767987,2.0890288,-0.9686354,-0.2066772,-0.5225481,-0.8079614,-0.78236914,-0.050192125,-0.22906183,-0.87496656,-0.28058276,0.12925096,-0.60790193,-0.07862361,0.032788258,-0.021775233,0.040332448,0.049841233,-0.10561266,-0.007080547,0.015236416,0.020518115,-0.0036300065,0.014550352,-4.57638e-05,0.0070040696,-0.06692906,-0.037508365,0.017945047
1.1188492,-0.27287376,2.5352037,-0.24794991,2.0201228,-1.0846453,-0.1812452,-0.5208506,-0.81020826,-0.79874176,-0.0638322,-0.21921875,-0.87494385,-0.27577254,0.11131807,-0.5554014,-0.05742244,0.020120133,-0.019875256,0.032391526,0.050947465,-0.1065355,-0.0077475384,-0.0060418136,0.03578309,-0.004235268,0.014131474,8.271044e-05,0.007054853,-0.068030946,-0.047728855,0.022526147
1.0966513,-0.24505197,2.5477383,-0.2253353,1.9385246,-1.2213502,-0.15117683,-0.5189317,-0.8123956,-0.81786054,-0.08182222,-0.20781232,-0.8757231,-0.26847464,0.08994669,-0.48857054,-0.030882165,0.0051082666,-0.016710768,0.04471172,0.049221653,-0.10559263,-0.0073879566,0.020570884,0.02851009,-0.0044083106,0.0144577185,0.0002724673,0.00788527,-0.06729714,-0.037764747,0.017034866
1.0714949,-0.21608664,2.5608296,-0.20114374,1.8550086,-1.3622335,-0.119961664,-0.51676404,-0.81437975,-0.83752096,-0.10023788,-0.19544747,-0.8759767,-0.26044148,0.065542705,-0.41914415,-0.0035161083,-0.01129455,-0.01325774,0.018534372,0.05274306,-0.10900199,-0.010772549,-0.04669595,0.021738075,-0.0028315948,0.015255333,0.0011947075,0.0070157093,-0.06876846,-0.051428724,0.023372006
1.0487286,-0.18835564,2.5731168,-0.17860352,1.7738154,-1.4981358,-0.09023954,-0.5148821,-0.8168636,-0.8567258,-0.11739217,-0.18429816,-0.8766876,-0.2541272,0.045247946,-0.35488907,0.022297408,-0.025778366,-0.010991373,0.03781026,0.05009755,-0.10702497,-0.009181921,-0.0021944647,0.028543837,-0.004191845,0.014879653,0.0010141183,0.008236332,-0.06808895,-0.042246595,0.017994786
1.0130005,-0.14497173,2.5922685,-0.14338386,1.6471164,-1.7098533,-0.043917447,-0.5119149,-0.8205561,-0.88675994,-0.14467485,-0.16695896,-0.8782268,-0.24368559,0.013020152,-0.25219104,0.06334223,-0.048528094,-0.00735889,0.06743282,0.046101775,-0.10370162,-0.0060672066,0.06698798,0.057385243,-0.007425178,0.013508659,0.00039981434,0.010322934,-0.0676224,-0.034252666,0.012991901
0.9622548,-0.08429247,2.6201353,-0.092951216,1.4701086,-2.009068,0.022354934,-0.5074689,-0.8253169,-0.92794025,-0.18206607,-0.14074686,-0.8776724,-0.22834207,-0.036519345,-0.11226152,0.11921109,-0.08270685,-0.0005344329,0.018954255,0.052438695,-0.110794015,-0.014111654,-0.06027071,0.0008862442,-0.0017924533,0.016931614,0.0030094022,0.008310178,-0.06903324,-0.04502306,0.016726298
0.93529725,-0.051792666,2.633348,-0.06729399,1.37813,-2.1586905,0.054908305,-0.50530005,-0.82625276,-0.95077175,-0.20866917,-0.12950012,-0.8837386,-0.21493606,-0.062440768,-0.012810398,0.15643641,-0.099372216,0.0050462806,0.102986656,0.041484512,-0.09984679,-0.0022309553,0.1456235,0.11964201,-0.013118887,0.010927268,-0.0005186627,0.013899442,-0.06815804,-0.032592446,0.012188425
0.92976,-0.044944037,2.637822,-0.060613293,1.3562186,-2.1999533,0.06459004,-0.5046256,-0.8276446,-0.9547647,-0.20900387,-0.12442321,-0.87929875,-0.21600044,-0.06930733,-0.012109412,0.15815218,-0.1047519,0.005301552,0.0154328095,0.052906666,-0.11179426,-0.015527341,-0.07390605,-0.0054009645,-0.0013237247,0.017491428,0.00356387,0.008689425,-0.06928852,-0.04454264,0.01642951
0.90395635,-0.014547645,2.6506858,-0.036180068,1.268138,-2.3459125,0.09621218,-0.502614,-0.83030945,-0.97612107,-0.22831231,-0.11303912,-0.8814459,-0.20891969,-0.09061742,0.061406158,0.1874675,-0.11983704,0.0070370715,0.063037515,0.04660848,-0.10565531,-0.008936833,0.04240076,0.062322374,-0.0077707046,0.01412809,0.0017609225,0.011796281,-0.068928,-0.03870525,0.012932225
0.86278707,0.03557306,2.6736324,0.005200396,1.1217047,-2.5927794,0.15083706,-0.4989892,-0.83412075,-1.0102111,-0.25993645,-0.091655545,-0.8816184,-0.19572465,-0.13123329,0.17946129,0.23440745,-0.14789213,0.0129572395,0.038488213,0.049777213,-0.10962267,-0.013736708,-0.024640733,0.025016038,-0.0044189203,0.016355047,0.0034383198,0.010952481,-0.069502264,-0.041154455,0.013043456
0.83388764,0.06941008,2.6876569,0.032304917,1.0252719,-2.751248,0.18530492,-0.49669632,-0.8359292,-1.0339203,-0.28472242,-0.079378195,-0.8859934,-0.18442914,-0.15728521,0.2730418,0.27029333,-0.16518763,0.017046787,0.10016494,0.041748796,-0.101449914,-0.004653824,0.12643617,0.12633386,-0.013619745,0.01138839,0.00072165363,0.015241779,-0.06938464,-0.03718648,0.011722014
0.8045547,0.10395969,2.7018497,0.059819005,0.9270706,-2.9119594,0.22023927,-0.49436116,-0.8375313,-1.0581678,-0.31085062,-0.06709069,-0.89118564,-0.17211512,-0.1841317,0.3718538,0.307925,-0.18281054,0.021497121,0.17155784,0.03248751,-0.09184852,0.0061599314,0.30202556,0.2493496,-0.024619948,0.0053630522,-0.0025849866,0.02022935,-0.0693935,-0.034425158,0.011358169
0.7719587,0.14463294,2.7219384,0.094268076,0.8050807,-3.1222606,0.2671737,-0.49132127,-0.84216535,-1.085276,-0.33098134,-0.04754302,-0.88605654,-0.16611564,-0.21656561,0.4464307,0.33978665,-0.2066252,0.024607578,0.07543114,0.044877093,-0.10574169,-0.010030867,0.056529753,0.08667137,-0.0101535255,0.013863337,0.0027413964,0.014590159,-0.07008636,-0.039419334,0.010707976
0.71858966,0.20589931,2.7462072,0.14269488,0.6322101,-3.4031365,0.32774648,-0.48727432,-0.84505403,-1.128754,-0.37775293,-0.026969522,-0.89705354,-0.14445175,-0.26241112,0.62477684,0.40758097,-0.23658687,0.031276066,0.24259098,0.023198813,-0.082830824,0.016101273,0.47077173,0.38453624,-0.03646977,-0.00079472695,-0.0053449445,0.026003998,-0.070297845,-0.03680928,0.011469544
0.6642557,0.27360642,2.778754,0.19945453,0.43158203,-3.7458055,0.404147,-0.48224753,-0.85117245,-1.1741182,-0.4165546,0.0041848323,-0.8925942,-0.12960166,-0.3181542,0.7681418,0.46613282,-0.27604154,0.039040577,0.13152164,0.037532397,-0.09926904,-0.0032972463,0.18395227,0.19083002,-0.019450778,0.009408555,0.0010804347,0.019830475,-0.07103739,-0.03996478,0.0098905545
0.6373104,0.30257595,2.7877975,0.22104996,0.35578614,-3.8608458,0.4283402,-0.48043182,-0.84953535,-1.1954708,-0.4487809,0.010369867,-0.9069024,-0.1103212,-0.3421392,0.8912219,0.5094527,-0.28893998,0.04579461,0.32658285,0.012449363,-0.07185505,0.028581053,0.67145956,0.5555039,-0.05116471,-0.008672454,-0.009223605,0.033084817,-0.07147029,-0.041199792,0.015612468
0.62989247,0.31284952,2.7942019,0.23055428,0.32227525,-3.9226875,0.4425301,-0.47957247,-0.85192525,-1.2017907,-0.44941208,0.01730027,-0.9010053,-0.1125432,-0.35020256,0.89235216,0.5122303,-0.29601878,0.0456075,0.2346908,0.024265066,-0.08502716,0.013148754,0.43917868,0.3857924,-0.03640035,-9.960752e-05,-0.004167261,0.0271865,-0.07149104,-0.041197482,0.012967723
0.5998268,0.34683856,2.8072426,0.2571988,0.22714907,-4.076006,0.47541946,-0.47735336,-0.85330284,-1.2260946,-0.4762337,0.028107364,-0.90833646,-0.099848986,-0.37540263,0.9953001,0.551079,-0.31221873,0.04915622,0.34628665,0.009835882,-0.0694692,0.031153832,0.71704197,0.5957623,-0.05464443,-0.0104109375,-0.009840491,0.034827583,-0.07193345,-0.043222837,0.015533442
1.4767996,0.79997635,0.9237384,-0.81312716,1.1310191,0.894502,-2.1341243,1.8749906,1.2257117,1.2154633,-0.41824356,-0.6816723,0.7037547,-0.8693633,-0.58932984,1.7501459,0.19767769,0.5549997,-0.058502495,-0.06345753,0.071831875,-0.011599609,0.04927933,-0.02952394,0.1415266,0.06368026,-0.074733265,-0.01096328,-0.004556622,0.051110875,0.3031967,-0.11524877
1.4480114,0.8255227,0.9369818,-0.79052067,1.0229342,0.68782586,-2.096075,1.8738617,1.1878909,1.1933465,-0.33455342,-0.66663617,0.7510637,-0.967213,-0.5169025,1.4805197,0.1212342,0.56449014,-0.073775984,-0.10738964,0.07750199,-0.01954809,0.038824666,-0.16860007,0.00048953376,0.07556824,-0.06760833,-0.0074930885,-0.008412014,0.052432146,0.31870732,-0.12487065
1.4251665,0.8448362,0.94698715,-0.7733136,0.93693465,0.5215656,-2.0662646,1.8725076,1.1542114,1.1758941,-0.25735506,-0.6549239,0.7929443,-1.0557693,-0.44756338,1.2320539,0.049022302,0.57523155,-0.08295065,-0.13449393,0.08123847,-0.025071258,0.03141262,-0.26657113,-0.10060683,0.084162995,-0.062460788,-0.005308379,-0.0106577035,0.053583473,0.33358422,-0.13033657
1.3984702,0.8642315,0.95384574,-0.7571108,0.8647054,0.39051452,-2.043474,1.8717638,1.1299999,1.1583667,-0.20720044,-0.6476598,0.8171677,-1.1170824,-0.39881778,1.080204,0.0061911815,0.58305186,-0.08993709,-0.06350662,0.0726564,-0.014471668,0.045089997,-0.10507702,0.10307248,0.06905854,-0.071827464,-0.010567316,-0.0052638305,0.050895777,0.3070743,-0.11306495
1.3765411,0.88353646,0.9636012,-0.74016327,0.78345186,0.23574021,-2.0151348,1.870873,1.10152,1.1415379,-0.1444627,-0.63665336,0.8522226,-1.1906791,-0.34365696,0.878668,-0.05102317,0.59051144,-0.10080923,-0.0834964,0.07525541,-0.018673083,0.039242927,-0.17762595,0.01800051,0.07610602,-0.06753501,-0.008624206,-0.007296596,0.051981334,0.31996423,-0.12025104
1.3500514,0.906431,0.9746651,-0.720332,0.6880211,0.055199504,-1.9823865,1.8697634,1.0679532,1.1213713,-0.07092628,-0.62430185,0.8923671,-1.2772655,-0.27756518,0.6442084,-0.11770339,0.59987295,-0.112550475,-0.085224956,0.075613536,-0.020334803,0.036472064,-0.20870835,-0.026969982,0.07999855,-0.0651343,-0.007829985,-0.008021531,0.052784227,0.3304854,-0.12500623
1.3201886,0.92828614,0.9833145,-0.7015933,0.6013879,-0.10597964,-1.9543059,1.8686036,1.0361696,1.1014173,-0.0014810491,-0.61459917,0.9270918,-1.3593934,-0.21203423,0.42905515,-0.17965299,0.6106513,-0.120634556,-0.04075851,0.07057257,-0.013853119,0.045201294,-0.12121559,0.11959859,0.06991475,-0.07159022,-0.011638857,-0.0043326328,0.050296314,0.30682105,-0.10835778
1.3132459,0.93502337,0.9868619,-0.6957458,0.5728017,-0.16036454,-1.9442276,1.8683089,1.0265297,1.0956179,0.019417886,-0.6106773,0.9391162,-1.3841413,-0.19364907,0.3612023,-0.19875263,0.6129639,-0.124583304,-0.0459371,0.07114308,-0.0153951775,0.042657636,-0.14240669,0.07116519,0.07343324,-0.069310576,-0.0106255775,-0.005185652,0.051361375,0.31857398,-0.11492933
1.3033866,0.9420575,0.98953944,-0.6897216,0.545686,-0.21044469,-1.9354941,1.867998,1.0168636,1.089247,0.040316235,-0.60769534,0.9494362,-1.4089915,-0.17409787,0.2972195,-0.21703364,0.61611503,-0.12737623,-0.032371093,0.069659464,-0.013119073,0.04600529,-0.114676796,0.13398267,0.06923324,-0.07206575,-0.012109573,-0.003893689,0.05003184,0.30516705,-0.10678433
1.2985684,0.9467687,0.99205077,-0.6856355,0.52504736,-0.24995434,-1.9282564,1.867719,1.0094873,1.0851053,0.056611802,-0.6048874,0.95864975,-1.4280989,-0.15939695,0.24414471,-0.2322036,0.61817247,-0.12981926,-0.03413378,0.069817215,-0.014104807,0.044173896,-0.12611789,0.09484843,0.07195987,-0.070254035,-0.011368379,-0.0044191466,0.051046804,0.31646198,-0.1125792
1.2786926,0.9647256,1.000425,-0.6704379,0.45355192,-0.38284516,-1.9038187,1.8671526,0.9868987,1.0696429,0.10361269,-0.59595925,0.9847466,-1.4851334,-0.117184475,0.09532111,-0.27335098,0.62337816,-0.13969494,-0.018575592,0.06776248,-0.01290725,0.044833146,-0.10352166,0.08711587,0.072375335,-0.06983617,-0.011452638,-0.004086981,0.05179334,0.32530499,-0.11791868
1.2543715,0.9851908,1.0092139,-0.65299064,0.37679636,-0.52370864,-1.8778685,1.8666992,0.9639662,1.0522717,0.14976613,-0.5865189,1.0100528,-1.5420421,-0.075177036,-0.04691348,-0.31301215,0.6278322,-0.14460371,0.0011526158,0.06562307,-0.010420136,0.04809952,-0.0727369,0.14623603,0.06853035,-0.07229338,-0.013044559,-0.002397078,0.050725218,0.31635982,-0.110516556
1.238932,1.0048299,1.0180706,-0.637109,0.31880218,-0.6208776,-1.8565673,1.8680218,0.962193,1.0387166,0.1375636,-0.5785122,1.0096853,-1.537513,-0.08955383,-0.0015170918,-0.29472977,0.61745983,-0.14281441,0.01458909,0.06374501,-0.009211009,0.04882007,-0.042262636,0.14092568,0.06820247,-0.07211753,-0.012985297,-0.0016335442,0.05151118,0.32618007,-0.115995444
1.2274535,1.0174395,1.0235555,-0.6265635,0.28339437,-0.680039,-1.8434286,1.8689961,0.9617831,1.0301551,0.12834357,-0.57335436,1.0087157,-1.5327457,-0.10109765,0.03330651,-0.2815526,0.61019295,-0.14065301,0.006018856,0.06498595,-0.010089789,0.048309904,-0.064012125,0.15692864,0.06757922,-0.07262384,-0.013009234,-0.0016347024,0.05045087,0.31588337,-0.1105546
1.211321,1.0376554,1.0325795,-0.6102561,0.22352856,-0.7803075,-1.8215741,1.8703295,0.9596448,1.0160975,0.11658908,-0.5652352,1.0085189,-1.529017,-0.11498198,0.077541016,-0.263381,0.5998838,-0.13964826,0.024513802,0.06243035,-0.008136412,0.049905516,-0.020532431,0.16150324,0.06640927,-0.07294143,-0.013200127,-0.0005978223,0.05120005,0.32517055,-0.116077475
1.1642683,1.0934163,1.0576041,-0.56424004,0.06235511,-1.0508131,-1.761766,1.8744055,0.95604086,0.9780805,0.079741746,-0.5420058,1.0067416,-1.5126007,-0.16126426,0.21599358,-0.20914522,0.5687177,-0.1325693,0.005785787,0.06499804,-0.010768324,0.047312442,-0.07197821,0.17155434,0.066542,-0.072805606,-0.01247131,-0.00056849787,0.049450245,0.31066418,-0.10929774
1.1493908,1.1120831,1.0653518,-0.5496128,0.008103173,-1.139722,-1.7425919,1.8755652,0.95464265,0.9648423,0.066571,-0.5354424,1.0044098,-1.5073273,-0.17393859,0.26527846,-0.18988308,0.5597352,-0.13085371,0.060110725,0.057768483,-0.00404194,0.054108355,0.060714293,0.22208473,0.060861975,-0.07557139,-0.014241926,0.002612456,0.050826073,0.32684273,-0.11730865
1.103328,1.1665359,1.0893773,-0.50509816,-0.15059707,-1.4055885,-1.6844413,1.8793398,0.9496955,0.92716515,0.033717427,-0.51347584,1.0032443,-1.4953687,-0.2142985,0.3900116,-0.13960068,0.5311946,-0.12728024,0.08036579,0.055043314,-0.0016859833,0.056565117,0.10689253,0.26251322,0.057332683,-0.07726653,-0.014741424,0.004438302,0.050306823,0.32475063,-0.11798193
1.0676048,1.2099478,1.1094481,-0.46899325,-0.27630967,-1.6176322,-1.6371087,1.8826206,0.94745415,0.897991,0.003932927,-0.49457246,1.0024371,-1.4809197,-0.2528604,0.50049514,-0.09679881,0.50564426,-0.119819924,0.035586827,0.061013024,-0.008035099,0.049588528,-0.009808309,0.21778488,0.06207793,-0.07449289,-0.012674353,0.0026999228,0.048892584,0.3132849,-0.11224091
1.0356067,1.2476468,1.1247544,-0.439192,-0.38440913,-1.7944937,-1.5990207,1.8850471,0.9447843,0.8712239,-0.022490712,-0.4815021,0.9973387,-1.4701166,-0.279211,0.601149,-0.057606228,0.48750806,-0.11700044,0.13391769,0.048106756,0.0049779364,0.06385215,0.2327331,0.3632009,0.048450354,-0.081819706,-0.016822303,0.0090204645,0.049666278,0.32427552,-0.117467
0.026505966,-2.5123806,-0.14603142,-2.211016,-0.9999817,0.43194386,0.59090644,0.5930231,0.13368143,0.14762114,0.10601616,-0.690156,-0.5519981,0.08853245,0.2293734,-0.24231407,0.21368879,-0.0017461566,0.03363533,0.0058468604,0.0006225918,0.0063618994,0.0081305895,-0.022425823,0.027491808,-0.0055500288,0.0050841505,0.0060021295,-0.0012158646,0.0105932765,-0.05524361,0.04482247
0.01609396,-2.5018811,-0.14047514,-2.2020218,-1.0452074,0.3459772,0.60676414,0.5924901,0.118194476,0.13849916,0.1396718,-0.6840665,-0.53283083,0.048731588,0.25958532,-0.35162255,0.18277459,0.0022407148,0.027900148,0.004091319,0.0006817006,0.004636183,0.0047367048,-0.040887896,-0.048195004,-0.0003261978,0.0085766595,0.0074351067,-0.0022144918,0.012620016,-0.032793347,0.03292183
0.0062550376,-2.4959848,-0.13849227,-2.196764,-1.0675981,0.30424717,0.61379147,0.5921865,0.10931287,0.13300124,0.15970396,-0.6816496,-0.52339476,0.025472812,0.2781065,-0.41222617,0.16507143,0.0055441917,0.025860643,0.010009312,0.00033459679,0.0063375747,0.008028019,-0.030997213,0.03296669,-0.005316238,0.005118957,0.0057213446,-0.0010218741,0.010306528,-0.056669533,0.046886873
-0.011666246,-2.478949,-0.13026865,-2.1823862,-1.1365409,0.17567444,0.6375344,0.5915997,0.08750989,0.11835686,0.20510398,-0.6729052,-0.49779028,-0.02960779,0.319028,-0.5573224,0.12490506,0.010536402,0.016459238,0.025123302,-0.0017950961,0.006949397,0.0073744305,-0.010410756,-0.009447609,-0.002761287,0.0070329504,0.006288073,-0.0010635939,0.012126269,-0.036362585,0.035512846
-0.06319303,-2.4202454,-0.10403773,-2.1337197,-1.3101737,-0.11872655,0.70140994,0.59545606,0.07868495,0.077529415,0.18025032,-0.6482151,-0.4934971,-0.027071716,0.28383052,-0.45706213,0.16806927,-0.018565184,0.021357123,0.010075107,0.0003360135,0.0047322167,0.0052558403,-0.056358133,0.007029729,-0.0030315965,0.0069068163,0.0068171103,-0.00085916644,0.010308744,-0.051403657,0.04266385
-0.11431921,-2.3576636,-0.07623527,-2.0828774,-1.4934595,-0.42548227,0.7685607,0.5997203,0.07319478,0.034245525,0.14128618,-0.62299055,-0.49517903,-0.012452499,0.23760916,-0.31102157,0.2266389,-0.051437367,0.02667369,0.05013632,-0.0051548257,0.008828817,0.008568251,0.03574963,0.024054127,-0.006048423,0.0060306173,0.006437142,0.0017761063,0.011597684,-0.033261865,0.031924535
-0.17123316,-2.289696,-0.045803487,-2.026937,-1.6902392,-0.75552034,0.84142673,0.6046205,0.06869081,-0.012205414,0.09622179,-0.59486103,-0.49748033,0.007335129,0.18207881,-0.14254487,0.29266724,-0.08908281,0.035420608,0.0431167,-0.004211455,0.0072292765,0.0065416708,0.0109202415,0.025741043,-0.005962254,0.0064567514,0.007219402,0.0024174005,0.010693172,-0.03770987,0.0335491
-0.2203967,-2.230257,-0.01883088,-1.9779773,-1.8637035,-1.047463,0.9058687,0.60888284,0.064042024,-0.05278385,0.05889893,-0.56983435,-0.49804583,0.022601517,0.13469197,-0.0027060537,0.34835532,-0.1219093,0.041854862,0.025862351,-0.0020022197,0.0042309337,0.002843728,-0.03848455,0.0035646576,-0.0038999482,0.0079883775,0.008588443,0.0021371609,0.009989918,-0.040958103,0.033807598
-0.2750458,-2.165539,0.008407405,-1.9260808,-2.0499544,-1.3549193,0.97268224,0.6132242,0.059537362,-0.09812596,0.0144900195,-0.54585385,-0.5044464,0.041178133,0.08679901,0.16548297,0.41402134,-0.15469767,0.047843803,0.1322416,-0.015954474,0.018113365,0.018001074,0.22151135,0.1666859,-0.01904993,-4.4640365e-05,0.0042346315,0.0093569225,0.01048568,-0.030906651,0.02883991
-0.32679597,-2.1022775,0.038069073,-1.8733236,-2.2354636,-1.6697052,1.0427109,0.6179103,0.054627452,-0.1407458,-0.024359806,-0.51774895,-0.50277424,0.05740189,0.034040835,0.3097442,0.4717095,-0.19117278,0.055873495,0.05776466,-0.006265999,0.007136363,0.0052589215,0.027757619,0.054202937,-0.008755412,0.0061520557,0.008383409,0.0056883623,0.009335701,-0.03853525,0.030807445
-0.37487397,-2.0466201,0.060308177,-1.8292769,-2.392836,-1.92581,1.0980399,0.6215969,0.05201903,-0.1801501,-0.06684641,-0.49881658,-0.5124153,0.077158235,-0.007910253,0.47124472,0.53310925,-0.21864267,0.0622836,0.2032013,-0.025150036,0.02689807,0.027622007,0.3873935,0.3049472,-0.031137263,-0.0062203254,0.0015193899,0.015586132,0.009401937,-0.03332659,0.030042348
-0.43416652,-1.9736358,0.09487068,-1.7683532,-2.608648,-2.2933016,1.1796459,0.62694275,0.04518043,-0.22937489,-0.10836915,-0.4659691,-0.5084581,0.09245042,-0.06640402,0.62582934,0.5963945,-0.26023772,0.06941588,0.1089758,-0.013016926,0.012895076,0.011107894,0.1430804,0.1465014,-0.017085288,0.00226712,0.0070567965,0.0105142845,0.008467292,-0.03842644,0.029132525
-0.48456693,-1.9163504,0.11681613,-1.7234241,-2.7677727,-2.5490437,1.2347662,0.6307482,0.044012334,-0.27014863,-0.15679708,-0.44779426,-0.5222161,0.11726546,-0.11155853,0.8099143,0.6646982,-0.28837094,0.078082584,0.29674762,-0.03723839,0.038890958,0.0410611,0.6093374,0.4928768,-0.04737175,-0.014766471,-0.0024354812,0.02350548,0.007977306,-0.038495213,0.03299331
1.5192978,0.92463577,-2.4076867,-1.2581222,2.1995301,0.4642325,-0.25127074,0.92465013,0.7167192,-0.0108809965,-0.57773423,0.48082462,-0.593818,1.1079633,-0.2976053,1.019353,0.46480757,-0.26364055,0.08928214,-0.036182493,0.053301983,0.071974404,-0.054040633,0.066411525,0.009051903,-0.003166989,-0.041384988,-0.0062196874,0.028379356,-0.021958804,-0.048272032,0.0064981594
1.495819,0.94550735,-2.396535,-1.2394662,2.109128,0.29002538,-0.21926887,0.9235944,0.6839819,-0.02906162,-0.50415915,0.49366853,-0.5522311,1.0227103,-0.23396021,0.7813173,0.39681947,-0.25502545,0.076872416,-0.083567515,0.059427027,0.06359428,-0.064987645,-0.07869262,-0.13890408,0.009173623,-0.03398402,-0.0025958153,0.024411913,-0.020528005,-0.031583346,-0.0030866354
1.475489,0.95976627,-2.3915234,-1.2275054,2.0532436,0.18727098,-0.20187496,0.9227169,0.66285586,-0.042439006,-0.4581946,0.4991888,-0.53050965,0.9681093,-0.18850483,0.6407127,0.35595968,-0.24690801,0.07336141,-0.025994787,0.052591063,0.071932815,-0.054301888,0.0482152,0.019235611,-0.0025461365,-0.041251775,-0.0068672337,0.028935272,-0.022474898,-0.049737927,0.0112721855
1.4661858,0.9705952,-2.3838856,-1.2173041,2.0002959,0.08120081,-0.18166581,0.9220576,0.642928,-0.051501874,-0.41141227,0.508256,-0.50180674,0.91543305,-0.15082242,0.48383406,0.31097552,-0.24252963,0.06448887,-0.108571365,0.062922254,0.058213364,-0.072270505,-0.17631999,-0.23710284,0.01770784,-0.028893707,-0.00049007277,0.022201521,-0.019467376,-0.017417377,-0.008425383
1.4486547,0.98222005,-2.3806167,-1.2077937,1.9590852,0.0081630265,-0.16947182,0.9215796,0.6289268,-0.062290106,-0.38297826,0.5115879,-0.48949385,0.8801358,-0.12138288,0.40061006,0.28732556,-0.2372248,0.061765824,-0.0393562,0.054522753,0.068805225,-0.05853397,-0.012172042,-0.03421163,0.0024304094,-0.038332,-0.005715266,0.02761778,-0.022065574,-0.043388363,0.008769732
1.4409719,0.98986024,-2.376011,-1.20083,1.9243823,-0.059790984,-0.15676154,0.9211688,0.61626923,-0.06882471,-0.3541017,0.51695114,-0.47244796,0.8470037,-0.09715406,0.30544013,0.26013494,-0.23418503,0.056530915,-0.0716065,0.058563888,0.06320268,-0.06600562,-0.10380425,-0.14295886,0.011023637,-0.03306888,-0.0030700385,0.024864715,-0.0206955,-0.028412405,-0.0001024669
1.3942837,1.0300477,-2.3570867,-1.1662154,1.7611576,-0.3662876,-0.100899205,0.919571,0.56126064,-0.10387142,-0.23584655,0.5377781,-0.40765393,0.70622605,0.008603602,-0.069751374,0.15456502,-0.21993953,0.03507116,-0.064060286,0.057788387,0.06240518,-0.06788892,-0.12566915,-0.17425631,0.014263962,-0.03110802,-0.002635761,0.024406277,-0.020151928,-0.019980196,-0.004687393
1.3600911,1.0551393,-2.3470726,-1.1446825,1.6609267,-0.55314475,-0.06838193,0.91817755,0.52410656,-0.12684655,-0.15432459,0.549049,-0.36684865,0.6100468,0.08563302,-0.3228536,0.08152167,-0.20718159,0.025988815,-0.01347007,0.0520562,0.06961715,-0.058283344,-0.02765404,-0.015045287,0.0032968975,-0.038114663,-0.0068514096,0.0285562,-0.022757025,-0.044300575,0.013256658
1.3309186,1.0818465,-2.334131,-1.1218522,1.5524178,-0.7565176,-0.030911122,0.9172268,0.48891297,-0.14985491,-0.07984544,0.56306547,-0.32504424,0.52058697,0.15190181,-0.5606121,0.015288155,-0.19890694,0.010961218,-0.006780145,0.051060993,0.06867112,-0.06089961,-0.037575513,-0.07932573,0.007991161,-0.0349798,-0.0057042367,0.027754378,-0.020944906,-0.02360629,0.0011626743
1.2958164,1.1083722,-2.3228972,-1.0988978,1.4451797,-0.9576639,0.004525271,0.9158203,0.44950342,-0.17387202,0.0069965003,0.5757793,-0.28047362,0.41850314,0.2322621,-0.8320633,-0.0627896,-0.18612479,-4.094882e-05,0.02211527,0.04805572,0.07265768,-0.05523537,0.0050015105,0.03067686,0.0011224914,-0.03956554,-0.008545454,0.030291205,-0.023291027,-0.045457575,0.01659577
1.2513186,1.1631753,-2.2983441,-1.0543224,1.2836239,-1.2288812,0.063819945,0.9195001,0.44395924,-0.21179967,-0.025069017,0.5981513,-0.2806751,0.4291938,0.19347408,-0.71146286,-0.013700811,-0.21461815,0.0043526464,0.052088495,0.04387347,0.07534193,-0.0535808,0.07187643,0.025765304,-3.440088e-05,-0.039403677,-0.008417742,0.032151908,-0.021841625,-0.026137,0.00529865
1.1985741,1.2257934,-2.2702909,-1.0026939,1.1028175,-1.5320789,0.13087034,0.92407674,0.4400959,-0.25449252,-0.06704758,0.62414974,-0.2830301,0.44819483,0.14122705,-0.5539796,0.047765937,-0.24966371,0.012706542,0.034916718,0.046253733,0.07284937,-0.056039765,0.023445928,0.03951152,-0.00021857687,-0.039405286,-0.0077288053,0.032415006,-0.02365954,-0.04074277,0.012301613
1.1754326,1.2544029,-2.25823,-0.9799595,1.0205842,-1.6671937,0.16033904,0.9259781,0.43869084,-0.2744844,-0.08870536,0.63461953,-0.2868016,0.45830822,0.119141914,-0.4734078,0.07853037,-0.26444858,0.016982261,0.09384793,0.038479324,0.08013202,-0.04859466,0.16632742,0.102008425,-0.0068822564,-0.04268117,-0.0097470805,0.036165822,-0.022442946,-0.025196144,0.0052573667
1.1564196,1.2764378,-2.2476828,-0.9611525,0.95601857,-1.7779857,0.1850887,0.9276926,0.4366695,-0.2891789,-0.100642934,0.64494294,-0.28494716,0.4628012,0.10036015,-0.42834815,0.097051084,-0.27748558,0.019035354,0.038682263,0.04575293,0.072792806,-0.056403913,0.027269954,0.04790404,-0.0010128875,-0.039510626,-0.0074462593,0.033358872,-0.02404725,-0.041007444,0.011972683
1.1139153,1.327182,-2.2261338,-0.92046636,0.8087387,-2.0219195,0.23797849,0.9310389,0.43232647,-0.32480383,-0.13330084,0.66395736,-0.2886886,0.475025,0.06462942,-0.30436522,0.14636962,-0.30276385,0.022293318,0.12097906,0.034848407,0.08328534,-0.045293797,0.22803174,0.15680276,-0.011652624,-0.044978052,-0.010444634,0.03865801,-0.023150075,-0.028007662,0.00463285
1.0543604,1.3990527,-2.1931736,-0.86095315,0.5988497,-2.3762033,0.31640065,0.9362736,0.42672634,-0.37363607,-0.17794429,0.69480526,-0.2884656,0.49343628,0.0062404266,-0.1371782,0.21305804,-0.34309825,0.030354096,0.073787056,0.04100924,0.076248124,-0.053342804,0.102842,0.10288461,-0.0062620346,-0.041618433,-0.0077904593,0.03687137,-0.024647634,-0.038872387,0.008245483
0.9950067,1.4687955,-2.164275,-0.8051834,0.3999071,-2.7029583,0.38744098,0.94098794,0.42293954,-0.42253196,-0.22892812,0.72003996,-0.2975659,0.51658964,-0.047213,0.055609085,0.2870645,-0.37865403,0.038539547,0.20394696,0.02407236,0.09357841,-0.034004696,0.4221252,0.320158,-0.025889678,-0.052261744,-0.013598431,0.04592096,-0.02450027,-0.031751014,0.006022844
1.1881737,2.0188832,1.1917962,-0.74761826,-0.95233583,2.5292733,0.5024761,-0.09080998,0.61077636,1.0275394,-0.5652038,0.6887744,-0.83266425,0.53297526,-0.08405657,0.545413,0.25075138,-0.054953504,0.066193506,-0.13403231,0.015483836,0.008561044,0.016526641,0.08712623,-0.0004751655,0.006241596,0.013708774,-0.0033674245,-0.0115416115,0.016618492,-0.05310691,0.03277578
1.1632266,2.0408614,1.203112,-0.72819346,-1.04565,2.3508081,0.53519905,-0.091848604,0.5777183,1.0083985,-0.49184936,0.7016437,-0.79150057,0.44731525,-0.020037666,0.30924857,0.18357459,-0.04631208,0.05351357,-0.16716622,0.019787883,0.0023075482,0.008171077,-0.021908255,-0.11569648,0.01590121,0.019526625,-0.00061785727,-0.014529922,0.017830316,-0.03872655,0.024527952
1.1217666,2.075146,1.2190287,-0.6984563,-1.186359,2.0854914,0.5830324,-0.09346335,0.5281366,0.97806096,-0.38351238,0.7194592,-0.7331636,0.3194655,0.07786276,-0.034208007,0.08582346,-0.032145,0.036554903,-0.15899308,0.019101707,0.001940124,0.0072095194,-0.039893918,-0.12516102,0.017645221,0.02047939,-0.000728054,-0.01447318,0.017849676,-0.035484605,0.02459111
1.0901064,2.1000152,1.2298026,-0.6770699,-1.2871642,1.8966264,0.61653566,-0.09473532,0.4918483,0.95569414,-0.30416805,0.7314973,-0.6919496,0.22578742,0.15128197,-0.28306085,0.01456806,-0.020769862,0.025877368,-0.12969987,0.015837815,0.0055377763,0.011770154,0.005408737,-0.049101,0.01274233,0.017308613,-0.002888359,-0.012337272,0.016618285,-0.045810997,0.033185605
1.067501,2.118066,1.2379297,-0.6614309,-1.3614997,1.7564714,0.64150333,-0.09570312,0.46478572,0.93948776,-0.24450304,0.7406642,-0.66052556,0.15570392,0.20600267,-0.47142702,-0.039484914,-0.012362593,0.017824614,-0.11804397,0.014652471,0.0065348465,0.012912385,0.013127326,-0.026880931,0.0116876755,0.016565338,-0.003663178,-0.011581315,0.016202768,-0.04823413,0.036495417
1.0533384,2.1308346,1.2441347,-0.65044916,-1.4137542,1.6581885,0.6595511,-0.0961984,0.44746494,0.9284305,-0.20749608,0.7474523,-0.63982975,0.11148175,0.23899317,-0.5897715,-0.0726537,-0.008101088,0.010773252,-0.11644722,0.014395982,0.0057976986,0.011293514,0.0035870129,-0.06266427,0.014340106,0.018310254,-0.0030067307,-0.012067559,0.017133407,-0.037548255,0.030512376
1.0298083,2.1494699,1.2522936,-0.63442224,-1.4893911,1.516412,0.68476945,-0.09713403,0.4203509,0.91172165,-0.14819321,0.7565612,-0.60890853,0.041514806,0.29358825,-0.7758081,-0.12584996,0.00026189786,0.0025264986,-0.09816619,0.012421959,0.008040163,0.014240857,0.028814528,-0.009151058,0.011043482,0.016129501,-0.0044812122,-0.0106912255,0.016110426,-0.04646199,0.037296783
1.0029244,2.1764333,1.2646797,-0.6119917,-1.58771,1.3385836,0.7189674,-0.09714503,0.39671075,0.88996476,-0.10631256,0.7690858,-0.5828231,-0.014091013,0.33016282,-0.9055882,-0.15921861,0.0010046178,-0.0062482897,-0.06961434,0.008583959,0.010499901,0.015769934,0.0814353,-0.02211059,0.011176112,0.016669959,-0.0046334104,-0.009702703,0.017695224,-0.027874738,0.027039215
0.93143255,2.2613351,1.3024402,-0.5421895,-1.8323153,0.92934626,0.8093921,-0.090969555,0.39180383,0.8319668,-0.1644919,0.80389637,-0.5870967,0.012712216,0.25925002,-0.6875438,-0.07456455,-0.046306107,0.005599707,-0.075381584,0.009522825,0.009417241,0.014902329,0.059185706,0.01745772,0.008815132,0.015542183,-0.004436973,-0.008297921,0.015580351,-0.043763824,0.03506323
0.89540154,2.3045502,1.3214227,-0.50705326,-1.9583688,0.71866095,0.8554182,-0.08802258,0.38799042,0.80198944,-0.19128388,0.8211012,-0.58852726,0.02265568,0.22754139,-0.5865267,-0.034062345,-0.06877288,0.008862468,-0.044348486,0.0053355745,0.012952997,0.018267652,0.13204704,0.04895022,0.0053559477,0.014036995,-0.0051191794,-0.0061506163,0.0160417,-0.035921723,0.029996594
0.8454449,2.365151,1.3486549,-0.45734864,-2.1340837,0.4242808,0.9204847,-0.083651476,0.38418266,0.7606298,-0.23212533,0.8461733,-0.59094673,0.04103895,0.17757523,-0.43381566,0.025601082,-0.10253976,0.017061407,-0.048895318,0.005977392,0.011812272,0.016850306,0.114294715,0.056763876,0.004956643,0.014121593,-0.004584564,-0.0054007377,0.015139409,-0.0408049,0.032160144
0.8082319,2.409173,1.3675706,-0.42174637,-2.2616222,0.21226826,0.9666512,-0.08067141,0.3805743,0.7299229,-0.26042446,0.8631145,-0.5936372,0.05198071,0.14536728,-0.32660574,0.06815079,-0.1250537,0.020412227,0.0008601237,-0.00060352945,0.018108044,0.023551963,0.2345615,0.12929639,-0.0019145047,0.010605215,-0.006378953,-0.0019684383,0.015380337,-0.035225686,0.02864837
1.2268398,0.8659028,2.3372042,-0.60140973,0.397345,0.9386637,-1.2745833,1.8858459,0.836877,-0.38260964,0.06460574,-0.69677776,1.6894909,0.8461155,-0.07256461,0.39371642,0.10923396,-0.1635442,0.07792823,0.009980698,0.05549032,-0.050251175,0.05080047,0.06628396,-0.005408431,0.08333419,-0.023944004,-0.028922945,0.005027665,0.048542645,-0.1652765,0.024086965
1.2087622,0.88315034,2.3468373,-0.58606833,0.32081705,0.7906483,-1.2472749,1.8848815,0.8090352,-0.39761594,0.12735802,-0.68574166,1.7253658,0.7735463,-0.018088702,0.1892353,0.050746646,-0.15620664,0.067626566,-0.030932913,0.060639378,-0.058062784,0.039986014,-0.06021864,-0.17009343,0.09625557,-0.01595659,-0.025120005,0.0012307697,0.050946474,-0.13835661,0.009253322
1.1813899,0.9041851,2.355462,-0.5680872,0.2387774,0.63864666,-1.2202642,1.8840271,0.78092694,-0.41636306,0.18730666,-0.6762758,1.7562608,0.7016813,0.037478827,0.00312906,-0.00192547,-0.1478663,0.058297176,0.0044417894,0.056516368,-0.053053055,0.046553824,0.008652282,-0.06341952,0.08890178,-0.020639474,-0.02786469,0.0038761634,0.0492018,-0.15503241,0.01997285
1.1585157,0.92169845,2.3630788,-0.5528834,0.16681167,0.5029981,-1.1963555,1.8830185,0.75404155,-0.43226928,0.24699874,-0.6675992,1.7871082,0.6318168,0.09270351,-0.18446437,-0.05608192,-0.13901791,0.051122203,0.020232081,0.054916468,-0.05118767,0.049083512,0.026877765,-0.01386245,0.08597615,-0.022612471,-0.029272959,0.005185205,0.048183233,-0.1636624,0.027300254
1.1457065,0.93341994,2.3688269,-0.54280365,0.118957415,0.4130301,-1.1797595,1.8825957,0.73842436,-0.44235972,0.28018418,-0.66133183,1.8058523,0.59203917,0.1221044,-0.29078475,-0.085750945,-0.13535602,0.04444264,0.02044757,0.054809444,-0.0520828,0.047271017,0.0153197795,-0.052761205,0.088829115,-0.020739703,-0.028515644,0.0045916615,0.049154345,-0.15271026,0.020936262
1.1216155,0.95421946,2.378436,-0.5250603,0.034305897,0.2545403,-1.1510612,1.881683,0.7096305,-0.46065885,0.34197447,-0.65083945,1.839244,0.51835555,0.17847936,-0.486454,-0.14099813,-0.12743711,0.034184966,0.03889506,0.05254027,-0.05064314,0.048265718,0.038983513,-0.05255456,0.0888412,-0.020606754,-0.028916847,0.005266274,0.049755313,-0.14456858,0.017537978
1.0884117,0.9878811,2.393234,-0.49692732,-0.075050876,0.06282945,-1.112261,1.8827947,0.69265467,-0.4859846,0.3604845,-0.6362573,1.8558728,0.48516947,0.19108762,-0.5349569,-0.14899261,-0.13527364,0.033192392,0.05030591,0.051350564,-0.049398378,0.049927667,0.052900065,-0.0113451425,0.086218886,-0.022176668,-0.029777464,0.0065933503,0.04875041,-0.15216255,0.02305596
1.0406208,1.045702,2.4190617,-0.44977766,-0.24520561,-0.22295496,-1.0498219,1.886728,0.6866874,-0.52602327,0.3273102,-0.61266524,1.8558357,0.4959285,0.14993104,-0.40931138,-0.09744568,-0.16527264,0.036034536,0.073896155,0.048027977,-0.04712371,0.05162926,0.10593519,0.0011533707,0.08426643,-0.022687428,-0.029755354,0.008231892,0.0492513,-0.14330938,0.016036943
0.97116697,1.1290911,2.4558377,-0.38173655,-0.48639023,-0.6255195,-0.9612766,1.89262,0.68124247,-0.5833779,0.27093235,-0.5791613,1.8512613,0.5206634,0.08329751,-0.1980502,-0.014903636,-0.21049652,0.046360835,0.108309455,0.04352829,-0.043322332,0.055428665,0.18299058,0.05933706,0.07890326,-0.02514303,-0.030649528,0.0115158055,0.04882939,-0.14136668,0.014755048
0.89925873,1.2155349,2.495091,-0.3103066,-0.7374064,-1.0478792,-0.8677557,1.8989284,0.6754002,-0.64215773,0.21450238,-0.54259276,1.8496631,0.54545224,0.011675528,0.012764943,0.0680173,-0.2591381,0.057654794,0.06817848,0.04883193,-0.049497113,0.048376832,0.07365795,0.022918362,0.08284451,-0.022535453,-0.028348532,0.010537061,0.0471109,-0.15315177,0.019531654
0.8860843,1.2309432,2.5011606,-0.2981907,-0.7807478,-1.1180339,-0.85260576,1.8999356,0.6748898,-0.6530912,0.20197228,-0.5375027,1.8465136,0.55158573,-0.00012891219,0.05993182,0.08569686,-0.26673025,0.05993533,0.11596284,0.042604286,-0.04315788,0.055359814,0.19143869,0.09441308,0.076168165,-0.026142234,-0.030445103,0.013675497,0.04749906,-0.14761332,0.017543666
0.85368305,1.2692417,2.5173485,-0.2674644,-0.8915838,-1.3014327,-0.8128452,1.9024824,0.67169935,-0.6799811,0.17719892,-0.52321976,1.8434764,0.5610234,-0.027359111,0.15442984,0.123197995,-0.2858343,0.062317118,0.17640314,0.03464984,-0.035212457,0.06408241,0.33953723,0.18990806,0.067391105,-0.030826477,-0.032920975,0.017734861,0.047664687,-0.14330149,0.014855027
0.8117458,1.3207846,2.5416782,-0.2244128,-1.0428411,-1.5583848,-0.7555704,1.9063303,0.6677997,-0.7145959,0.14543194,-0.5000989,1.8450437,0.57453966,-0.070953436,0.27226236,0.17025687,-0.31587726,0.069187075,0.10654641,0.043763746,-0.04536024,0.052422963,0.15878125,0.08817972,0.076825,-0.025223097,-0.02918841,0.014253507,0.046525374,-0.15163238,0.017556448
0.764172,1.3756858,2.5636864,-0.18095219,-1.1991428,-1.8134933,-0.70065695,1.9099083,0.66426355,-0.75360525,0.10618333,-0.48132592,1.8368297,0.5911755,-0.11011365,0.42247123,0.22834426,-0.34232226,0.07345403,0.24970502,0.02509749,-0.025915978,0.07435605,0.51331985,0.33121866,0.05504156,-0.03724751,-0.03581574,0.023799285,0.046678793,-0.14602664,0.015532806
1.9972743,-1.1387485,-0.5430639,1.8232981,0.24855588,1.6392323,-0.14202529,-0.8108893,2.446063,-0.83194995,-0.17106165,-0.6780804,-0.61817265,0.44151244,-0.27473095,1.2917613,-0.3388675,-0.17751448,-0.037354767,-0.08018116,-0.08292853,0.00079510885,0.0005154138,0.068600096,0.0036195912,-0.002960483,-0.007658052,-0.096632496,-0.0014526661,-0.014060398,-0.050866444,0.009350361
1.9850279,-1.1283326,-0.5367393,1.8331356,0.19682512,1.5356452,-0.12349314,-0.8119382,2.42327,-0.84158933,-0.11621797,-0.67020184,-0.5879086,0.3803234,-0.22636876,1.1123135,-0.39193964,-0.16968895,-0.04242338,-0.1295107,-0.07643024,-0.007762769,-0.010537727,-0.07774902,-0.14553285,0.009309931,-0.00030113108,-0.093120486,-0.005138868,-0.012501861,-0.03229124,0.0014779874
1.9674356,-1.111746,-0.52773786,1.8478072,0.12585309,1.3995677,-0.098172925,-0.8126303,2.3988779,-0.8557704,-0.06231104,-0.66003746,-0.5567667,0.31733012,-0.18046367,0.9375634,-0.4412341,-0.16406296,-0.05309417,-0.16779065,-0.07159727,-0.014521662,-0.019495541,-0.19223136,-0.27117294,0.019565126,0.0059121414,-0.090007134,-0.00851613,-0.011142165,-0.017142413,-0.008291785
1.9429656,-1.0948298,-0.52225035,1.8618549,0.06285303,1.2856386,-0.07885342,-0.8134417,2.376623,-0.87143147,-0.015605109,-0.6542035,-0.5351969,0.26058516,-0.13367675,0.7970584,-0.4814904,-0.15586616,-0.057637136,-0.08797257,-0.08122729,-0.0026238975,-0.004197948,-0.00863416,-0.04647604,0.0027229618,-0.004491594,-0.0959087,-0.0023367915,-0.013931379,-0.04431198,0.010798523
1.9418486,-1.0912018,-0.5181275,1.8657914,0.03886535,1.2340367,-0.068736866,-0.8138949,2.3660228,-0.8743548,0.011323462,-0.6490061,-0.51775277,0.23164792,-0.1130632,0.7034303,-0.5089282,-0.15348645,-0.062058274,-0.1645268,-0.071673505,-0.015232116,-0.02073888,-0.21192308,-0.28585958,0.021380879,0.0069456054,-0.09000305,-0.008467855,-0.010952513,-0.012485379,-0.007886031
1.9312168,-1.0839763,-0.516149,1.871639,0.014545019,1.1917721,-0.061545484,-0.81405324,2.3587792,-0.8808796,0.024945399,-0.64711434,-0.5119939,0.21390758,-0.0987884,0.66483897,-0.5194103,-0.15113948,-0.06427076,-0.12025634,-0.07711546,-0.008373138,-0.01185513,-0.1046474,-0.15581532,0.011521733,0.00086775416,-0.09328718,-0.0050864914,-0.012615278,-0.029500002,0.0024703036
1.9164196,-1.0702654,-0.50889194,1.8836814,-0.04430727,1.0791603,-0.0407961,-0.81470966,2.3381016,-0.8927686,0.070753135,-0.63892996,-0.48605314,0.16040535,-0.0588558,0.51685244,-0.5614173,-0.14587069,-0.0723411,-0.14180863,-0.07437795,-0.012605358,-0.017706536,-0.17528075,-0.24274354,0.018515546,0.0051566954,-0.09126597,-0.007164278,-0.011443331,-0.016119065,-0.0051570116
1.8741448,-1.0347387,-0.49281177,1.9141022,-0.18653752,0.8135656,0.0073420135,-0.8160936,2.2904506,-0.92389077,0.17239651,-0.6213546,-0.43119365,0.038762365,0.033179186,0.19636732,-0.6515115,-0.13319887,-0.090407595,-0.114095755,-0.077675015,-0.009991118,-0.015099713,-0.1407499,-0.21019532,0.016662445,0.0040159193,-0.092424825,-0.0059225243,-0.011630215,-0.015582709,-0.0047276947
1.8400533,-1.0095782,-0.48279172,1.9356266,-0.28679162,0.62696534,0.03984045,-0.81746614,2.253543,-0.94689727,0.25312904,-0.6101376,-0.39081955,-0.056645375,0.10955537,-0.054013785,-0.72366184,-0.12059972,-0.09955545,-0.061055567,-0.083730966,-0.0024071084,-0.0050478796,-0.036207523,-0.045676284,0.00524267,-0.0032553056,-0.096776746,-0.001616815,-0.014261568,-0.040224362,0.013310153
1.8145494,-0.98618567,-0.47148514,1.9555789,-0.38214839,0.4482494,0.072690904,-0.8183481,2.2223835,-0.96712303,0.31917542,-0.5979027,-0.3539141,-0.13592206,0.168738,-0.2648781,-0.782546,-0.11304508,-0.112382784,-0.05083424,-0.08516597,-0.0027463674,-0.006889127,-0.034873232,-0.100503534,0.009077728,-0.00062126503,-0.09590405,-0.0020698006,-0.012471764,-0.019767625,0.0018990024
1.7742999,-0.9507151,-0.45602164,1.9854327,-0.5158096,0.2037141,0.11793445,-0.81908727,2.1834378,-0.99714756,0.39639357,-0.58164674,-0.311136,-0.23205094,0.23929808,-0.50376016,-0.8482856,-0.1058266,-0.12326951,-0.0025715202,-0.091002055,0.0029743356,-0.0004431576,0.05501025,-0.017555265,0.0029036712,-0.0042538247,-0.0984412,0.001048968,-0.012938754,-0.021227457,0.005677761
1.7330706,-0.9020239,-0.43449345,2.0254552,-0.6551447,-0.02876167,0.1694193,-0.8154902,2.181269,-1.0303345,0.3613737,-0.5618304,-0.3146006,-0.2148101,0.19708298,-0.37239927,-0.79797065,-0.13334897,-0.11544015,-0.0072262962,-0.090172425,0.002498962,-0.00034754496,0.0395797,0.025341446,0.0003515662,-0.005755659,-0.09870863,0.00208862,-0.01484353,-0.037520673,0.014568935
1.722419,-0.88877535,-0.4287314,2.0360951,-0.6937619,-0.092916206,0.18342291,-0.8146137,2.180279,-1.0395579,0.35238934,-0.55671287,-0.3155048,-0.21114957,0.18733576,-0.33911464,-0.78489405,-0.14019045,-0.1139164,0.012293442,-0.09280499,0.0046836194,0.0016062567,0.086038105,0.034126487,-0.0011215293,-0.006302201,-0.09910701,0.0032274835,-0.014099361,-0.028509673,0.009967804
1.7064644,-0.8690158,-0.42010024,2.051952,-0.75174916,-0.18943958,0.2044281,-0.8133119,2.178456,-1.0533489,0.34005266,-0.5490404,-0.31642154,-0.20671824,0.17347212,-0.29264244,-0.7662035,-0.1502052,-0.11259305,0.03838136,-0.09631733,0.0077644945,0.0045793736,0.14872395,0.05587797,-0.0037092837,-0.0074612433,-0.09977762,0.0048098383,-0.013445417,-0.020176165,0.005289722
1.686034,-0.8455168,-0.4096101,2.0714834,-0.819317,-0.3030139,0.22953768,-0.81157166,2.1769247,-1.069365,0.3247388,-0.5392168,-0.3170467,-0.19994225,0.15381865,-0.2348965,-0.7435724,-0.16335605,-0.10973586,0.025380658,-0.094538614,0.0061001023,0.0030372045,0.114689775,0.061234985,-0.0034844538,-0.0073878844,-0.099390194,0.004593327,-0.014508429,-0.02983114,0.009859519
1.6631376,-0.81767946,-0.39760152,2.093865,-0.9000597,-0.4369262,0.2587571,-0.8096936,2.1748967,-1.0887471,0.3059737,-0.5285458,-0.31916636,-0.1921715,0.13302463,-0.16429651,-0.71584755,-0.17775418,-0.10695611,0.061453424,-0.09931373,0.0105596315,0.0076442035,0.20167029,0.10557683,-0.00795376,-0.009601126,-0.10060309,0.0070070587,-0.0140388645,-0.022729,0.006163144
1.9901453,-0.71399593,-0.88071316,-1.6650455,2.6003685,0.097526245,1.2884127,-0.033206735,1.0137211,1.4141673,-0.6619411,0.90912926,0.3524575,1.161959,-0.3002609,1.1829166,0.51843137,-0.36372915,0.04884782,0.8653931,0.010422022,-0.004337682,-0.122490875,-0.5298668,0.0006841737,-0.037198514,-0.030962622,0.017470296,0.030765869,0.03827963,0.43623695,0.19316745
1.9378773,-0.673405,-0.8611243,-1.628877,2.4226923,-0.24629435,1.3483708,-0.035315964,0.946265,1.3744516,-0.51588506,0.9295109,0.4350766,0.9888051,-0.16613668,0.70760626,0.3827374,-0.34339643,0.028752405,0.6927424,0.021461882,-0.010620074,-0.12543912,-0.57655,-0.08962202,-0.033251148,-0.03001845,0.013065504,0.034880836,0.039277952,0.45146275,0.19751258
1.9443545,-0.68968046,-0.8681984,-1.6453742,2.4474297,-0.22814588,1.3311857,-0.03418543,0.93824536,1.3672235,-0.5278562,0.9063626,0.4480457,0.9805227,-0.1482142,0.6703738,0.37532988,-0.3328643,0.0365284,-0.08264982,0.046544366,0.0017165309,-0.09319838,-0.13806738,0.081147514,-0.056597646,-0.033360206,0.010975884,0.012117951,0.04123881,0.28671494,-0.109524325
1.9803748,-0.71428216,-0.8760172,-1.6657301,2.5405233,-0.059415158,1.3029476,-0.03279165,0.9725278,1.3903645,-0.60084456,0.89799434,0.41480863,1.0684776,-0.22226319,0.89045286,0.43904817,-0.34636045,0.04174093,-0.21075456,0.061990105,-0.017104443,-0.11717258,-0.43154874,-0.2645558,-0.03047482,-0.017284796,0.020236487,0.0022200437,0.045213487,0.32456267,-0.13831523
1.9341053,-0.6804417,-0.86339194,-1.6372135,2.4085429,-0.30239418,1.344913,-0.034564745,0.9248918,1.3592721,-0.49852666,0.91178805,0.4647811,0.94607997,-0.12292837,0.57570434,0.34860924,-0.3296641,0.030880343,-0.09801006,0.048491284,-0.0011483699,-0.09706443,-0.18679528,0.026000332,-0.05208086,-0.030617904,0.012314459,0.010682605,0.04187566,0.29394498,-0.114047
1.9219176,-0.66928226,-0.8572472,-1.627212,2.3593307,-0.3976657,1.3624423,-0.0351813,0.9068425,1.3495402,-0.4577226,0.91889,0.48800185,0.8989556,-0.087597296,0.44299203,0.31058812,-0.32484812,0.024233807,-0.12609227,0.05207089,-0.0062860413,-0.10398159,-0.2724089,-0.07412257,-0.0440396,-0.025706569,0.014682609,0.008225197,0.043139216,0.3082456,-0.12197524
1.9100804,-0.6611748,-0.8547932,-1.6205845,2.329854,-0.45029864,1.371303,-0.035542056,0.89668417,1.3420299,-0.43677884,0.9214137,0.49731055,0.87324417,-0.06623631,0.38107336,0.2929488,-0.32105938,0.022196848,-0.08206144,0.046752013,0.0004472732,-0.09521825,-0.16894582,0.056673996,-0.05382523,-0.031768475,0.0113141,0.0116961505,0.041416187,0.29108557,-0.11056065
1.8962371,-0.64682424,-0.8463227,-1.6077683,2.2660825,-0.57393116,1.3945524,-0.036201432,0.8745367,1.329875,-0.3872855,0.93103814,0.52674663,0.81581086,-0.024665438,0.21824327,0.24691741,-0.31617805,0.012304869,-0.13030684,0.052700747,-0.008268788,-0.107156806,-0.30825233,-0.12507842,-0.039711468,-0.023036208,0.015671743,0.007275327,0.043996707,0.3190961,-0.1274636
1.8578004,-0.6146291,-0.83197963,-1.5803162,2.1381016,-0.8121652,1.4376749,-0.03742522,0.83201677,1.3016552,-0.2971503,0.94661576,0.5751623,0.70751035,0.057432614,-0.06523878,0.16737528,-0.30485237,-0.0037825985,-0.0953346,0.048444804,-0.004454254,-0.10306817,-0.2516592,-0.075192,-0.043128718,-0.025082363,0.014057163,0.009070804,0.04375956,0.3188789,-0.1265046
1.8229792,-0.5890333,-0.82195425,-1.5585026,2.0365212,-1.0007855,1.4704297,-0.038828276,0.79465806,1.2781957,-0.21565177,0.9577889,0.615633,0.61101997,0.13502644,-0.3174472,0.09468333,-0.29194313,-0.012744276,-0.033826757,0.041330043,0.0043571065,-0.09152514,-0.1263902,0.10817299,-0.056086734,-0.033266425,0.009177267,0.013987488,0.04101645,0.293214,-0.107492544
1.7911009,-0.5604335,-0.808652,-1.5342749,1.9219682,-1.214069,1.5094928,-0.03983691,0.75779605,1.2534207,-0.1384403,0.97203714,0.658245,0.51763964,0.20492437,-0.5622518,0.026588608,-0.28296086,-0.02792081,-0.0052325777,0.03757441,0.006585841,-0.09029609,-0.08264855,0.09219876,-0.055336528,-0.032468982,0.008989767,0.014719451,0.042540196,0.31116012,-0.117349625
1.742777,-0.5130909,-0.7882931,-1.4948012,1.7665758,-1.4869182,1.5639174,-0.03854468,0.7311238,1.2171804,-0.104734175,0.99213576,0.6841034,0.46281374,0.23091757,-0.6536121,0.008191491,-0.2914538,-0.03046244,0.026653118,0.034021784,0.011033803,-0.08421002,-0.024266306,0.21099466,-0.06341544,-0.0374862,0.0063017546,0.017923256,0.04009591,0.2895999,-0.10315071
1.7005552,-0.4622514,-0.76589954,-1.4534085,1.6188396,-1.7336825,1.6180148,-0.035023306,0.72723776,1.1820661,-0.13779335,1.0124754,0.68186194,0.47627407,0.19197553,-0.52962804,0.057211597,-0.3184605,-0.02524603,0.05696114,0.029959658,0.014363184,-0.08111546,0.045594566,0.24215999,-0.066842444,-0.038917426,0.005688533,0.020215055,0.040488865,0.29752243,-0.10785982
1.653086,-0.40526903,-0.7411092,-1.4072193,1.4540136,-2.0078743,1.6780639,-0.0310816,0.7233052,1.1426152,-0.17621516,1.034798,0.67807204,0.49264663,0.14791103,-0.38515726,0.11378915,-0.34860405,-0.018985953,0.105217405,0.023610465,0.020272851,-0.07492674,0.16023071,0.3130874,-0.07357996,-0.042261872,0.0040469454,0.023839368,0.040624198,0.3032645,-0.11098836
1.6094872,-0.35313585,-0.7175686,-1.3641598,1.3034829,-2.2605503,1.7341043,-0.027229337,0.72034484,1.10722,-0.21169747,1.056692,0.67617273,0.5092264,0.103400946,-0.25240672,0.16537765,-0.37825146,-0.011317161,0.080675334,0.026959302,0.016817512,-0.07847258,0.09413993,0.31164622,-0.07246604,-0.04157204,0.005034925,0.023517897,0.038939867,0.28941703,-0.10411547
1.5604361,-0.29537046,-0.6926865,-1.3173804,1.1356746,-2.5399704,1.7948763,-0.02333095,0.7151442,1.0668881,-0.24741437,1.0790386,0.67337847,0.52217,0.062024903,-0.11641622,0.21992135,-0.4075627,-0.007981803,0.1410552,0.018953864,0.024532588,-0.07017168,0.24034058,0.40548402,-0.08116561,-0.046070874,0.0028274877,0.02770563,0.039004892,0.29378605,-0.10778565
2.2725432,-1.8239012,-0.35501334,-1.9349328,-0.599002,1.6859936,-1.7619017,-0.8944113,-0.62350196,-0.809743,-1.1015115,1.7909197,0.41929454,0.542881,-0.79822606,1.6152083,-0.31653214,-0.045531493,0.060795877,-0.095054716,0.0061183185,0.019193398,0.064923815,-0.11319807,-0.161814,-0.04495742,0.035935476,0.04006997,0.07634651,0.007894061,-0.07286814,0.00070270227
2.253775,-1.8075229,-0.34594104,-1.9200513,-0.6733604,1.5408549,-1.735564,-0.89550984,-0.6525858,-0.82435346,-1.0343581,1.8016533,0.45670903,0.46621123,-0.7393176,1.3970757,-0.3797902,-0.03682833,0.051897775,-0.14103025,0.012135962,0.010940731,0.05411128,-0.25470865,-0.3099673,-0.03273324,0.043266736,0.043587796,0.07264481,0.009479039,-0.054031454,-0.008245822
2.238172,-1.7938867,-0.33837798,-1.9077126,-0.7362144,1.4179832,-1.7134124,-0.8965456,-0.67780393,-0.8366633,-0.97572845,1.8106331,0.4890084,0.39953843,-0.6873161,1.206875,-0.4352445,-0.02884543,0.045010168,-0.17644183,0.016823187,0.004409544,0.045481276,-0.3667426,-0.4292594,-0.022899564,0.049187094,0.04632659,0.06981134,0.010841972,-0.03760634,-0.01541175
2.2225325,-1.7831534,-0.33522025,-1.8989681,-0.7745339,1.3500085,-1.7019533,-0.8969724,-0.6905684,-0.8465605,-0.95001656,1.8138157,0.5003527,0.36747062,-0.6607072,1.131228,-0.45661876,-0.02417301,0.042305537,-0.11304308,0.00906296,0.013906851,0.057570603,-0.21667655,-0.25698295,-0.036061414,0.041123725,0.041810323,0.07460509,0.008880574,-0.05698357,-0.0021949674
2.2006402,-1.7660475,-0.32829037,-1.8845012,-0.84094286,1.227565,-1.6802043,-0.89765686,-0.7129789,-0.86180854,-0.90271735,1.8212965,0.5245965,0.31040683,-0.61634386,0.9847584,-0.4979338,-0.017523056,0.03495066,-0.07525121,0.004512477,0.019144483,0.064123794,-0.13804625,-0.16133507,-0.043024447,0.036810264,0.03924497,0.07726597,0.007700808,-0.06794543,0.005344813
2.1809664,-1.7467766,-0.317288,-1.8672851,-0.9257874,1.0634176,-1.6495699,-0.89857304,-0.7428624,-0.87828183,-0.8357836,1.8338572,0.56371063,0.2327994,-0.5596091,0.76590925,-0.56001824,-0.010507445,0.022249723,-0.13367476,0.011820727,0.008740003,0.050115425,-0.30877078,-0.3666903,-0.026742587,0.046791654,0.044216488,0.072087966,0.010327437,-0.039084814,-0.01207196
2.1590123,-1.7324421,-0.31327376,-1.8555318,-0.9775778,0.9710806,-1.6343141,-0.8992811,-0.76135856,-0.89176095,-0.7972943,1.8380368,0.5803445,0.18573613,-0.5198054,0.65253437,-0.5926589,-0.0031011747,0.019429017,-0.04792437,0.0014965866,0.021886058,0.06727245,-0.10695913,-0.10975689,-0.04596178,0.03487691,0.0375841,0.07893658,0.0069321194,-0.07281111,0.010829238
2.1522353,-1.7242128,-0.30764967,-1.8479729,-1.0172195,0.89241487,-1.6193538,-0.89977515,-0.77589107,-0.89867455,-0.7637319,1.8445781,0.6008941,0.14756432,-0.4921997,0.5400305,-0.62479997,0.00011496322,0.013113667,-0.096923016,0.0075314725,0.013240479,0.05548381,-0.24320258,-0.2903351,-0.032105498,0.043474942,0.041901954,0.07461161,0.00956327,-0.044459373,-0.00578624
2.1195505,-1.6995687,-0.2981653,-1.8271862,-1.1113616,0.7197708,-1.5889416,-0.9007446,-0.8077023,-0.9207614,-0.6968685,1.8547888,0.63439447,0.06665248,-0.42885286,0.33483693,-0.6827221,0.009880511,0.003105581,-0.031865355,-0.0002510018,0.022781665,0.0678406,-0.10207923,-0.10148186,-0.045790505,0.03491995,0.037029516,0.07951183,0.006884137,-0.07057161,0.011095587
2.1018152,-1.684102,-0.29069373,-1.8137996,-1.1754422,0.5987071,-1.5669117,-0.9014548,-0.8298791,-0.93432534,-0.64864904,1.8630915,0.66092193,0.0096006505,-0.38554448,0.18081254,-0.72637385,0.015886068,-0.0049540536,-0.031185586,-0.0003100735,0.02177598,0.0659036,-0.1181998,-0.13911304,-0.042819757,0.036825135,0.03768676,0.079001755,0.0077603306,-0.060004033,0.005809629
2.082959,-1.6677265,-0.28303495,-1.7998097,-1.2428252,0.47217226,-1.5440338,-0.90223205,-0.85317034,-0.9487865,-0.598303,1.8714949,0.68812525,-0.050183546,-0.3395183,0.020976,-0.7716911,0.022464812,-0.01288584,-0.017874712,-0.0019448643,0.02259468,0.06618521,-0.10369444,-0.14848903,-0.04213994,0.03736782,0.037550744,0.07940426,0.008459777,-0.051048316,0.0020379315
2.0710483,-1.6596849,-0.28013042,-1.792875,-1.2741892,0.41398048,-1.5341067,-0.90269244,-0.8651168,-0.9562601,-0.5719861,1.8748213,0.7008211,-0.08119957,-0.3143441,-0.059780993,-0.79516053,0.026867937,-0.015382219,0.0027165234,-0.004242563,0.025833135,0.07072952,-0.060903143,-0.06889299,-0.047613733,0.033839308,0.03555725,0.08127663,0.006989334,-0.06550031,0.011746563
2.0469673,-1.6383575,-0.27035445,-1.7748914,-1.3605008,0.25319698,-1.5049505,-0.9035956,-0.89385533,-0.97498417,-0.5110848,1.8853183,0.7337194,-0.15437098,-0.25823224,-0.25237834,-0.8492701,0.03464504,-0.025732845,0.032714106,-0.008064082,0.028704584,0.073138446,-0.008594754,-0.06080512,-0.04863138,0.033483777,0.034804262,0.08254506,0.007994231,-0.05300799,0.0061393864
2.0347362,-1.6304191,-0.26741374,-1.7678655,-1.3910241,0.19623502,-1.4951234,-0.90395993,-0.90537477,-0.98224056,-0.48545653,1.8887851,0.7462701,-0.1843431,-0.23480575,-0.33071658,-0.87190634,0.038557213,-0.02895422,0.038343314,-0.0083678495,0.030296912,0.076275565,-0.0012225751,0.018690879,-0.05342734,0.030134011,0.033135504,0.083670974,0.0056722728,-0.07689281,0.019982414
2.0121017,-1.6031679,-0.2551031,-1.7457464,-1.4760877,0.050700203,-1.4644057,-0.9025792,-0.91292405,-1.0018504,-0.48849332,1.9001698,0.7520173,-0.19287418,-0.24109067,-0.3135814,-0.8604024,0.027881796,-0.029605016,0.06581603,-0.01217726,0.03287007,0.077959605,0.05953257,0.0075788638,-0.053897176,0.030467164,0.033103812,0.08493769,0.0073175873,-0.057516176,0.009153669
1.9943293,-1.5836134,-0.24661931,-1.7293842,-1.5302986,-0.039464597,-1.4442263,-0.9010136,-0.9129486,-1.0150135,-0.5043574,1.9081447,0.7497312,-0.18368761,-0.26056433,-0.253899,-0.83839834,0.016128892,-0.02509063,0.048719153,-0.009667791,0.031182233,0.0770771,0.016539505,0.040791888,-0.05521662,0.029370444,0.03295021,0.08494438,0.005211171,-0.07817734,0.020579338
1.9732119,-1.5575627,-0.23499055,-1.7082242,-1.6064789,-0.16688061,-1.4162512,-0.89921093,-0.9150193,-1.0329599,-0.5210784,1.9187012,0.74882686,-0.17695443,-0.28047624,-0.19119065,-0.81346875,0.0021898178,-0.022480031,0.061319917,-0.011377042,0.032460272,0.078147754,0.044955753,0.0505595,-0.056453407,0.028940735,0.03280913,0.0859184,0.0054366607,-0.073869914,0.017950775
1.9490981,-1.5285754,-0.22229725,-1.6847389,-1.6915116,-0.3090539,-1.3853302,-0.8972817,-0.9179908,-1.0531825,-0.53806996,1.9301465,0.7482049,-0.17146884,-0.30051774,-0.12680982,-0.7871879,-0.012453596,-0.021182338,0.08902112,-0.015140409,0.035673868,0.08119974,0.1110149,0.07433126,-0.059250213,0.027724875,0.032196485,0.08762733,0.006042066,-0.06562462,0.012669097
1.9308354,-1.5069712,-0.21256694,-1.666803,-1.7530628,-0.41213152,-1.3623015,-0.8956253,-0.9186038,-1.0677254,-0.55429673,1.9392488,0.7467571,-0.16284525,-0.32061282,-0.066485174,-0.7644001,-0.025252301,-0.01674694,0.07282936,-0.012888738,0.03355336,0.0791618,0.06860415,0.07517823,-0.058607876,0.02803091,0.0326579,0.087335564,0.00497558,-0.0750447,0.017966107
1.9142822,-1.4865303,-0.204109,-1.6507639,-1.8126657,-0.5099851,-1.3412794,-0.89436954,-0.920443,-1.0822806,-0.56782395,1.9464275,0.7445621,-0.15801048,-0.33379003,-0.015374682,-0.74408126,-0.03484755,-0.015641788,0.13191526,-0.02075753,0.040964987,0.08675483,0.213403,0.13495713,-0.06507927,0.024810122,0.030666182,0.090787925,0.006309963,-0.05935429,0.009881186
1.9001347,-1.4702148,-0.19668028,-1.6370592,-1.8593109,-0.5886741,-1.3237076,-0.8931081,-0.9211755,-1.0932435,-0.5791368,1.953499,0.7441425,-0.1523763,-0.34866536,0.026812447,-0.72787064,-0.044494633,-0.012785849,0.111106925,-0.017945828,0.038230106,0.08398229,0.1601294,0.12446381,-0.06350273,0.025630718,0.031399373,0.090025134,0.0053583137,-0.06817674,0.014372936
1.8827355,-1.4488536,-0.18691856,-1.619521,-1.9218704,-0.69392884,-1.3004522,-0.8915693,-0.9228659,-1.1078002,-0.59244937,1.9625329,0.7439611,-0.14690563,-0.36575812,0.07703572,-0.7078038,-0.05635692,-0.010624592,0.1027042,-0.016836362,0.037001017,0.08265924,0.13736561,0.12225401,-0.0630173,0.025956128,0.03183022,0.08987678,0.0047970954,-0.07268079,0.016120523
1.8686285,-1.4317538,-0.18037261,-1.6064051,-1.9703226,-0.77161324,-1.2838671,-0.89053375,-0.9235973,-1.1201271,-0.60641974,1.9677525,0.7399351,-0.14042784,-0.37760594,0.12970267,-0.6879504,-0.06420748,-0.008551044,0.17822653,-0.026754038,0.046881042,0.09329588,0.32385376,0.22006443,-0.072609976,0.020866115,0.028743986,0.094531514,0.0059223254,-0.059130054,0.010209589
1.8589892,-1.4206536,-0.17504877,-1.5968817,-2.0026639,-0.8271504,-1.2714132,-0.8896561,-0.92447877,-1.1274924,-0.61276877,1.9729941,0.74079263,-0.13778137,-0.38746595,0.15341812,-0.6783773,-0.07091577,-0.0071582734,0.14826122,-0.022799436,0.04285703,0.08897233,0.24816675,0.18831715,-0.069276206,0.022688136,0.030017843,0.092999354,0.005136298,-0.06678717,0.01356033
1.8524141,-1.4127265,-0.17097114,-1.5899715,-2.0263503,-0.8685194,-1.2620535,-0.88900894,-0.92532057,-1.1326414,-0.616499,1.9771141,0.7422156,-0.13651732,-0.39455572,0.16733475,-0.67240745,-0.07594312,-0.0063855457,0.11361238,-0.018253993,0.03817935,0.083868474,0.16103579,0.14595295,-0.06506063,0.025008013,0.0315529,0.0910855,0.0044318982,-0.07386401,0.016437786
1.8182834,-1.3725739,-0.15456402,-1.5581604,-2.1419172,-1.058097,-1.2212483,-0.8864283,-0.92850715,-1.1611512,-0.6435866,1.9911997,0.7374556,-0.12604918,-0.4220426,0.27083206,-0.63170516,-0.09516262,-0.004042174,0.21282074,-0.03130153,0.05129707,0.09822585,0.40575793,0.2922953,-0.07878565,0.01764093,0.027417604,0.097428195,0.0051995786,-0.062928446,0.0108458
2.6701336,-0.049198765,-0.9646886,-0.98938364,1.1390103,0.39069977,-1.8302201,0.67624325,0.8755548,2.4305491,-0.7314321,-0.3087068,-0.7308399,-1.79433,-0.4270764,2.1263256,0.17915778,1.0361594,0.039348286,-0.10845559,0.046161164,0.029887179,0.008345759,-0.10957739,-0.19155082,0.016208991,-0.091780104,0.010008755,-0.03476988,-0.018360542,-0.10473442,0.01947212
2.654342,-0.034854732,-0.95655465,-0.97635245,1.0745131,0.26491052,-1.8070915,0.67539966,0.8512428,2.4180014,-0.67571783,-0.29916772,-0.6991057,-1.858152,-0.3791842,1.9447029,0.12689076,1.0427688,0.030626435,-0.15637262,0.052321557,0.021601228,-0.0024528198,-0.25047863,-0.33963287,0.028336966,-0.08447851,0.013631701,-0.038659148,-0.016823579,-0.08717286,0.009781724
2.6268432,-0.010574025,-0.94426113,-0.95507026,0.9720639,0.06978342,-1.7713833,0.67426825,0.8152305,2.396819,-0.5962542,-0.28530926,-0.6548265,-1.9512438,-0.30929837,1.689713,0.054474786,1.0522518,0.016980503,-0.18227175,0.055725895,0.016321678,-0.009655005,-0.34359917,-0.4402734,0.03685191,-0.07934705,0.015967079,-0.041173454,-0.015704263,-0.07353884,0.0022182965
2.5884402,0.017663412,-0.9339025,-0.93139565,0.8641664,-0.12754104,-1.7371238,0.6729885,0.7777465,2.3711228,-0.51713556,-0.27417818,-0.61622834,-2.0468693,-0.23251612,1.4477783,-0.014408447,1.0648152,0.007244274,-0.08454914,0.043936346,0.030437244,0.008244308,-0.12656932,-0.1804103,0.017479485,-0.09130026,0.009038517,-0.033875104,-0.018810105,-0.10305852,0.023429956
2.5755079,0.0288853,-0.9278468,-0.92129946,0.8135746,-0.22593404,-1.7193513,0.6721931,0.7579338,2.3610525,-0.47154397,-0.26704484,-0.5910541,-2.0990465,-0.1920341,1.3000389,-0.057337128,1.0709543,0.0015299321,-0.10816694,0.047047984,0.02587904,0.0020681086,-0.20364371,-0.26927856,0.024699222,-0.086898886,0.011025878,-0.035884134,-0.017647004,-0.08927295,0.017086674
2.5535014,0.04884173,-0.9180028,-0.9040854,0.7318056,-0.37993968,-1.6909534,0.67146385,0.73096216,2.3438716,-0.4137559,-0.25624886,-0.5585472,-2.1679082,-0.14124234,1.1153256,-0.10898424,1.0773131,-0.010042191,-0.115579374,0.047957327,0.023596242,-0.001493315,-0.242153,-0.32786605,0.029456314,-0.08393689,0.012311066,-0.03716562,-0.016676335,-0.0779597,0.009995298
2.5202878,0.07318029,-0.9087288,-0.88345516,0.6369192,-0.55504876,-1.660526,0.6702446,0.696922,2.3216574,-0.34046406,-0.24604706,-0.5223697,-2.2553887,-0.07111191,0.8896531,-0.17369018,1.0888709,-0.01864588,-0.048403323,0.040046282,0.033347268,0.011178268,-0.09932949,-0.13217315,0.015356935,-0.09277151,0.0071476274,-0.03191625,-0.019446464,-0.104305506,0.028763792
2.5111728,0.08155494,-0.9043794,-0.87612563,0.60099787,-0.6236939,-1.6479497,0.669811,0.6841962,2.314333,-0.31235236,-0.24114855,-0.5065572,-2.288329,-0.04616122,0.7987341,-0.1995888,1.0922934,-0.02323428,-0.05569382,0.040937852,0.031410392,0.008162695,-0.12855862,-0.18507752,0.01935252,-0.0902284,0.008251076,-0.03288851,-0.018399004,-0.092456296,0.022516452
2.4851458,0.10442905,-0.8937963,-0.8566688,0.50936896,-0.794502,-1.6167421,0.66899085,0.6543528,2.2944708,-0.2494189,-0.22973421,-0.4720439,-2.3641205,0.010624826,0.5996269,-0.25513306,1.0997131,-0.035353173,-0.03706129,0.038568098,0.03287577,0.009131972,-0.103909306,-0.18673585,0.0194783,-0.09001346,0.007960999,-0.03236182,-0.017770715,-0.08436719,0.018045647
2.4489474,0.1318605,-0.88253236,-0.83316875,0.4004637,-0.9972214,-1.581031,0.6676561,0.6154057,2.2697144,-0.16485803,-0.21720688,-0.42896956,-2.4644208,0.0895337,0.33674777,-0.33032644,1.1121545,-0.04659492,0.0087266825,0.033378486,0.039373577,0.017823212,-0.017946592,-0.039884288,0.009525938,-0.096411146,0.0041416506,-0.028702164,-0.02031226,-0.10835273,0.03460076
2.420914,0.16106434,-0.8693844,-0.8090676,0.2991844,-1.1773502,-1.545594,0.66807127,0.5951898,2.2468736,-0.13447174,-0.20425165,-0.4078577,-2.5089025,0.11544938,0.24594128,-0.35161862,1.1093779,-0.051776458,0.04398088,0.028737944,0.042825017,0.020587998,0.052513894,-0.035084765,0.008145078,-0.096725345,0.003518546,-0.026989833,-0.018859157,-0.090497546,0.025831677
2.395066,0.19018981,-0.85668135,-0.784882,0.21717027,-1.3140318,-1.515221,0.6703061,0.59438425,2.2271008,-0.15635961,-0.19242439,-0.4104674,-2.4973483,0.08867594,0.32839116,-0.32054624,1.0925453,-0.04643741,0.030472802,0.030771283,0.04155136,0.020139888,0.017633522,0.005399931,0.0061927866,-0.09812713,0.0032685844,-0.026644196,-0.021058163,-0.11149308,0.037223242
2.3594055,0.23350272,-0.8373839,-0.7495864,0.090561055,-1.5260803,-1.4687191,0.6733078,0.59070057,2.1972306,-0.18334039,-0.17483012,-0.4115733,-2.4869583,0.055983372,0.43000242,-0.27986443,1.0695196,-0.042721324,0.04724288,0.028484624,0.043242175,0.021583527,0.05497832,0.022954343,0.004253449,-0.09884816,0.0031067128,-0.025247848,-0.02096904,-0.10755692,0.034169845
2.3110204,0.29178983,-0.81216383,-0.7025731,-0.079069264,-1.8082168,-1.4072661,0.677218,0.5857812,2.1565883,-0.22063087,-0.15229553,-0.41486382,-2.4727526,0.0137669295,0.57079095,-0.2238133,1.0397233,-0.038246125,0.11643242,0.01926247,0.051704664,0.03020028,0.22156975,0.10358791,-0.004044442,-0.10287715,0.00095219206,-0.020712828,-0.019982332,-0.092986144,0.025790673
2.261776,0.3507219,-0.78559506,-0.6539392,-0.24922739,-2.0937119,-1.3439747,0.68156064,0.58243525,2.1165466,-0.26083517,-0.12762028,-0.41712716,-2.4539905,-0.036394473,0.7211282,-0.16540977,1.0062923,-0.029566348,0.09259897,0.022523126,0.04826645,0.026636248,0.15643317,0.10370505,-0.0030739794,-0.10222288,0.0019626122,-0.020881737,-0.021719124,-0.10683397,0.032690153
2.243014,0.37299827,-0.7764499,-0.6361871,-0.3121475,-2.1964777,-1.3215411,0.6830818,0.5818127,2.100977,-0.2788796,-0.11970309,-0.42094633,-2.4448283,-0.05460669,0.78854424,-0.14017746,0.99464446,-0.025631022,0.13972254,0.016405744,0.054422196,0.03337855,0.27154166,0.17490597,-0.009720639,-0.10576288,-6.9360176e-05,-0.017621353,-0.021393863,-0.10126462,0.030989831
2.2125561,0.408915,-0.7613416,-0.60741514,-0.41603944,-2.368215,-1.284357,0.68545777,0.57878995,2.0757122,-0.30209637,-0.10641675,-0.42392653,-2.4360619,-0.079909086,0.877234,-0.10496658,0.9768639,-0.023548903,0.20048778,0.008410544,0.062444445,0.042207994,0.42073324,0.27110246,-0.018551357,-0.11049609,-0.002588401,-0.013572486,-0.02121547,-0.09700016,0.028357549
3.180604,-1.3861737,-0.5045291,1.8727223,0.26813576,1.9007951,0.46561408,1.1880176,-0.98369175,0.541037,-0.7396263,0.0041618794,-0.21399155,0.68187225,-0.8549105,1.1834592,0.7823592,0.006306182,0.2251198,-0.13486618,-0.08833367,-0.010022186,-0.0366676,-0.086302325,-0.14219226,0.06064928,-0.0057125282,0.05899709,-0.0031776456,-0.018140597,-0.05702259,-0.018236263
3.1785269,-1.3838869,-0.50173485,1.8755953,0.2490505,1.8581963,0.4732637,1.1873528,-0.99504095,0.53865206,-0.70953494,0.00813683,-0.1966993,0.6500947,-0.82939494,1.0816754,0.75139767,0.010689374,0.22369525,-0.19447437,-0.0806406,-0.019812938,-0.049192358,-0.24974005,-0.31317025,0.074387975,0.0025602255,0.06315894,-0.00753794,-0.016320044,-0.036448967,-0.02791939
3.1711879,-1.3762463,-0.49657798,1.8827914,0.21136935,1.7827297,0.48734087,1.1867889,-1.0100724,0.5320287,-0.67387164,0.01434422,-0.17570668,0.61012524,-0.799651,0.963334,0.717074,0.014685663,0.21826999,-0.24622214,-0.07406351,-0.02841747,-0.06033155,-0.39327553,-0.46741173,0.08678695,0.010055287,0.06698531,-0.011614355,-0.014666884,-0.018191462,-0.038267843
3.1464176,-1.3588759,-0.49146193,1.896834,0.15018225,1.6749258,0.5056552,1.1862063,-1.0295396,0.5161629,-0.63565266,0.019358508,-0.15890668,0.5617045,-0.75982213,0.85179204,0.686009,0.021452734,0.21350405,-0.14076318,-0.08706383,-0.012663566,-0.040412217,-0.14183645,-0.1881715,0.065277174,-0.0030737438,0.059666786,-0.0037888458,-0.01769143,-0.04822187,-0.018158954
3.1346073,-1.3480667,-0.48516712,1.9067302,0.1005614,1.5775442,0.523535,1.1854944,-1.0487341,0.5066575,-0.59120846,0.026818948,-0.13357721,0.51109076,-0.7215882,0.7064431,0.6439625,0.026856715,0.20697749,-0.18187799,-0.081783526,-0.019780675,-0.04972788,-0.2618081,-0.31755233,0.07577833,0.003279216,0.062795594,-0.007108075,-0.016263165,-0.032001402,-0.026894497
3.1225429,-1.3365911,-0.47868538,1.9169873,0.049497366,1.4785851,0.5418286,1.1848667,-1.067359,0.49670383,-0.54904723,0.034276653,-0.109422036,0.46248925,-0.685333,0.56911457,0.6046949,0.031680346,0.19988728,-0.21471773,-0.077606335,-0.025632182,-0.05752323,-0.359653,-0.42875874,0.08473853,0.008732815,0.06547043,-0.00992139,-0.014936242,-0.017073901,-0.035401434
3.108857,-1.327458,-0.47614476,1.9244205,0.01716117,1.4214038,0.5513597,1.1844847,-1.0782973,0.48821524,-0.5269591,0.036836524,-0.099911965,0.43496236,-0.66223663,0.50451595,0.5863457,0.03586378,0.19786395,-0.15726615,-0.08461798,-0.01695495,-0.046407107,-0.2232041,-0.2686017,0.07254557,0.0012461591,0.061290428,-0.005511983,-0.016824907,-0.03581038,-0.022662437
3.098811,-1.3175255,-0.47047853,1.9332527,-0.026669707,1.3366979,0.56715137,1.1840041,-1.0937561,0.4797084,-0.49233454,0.043281846,-0.07975921,0.3948267,-0.6327657,0.39145517,0.55426484,0.039538387,0.19139917,-0.18594214,-0.08102577,-0.022098847,-0.05334648,-0.3076884,-0.37045875,0.08062808,0.0061998037,0.06374713,-0.008064535,-0.015514754,-0.021356894,-0.031297956
3.072508,-1.2985778,-0.4639708,1.94898,-0.097113475,1.2092824,0.589145,1.1832278,-1.1176009,0.4624669,-0.4429274,0.050126407,-0.0563158,0.33441705,-0.5841016,0.24247354,0.51210076,0.04756985,0.18514365,-0.107705116,-0.09050243,-0.010428737,-0.038350005,-0.12811013,-0.14979579,0.06413524,-0.0039922725,0.058003537,-0.002106671,-0.01830715,-0.04880545,-0.012950589
3.0616002,-1.2868271,-0.4567468,1.9595554,-0.15054879,1.1049781,0.608811,1.1826359,-1.1364955,0.4525237,-0.40026793,0.058396436,-0.030744907,0.2852185,-0.54843646,0.10132422,0.47204453,0.05177564,0.17684358,-0.1549391,-0.08468372,-0.018919773,-0.04998652,-0.26280078,-0.32804146,0.07789256,0.004536396,0.062260084,-0.006388928,-0.015722347,-0.020811796,-0.029571483
3.0479727,-1.2788318,-0.45523506,1.9659612,-0.17710917,1.059364,0.61593443,1.1822773,-1.1458572,0.4448505,-0.3814973,0.05983672,-0.023949653,0.26166117,-0.52765197,0.049171507,0.4570028,0.056038726,0.17615686,-0.08812204,-0.09272107,-0.00828834,-0.03585059,-0.100835696,-0.111243054,0.061731294,-0.005529102,0.056803245,-0.0008699629,-0.018811736,-0.052206233,-0.00933179
3.0386624,-1.2698988,-0.45042777,1.9738153,-0.21514033,0.98665446,0.6294709,1.1819099,-1.1587296,0.43721327,-0.3533583,0.06521716,-0.007605558,0.22853051,-0.50342935,-0.042329013,0.43125868,0.05898375,0.17055506,-0.10320969,-0.090888426,-0.01136735,-0.040286213,-0.14905414,-0.18295823,0.067240365,-0.0020812638,0.058456123,-0.0024804538,-0.017637255,-0.03929199,-0.01700575
3.012561,-1.2490321,-0.4416127,1.9915258,-0.29753387,0.8338847,0.6567332,1.1810312,-1.1868414,0.4186585,-0.29341483,0.07480223,0.023526648,0.15672137,-0.44781455,-0.22904396,0.37847924,0.06722311,0.16119786,-0.06815835,-0.095041655,-0.006673286,-0.034410726,-0.08159539,-0.0941774,0.061003312,-0.0059894724,0.05605383,-4.335199e-05,-0.0188432,-0.050215177,-0.0093907295
2.987319,-1.2273194,-0.4315502,2.0101335,-0.3853967,0.66932714,0.68663824,1.1801466,-1.2163824,0.39965603,-0.23024459,0.0858122,0.05795393,0.08122462,-0.3906435,-0.429327,0.32210883,0.075050674,0.15007412,-0.053491943,-0.09685538,-0.005799879,-0.03412367,-0.06753579,-0.10322829,0.061777096,-0.0054019596,0.055927616,0.00030410162,-0.01818743,-0.041635,-0.0135333575
2.9569468,-1.2032475,-0.42128128,2.030646,-0.4821482,0.488962,0.7186314,1.1789612,-1.2506571,0.3780373,-0.15595509,0.097132266,0.09631958,-0.0069212397,-0.32146716,-0.6614446,0.2558739,0.085717484,0.13986465,-0.01581134,-0.101219535,-0.0008984013,-0.027977616,0.00076936657,-0.008071422,0.055235825,-0.00953004,0.053270217,0.0030131314,-0.019513868,-0.053116746,-0.004415156
2.946513,-1.1934036,-0.4165999,2.0388622,-0.5237635,0.4108839,0.732676,1.1783717,-1.2652557,0.3692256,-0.12450863,0.102164,0.11326489,-0.044394,-0.29160765,-0.7621248,0.2271396,0.090204135,0.13583227,0.0057007344,-0.10405926,0.00081074965,-0.027160244,0.040561736,-0.030127222,0.056059375,-0.008646932,0.053195123,0.0037639814,-0.017808793,-0.03365476,-0.01328249
2.9346664,-1.1843901,-0.41296226,2.0466266,-0.5573097,0.34926426,0.74381995,1.1781671,-1.2757936,0.36142096,-0.10279511,0.106130354,0.12468876,-0.070901714,-0.27207318,-0.828649,0.20865673,0.0926842,0.13200895,0.014913648,-0.10502951,0.002420883,-0.024661867,0.057270035,0.02140549,0.0527698,-0.01085016,0.052058104,0.004670225,-0.019065002,-0.046420246,-0.006184205
2.8945572,-1.1363462,-0.39168617,2.085869,-0.69650406,0.11667148,0.794988,1.1815829,-1.279131,0.3284075,-0.13448294,0.1255646,0.12245273,-0.057272032,-0.3103526,-0.70909894,0.25565857,0.06659665,0.13730258,0.026104022,-0.10644143,0.0037689004,-0.023025548,0.08125348,0.062005047,0.04964351,-0.012467799,0.05159315,0.0062006335,-0.020028774,-0.053195022,-0.0032330498
2.8680604,-1.1043037,-0.3776878,2.1118472,-0.78944474,-0.038131718,0.8288862,1.1837822,-1.2814412,0.30622074,-0.15590417,0.13818134,0.12055412,-0.048330475,-0.33486062,-0.6289492,0.28714153,0.04968447,0.14084955,0.05431346,-0.11020383,0.007012164,-0.019908534,0.14772013,0.08942118,0.04657852,-0.013820217,0.05088114,0.008156313,-0.019502463,-0.04513235,-0.007521
2.848117,-1.0798572,-0.3671577,2.131476,-0.86003035,-0.15492275,0.8544438,1.185447,-1.2828729,0.2892486,-0.173395,0.14751233,0.11820948,-0.040451586,-0.35388282,-0.5635769,0.31241113,0.036813013,0.14408399,0.08733723,-0.114556216,0.011058079,-0.015760021,0.22709875,0.12827493,0.042591248,-0.015772922,0.04976958,0.010396771,-0.01899997,-0.03774347,-0.010961567
2.5296,-0.67193466,2.5472994,-0.7638144,2.7308624,0.35447964,-0.3766983,-0.53445476,-0.5109568,-0.42705023,-0.6430925,-0.3126647,-1.1885022,0.5570388,-0.344899,1.329931,0.5368273,-0.098493285,0.10457874,-0.07858963,0.06363231,-0.11609213,-0.019994773,-0.09928925,-0.14583384,0.0036469789,0.01824967,0.0069105444,-0.0008661039,-0.06709796,-0.055296935,0.006368693
2.5272887,-0.6688248,2.5504527,-0.7603702,2.7106884,0.31107137,-0.3685116,-0.53490573,-0.5207245,-0.42978746,-0.61806595,-0.30852422,-1.1732835,0.5301837,-0.32480505,1.2446312,0.51148444,-0.09563845,0.1016135,-0.13774621,0.071147844,-0.12566866,-0.032267503,-0.25814542,-0.31467867,0.017142026,0.026404431,0.011127289,-0.005354276,-0.06531803,-0.035866287,-0.004411411
2.515607,-0.6571415,2.5573936,-0.74981517,2.6585414,0.20956221,-0.34944728,-0.535446,-0.53917754,-0.43969306,-0.57636726,-0.30053797,-1.148606,0.48213503,-0.2901516,1.1077663,0.47267225,-0.09151965,0.09336223,-0.18550134,0.07715873,-0.13369581,-0.04273899,-0.39247495,-0.46050152,0.02890898,0.03352933,0.014793086,-0.009317203,-0.063772514,-0.019015443,-0.015138263
2.4902918,-0.6385969,2.5638812,-0.734434,2.5892487,0.084091544,-0.32771593,-0.53620195,-0.5624992,-0.45653626,-0.5281787,-0.29373562,-1.1255157,0.42309964,-0.2426295,0.96183956,0.4314359,-0.08376456,0.087175906,-0.10832064,0.06772958,-0.122477055,-0.028630745,-0.21596289,-0.2614767,0.013786513,0.024269715,0.009492452,-0.0036509917,-0.065949485,-0.03993965,-0.0003604288
2.451721,-0.60836935,2.5766134,-0.70862246,2.4686592,-0.14044958,-0.28790888,-0.53763604,-0.6049603,-0.48366982,-0.43654013,-0.2796987,-1.0781956,0.31401742,-0.15715462,0.6756131,0.34985673,-0.07060943,0.07439871,-0.05716961,0.061723366,-0.115844816,-0.020446036,-0.12033995,-0.13985026,0.005246343,0.018932838,0.006064776,-6.98374e-05,-0.06746436,-0.052785404,0.01021175
2.441726,-0.5975265,2.5838072,-0.6985695,2.4162943,-0.244609,-0.26836708,-0.5383726,-0.62505496,-0.49297246,-0.3895494,-0.27118295,-1.0502211,0.2609094,-0.117949404,0.51934475,0.30479816,-0.06555078,0.066652134,-0.12117892,0.069750875,-0.12685643,-0.03510277,-0.29916814,-0.35394755,0.022052528,0.029242693,0.011244819,-0.005411817,-0.064709246,-0.022728695,-0.0070383167
2.4318757,-0.5913927,2.58526,-0.6935896,2.395144,-0.28162852,-0.26237756,-0.5386475,-0.6324238,-0.4987723,-0.3746414,-0.26972845,-1.0442218,0.24231775,-0.10197112,0.47653776,0.29251322,-0.062460244,0.06571459,-0.076919496,0.06438831,-0.12001775,-0.026192693,-0.19313595,-0.22176695,0.01208755,0.023084821,0.0078465175,-0.0018923597,-0.0664176,-0.039865796,0.004377532
2.4230871,-0.5824712,2.590301,-0.6857349,2.356359,-0.35614574,-0.24841245,-0.5390251,-0.645609,-0.5063473,-0.34556514,-0.2640815,-1.0271348,0.20831645,-0.077284195,0.38159063,0.26580158,-0.05955888,0.059799694,-0.09893465,0.067096196,-0.12412018,-0.031873845,-0.25887537,-0.30900186,0.018882696,0.027291264,0.009926533,-0.0039990228,-0.06515862,-0.026119381,-0.004007071
2.4028854,-0.568202,2.5950394,-0.67389715,2.304021,-0.45042586,-0.23219635,-0.5395766,-0.6631976,-0.5193354,-0.3093235,-0.25911605,-1.0101824,0.16384478,-0.041480556,0.2730981,0.23515928,-0.05361701,0.055135347,-0.037953243,0.059739236,-0.1148171,-0.019730646,-0.117594406,-0.12563406,0.005292646,0.018841954,0.0052458714,0.0007603978,-0.06767725,-0.05126448,0.012174493
2.3871408,-0.55272824,2.6035466,-0.6603061,2.2369,-0.5792048,-0.2082651,-0.540303,-0.68642473,-0.5326324,-0.2580503,-0.24956664,-0.98051196,0.10384021,0.0029028489,0.1060648,0.18790665,-0.048031796,0.04560154,-0.066161685,0.063178875,-0.12062179,-0.02812786,-0.2077644,-0.26255748,0.015750796,0.025405303,0.008352818,-0.002218587,-0.06536782,-0.025781745,-0.0024337429
2.3705544,-0.54107445,2.6077201,-0.6504332,2.1921537,-0.66141367,-0.19414464,-0.5408975,-0.70264536,-0.54335815,-0.2231707,-0.24496114,-0.96370286,0.062133193,0.036681995,-0.00054008997,0.15723436,-0.04227365,0.041884486,-0.02800689,0.05868675,-0.11491728,-0.020615576,-0.124131635,-0.14518857,0.007263834,0.020080855,0.0053051994,0.00085211446,-0.0670857,-0.042455856,0.00910864
2.3461208,-0.52146494,2.6160622,-0.6337701,2.1146748,-0.805163,-0.16844197,-0.54170775,-0.72900397,-0.56075925,-0.16696563,-0.23588306,-0.9343975,-0.0051840884,0.0886286,-0.17574385,0.10775838,-0.034651175,0.032916993,0.002294528,0.055112995,-0.11087474,-0.01552885,-0.06714953,-0.06684532,0.001834648,0.01665866,0.0032024719,0.0029524423,-0.06821153,-0.052712295,0.016066963
2.3189,-0.49797708,2.6267912,-0.61374617,2.0208483,-0.98006505,-0.13658774,-0.5425695,-0.7597825,-0.58122355,-0.10196607,-0.22426891,-0.89894044,-0.08344465,0.14750619,-0.38121295,0.050304778,-0.026803065,0.020740455,0.024056315,0.052367188,-0.10897774,-0.014031476,-0.035564408,-0.061430063,0.0014125116,0.01654399,0.0027061512,0.0037139214,-0.06763576,-0.045044716,0.012103643
2.2898653,-0.4752921,2.6364818,-0.5943404,1.9285301,-1.1528509,-0.10612474,-0.5438208,-0.79350555,-0.6017833,-0.027977908,-0.21345685,-0.86097807,-0.1706262,0.21664916,-0.6127315,-0.016237592,-0.015793,0.011657337,0.058394957,0.048479658,-0.10456701,-0.008441062,0.023916237,0.027956914,-0.0046184026,0.012706947,0.00016750215,0.006295447,-0.06894607,-0.056152835,0.021650117
2.264552,-0.44473395,2.6500676,-0.5694465,1.8383161,-1.3044674,-0.07312769,-0.54181087,-0.79707205,-0.6230423,-0.04452284,-0.20104744,-0.86062735,-0.16609192,0.19639266,-0.54962593,0.009836906,-0.03123932,0.013862219,0.077023834,0.045922868,-0.102735646,-0.0070432113,0.06584407,0.03315376,-0.005825033,0.0124341585,4.947924e-05,0.0074942303,-0.06828159,-0.04691775,0.016226284
2.2342656,-0.4078141,2.6662745,-0.53954124,1.7310243,-1.4832271,-0.033953555,-0.53927124,-0.7997477,-0.64857376,-0.06913148,-0.18644254,-0.8627321,-0.15579906,0.16807571,-0.45743254,0.04609927,-0.050807144,0.01791199,0.10711125,0.04191397,-0.09927273,-0.0036927322,0.13657115,0.06455349,-0.009233736,0.01091325,-0.0007205552,0.009635561,-0.06780803,-0.039058678,0.01197973
2.1877382,-0.3529346,2.6907182,-0.49439126,1.5722697,-1.7493083,0.024691703,-0.5353027,-0.80361354,-0.68615395,-0.10467314,-0.16386978,-0.86457455,-0.14056413,0.123687305,-0.3230749,0.09905225,-0.08095343,0.023856068,0.09936682,0.04304105,-0.10026411,-0.0043213246,0.11339175,0.09730552,-0.011008431,0.009915056,-0.0006038102,0.010308071,-0.069650345,-0.0548284,0.019151593
2.1623914,-0.32246855,2.703747,-0.4698202,1.4849964,-1.8935724,0.056316644,-0.5331936,-0.8050854,-0.70726615,-0.12720758,-0.15227287,-0.86786175,-0.12991129,0.099166304,-0.23900695,0.13119668,-0.0971915,0.02847358,0.13760044,0.03804395,-0.09552399,0.00064872473,0.20510375,0.14843331,-0.016012868,0.007404947,-0.002000022,0.013041288,-0.06926512,-0.048084524,0.016400507
2.1237764,-0.27659854,2.723447,-0.43281713,1.3517916,-2.1149194,0.104448855,-0.53011036,-0.80904317,-0.7393172,-0.15621729,-0.13469025,-0.87058145,-0.119049296,0.0661892,-0.12866627,0.17522489,-0.120447345,0.031418975,0.19292562,0.03072737,-0.08842142,0.008300021,0.3395028,0.23241453,-0.023852086,0.0033291962,-0.004077807,0.016822286,-0.06908699,-0.043160006,0.013010944
2.5324883,-0.6735196,2.5466158,-0.76532304,2.7398481,0.37267083,-0.37948003,-0.53408855,-0.50552243,-0.42518413,-0.6567337,-0.31368405,-1.1949617,0.57199657,-0.35842696,1.3734406,0.55028343,-0.10135958,0.103883475,-0.082124606,0.063911036,-0.116316594,-0.02024016,-0.10118628,-0.15025327,0.0038624615,0.018419305,0.007189613,-0.0012666285,-0.06710299,-0.056470003,0.004681312
2.521988,-0.664033,2.5526235,-0.7563295,2.692768,0.2782794,-0.3623392,-0.5349434,-0.52560914,-0.43376917,-0.6086048,-0.30627817,-1.1677822,0.51821715,-0.31677115,1.2150812,0.503753,-0.094998434,0.09849569,-0.13489231,0.07074721,-0.1253262,-0.0319036,-0.25326094,-0.31009316,0.016850946,0.026229624,0.011049274,-0.0053224717,-0.0653929,-0.03676774,-0.0048425784
2.5027125,-0.6466902,2.5619476,-0.740885,2.6167655,0.13169067,-0.33550018,-0.53589875,-0.5535442,-0.44897237,-0.54555,-0.29554498,-1.1323711,0.4453418,-0.2617445,1.0110843,0.44529408,-0.08735269,0.08854952,-0.17165208,0.07551559,-0.13205014,-0.040818654,-0.36867622,-0.43372998,0.027060268,0.032383792,0.013994657,-0.008459035,-0.06404073,-0.020904548,-0.013304915
2.472531,-0.6251109,2.569135,-0.72306514,2.5369213,-0.012215713,-0.31081527,-0.5368055,-0.58061844,-0.46871248,-0.48971832,-0.28805354,-1.1062564,0.37681726,-0.20593674,0.84323376,0.39772943,-0.07796241,0.082017675,-0.07104647,0.063247986,-0.11722943,-0.022034474,-0.1360768,-0.1658073,0.006726454,0.019908162,0.0069110645,-0.0009321736,-0.06708586,-0.050487746,0.0073732384
2.4617448,-0.6153717,2.574754,-0.71416175,2.4919477,-0.100516364,-0.29470056,-0.5375004,-0.5983294,-0.47736195,-0.44856858,-0.28137022,-1.083035,0.33002424,-0.17015354,0.70883584,0.35869446,-0.07272522,0.07646984,-0.10509172,0.06764114,-0.12326347,-0.030007906,-0.23741212,-0.2781261,0.01580564,0.02542142,0.009566365,-0.003701929,-0.065758415,-0.03528032,-0.000400261
2.4464858,-0.6010127,2.5823557,-0.7015839,2.4310641,-0.21664949,-0.27315918,-0.5380972,-0.6190599,-0.48968166,-0.40314224,-0.2728699,-1.0570022,0.27665144,-0.13095905,0.56203777,0.31735033,-0.06785137,0.06760841,-0.12822515,0.07053795,-0.12771203,-0.03614485,-0.31137395,-0.36935848,0.02312694,0.029912727,0.011738398,-0.0059646284,-0.06455481,-0.021778066,-0.0087105865
2.425746,-0.58747435,2.585944,-0.690598,2.3834913,-0.3004368,-0.2593272,-0.5386733,-0.63532144,-0.5023342,-0.37021357,-0.26927274,-1.0431948,0.23569116,-0.09632782,0.46656835,0.29015452,-0.061442364,0.06487693,-0.039994795,0.05983984,-0.114125066,-0.018463816,-0.100964084,-0.107163,0.0033859913,0.017706798,0.005004205,0.0010024625,-0.06795126,-0.05582891,0.013816468
2.4066732,-0.569962,2.5951915,-0.67516065,2.308432,-0.44418812,-0.23284788,-0.5395122,-0.6617269,-0.51752645,-0.31173298,-0.25880897,-1.0100019,0.16733292,-0.045325823,0.27734196,0.23640665,-0.054697707,0.05460209,-0.06723106,0.06327125,-0.119610265,-0.026170233,-0.19079542,-0.2251843,0.012738241,0.023485105,0.007711364,-0.0017125054,-0.06621854,-0.036214847,0.0027446842
2.3917418,-0.55923146,2.5990078,-0.6661823,2.2676823,-0.51852405,-0.22002622,-0.540008,-0.67602736,-0.52733666,-0.28143597,-0.254704,-0.9954873,0.13081202,-0.015855337,0.18534386,0.21014889,-0.04977465,0.051049296,-0.029056022,0.05873071,-0.11384486,-0.018596016,-0.10519471,-0.108156204,0.0042024404,0.018145086,0.004701688,0.0013213044,-0.06790551,-0.052802257,0.0138099585
2.378241,-0.5456282,2.6065683,-0.6542594,2.2085626,-0.6319404,-0.19888169,-0.5406341,-0.6962939,-0.53898144,-0.23683871,-0.24625203,-0.96948814,0.07853299,0.022670014,0.039710578,0.16904128,-0.0450338,0.042536784,-0.054069642,0.06173662,-0.11910362,-0.026321694,-0.18504943,-0.23754662,0.013955051,0.024303865,0.007617264,-0.0014201654,-0.065606944,-0.027593445,-0.000684763
2.3381503,-0.51488227,2.6189685,-0.6281477,2.0885787,-0.85372823,-0.15966886,-0.54195684,-0.7377103,-0.5665384,-0.14848009,-0.23271877,-0.92451656,-0.027374431,0.105463736,-0.23377012,0.09146198,-0.032309093,0.029648857,0.009353513,0.054269433,-0.11005759,-0.014586976,-0.05572791,-0.053501748,0.00094744394,0.01610521,0.0028142575,0.0033513226,-0.068363786,-0.053854987,0.01687467
2.3200104,-0.4982522,2.6270027,-0.61400795,2.0194128,-0.98378843,-0.1360022,-0.5427564,-0.76132387,-0.5811506,-0.097684175,-0.22397429,-0.8966071,-0.087868,0.15195544,-0.39621276,0.045522276,-0.025834672,0.021428745,0.023742964,0.05235267,-0.10962143,-0.0153900115,-0.0398849,-0.09491212,0.0035599817,0.018022371,0.0032692207,0.0034391608,-0.066610776,-0.03367066,0.0069684507
2.2949338,-0.47942632,2.6346786,-0.5978692,1.9449725,-1.1222438,-0.111624695,-0.5436502,-0.7879276,-0.59813017,-0.039883107,-0.21542811,-0.8672777,-0.15637325,0.20571633,-0.5754,-0.0057021654,-0.017366607,0.01361502,0.05312141,0.049108285,-0.10519896,-0.009180333,0.014821288,0.01756672,-0.0039035354,0.013149583,0.00047199687,0.0059744236,-0.06883577,-0.055325102,0.020965273
2.2670417,-0.44779435,2.6487486,-0.5719415,1.8466887,-1.2907995,-0.07622882,-0.54205376,-0.79730254,-0.6210022,-0.041268345,-0.20223714,-0.85988617,-0.1682714,0.19983509,-0.56142646,0.005706339,-0.02928597,0.012562294,0.07576982,0.046051737,-0.10287696,-0.007217245,0.06329113,0.029306572,-0.0055164457,0.012594246,0.00013936378,0.007285149,-0.06822484,-0.04675802,0.01569418
2.2126276,-0.38251868,2.6776402,-0.51859283,1.6581584,-1.6055685,-0.00685253,-0.5373811,-0.8012958,-0.66576475,-0.08583026,-0.17583673,-0.8635522,-0.1481573,0.1465551,-0.39412266,0.070854686,-0.06512697,0.02105004,0.09043077,0.04422665,-0.10123223,-0.005299179,0.093809575,0.07880246,-0.009395624,0.010655844,-0.00041228806,0.009379034,-0.0693706,-0.053910494,0.019245807
2.1805398,-0.34345675,2.694341,-0.48730877,1.5449109,-1.7929882,0.03394005,-0.53478646,-0.80416423,-0.6930697,-0.11237871,-0.16111225,-0.86687773,-0.13727055,0.117921,-0.29441816,0.10996422,-0.08503074,0.02489789,0.1534387,0.035864897,-0.0934653,0.0026275227,0.24634747,0.14792117,-0.016667232,0.0070958184,-0.0024772543,0.0133908335,-0.0682232,-0.038694147,0.011491007
2.158651,-0.3180012,2.705694,-0.46617547,1.4722722,-1.914687,0.06098814,-0.53286856,-0.8052291,-0.71032214,-0.13063228,-0.15050551,-0.86832243,-0.12815319,0.09526317,-0.22627206,0.13600478,-0.099701814,0.029320443,0.13965209,0.037790604,-0.09527509,0.0009320438,0.20972519,0.15337709,-0.016425151,0.0071933027,-0.0020943645,0.013268534,-0.069328345,-0.048350103,0.01667499
3.1764283,-1.3832657,-0.50324136,1.8753209,0.2547468,1.8748193,0.46997374,1.1876966,-0.98983115,0.5381671,-0.7251172,0.005761433,-0.2067745,0.665457,-0.8410214,1.1374081,0.76857454,0.008902263,0.22463645,-0.13163811,-0.08861052,-0.009788262,-0.036397908,-0.0845707,-0.13689825,0.060395103,-0.0059016417,0.058744323,-0.0028631042,-0.018196397,-0.05675428,-0.016826624
3.1527834,-1.3622856,-0.49208945,1.8940431,0.16390273,1.6999098,0.50205576,1.1866328,-1.0227598,0.5198542,-0.651181,0.018584317,-0.16510731,0.5797217,-0.7768007,0.89834917,0.700282,0.017649522,0.21236134,-0.17564517,-0.08291348,-0.017731478,-0.046855014,-0.22176166,-0.27993515,0.0722885,0.0012376392,0.062213838,-0.0066122897,-0.016737564,-0.039639216,-0.026356317
3.127381,-1.3406942,-0.48108456,1.9131626,0.06941634,1.5181943,0.5347513,1.1852634,-1.0587561,0.5004926,-0.56954765,0.031320106,-0.12069858,0.485502,-0.7035617,0.63607645,0.6244643,0.028726703,0.2018037,-0.19948457,-0.07961323,-0.022853484,-0.05383652,-0.31290764,-0.37667146,0.080526605,0.00617609,0.064289466,-0.008728081,-0.015587721,-0.02476256,-0.032098908
3.0962439,-1.3183714,-0.47335872,1.931755,-0.014603604,1.3655652,0.56099355,1.1842476,-1.087937,0.48004594,-0.508372,0.039540853,-0.0916143,0.41119942,-0.64321417,0.45063683,0.57161456,0.038884982,0.19484578,-0.10742018,-0.090751514,-0.009335114,-0.03661219,-0.10365885,-0.12669793,0.06176788,-0.0053839926,0.0576731,-0.0017599496,-0.018578554,-0.053614426,-0.011690266
3.0854805,-1.3084259,-0.467774,1.9407128,-0.058992192,1.2792977,0.5768738,1.1836694,-1.1044216,0.47136298,-0.47087654,0.0460319,-0.07021446,0.3680527,-0.6108169,0.32837096,0.5365012,0.043327846,0.18887591,-0.13583472,-0.08713459,-0.014482609,-0.04353017,-0.18903705,-0.227015,0.06979047,-0.00047949242,0.060047578,-0.00421552,-0.01730215,-0.039230015,-0.019614575
3.0598352,-1.2855182,-0.45659795,1.9604753,-0.15277265,1.1027225,0.60932046,1.1827997,-1.1356338,0.45155892,-0.40384167,0.058314558,-0.032792594,0.28826365,-0.55160373,0.11448859,0.47654414,0.050932188,0.17590293,-0.14146437,-0.086412646,-0.016609639,-0.0469145,-0.22630377,-0.28221628,0.07438753,0.0023703713,0.061220843,-0.0053935586,-0.016397767,-0.028352112,-0.026268601
3.0295103,-1.2635404,-0.44842342,1.979049,-0.2379222,0.94602644,0.6364331,1.1816971,-1.1661876,0.43144023,-0.3382297,0.067273565,-0.0007400703,0.20979932,-0.4883855,-0.08684274,0.4187908,0.061475772,0.16846815,-0.07415599,-0.0943729,-0.0067537976,-0.03410845,-0.080495335,-0.08589066,0.06013468,-0.006540087,0.056055587,-0.00011932329,-0.019130005,-0.054502316,-0.0077285185
3.009725,-1.2462251,-0.44008812,1.9940125,-0.3090943,0.81185806,0.6609202,1.1809623,-1.1904083,0.41633004,-0.28590983,0.07648995,0.028160471,0.14767016,-0.44158867,-0.25379878,0.37167996,0.06780282,0.15921365,-0.073368885,-0.09445656,-0.0077881855,-0.036105473,-0.09746914,-0.12436225,0.06320742,-0.0045767175,0.056748096,-0.00068571576,-0.018260205,-0.04401491,-0.01327701
2.9933841,-1.2322071,-0.43346608,2.0060482,-0.36803365,0.700491,0.68089604,1.1801649,-1.211722,0.40378615,-0.23900588,0.08386864,0.05326173,0.09253822,-0.3984072,-0.40306687,0.32889682,0.0743201,0.15290333,-0.06315487,-0.09565815,-0.0073884153,-0.036287535,-0.090092525,-0.13874637,0.06429505,-0.0037978368,0.056715947,-0.00038502162,-0.017533762,-0.034650702,-0.016675754
2.9783976,-1.2212216,-0.42925158,2.0154219,-0.4098696,0.6235234,0.69444555,1.1797446,-1.2260076,0.39394367,-0.20875046,0.08848331,0.068448566,0.056087773,-0.37007877,-0.49591917,0.30263078,0.078690544,0.14829676,-0.0391865,-0.098443836,-0.0036996575,-0.031261247,-0.039458673,-0.05445007,0.05842501,-0.007551771,0.054639682,0.0015644999,-0.019018658,-0.049448036,-0.0076253256
2.9588122,-1.2058772,-0.42270565,2.0285473,-0.47170198,0.50804603,0.7148939,1.1789697,-1.2481526,0.38013303,-0.16049252,0.095750175,0.09332359,-0.0009870322,-0.3252483,-0.6466982,0.2595028,0.08566512,0.14181453,-0.017635329,-0.10087452,-0.00084501924,-0.027549349,-0.0022186385,0.007426356,0.054306235,-0.010199,0.05295868,0.0032042142,-0.020042581,-0.058639526,-0.0007530154
2.9533103,-1.2005951,-0.4201355,2.0330021,-0.49356312,0.46707335,0.7223965,1.1787302,-1.2553734,0.37552443,-0.14523822,0.0985042,0.101848476,-0.019366326,-0.31117803,-0.6957705,0.24572375,0.08754845,0.13918114,-0.010444364,-0.101877086,-0.00050771015,-0.027791815,0.009263153,-0.012552739,0.055424433,-0.009331672,0.053191353,0.0032661508,-0.019122355,-0.048382927,-0.00601798
2.9359574,-1.1850361,-0.41313478,2.0460253,-0.55487555,0.353841,0.74310076,1.1782289,-1.2746043,0.36204708,-0.105661035,0.10586492,0.12346099,-0.06774689,-0.2748786,-0.8203552,0.21132293,0.09217229,0.13116467,0.015529431,-0.10525096,0.002298827,-0.025149284,0.060100857,0.0042011896,0.053750504,-0.010141669,0.052427847,0.0044059125,-0.018490102,-0.04071432,-0.010116833
2.886699,-1.1281079,-0.38811162,2.092821,-0.72013384,0.07669794,0.80371,1.1821802,-1.2800148,0.32270378,-0.13881108,0.1289723,0.12265623,-0.056018393,-0.3164315,-0.6923025,0.2625995,0.06231384,0.13744661,0.021032304,-0.105762,0.003196893,-0.023479056,0.06849319,0.0668151,0.04957151,-0.012565055,0.051708143,0.0060646655,-0.020531971,-0.05818862,-0.0012157308
2.847449,-1.0808606,-0.36740053,2.1312354,-0.8570255,-0.15153149,0.8537636,1.1854591,-1.2833323,0.29006764,-0.1704236,0.14772627,0.11999208,-0.04263056,-0.35311833,-0.5739157,0.30904347,0.037139297,0.14283398,0.053805582,-0.11011581,0.006930531,-0.019859385,0.14482893,0.104154736,0.045650627,-0.01431398,0.0508796,0.0085315965,-0.020158641,-0.050603792,-0.005351794
2.8186853,-1.0460116,-0.35237527,2.1593297,-0.957411,-0.31780586,0.89019275,1.1878623,-1.2853212,0.26591918,-0.19530705,0.16112089,0.11675814,-0.0313182,-0.38061762,-0.48076406,0.34501496,0.018647477,0.14749089,0.09396084,-0.11537934,0.011903959,-0.014646316,0.24108094,0.15879688,0.0403333,-0.016977932,0.049439747,0.011409717,-0.01981122,-0.044035155,-0.008267175
2.7822459,-1.0025874,-0.33262628,2.195278,-1.083625,-0.530421,0.93724495,1.191048,-1.2884921,0.23639268,-0.22277214,0.17957538,0.116350114,-0.019620195,-0.41633734,-0.37734362,0.38601172,-0.0057310853,0.15241048,0.06653082,-0.11171744,0.008136563,-0.01855923,0.16913866,0.14885989,0.042135805,-0.015943872,0.050599463,0.010622759,-0.021359375,-0.057480182,-0.002391869
2.7658956,-0.98310876,-0.32461587,2.2107844,-1.1388564,-0.62072414,0.95692295,1.1923635,-1.2891868,0.22275195,-0.23817806,0.1865035,0.11319537,-0.012038596,-0.43186697,-0.3197454,0.40770954,-0.015800098,0.1555701,0.10896888,-0.117250435,0.013634277,-0.012608091,0.27279636,0.20917073,0.03638959,-0.018971793,0.048843537,0.013486618,-0.020948209,-0.05131364,-0.004680052
2.7572603,-0.97276014,-0.31947383,2.2196712,-1.169608,-0.6739203,0.9688629,1.1931776,-1.2902601,0.21592383,-0.24333984,0.19159319,0.114568606,-0.010279612,-0.44071034,-0.30036822,0.4158942,-0.0220794,0.15646635,0.07552764,-0.112866744,0.009106274,-0.017549679,0.18850377,0.16919713,0.040397532,-0.016757136,0.050340552,0.0116713485,-0.021677248,-0.058507796,-0.001830171
2.7432334,-0.956278,-0.31284896,2.2326918,-1.2164758,-0.7503139,0.9853495,1.194249,-1.2911414,0.20423813,-0.2557296,0.19722486,0.11188641,-0.0047149044,-0.452789,-0.25355202,0.43378678,-0.03013445,0.15831447,0.121004574,-0.118821,0.015091935,-0.011015416,0.3004651,0.23479062,0.034195703,-0.020075724,0.048424974,0.014614568,-0.021251557,-0.052622147,-0.0043364316
2.724038,-0.9334715,-0.30350733,2.2507637,-1.2816503,-0.85693914,1.0084368,1.1957532,-1.2924395,0.18815292,-0.2724784,0.20524764,0.108591355,0.0027548203,-0.46970564,-0.19009319,0.45818147,-0.04148348,0.16075903,0.17457159,-0.12581927,0.02219928,-0.0031665124,0.43230718,0.31788197,0.02652257,-0.024218898,0.046098385,0.01817828,-0.020957794,-0.04768261,-0.006343737
3.1747954,-1.3391767,-0.4396381,1.4786402,0.17183493,1.6077272,-0.06834616,-0.8312607,2.4883728,-0.631768,-0.20650467,-0.67120975,-0.6328964,0.6219154,-0.24350426,1.4639988,-0.22666754,-0.23479593,0.004144888,-0.14207828,-0.07437641,-0.009075698,-0.013885536,-0.10146008,-0.15520813,0.009143869,-0.0016644294,-0.09170102,-0.0075481287,-0.01499351,-0.060525,0.0046496736
3.157675,-1.3216925,-0.42828098,1.4949613,0.08880763,1.4427774,-0.03741,-0.8323354,2.4566932,-0.6467224,-0.13245483,-0.65770036,-0.58892494,0.53822213,-0.18234478,1.2186515,-0.29726744,-0.22703004,-0.008635588,-0.24939033,-0.060789082,-0.026812857,-0.03681041,-0.39791292,-0.47148502,0.03462385,0.013734318,-0.0837719,-0.016081722,-0.011696733,-0.024457632,-0.016936451
3.128524,-1.3019763,-0.42214727,1.5112565,0.014143467,1.3075459,-0.014917866,-0.8334917,2.428909,-0.66537946,-0.073234476,-0.6511361,-0.56217825,0.46685705,-0.12177492,1.0401294,-0.34909502,-0.21583627,-0.012316042,-0.14003915,-0.07401058,-0.010883188,-0.016670844,-0.14710376,-0.18585481,0.012873312,0.0003925838,-0.09149645,-0.007709911,-0.014777911,-0.053415246,0.0060616555
3.1084416,-1.2819889,-0.41043964,1.5292444,-0.07440741,1.1355869,0.017349645,-0.8344076,2.3977993,-0.6823411,-0.003293914,-0.63771105,-0.5208239,0.3859888,-0.063359626,0.8106742,-0.4141028,-0.2088727,-0.026192054,-0.21403608,-0.06474317,-0.023591937,-0.0334894,-0.3573802,-0.4262451,0.03206849,0.012095811,-0.08554662,-0.0140353255,-0.01196662,-0.022803571,-0.013111055
3.0789826,-1.2610859,-0.4032741,1.5466489,-0.15363511,0.99144316,0.04197691,-0.83544636,2.369652,-0.70163095,0.05624693,-0.6300397,-0.49274033,0.31405604,-0.0043735285,0.6301127,-0.46586487,-0.19870877,-0.032209247,-0.12515788,-0.0754503,-0.010527341,-0.016790917,-0.15590248,-0.18235022,0.013810973,0.0008277099,-0.09201982,-0.0072195134,-0.01492312,-0.05120231,0.0074127037
3.0619342,-1.2442412,-0.39371657,1.561622,-0.22763361,0.84856606,0.06862626,-0.8362478,2.34373,-0.7160465,0.11406828,-0.61918694,-0.45898226,0.24683818,0.044928733,0.44107473,-0.5194465,-0.19259888,-0.043124955,-0.17058195,-0.06981334,-0.018927276,-0.02835037,-0.2911861,-0.35809955,0.027544105,0.009317166,-0.087852545,-0.011441068,-0.012421427,-0.023722885,-0.008833064
3.0402157,-1.2287226,-0.38809863,1.574712,-0.28748807,0.73862636,0.08753894,-0.8370513,2.3221116,-0.730326,0.16045539,-0.6130314,-0.43655792,0.19130062,0.09001893,0.2990411,-0.5602873,-0.18493548,-0.048020728,-0.117511496,-0.07612707,-0.0111819655,-0.018373342,-0.17462556,-0.20834027,0.01654164,0.0024804976,-0.091831945,-0.007315938,-0.0143773835,-0.04234962,0.004711064
3.0343816,-1.222604,-0.38456434,1.5800861,-0.3148038,0.6859058,0.09736778,-0.83737314,2.3124948,-0.7355815,0.18190798,-0.60905606,-0.42405158,0.16637014,0.10855084,0.2287573,-0.58024156,-0.18259606,-0.05186015,-0.13175997,-0.07439254,-0.014058239,-0.022524953,-0.21875647,-0.2764401,0.021696806,0.005722976,-0.09029052,-0.008777858,-0.013208832,-0.029510973,-0.00252562
3.011546,-1.205731,-0.37836143,1.5942276,-0.37821937,0.57040524,0.117595054,-0.83800405,2.2912679,-0.7507428,0.22613804,-0.602451,-0.40236497,0.11255761,0.15088245,0.09436647,-0.618086,-0.17597611,-0.05842876,-0.07952838,-0.08063856,-0.0061273514,-0.0120786615,-0.10176038,-0.1139287,0.009903441,-0.0016732956,-0.09439439,-0.0047082757,-0.015636206,-0.053688418,0.01260625
3.002266,-1.1973648,-0.37410566,1.6015207,-0.41413775,0.501862,0.1300602,-0.8384718,2.2783344,-0.758132,0.25478402,-0.5976566,-0.38648924,0.07902481,0.17665163,0.0020098963,-0.64450914,-0.17228697,-0.062701434,-0.082955,-0.080216244,-0.0075044394,-0.014402802,-0.12171494,-0.15772094,0.013169065,0.0004336094,-0.09355521,-0.005375435,-0.014651128,-0.042368837,0.0070072897
2.986727,-1.1833081,-0.3674363,1.6134622,-0.47125903,0.39505315,0.14960457,-0.839018,2.2595572,-0.77034557,0.29459426,-0.5904592,-0.36452305,0.03124352,0.2126218,-0.124556445,-0.67991287,-0.16756673,-0.070137985,-0.07276684,-0.08155209,-0.0070150006,-0.014541627,-0.11074753,-0.17476887,0.014310407,0.0012796939,-0.09341866,-0.00526911,-0.013840483,-0.032795142,0.0019107988
2.9703364,-1.1709392,-0.3624538,1.6239845,-0.5206577,0.303208,0.16564962,-0.8396911,2.2415466,-0.78162706,0.33384088,-0.58493114,-0.34481835,-0.015229406,0.249818,-0.24639702,-0.71495444,-0.16148521,-0.07468107,-0.045370296,-0.08473471,-0.0031998719,-0.00963243,-0.056052983,-0.098453835,0.008908697,-0.0021141588,-0.095494464,-0.0031486307,-0.014914293,-0.042595524,0.009469571
2.959932,-1.1611993,-0.35787004,1.6321484,-0.5598913,0.23030822,0.17903198,-0.8400416,2.2290654,-0.7900532,0.35979897,-0.58008677,-0.33043328,-0.046747882,0.27352268,-0.32886642,-0.7378271,-0.15847616,-0.079789884,-0.03235209,-0.086477146,-0.0021347879,-0.009045171,-0.03329143,-0.10791532,0.009257464,-0.0017128614,-0.09554306,-0.0027923186,-0.014084485,-0.033133887,0.004407569
2.9471025,-1.1530113,-0.355031,1.6393054,-0.5910936,0.17249303,0.18886429,-0.84045255,2.2171674,-0.79763186,0.3861453,-0.5767656,-0.31789517,-0.077676505,0.29823184,-0.4088423,-0.7610308,-0.15416908,-0.08260953,-0.017615773,-0.08791,0.00078354956,-0.004285635,-0.0036575242,-0.0075878263,0.0027711485,-0.0060677486,-0.09780031,-0.000987901,-0.01653856,-0.058214497,0.019463547
2.93622,-1.1421851,-0.34989858,1.648247,-0.6347981,0.091601245,0.2037643,-0.84084964,2.2036126,-0.80698067,0.4138188,-0.5714538,-0.30238432,-0.11168602,0.32400334,-0.497279,-0.78542054,-0.15096346,-0.08810828,0.005277307,-0.09104264,0.002739731,-0.0032411283,0.041942023,-0.029692609,0.0034715175,-0.005228961,-0.09779321,-0.00033219287,-0.014772231,-0.038639028,0.009162022
2.9168947,-1.1209984,-0.34072876,1.6656462,-0.6990551,-0.017735427,0.22682421,-0.83971334,2.1981807,-0.82220906,0.41081318,-0.5628537,-0.2988538,-0.11721121,0.3182062,-0.4794048,-0.77559376,-0.15942974,-0.08650056,0.017342227,-0.092444204,0.004445606,-0.0009674983,0.067181036,0.014280489,0.00030007865,-0.007110845,-0.098709024,0.0009812014,-0.015636053,-0.045944896,0.013802943
2.8979535,-1.0991951,-0.3311689,1.6836154,-0.7613932,-0.121829025,0.24979539,-0.8381069,2.1969798,-0.8371307,0.39585474,-0.5540301,-0.30018708,-0.11023177,0.299819,-0.4227187,-0.7536494,-0.17153034,-0.08368809,0.014529939,-0.0919617,0.0043092663,-0.0006465494,0.059158195,0.042225152,-0.0013457222,-0.008155927,-0.09895837,0.0014525526,-0.016811311,-0.056862995,0.019344881
2.8654573,-1.0594122,-0.31373784,1.7156614,-0.8786286,-0.31764853,0.29230946,-0.83550966,2.1927276,-0.8649582,0.3727249,-0.5384353,-0.3010608,-0.10309358,0.2730907,-0.33519673,-0.7177371,-0.19137064,-0.08217608,0.06253113,-0.09849283,0.009860701,0.0045353654,0.17425886,0.07528433,-0.005672612,-0.009970422,-0.09999097,0.004231597,-0.015431282,-0.039691772,0.009052265
2.3526525,-2.2350192,0.38044035,0.76619405,1.3546605,1.2221953,1.7125114,0.16923907,-0.21465637,1.6635556,-0.7920688,0.53746796,0.6348354,0.7571596,-0.724712,1.2167784,0.67882353,-0.1259735,0.12700118,-0.14374524,-0.05602222,-0.052164298,-0.07387335,-0.14981115,0.02888816,-0.017377283,-0.010471901,0.05570429,-0.0080378065,0.045565482,0.29167497,-0.13203326
2.3394506,-2.223562,0.3872524,0.7768843,1.2992792,1.1121365,1.7323287,0.16822977,-0.23810215,1.6531074,-0.73635095,0.5458039,0.6657753,0.6945706,-0.67574525,1.0346324,0.62530077,-0.11831195,0.12110163,-0.19179413,-0.049725395,-0.060585212,-0.08482181,-0.29314095,-0.12077738,-0.005120985,-0.0031138384,0.059243776,-0.01173092,0.047184028,0.3108025,-0.14056262
2.3195565,-2.2053924,0.39690626,0.79294795,1.2212943,0.9626115,1.7598982,0.16737607,-0.2656158,1.6373736,-0.6751723,0.556763,0.7004842,0.6232766,-0.6227993,0.83695704,0.5691622,-0.11136299,0.1101781,-0.22664768,-0.045259736,-0.06695232,-0.09330581,-0.40217528,-0.23931044,0.0046482193,0.0027921323,0.06211157,-0.0148205785,0.048479952,0.32571495,-0.14940055
2.2907302,-2.185161,0.40356553,0.80970335,1.1457225,0.8259553,1.7831435,0.16641437,-0.2921238,1.618682,-0.61969984,0.5638,0.7262392,0.55577326,-0.56718695,0.6698042,0.5213577,-0.10170264,0.104650006,-0.1306327,-0.05689876,-0.052805882,-0.07530622,-0.18144499,0.019808974,-0.014932213,-0.009246951,0.055233825,-0.007521031,0.045472436,0.29669842,-0.12851393
2.2831075,-2.1777062,0.40814993,0.81657314,1.1110001,0.7574577,1.7958733,0.16593985,-0.30536354,1.6122248,-0.5890079,0.56922376,0.7441679,0.5208704,-0.54125637,0.56860095,0.49218303,-0.098238945,0.09970143,-0.16581208,-0.05245054,-0.058864072,-0.08331485,-0.28134912,-0.09485803,-0.005810753,-0.003680617,0.05801541,-0.010429201,0.046861395,0.31202662,-0.13723901
2.2719362,-2.1699996,0.4103403,0.82277524,1.0840393,0.71014786,1.8038572,0.16567774,-0.3139982,1.6051611,-0.57200515,0.5713551,0.75144833,0.49938923,-0.5234961,0.51949716,0.47848544,-0.09516293,0.09766924,-0.11826083,-0.058262747,-0.051565934,-0.07388113,-0.16738743,0.04315377,-0.016261732,-0.010122373,0.054480363,-0.006761538,0.045125682,0.2945152,-0.12601314
2.2577746,-2.155239,0.4192123,0.8360462,1.0179375,0.58153486,1.8280934,0.1649918,-0.33711594,1.5926902,-0.5200463,0.58149606,0.78249735,0.4393154,-0.48020574,0.34821004,0.43000758,-0.09012431,0.08721873,-0.1754093,-0.051180337,-0.0616106,-0.08743427,-0.32969484,-0.15843683,-0.00048236168,-0.00040942756,0.059381902,-0.011819539,0.047804907,0.32352757,-0.14375551
2.2145407,-2.1194587,0.43509173,0.8666085,0.8747826,0.31454897,1.8761891,0.16350178,-0.38568383,1.5611223,-0.41623956,0.5988535,0.83782667,0.31516197,-0.3851592,0.02168559,0.33786324,-0.07656783,0.06999975,-0.13486877,-0.0560431,-0.05715901,-0.08257701,-0.26454502,-0.096737646,-0.004683941,-0.0029521629,0.057377134,-0.009590313,0.047437668,0.32258132,-0.14138412
2.1896355,-2.101516,0.4419301,0.88190275,0.8038482,0.18297383,1.898889,0.16248174,-0.412046,1.544574,-0.35868725,0.6065015,0.86612463,0.24699605,-0.32991293,-0.15613535,0.28645247,-0.06717992,0.06417247,-0.08575218,-0.06177259,-0.050138816,-0.07347735,-0.16224384,0.04398153,-0.014784275,-0.00928344,0.05358964,-0.0056996085,0.045480784,0.30440056,-0.12745929
2.168792,-2.0849152,0.4489618,0.89601594,0.7380655,0.060832188,1.920662,0.16176164,-0.43468368,1.5297872,-0.31020305,0.61417997,0.8912735,0.18907467,-0.28498062,-0.3072047,0.24366276,-0.06047352,0.056759886,-0.059521094,-0.06484195,-0.046601705,-0.068975165,-0.112931736,0.11461385,-0.01965876,-0.012367819,0.051700726,-0.00382477,0.044425998,0.29473394,-0.120801896
2.1568017,-2.0743418,0.45400497,0.90508705,0.69429207,-0.021613445,1.9356209,0.16125526,-0.4497984,1.5204748,-0.2775184,0.61973226,0.9091497,0.15025541,-0.25519428,-0.41156006,0.21407352,-0.056268465,0.05153521,-0.052637592,-0.06573053,-0.046515733,-0.06954822,-0.10834857,0.092630684,-0.0181556,-0.011305996,0.051947895,-0.0038215646,0.045276508,0.30474722,-0.12559831
2.1412263,-2.060486,0.46037433,0.9167753,0.6383672,-0.1257521,1.9545493,0.16069144,-0.46825647,1.5083477,-0.23853162,0.6265609,0.9303108,0.103324935,-0.21938531,-0.5349225,0.17949952,-0.051386286,0.044676896,-0.033986628,-0.06812325,-0.044777308,-0.06815751,-0.07616624,0.09499036,-0.018609,-0.011405129,0.051540136,-0.0030836584,0.0459723,0.31324655,-0.12962762
2.113803,-2.0390937,0.4692728,0.93505764,0.555337,-0.27941522,1.9820448,0.15990534,-0.49614492,1.4894612,-0.17933671,0.6362969,0.9610536,0.032288093,-0.16503547,-0.7181803,0.12779069,-0.043601718,0.03556141,-0.005877632,-0.07125331,-0.04057262,-0.06226017,-0.024853272,0.2028069,-0.02570574,-0.016046882,0.048915118,-0.0007361113,0.043779016,0.29179823,-0.11648225
2.0639586,-1.9791024,0.4958072,0.9839785,0.38071227,-0.57151324,2.0460937,0.16406654,-0.5009358,1.4480551,-0.217652,0.66047245,0.9589274,0.04754059,-0.21077214,-0.57434833,0.18492909,-0.07549283,0.041356433,0.023334876,-0.075199164,-0.037512273,-0.05955748,0.04136454,0.2309018,-0.028905991,-0.017278504,0.04848788,0.0015544432,0.044136412,0.29990634,-0.121689424
2.0205805,-1.9267651,0.5186144,1.0264053,0.22957993,-0.822781,2.1012259,0.16771013,-0.50419503,1.4118993,-0.25391868,0.6810118,0.95507807,0.06364029,-0.2521235,-0.43849292,0.237745,-0.10348925,0.047971357,0.066238016,-0.08082943,-0.03234626,-0.054221477,0.14265536,0.29115263,-0.034730732,-0.02011647,0.047074586,0.0048343753,0.044343967,0.30627236,-0.124739
1.979748,-1.8781852,0.54047763,1.0665041,0.089242645,-1.0582938,2.1533759,0.17128503,-0.50715,1.3788459,-0.2864575,0.70132,0.9533981,0.07849539,-0.2930291,-0.31632417,0.28542593,-0.13087481,0.05453936,0.046193555,-0.0780775,-0.0350891,-0.056899365,0.088570766,0.29873413,-0.03437289,-0.01989922,0.047791388,0.0047117057,0.04264901,0.29189575,-0.11778366
1.9566916,-1.8507322,0.5520739,1.0885569,0.0104725575,-1.188301,2.181721,0.17314686,-0.50877166,1.3596857,-0.30608326,0.7115584,0.95045704,0.08722932,-0.3140987,-0.24259168,0.31389242,-0.14506066,0.05786295,0.08915714,-0.08371081,-0.029607996,-0.0510373,0.19288903,0.35901552,-0.040151488,-0.022888657,0.046130046,0.007642612,0.043025292,0.2981129,-0.12058193
1.9241533,-1.8120843,0.56846464,1.1196052,-0.10103183,-1.3727258,2.2218354,0.17574976,-0.5115878,1.3326559,-0.33213857,0.7260537,0.9470439,0.09794495,-0.3426731,-0.1438171,0.35263467,-0.16473407,0.061253063,0.14615399,-0.091190495,-0.022179503,-0.042917356,0.33194244,0.44832402,-0.048392992,-0.027254038,0.04381103,0.011560987,0.04319952,0.30275467,-0.12304407
2.4045734,1.7873386,1.2808942,-1.1194162,-0.89915794,2.7438545,0.53231305,-0.1094417,0.70114744,1.2557209,-0.70748717,0.67934024,-0.9039055,0.83826476,-0.15045339,1.0561602,0.46035954,-0.12728302,0.12164887,-0.205092,0.024670936,-0.0012472529,0.0024080216,-0.06647824,-0.16723005,0.017716564,0.019539066,0.0021283035,-0.018144043,0.016106874,-0.06196603,0.023856632
2.397598,1.793947,1.2856122,-1.1128988,-0.9345816,2.6712983,0.5455348,-0.11016909,0.68511754,1.2496907,-0.6681305,0.68532073,-0.8813867,0.7949077,-0.11682938,0.9254537,0.42167538,-0.122092456,0.11761723,-0.26049143,0.03180969,-0.010519145,-0.009540413,-0.22195974,-0.3310836,0.03094726,0.027506385,0.006120399,-0.02234601,0.017856428,-0.04212162,0.01402669
2.3817747,1.8047394,1.2887082,-1.1041807,-0.97380435,2.6016445,0.5571042,-0.11069323,0.67144245,1.2395707,-0.64008605,0.68843347,-0.8692469,0.76030976,-0.08737435,0.8427523,0.3980057,-0.11668613,0.11556637,-0.19012171,0.02321232,-8.1419385e-05,0.0036760494,-0.05607761,-0.14479685,0.016643664,0.018757766,0.0011677211,-0.017009214,0.015846157,-0.06163112,0.028263768
2.3747537,1.8140925,1.296161,-1.0950394,-1.022103,2.5030537,0.57619834,-0.11128181,0.6529404,1.231947,-0.5957314,0.69743043,-0.84113157,0.71104115,-0.053095367,0.6920467,0.35475135,-0.11306668,0.10653716,-0.29365152,0.036171045,-0.01684034,-0.017984835,-0.33187294,-0.44782284,0.04070128,0.03337258,0.008843691,-0.025237197,0.019137258,-0.02665133,0.006235449
2.3547776,1.8282759,1.3008016,-1.0833466,-1.0743237,2.4091275,0.59226716,-0.111877106,0.6352554,1.2189522,-0.55936444,0.7022497,-0.8242503,0.666315,-0.01655529,0.58299446,0.3238461,-0.10687076,0.102369726,-0.2247709,0.027763128,-0.0066786916,-0.0051127193,-0.17198032,-0.2647441,0.026774691,0.024837224,0.0040007257,-0.020082805,0.017077629,-0.04669051,0.020248827
2.325597,1.8515165,1.3104862,-1.0636338,-1.1649265,2.2416844,0.62221307,-0.11276502,0.60498613,1.1983758,-0.4955206,0.7127182,-0.7910189,0.5893037,0.042664696,0.38451082,0.268038,-0.09827186,0.09174983,-0.18235672,0.022658003,-0.000949586,0.0019860505,-0.08714761,-0.16102172,0.01933142,0.02021688,0.0012073565,-0.017210346,0.015780762,-0.05856233,0.028174356
2.3026497,1.8713732,1.3204585,-1.0461732,-1.2491592,2.0809333,0.65146065,-0.113779314,0.5747254,1.1809059,-0.4283298,0.7240482,-0.7538825,0.5108155,0.102256574,0.16886169,0.20645133,-0.08986068,0.08110509,-0.20074634,0.025114287,-0.004986119,-0.0036490466,-0.15781066,-0.24231406,0.026141379,0.024352832,0.0030014555,-0.019065235,0.016824562,-0.045762528,0.0217715
2.2806714,1.8904583,1.3298149,-1.029594,-1.3296219,1.9281973,0.6791362,-0.11476894,0.54597545,1.1640412,-0.36489248,0.7345552,-0.7192354,0.43643495,0.15929042,-0.033870324,0.14858781,-0.08166958,0.071409315,-0.20549189,0.025838235,-0.0069774333,-0.0067880303,-0.19320036,-0.29261076,0.030360784,0.02696045,0.003943492,-0.019928258,0.017700965,-0.034653,0.016793247
2.2460294,1.9166563,1.3399949,-1.0074614,-1.4301751,1.7434628,0.7116965,-0.115824275,0.5118116,1.1405545,-0.29283115,0.74555105,-0.68300974,0.3494245,0.22742197,-0.25546575,0.08595007,-0.0711606,0.06072727,-0.13926469,0.017934138,0.0026722697,0.0056946897,-0.051038448,-0.1014841,0.016556282,0.01832424,-0.0010068078,-0.014949307,0.014984315,-0.060981803,0.033989843
2.2281806,1.931813,1.347258,-0.994301,-1.4939137,1.6225768,0.7334628,-0.116655156,0.4887655,1.1270553,-0.24195614,0.7537294,-0.655492,0.28972715,0.27369288,-0.41787183,0.039426208,-0.06429663,0.053508926,-0.13639884,0.017668629,0.0019471382,0.004133708,-0.06330076,-0.13287787,0.019086197,0.01995169,-0.0005717859,-0.015197748,0.015796086,-0.050730824,0.029802898
2.2144215,1.9419082,1.3511479,-0.9857175,-1.5329841,1.5505148,0.7460659,-0.11710767,0.4749942,1.1179241,-0.21238504,0.75800663,-0.640805,0.25441414,0.30156782,-0.5086721,0.013535195,-0.059838273,0.049555708,-0.113644,0.01506067,0.0054663033,0.008975633,-0.015715644,-0.05033315,0.013371608,0.016284352,-0.002619291,-0.013276286,0.014312935,-0.065414965,0.03911598
2.2007186,1.9552085,1.3579009,-0.9743683,-1.5887908,1.4451853,0.7654772,-0.117696665,0.4563692,1.1064035,-0.17245787,0.76534534,-0.618214,0.20680808,0.33744052,-0.6374626,-0.022652987,-0.055196624,0.042290237,-0.11079074,0.014531523,0.004342937,0.006278487,-0.024551649,-0.11729028,0.017931666,0.019379387,-0.0014176752,-0.0140271615,0.016272483,-0.043588776,0.027393108
2.1827502,1.9685081,1.3632199,-0.96293753,-1.6407037,1.3488418,0.7824426,-0.11828649,0.4380505,1.0944364,-0.13294859,0.7712667,-0.59816056,0.15973814,0.37421134,-0.75979227,-0.057534166,-0.04944208,0.03672864,-0.08815129,0.011975125,0.007726417,0.010936954,0.019286765,-0.03597367,0.012439689,0.01582694,-0.0034491217,-0.012148883,0.0147534385,-0.058402598,0.036880642
2.149848,1.9991002,1.3766363,-0.93722624,-1.7489761,1.153983,0.81984764,-0.11816835,0.41243264,1.0698304,-0.08802831,0.78500426,-0.5707321,0.09992043,0.4130323,-0.8950921,-0.09250392,-0.0491583,0.03021403,-0.06584645,0.00942204,0.010476166,0.0144058615,0.055618357,0.025735512,0.00833958,0.013282283,-0.0049774176,-0.0103803715,0.013639077,-0.06762044,0.043176036
2.1332061,2.0208652,1.3863965,-0.91977507,-1.813336,1.0465184,0.843375,-0.1167423,0.41058424,1.0547572,-0.102211885,0.7937124,-0.57154363,0.10538256,0.39729306,-0.8429806,-0.07172564,-0.06053631,0.03264987,-0.03903117,0.0057188338,0.013093655,0.01621816,0.11808271,0.016396131,0.007635643,0.013480108,-0.005087445,-0.0090004215,0.015301537,-0.048119552,0.032992404
2.1178145,2.038084,1.3939226,-0.9054678,-1.8623581,0.964459,0.86148334,-0.11545885,0.4095959,1.0429786,-0.11378195,0.8007335,-0.57241935,0.11069631,0.3827159,-0.799046,-0.054680318,-0.07010317,0.034762803,-0.045514222,0.0066685774,0.012469478,0.01597274,0.101280324,0.036084186,0.006682529,0.012812078,-0.0051554865,-0.008854566,0.014205003,-0.058590077,0.038210798
2.0898383,2.0721014,1.4088961,-0.8779331,-1.9620864,0.797815,0.8978235,-0.11317162,0.40635964,1.0193287,-0.13436563,0.8142312,-0.5733856,0.11790992,0.35847262,-0.7212203,-0.0231933,-0.087573886,0.036830682,-0.016228283,0.002705126,0.015857745,0.019210598,0.17077766,0.063603096,0.0035680055,0.011443941,-0.005821865,-0.006954379,0.014751064,-0.050552793,0.03308613
2.066832,2.0988114,1.4207337,-0.8557947,-2.038063,0.67079306,0.9260535,-0.11115923,0.40539372,1.0012108,-0.15399766,0.8252512,-0.5752528,0.12793134,0.33448642,-0.6479777,0.0046229255,-0.10297339,0.04172429,-0.02716671,0.0042779148,0.014451642,0.018002335,0.14113829,0.07567136,0.0032638437,0.011227975,-0.005612355,-0.0068376195,0.013597155,-0.06055174,0.038650624
2.0074983,2.1699204,1.4524951,-0.79751086,-2.2449114,0.3240029,1.0023487,-0.106113955,0.3998941,0.9523967,-0.19919714,0.854449,-0.57717353,0.1464075,0.27866152,-0.47771427,0.07222873,-0.14154999,0.048850548,-0.022585906,0.0036639892,0.014545572,0.01795966,0.14603199,0.10035866,0.0013921857,0.010517919,-0.0053926427,-0.005541779,0.01258436,-0.066345416,0.040187195
1.984174,2.1979275,1.4637783,-0.7755081,-2.3246527,0.19430028,1.0303711,-0.10430342,0.39856762,0.9325552,-0.22087474,0.8639617,-0.5820685,0.15645531,0.2579071,-0.39611575,0.10324309,-0.15531884,0.05242373,0.059358057,-0.0070736418,0.025243333,0.029526893,0.3475405,0.21249343,-0.009408126,0.004792411,-0.008761925,-0.00028887513,0.013557007,-0.053550303,0.034753256
1.9656608,2.219667,1.4738642,-0.75725347,-2.3879743,0.086767614,1.0542634,-0.102673,0.39684176,0.9178866,-0.23393483,0.8735906,-0.5814388,0.16180038,0.23974183,-0.34720212,0.12284363,-0.16779225,0.054884147,0.029958343,-0.0032049417,0.021174883,0.02508014,0.27215743,0.18163799,-0.0061749998,0.006631467,-0.007400693,-0.0016623072,0.012699952,-0.06120984,0.037873786
1.9376402,2.2533488,1.4894675,-0.7292067,-2.4865196,-0.08016085,1.0912789,-0.1001948,0.39409065,0.8950831,-0.25427562,0.88832504,-0.58072907,0.16999637,0.21222268,-0.2710491,0.1534217,-0.186879,0.058539696,-0.0036258819,0.0011823921,0.016344426,0.01963301,0.18491253,0.1412387,-0.0021789174,0.009006682,-0.0056534256,-0.003184512,0.011817481,-0.06829801,0.040336557
1.9223194,2.2712069,1.4965205,-0.71513915,-2.5367327,-0.16150053,1.1088582,-0.09901848,0.3935003,0.88242775,-0.2687388,0.89426106,-0.58432364,0.17709409,0.19844411,-0.21651542,0.17387198,-0.19572502,0.061158527,0.049367193,-0.005710927,0.023424521,0.027499778,0.31562275,0.22421515,-0.00981316,0.004851327,-0.008039386,0.00034513953,0.012127659,-0.06338719,0.038773082
1.8965471,2.3014824,1.5089993,-0.69103956,-2.623609,-0.30418798,1.1397121,-0.09702109,0.3913712,0.8610616,-0.28967723,0.90507525,-0.58793926,0.18575007,0.17665502,-0.13666369,0.2050204,-0.21064872,0.063529074,0.11338452,-0.014083878,0.03199107,0.03704547,0.47341168,0.32883412,-0.019312099,-0.0003173263,-0.0108618615,0.004629401,0.01228023,-0.059596032,0.03700681
1.8783435,2.3241458,1.5208453,-0.6712437,-2.6916227,-0.42330796,1.1667678,-0.09517594,0.38909483,0.84643626,-0.30081788,0.9170773,-0.58365285,0.18980281,0.15600866,-0.09634326,0.22213963,-0.22529519,0.066607125,0.012470674,-0.00093014695,0.017873034,0.021052735,0.21797226,0.17575721,-0.0051979837,0.00773097,-0.0058675953,-0.0011976805,0.011170135,-0.069956146,0.040385727
1.8631449,2.3414748,1.5274376,-0.65771586,-2.7400355,-0.50111955,1.1834422,-0.094062515,0.38849592,0.8340165,-0.31495035,0.9224844,-0.5876603,0.19661458,0.1431777,-0.042565733,0.24229458,-0.2335016,0.06874765,0.07578441,-0.009157181,0.026487008,0.030767318,0.37503198,0.28073794,-0.01466993,0.002485598,-0.008853084,0.0029893676,0.011378777,-0.06624298,0.039466567
1.8201271,2.3936703,1.5511899,-0.61479473,-2.8932307,-0.7592594,1.2402802,-0.09036202,0.38377568,0.7982851,-0.34600374,0.94449157,-0.58739614,0.20818096,0.10308121,0.074552074,0.28970948,-0.2618898,0.072958805,0.062011756,-0.007438453,0.024097105,0.027813965,0.3356717,0.2643605,-0.013106011,0.0036702421,-0.00769434,0.002728536,0.01072173,-0.0698408,0.039409384
1.7605027,2.4622707,1.5786158,-0.5604058,-3.0871663,-1.0751271,1.3085152,-0.085801296,0.380421,0.749729,-0.39779326,0.96791476,-0.5989581,0.23204763,0.05145731,0.27186123,0.3648832,-0.29574022,0.080448,0.23489547,-0.029854221,0.047767725,0.054822065,0.7636404,0.5747396,-0.040476926,-0.011558679,-0.016046261,0.014623557,0.010395188,-0.067912824,0.040518228
1.7300973,2.4995573,1.5962648,-0.5290975,-3.1957097,-1.2595073,1.3498536,-0.08295186,0.3783551,0.72487116,-0.4227202,0.9847917,-0.59842014,0.24399318,0.017874954,0.36319607,0.40046507,-0.31817794,0.087317996,0.17642818,-0.022188367,0.039198685,0.0448992,0.61205375,0.48349285,-0.03220225,-0.0066278516,-0.012919677,0.0117066065,0.009698792,-0.07216187,0.04230563
2.2794802,-1.8281378,-0.35506982,-1.937802,-0.58932203,1.6985513,-1.7636598,-0.8944835,-0.6225526,-0.80587995,-1.0998907,1.7914797,0.42229617,0.5436833,-0.7998019,1.6034794,-0.320817,-0.046018917,0.06099818,-0.16304053,0.014639706,0.008600143,0.051445883,-0.28573716,-0.34881735,-0.030270802,0.04484111,0.04484776,0.071266845,0.009892145,-0.051937826,-0.011768312
2.277703,-1.8277899,-0.35675055,-1.9383417,-0.58227956,1.7179015,-1.7674478,-0.89411485,-0.6167555,-0.8061192,-1.1169006,1.7888823,0.41141152,0.5606237,-0.8126237,1.663895,-0.30226058,-0.0479871,0.062116943,-0.09807418,0.0063907458,0.01895114,0.064633265,-0.11473915,-0.16795196,-0.044664957,0.036145616,0.04031156,0.076087356,0.008000531,-0.072436616,-0.0005670519
2.2765875,-1.8245126,-0.3516631,-1.9339521,-0.6123213,1.6496696,-1.7545891,-0.8950338,-0.6337754,-0.8091755,-1.0713212,1.7959156,0.43917826,0.5129096,-0.7761544,1.5070374,-0.34954756,-0.04244982,0.058137327,-0.22012721,0.021935377,-0.0007289006,0.039477292,-0.44104376,-0.5131101,-0.017097851,0.052793026,0.048905388,0.06696824,0.011633239,-0.032647762,-0.02191519
2.2604437,-1.8135631,-0.34867376,-1.9251419,-0.6508529,1.5820051,-1.7433236,-0.8954663,-0.6465105,-0.8193481,-1.0460695,1.798827,0.44987094,0.48106316,-0.74920756,1.43362,-0.37026522,-0.0375832,0.05587142,-0.14436932,0.012609476,0.010526047,0.05366141,-0.26043758,-0.31600925,-0.032356773,0.0434932,0.04368603,0.072618306,0.00959335,-0.052649695,-0.007751585
2.2291448,-1.7886033,-0.33833888,-1.9040223,-0.7478194,1.4031099,-1.7113318,-0.8963974,-0.67869693,-0.84143615,-0.9784604,1.8099494,0.48500395,0.39929876,-0.6863196,1.223686,-0.4291935,-0.028479397,0.04452317,-0.095239066,0.0066562556,0.017181285,0.061857212,-0.16013007,-0.19877154,-0.040887684,0.038226258,0.040518034,0.07592251,0.008221656,-0.06517538,0.0006714239
2.1848505,-1.7486953,-0.31794655,-1.869072,-0.91491973,1.085302,-1.6527462,-0.89806056,-0.7358799,-0.8758952,-0.85337186,1.832793,0.55570906,0.2520694,-0.5774869,0.8215135,-0.5426616,-0.014473981,0.020880645,-0.14387043,0.012864077,0.007572129,0.048673715,-0.32537866,-0.38830918,-0.025221221,0.04775494,0.045015737,0.07110276,0.010481402,-0.0389987,-0.015486411
2.1381052,-1.7145588,-0.30480307,-1.8400694,-1.0507792,0.8332257,-1.6092472,-0.9000433,-0.7864526,-0.9074182,-0.74294376,1.8474275,0.6100642,0.12130407,-0.47113028,0.47980744,-0.6414735,0.0035969962,0.0100217005,-0.04659335,0.0014270243,0.021171737,0.06596848,-0.12271675,-0.13012229,-0.044001866,0.036062047,0.037916303,0.07859966,0.0072558816,-0.06805641,0.008513283
2.129103,-1.7065461,-0.30051124,-1.8329325,-1.0866519,0.76374304,-1.5966723,-0.9005974,-0.8002423,-0.91458786,-0.71149486,1.8524202,0.62747896,0.08511603,-0.44302657,0.37782043,-0.6710257,0.007818373,0.0059930542,-0.05902734,0.0030384993,0.018437406,0.062019777,-0.16653925,-0.19306572,-0.039098512,0.039124444,0.03924756,0.07736522,0.008326937,-0.05567099,0.0026179
2.1115232,-1.6904844,-0.2927159,-1.8191936,-1.151939,0.6413494,-1.5741177,-0.9011636,-0.8214448,-0.9284185,-0.6665469,1.8608712,0.6526833,0.03119983,-0.40314355,0.23446272,-0.7109598,0.012786612,-0.00311046,-0.056774367,0.0026896524,0.017709833,0.060371466,-0.17672557,-0.22913225,-0.03635201,0.040918056,0.03992502,0.076826744,0.009232744,-0.045204908,-0.0036529587
2.092663,-1.6770205,-0.2876551,-1.8077072,-1.2045408,0.54402614,-1.5573057,-0.9018789,-0.8407373,-0.9407852,-0.6246483,1.8665191,0.6732431,-0.01857638,-0.36304703,0.10543689,-0.7481501,0.019540584,-0.0076618236,-0.020565687,-0.0015148629,0.023044167,0.06743116,-0.100544676,-0.1163356,-0.044366967,0.035857297,0.036977988,0.07976717,0.0075059016,-0.06174156,0.008047
2.0621712,-1.6520144,-0.27682382,-1.7864501,-1.3027422,0.36200655,-1.524463,-0.9027746,-0.87315303,-0.96272826,-0.5562391,1.8782295,0.70951706,-0.10097504,-0.30057988,-0.108169176,-0.8079547,0.028206253,-0.019999705,0.011469932,-0.0053324504,0.027206436,0.07259276,-0.04267138,-0.0371738,-0.049761232,0.03244823,0.034882292,0.08181508,0.0063402993,-0.07240082,0.01447014
2.02275,-1.6160387,-0.2606741,-1.7562376,-1.4400826,0.10999423,-1.4776621,-0.90355605,-0.9131284,-0.99313766,-0.47690466,1.8951358,0.7541731,-0.19977565,-0.22842784,-0.35611764,-0.8758517,0.035539545,-0.03339231,0.059521094,-0.011443739,0.0321193,0.077083,0.0457367,-0.008458857,-0.052573,0.031156115,0.033451,0.084143765,0.0075182174,-0.056879252,0.0077375723
1.9878188,-1.5752289,-0.24293636,-1.7227006,-1.5551515,-0.0808762,-1.4352404,-0.90048885,-0.9138044,-1.0208939,-0.50953245,1.9113886,0.74943227,-0.18200257,-0.2660742,-0.23482518,-0.8306582,0.011983753,-0.024487305,0.0644399,-0.011824502,0.03286415,0.07844209,0.0539959,0.04075566,-0.05595527,0.029223079,0.032748464,0.08572931,0.0060424227,-0.068686135,0.015548271
1.9436992,-1.5226184,-0.219435,-1.6796011,-1.7090237,-0.33928245,-1.3785999,-0.89680856,-0.9187045,-1.0571591,-0.5406829,1.9329904,0.748986,-0.17079498,-0.30538794,-0.11640966,-0.782664,-0.015923183,-0.021140799,0.06945226,-0.012538423,0.03325587,0.078832574,0.06251524,0.06450607,-0.057742726,0.028429693,0.032831658,0.08667104,0.00518736,-0.074542664,0.016598651
1.9190549,-1.4926761,-0.20656407,-1.6554154,-1.7942971,-0.48005024,-1.3475565,-0.89468956,-0.9195505,-1.0777655,-0.56443465,1.9444755,0.7451759,-0.15854089,-0.3310576,-0.02855358,-0.74967766,-0.032436144,-0.01515774,0.102662325,-0.016842188,0.037251305,0.082939595,0.14112549,0.106488176,-0.06195628,0.0263833,0.03165613,0.089185126,0.0055956226,-0.067274235,0.014182682
1.8846486,-1.4516737,-0.18883528,-1.6223187,-1.9141169,-0.6796975,-1.304218,-0.89196306,-0.92362076,-1.1064569,-0.5888868,1.960341,0.74360174,-0.15039062,-0.35940284,0.0648131,-0.71176994,-0.05295918,-0.013529346,0.14969769,-0.023123419,0.043188073,0.089189224,0.25524017,0.17123795,-0.06820507,0.023212764,0.030065529,0.092269704,0.005924763,-0.061287053,0.0097716795
1.8288559,-1.3849401,-0.15863265,-1.5672295,-2.1080256,-1.0058585,-1.2321216,-0.8871114,-0.92842966,-1.151934,-0.6316195,1.9884331,0.7424879,-0.13215071,-0.41387066,0.22529294,-0.6483092,-0.09016344,-0.0057650274,0.12201479,-0.019441124,0.039098706,0.08474724,0.18002549,0.16059831,-0.06639251,0.024420444,0.03148062,0.09177427,0.004226449,-0.07457107,0.015276379
1.7635827,-1.3081535,-0.1265154,-1.5056558,-2.328042,-1.3683987,-1.1532961,-0.8819253,-0.9332506,-1.2057179,-0.6857075,2.016663,0.73394537,-0.10861956,-0.47179046,0.4301336,-0.5689356,-0.12925881,0.0021476347,0.25082323,-0.036248934,0.056152694,0.10368459,0.49543908,0.37356654,-0.08569719,0.014018274,0.025881235,0.10072404,0.0043681795,-0.06724148,0.012267826
2.5275257,-0.66988647,2.5482426,-0.76211035,2.7236712,0.34157225,-0.37416074,-0.53441393,-0.512443,-0.4286607,-0.64069486,-0.3117345,-1.1868572,0.55365455,-0.3432055,1.322558,0.5352264,-0.09865072,0.102945805,-0.078293905,0.06354906,-0.1160345,-0.019941984,-0.0984991,-0.14527777,0.003623033,0.018240565,0.0069449227,-0.0009495787,-0.06713374,-0.0559183,0.0058632772
2.5173364,-0.66060984,2.5541124,-0.753333,2.677883,0.24986747,-0.3574673,-0.5352286,-0.5318009,-0.43701681,-0.59440964,-0.30452085,-1.1606333,0.501883,-0.30326596,1.1702243,0.49052927,-0.09261389,0.09756154,-0.12990029,0.07022192,-0.12481974,-0.031314112,-0.24669679,-0.30118492,0.01628504,0.025861131,0.010718692,-0.00492772,-0.06546934,-0.036827374,-0.0035605845
2.495349,-0.64056855,2.564633,-0.73567563,2.592734,0.08711676,-0.32742172,-0.5361094,-0.56138504,-0.4543189,-0.5290737,-0.29264566,-1.1235331,0.42544317,-0.24676962,0.9594691,0.4308857,-0.08532798,0.08544157,-0.16444047,0.07463844,-0.13117889,-0.03980711,-0.35604972,-0.41971186,0.026094593,0.03178844,0.013599593,-0.008053827,-0.06419346,-0.022143833,-0.0125816045
2.4581034,-0.61358285,2.5742779,-0.71310747,2.489689,-0.10106683,-0.2949902,-0.53740656,-0.5976795,-0.47905555,-0.452272,-0.28228182,-1.0865729,0.3327098,-0.1714894,0.725168,0.36390665,-0.0726861,0.0769099,-0.061272472,0.062185995,-0.116258755,-0.020914303,-0.12514596,-0.14733154,0.0056735356,0.019212723,0.006299637,-0.00030240364,-0.067353345,-0.052061785,0.009523729
2.4324322,-0.58917123,2.5875328,-0.6915492,2.3851807,-0.30138114,-0.25770837,-0.5384384,-0.6335058,-0.49993294,-0.37328234,-0.26734686,-1.0408413,0.2402444,-0.10397689,0.46870568,0.2915728,-0.06440641,0.06133908,-0.11348061,0.06870623,-0.12587485,-0.03401297,-0.28390786,-0.34067208,0.02109327,0.028672082,0.0109580215,-0.0051689614,-0.06485132,-0.024371373,-0.007609291
2.3834994,-0.5516625,2.6024501,-0.65981174,2.2395709,-0.5698264,-0.21031564,-0.54003227,-0.6834349,-0.5335801,-0.26736626,-0.25117028,-0.98717016,0.11280641,-0.0040433994,0.14141056,0.19884075,-0.048994735,0.045987654,-0.024506668,0.058070354,-0.1133133,-0.01806149,-0.09708003,-0.10251939,0.0038288347,0.017926324,0.004628081,0.001334559,-0.06797543,-0.053775545,0.012729906
2.3559878,-0.52896065,2.6130362,-0.64012283,2.1445584,-0.74970025,-0.1781477,-0.54131407,-0.7181878,-0.55394185,-0.1905047,-0.23922075,-0.9461849,0.022683974,0.06639494,-0.10289597,0.12865837,-0.038252313,0.035751544,-0.013540358,0.056925137,-0.113180436,-0.018610034,-0.098780744,-0.117777616,0.0053666215,0.018912023,0.004527474,0.0016603713,-0.06736944,-0.044694394,0.010466485
2.3331614,-0.5093021,2.6220891,-0.6233637,2.0644686,-0.8996448,-0.1510387,-0.5421975,-0.7455489,-0.57127297,-0.13172878,-0.2293335,-0.91451085,-0.04737452,0.12018472,-0.28898197,0.07604918,-0.030620985,0.026210628,0.005664264,0.054560013,-0.11159595,-0.017426822,-0.07231239,-0.115317285,0.005163705,0.018921036,0.004061862,0.0024190806,-0.06677097,-0.03659848,0.0072303745
2.3037188,-0.4869721,2.6312282,-0.6042405,1.976614,-1.062824,-0.12219478,-0.54319537,-0.77643,-0.5913132,-0.06509822,-0.2192156,-0.880481,-0.126678,0.18204589,-0.49568346,0.017189002,-0.0210623,0.01666312,0.041108496,0.050561734,-0.10639113,-0.010300985,-0.0053536477,0.009063023,-0.0031881067,0.013511847,0.0009343394,0.0053125783,-0.06909341,-0.05907694,0.021716326
2.2647207,-0.4449209,2.6500435,-0.56964016,1.8375719,-1.3064016,-0.0729628,-0.54191345,-0.798146,-0.6231033,-0.04155086,-0.20107475,-0.8592447,-0.16932341,0.19925429,-0.56010437,0.006923912,-0.03031539,0.011642447,0.081900366,0.045158617,-0.10226342,-0.006822638,0.078125924,0.024460183,-0.0054971436,0.012740351,0.00017630076,0.007449519,-0.06776141,-0.04185414,0.012543895
2.202596,-0.3715366,2.6824942,-0.50936306,1.6266308,-1.6588192,0.0048590545,-0.536574,-0.8022292,-0.6732931,-0.09231426,-0.17122708,-0.863499,-0.14571287,0.13783829,-0.36951086,0.080722585,-0.07109607,0.021914514,0.08280519,0.045244545,-0.10221843,-0.006261286,0.07414459,0.07846034,-0.009037984,0.010832346,-0.00013546228,0.009140127,-0.069871515,-0.05859204,0.02120502
2.1649604,-0.32647797,2.702101,-0.4728053,1.4961416,-1.8760884,0.052399933,-0.5334722,-0.8055197,-0.70451945,-0.122223,-0.15354809,-0.8662094,-0.13331601,0.10344248,-0.25712046,0.12492163,-0.09479703,0.026579015,0.1214744,0.04012231,-0.09758218,-0.0015465262,0.16582364,0.128205,-0.013993469,0.008456014,-0.0013170864,0.011938882,-0.069541276,-0.051725116,0.017365549
2.126587,-0.28047168,2.7218535,-0.43567598,1.3638605,-2.0951366,0.10035646,-0.5302913,-0.8081728,-0.7364279,-0.15491344,-0.13592729,-0.8705228,-0.118517786,0.06718538,-0.13437472,0.17234601,-0.119132474,0.032479424,0.17375499,0.033299226,-0.09094925,0.0056073167,0.29161716,0.20927577,-0.021531137,0.0045595607,-0.0033632265,0.015780509,-0.06940537,-0.04657745,0.015248569
2.0761902,-0.22008693,2.7493758,-0.38572747,1.1877835,-2.391996,0.1659794,-0.52590215,-0.81291205,-0.7775418,-0.19235712,-0.11022657,-0.87063426,-0.103173025,0.018428776,0.006407939,0.22851378,-0.1527871,0.038858272,0.13952005,0.0378007,-0.09592611,0.00011464786,0.20068264,0.18355975,-0.018464502,0.006462898,-0.0015904742,0.014699837,-0.070971526,-0.05908335,0.019985056
2.0231447,-0.1578946,2.7750676,-0.33608514,1.0097927,-2.6844375,0.22935627,-0.52175915,-0.8169005,-0.8213108,-0.23628797,-0.08786276,-0.8782463,-0.084308065,-0.027503982,0.17324996,0.2931731,-0.18387137,0.04472728,0.26359555,0.021594912,-0.07939576,0.018497523,0.50579816,0.385754,-0.03685187,-0.0035020043,-0.0070397705,0.02310842,-0.07066816,-0.051204257,0.016640566
2.6878164,0.7315294,-2.300918,-1.5964365,2.0927806,0.37615427,-0.16744567,0.90392303,0.74833,0.18278365,-0.58975005,0.49144223,-0.5960621,1.2607483,-0.24506035,1.117516,0.5558727,-0.3177654,0.12731092,-0.0947232,0.0615246,0.06229368,-0.06826788,-0.10364426,-0.14543195,0.0088503035,-0.03548467,-0.0014669163,0.022451827,-0.022997545,-0.058328647,0.002596724
2.6676762,0.74983096,-2.29095,-1.5800463,2.0133145,0.2228356,-0.13912739,0.9030434,0.7198691,0.16695262,-0.5258849,0.5029012,-0.55955625,1.1867089,-0.19030726,0.91027725,0.49685597,-0.310603,0.11596425,-0.14196631,0.06756812,0.054034136,-0.07908101,-0.24487075,-0.29375666,0.021068858,-0.028132044,0.0021993537,0.018468216,-0.021494698,-0.041218035,-0.00763449
2.641313,0.7724039,-2.2794724,-1.5601034,1.915357,0.034857072,-0.10518517,0.9016984,0.68317676,0.1468305,-0.443137,0.5161071,-0.51433766,1.0909106,-0.1163474,0.6445226,0.42030114,-0.29963818,0.10457082,-0.16645479,0.070925474,0.048822653,-0.086182676,-0.33758286,-0.39214575,0.029449595,-0.023106026,0.0043454813,0.016251309,-0.020347707,-0.02650651,-0.013746494
2.6059225,0.7980425,-2.2703025,-1.538651,1.8176589,-0.1435203,-0.074408725,0.90048665,0.6488969,0.12336595,-0.37067997,0.5259592,-0.47942835,1.0033734,-0.04546814,0.42358232,0.35720322,-0.28778598,0.09630862,-0.07010694,0.059307963,0.06282467,-0.068384886,-0.121841244,-0.13352676,0.010123822,-0.03502517,-0.0025486178,0.023521831,-0.023436032,-0.05594486,0.007563047
2.5879855,0.8142233,-2.2619417,-1.524416,1.7494177,-0.27368775,-0.050416246,0.8997853,0.6253126,0.10937657,-0.3188524,0.5353759,-0.4500533,0.9425184,-0.00040105026,0.25648895,0.309946,-0.2819415,0.0867167,-0.092555344,0.062156677,0.05839596,-0.074501045,-0.19650663,-0.22356017,0.017433308,-0.030554038,-0.00043193417,0.02131097,-0.02226886,-0.04259507,-0.00037528807
2.5761948,0.8246907,-2.2563581,-1.5151373,1.7023102,-0.36486703,-0.033977866,0.8990332,0.6069968,0.099961296,-0.27691212,0.54186726,-0.42706782,0.89440054,0.03721931,0.12095776,0.2706003,-0.2761956,0.08161416,-0.108193606,0.06424156,0.055057533,-0.07918816,-0.25231123,-0.29414442,0.023105796,-0.02706197,0.0010627742,0.019873917,-0.021201346,-0.029853184,-0.00599544
2.5662253,0.8313525,-2.2544758,-1.5096743,1.6793638,-0.40523928,-0.027136445,0.8988434,0.5997318,0.09389672,-0.26265347,0.54375124,-0.42087615,0.87632895,0.05183721,0.07977917,0.2591632,-0.27371815,0.07962737,-0.07111251,0.05973222,0.06085549,-0.07157727,-0.16339843,-0.17944449,0.014533444,-0.032384384,-0.0018152017,0.022787748,-0.022787023,-0.04601883,0.0039536124
2.5458565,0.8475029,-2.2477515,-1.4959782,1.6161258,-0.5222144,-0.0062697665,0.8981951,0.578347,0.079550035,-0.21729122,0.55104107,-0.39738926,0.8218075,0.09397618,-0.061156422,0.21941389,-0.26750112,0.072383076,-0.041937396,0.05626079,0.064860135,-0.06651563,-0.105491936,-0.10259859,0.009095665,-0.035792097,-0.0038557292,0.0248434,-0.023855468,-0.05596255,0.010573916
2.527701,0.8634673,-2.239977,-1.4821461,1.5501013,-0.6469612,0.016512724,0.8974986,0.55572706,0.06561695,-0.1682272,0.5596696,-0.37020922,0.76369065,0.1377561,-0.21803157,0.17507888,-0.26157275,0.06379074,-0.04411468,0.056548547,0.06342815,-0.0689831,-0.12883241,-0.14713562,0.012633297,-0.03354979,-0.0029968382,0.024095345,-0.02293804,-0.045048527,0.00477856
2.5032334,0.8845094,-2.2302368,-1.4641641,1.4642082,-0.80797124,0.045637194,0.89655095,0.52629596,0.047073558,-0.10485476,0.57034075,-0.33599788,0.6882657,0.19557586,-0.4188133,0.118283056,-0.25338203,0.05347818,-0.026666675,0.05442217,0.064701065,-0.068187416,-0.108327374,-0.1490309,0.01284439,-0.033303846,-0.0033510388,0.024713993,-0.022334747,-0.036801808,0.0014511774
2.4852655,0.8973675,-2.22528,-1.4531233,1.4135543,-0.9021026,0.061949838,0.89585936,0.50757706,0.035283305,-0.0639318,0.57592607,-0.31572148,0.6398556,0.23437381,-0.54528797,0.08179032,-0.24689524,0.048930638,0.00205166,0.051159326,0.06895299,-0.06243823,-0.050439518,-0.052693438,0.0061733574,-0.03756775,-0.005840629,0.027126493,-0.023965092,-0.052437034,0.012367824
2.4643595,0.91419023,-2.2180204,-1.4387766,1.3467366,-1.0263865,0.08420845,0.895158,0.4847276,0.020371199,-0.014982222,0.583866,-0.2900738,0.581409,0.27933973,-0.69817334,0.038577247,-0.24033119,0.04106998,0.02325829,0.048711836,0.071749024,-0.058847025,-0.013657581,0.0062507805,0.0022551501,-0.04008431,-0.0073978626,0.0286159,-0.024948493,-0.061458148,0.01831527
2.4504862,0.9261576,-2.2126074,-1.428631,1.2982409,-1.1169022,0.10053136,0.89461166,0.46826264,0.009789257,0.02011124,0.58973277,-0.27123207,0.53933996,0.31189,-0.8092874,0.007173869,-0.23565489,0.03553504,0.041891426,0.046342492,0.07352821,-0.05737357,0.01943208,0.0100209415,0.0016652104,-0.0402637,-0.00786113,0.029431792,-0.02425595,-0.052945778,0.014690064
2.406536,0.9776807,-2.1898415,-1.3865949,1.1439234,-1.3777058,0.15656169,0.89773816,0.45923355,-0.026546722,0.0006791099,0.61069703,-0.26720035,0.5381865,0.28599754,-0.72943485,0.04290932,-0.25943986,0.03831207,0.07540092,0.04190684,0.07723238,-0.05383624,0.09383504,0.046842173,-0.002091268,-0.041932072,-0.008677504,0.031845648,-0.023920473,-0.045595128,0.010416687
2.4388154,0.93958706,-2.2065828,-1.4177067,1.2547404,-1.1922803,0.116010845,0.89509517,0.46257648,-0.00017624137,0.024026314,0.595422,-0.26610097,0.5294724,0.3143929,-0.81805533,0.007344454,-0.23947512,0.03563723,0.058493838,0.04415746,0.0751839,-0.056040917,0.05466042,0.012513783,0.00088001974,-0.04044965,-0.008159212,0.03036824,-0.023526108,-0.043847542,0.010592052
2.4297457,0.94915456,-2.2025154,-1.4096959,1.227993,-1.2369059,0.12585354,0.8958308,0.4621429,-0.006728975,0.017406365,0.599243,-0.26682132,0.53268677,0.305979,-0.7925886,0.017095305,-0.2448077,0.03681703,0.053267214,0.044950314,0.07483784,-0.05590486,0.04190156,0.034948643,-0.00028651237,-0.041298818,-0.008379981,0.030497698,-0.024585163,-0.054493673,0.016022611
2.3592463,1.0333562,-2.1651056,-1.3407632,0.98347217,-1.6463301,0.21585804,0.9017921,0.45576274,-0.064613916,-0.03661591,0.6335422,-0.2696696,0.55495346,0.23993674,-0.5889555,0.097743295,-0.2903059,0.045317125,0.067749515,0.04305656,0.07623915,-0.05444831,0.07050609,0.08102616,-0.003966435,-0.042983543,-0.008607828,0.032621644,-0.02579368,-0.061417587,0.018083977
2.325106,1.0741951,-2.147343,-1.3076519,0.86490786,-1.843858,0.25900143,0.9045796,0.4525045,-0.092975944,-0.06301037,0.649544,-0.27183306,0.5653832,0.20948805,-0.48951787,0.13715225,-0.3115475,0.04894083,0.104990974,0.038100153,0.080718264,-0.0499115,0.15919149,0.12696528,-0.00860817,-0.045204863,-0.009719577,0.035219263,-0.025404718,-0.054367263,0.0139108235
2.2961528,1.1091516,-2.132426,-1.2795361,0.76484054,-2.0089958,0.29520485,0.90700173,0.4509213,-0.117204666,-0.089188255,0.66276336,-0.27590212,0.5779504,0.18118705,-0.39165196,0.17447732,-0.3301983,0.054318815,0.1511535,0.03209424,0.08657633,-0.043609895,0.27046967,0.1957572,-0.015085728,-0.048553936,-0.01155625,0.038572904,-0.02514758,-0.048582517,0.011876398
2.278451,1.1297609,-2.1229398,-1.2622533,0.7049278,-2.1105917,0.31773975,0.9085423,0.4492725,-0.13114873,-0.10155828,0.67179644,-0.27543533,0.58296925,0.16410871,-0.34513393,0.19311716,-0.34191722,0.056505565,0.12599903,0.035416093,0.08315001,-0.047276407,0.20601949,0.1740182,-0.012610987,-0.047171336,-0.010453171,0.03746102,-0.026041765,-0.056746345,0.015295835
2.2489643,1.1656276,-2.1067011,-1.2328172,0.60026485,-2.2864075,0.35653895,0.9111132,0.44654587,-0.15565057,-0.12434184,0.686786,-0.27609733,0.5924604,0.1354409,-0.25943506,0.22716287,-0.36170837,0.06035708,0.11876409,0.03636635,0.081919074,-0.048688967,0.18461666,0.17427556,-0.01236025,-0.04688044,-0.009940923,0.037578277,-0.026712485,-0.061336882,0.016895894
2.2228575,1.1963087,-2.093927,-1.2082378,0.5124951,-2.4308677,0.3879336,0.91317904,0.44469753,-0.1771625,-0.1462506,0.69798404,-0.27971894,0.60209906,0.11226842,-0.17664602,0.25913393,-0.37729272,0.06369925,0.17393327,0.02915808,0.08916836,-0.040714864,0.3196413,0.2608055,-0.020334626,-0.05114474,-0.012280028,0.041349016,-0.02648776,-0.05655886,0.014877116
2.1935651,1.2309012,-2.0795987,-1.1806227,0.41386622,-2.5926964,0.42313385,0.91551906,0.44292668,-0.2014054,-0.17187102,0.71046174,-0.28444052,0.61392653,0.08555957,-0.079813145,0.29619867,-0.39498112,0.067958444,0.23998807,0.020571845,0.09798003,-0.030862276,0.48173743,0.37183353,-0.030343207,-0.056583706,-0.015255731,0.04595526,-0.02642917,-0.053129643,0.013957503
2.1730382,1.2554263,-2.068045,-1.1599787,0.34214857,-2.7148342,0.45036042,0.91736996,0.44100407,-0.21786532,-0.18661627,0.7215463,-0.28342086,0.6200526,0.0647541,-0.025022281,0.31816316,-0.40929326,0.07106095,0.20061353,0.025724774,0.09240127,-0.03714529,0.38065472,0.31953922,-0.025326783,-0.053670675,-0.013285622,0.04396747,-0.027199151,-0.059599124,0.01636485
2.1586058,1.2722574,-2.061658,-1.1469326,0.29536623,-2.789593,0.4664455,0.9184636,0.44078115,-0.229886,-0.20140576,0.72671413,-0.28790963,0.62778395,0.05155894,0.03097013,0.33881572,-0.41747445,0.073858984,0.2649553,0.017391978,0.10117251,-0.02721828,0.5402038,0.42785072,-0.03505798,-0.05907344,-0.016378816,0.048286036,-0.027023217,-0.05610118,0.015937915
3.1694753,-1.3351938,-0.43785277,1.4821432,0.15446308,1.5744932,-0.06260317,-0.83157915,2.481221,-0.63551545,-0.19011156,-0.6691037,-0.62453824,0.6030582,-0.22805989,1.4120475,-0.24194147,-0.23212595,0.0029155812,-0.13832827,-0.07473514,-0.008791113,-0.013579243,-0.09887116,-0.1498743,0.0088880425,-0.0018525817,-0.09194363,-0.007249309,-0.015044652,-0.060243346,0.005799901
3.1446922,-1.3158817,-0.42916277,1.4989733,0.073047,1.4200846,-0.035430964,-0.83280605,2.4500287,-0.653182,-0.120180316,-0.65913594,-0.5882193,0.5216504,-0.16311641,1.1908492,-0.3060923,-0.22159882,-0.004651594,-0.12323085,-0.07624415,-0.007580002,-0.01225558,-0.08815236,-0.12626436,0.0077616754,-0.0026635255,-0.09289,-0.0061848806,-0.015364989,-0.060758214,0.009913579
3.1578722,-1.324635,-0.43140683,1.4919969,0.103931956,1.4741406,-0.044275198,-0.83240056,2.460606,-0.6449313,-0.14142846,-0.66129816,-0.5969087,0.54822725,-0.18610443,1.2522568,-0.28856647,-0.22594649,-0.003318521,-0.18911947,-0.068177156,-0.017468054,-0.024828533,-0.2455241,-0.30409643,0.021438777,0.0057016932,-0.08820023,-0.011213594,-0.013409698,-0.04151483,-0.003708922
3.1356854,-1.3049854,-0.42113268,1.5093895,0.01888156,1.310825,-0.014464837,-0.83345854,2.4295816,-0.6621957,-0.07181214,-0.64953756,-0.5581218,0.4674652,-0.12491355,1.0278643,-0.3528028,-0.21736386,-0.014240931,-0.22082914,-0.06402014,-0.023516705,-0.032925885,-0.35054424,-0.41644835,0.030812185,0.011348443,-0.08557492,-0.014006941,-0.012166555,-0.026591096,-0.011430172
3.1091883,-1.2862118,-0.41508982,1.5248221,-0.049543254,1.1882223,0.006517812,-0.8341977,2.4067664,-0.67935055,-0.025317157,-0.6433179,-0.53669345,0.40997162,-0.07806668,0.88917196,-0.39193863,-0.20946874,-0.019849189,-0.1274993,-0.07542094,-0.009622335,-0.015241995,-0.13244905,-0.16308446,0.0115724765,-0.00046086166,-0.092216454,-0.0069908807,-0.015109765,-0.055543326,0.008202949
3.1014752,-1.278873,-0.41055605,1.5316321,-0.08441097,1.1190932,0.0192513,-0.8347413,2.3929143,-0.6858105,0.007181472,-0.63787967,-0.51797885,0.37324625,-0.050285865,0.7821427,-0.4230405,-0.20552155,-0.024430146,-0.16305122,-0.07088694,-0.015762646,-0.02333353,-0.23427805,-0.27796745,0.02075358,0.005131065,-0.089457065,-0.009870294,-0.013734755,-0.040168494,-9.419642e-05
3.076832,-1.2564055,-0.39939767,1.5510478,-0.17614707,0.9463145,0.051238537,-0.83549976,2.3630297,-0.705044,0.0710076,-0.6256496,-0.48177862,0.29707584,0.005284544,0.57797694,-0.47991413,-0.1988101,-0.037914343,-0.17640764,-0.069242574,-0.018966794,-0.028040627,-0.289138,-0.35069737,0.026734373,0.008813373,-0.08775891,-0.01166255,-0.012714688,-0.02844481,-0.008125856
3.0494704,-1.237352,-0.39277482,1.5670633,-0.24984819,0.81110257,0.07419009,-0.8365961,2.3356147,-0.72281694,0.13028668,-0.61836356,-0.45374936,0.22639306,0.06369052,0.39712134,-0.5323,-0.1884769,-0.04297616,-0.101526745,-0.078125164,-0.007946744,-0.013777964,-0.12301086,-0.13588852,0.010913161,-0.0010250015,-0.093469456,-0.005722897,-0.0155291725,-0.055259567,0.01179865
3.0476425,-1.233312,-0.38914266,1.5709814,-0.27238002,0.764696,0.08327407,-0.83692,2.326941,-0.7260737,0.15112484,-0.6140409,-0.4401738,0.20327504,0.08001716,0.32501477,-0.55303705,-0.18678994,-0.047010366,-0.14925656,-0.0722869,-0.016256746,-0.025126953,-0.2518115,-0.31209916,0.024263319,0.007293906,-0.08925534,-0.009895375,-0.012870957,-0.026890159,-0.004790824
3.0384173,-1.2284219,-0.38882083,1.5747377,-0.28593296,0.74352765,0.086285144,-0.8370133,2.3229613,-0.7307653,0.15772182,-0.6139789,-0.43926132,0.19385026,0.08886169,0.31080213,-0.5568597,-0.18473679,-0.04709887,-0.09276974,-0.07912265,-0.006988787,-0.012663181,-0.11074506,-0.11880855,0.009846931,-0.0017057558,-0.09399792,-0.005180261,-0.015751867,-0.056775615,0.013340783
3.0318398,-1.221848,-0.38509184,1.580575,-0.31472597,0.6879822,0.096663505,-0.83731806,2.3129835,-0.7363789,0.17984428,-0.6097601,-0.4262547,0.16802442,0.10777196,0.238255,-0.577384,-0.18242756,-0.05134914,-0.10891147,-0.07715933,-0.010151618,-0.017173637,-0.15971722,-0.19165003,0.015390692,0.001768987,-0.0923167,-0.0068061976,-0.014552054,-0.043674298,0.005723183
3.020104,-1.2109848,-0.3795796,1.5899568,-0.36063316,0.60090667,0.112624116,-0.83783364,2.2971177,-0.74584967,0.21448667,-0.60365415,-0.40690053,0.1271855,0.13864154,0.1269101,-0.60890955,-0.17826882,-0.05727841,-0.11326968,-0.076631725,-0.011734316,-0.019785069,-0.18369016,-0.23917939,0.019009821,0.004080721,-0.091362625,-0.0076242033,-0.013558825,-0.032267064,-0.0003276834
2.9952483,-1.1914442,-0.37151435,1.6065387,-0.4370995,0.45945913,0.13779217,-0.83864033,2.2711072,-0.7632584,0.26971567,-0.5948937,-0.37840545,0.06081186,0.1901574,-0.044680603,-0.6574,-0.17056601,-0.0658301,-0.07543108,-0.0811537,-0.0065773823,-0.013337596,-0.10768589,-0.14374411,0.012169321,-0.00017555647,-0.09393866,-0.004975033,-0.014781656,-0.043463435,0.007475417
2.972454,-1.1717335,-0.36251947,1.623274,-0.5167842,0.31073508,0.1647144,-0.8394788,2.2442944,-0.78058964,0.32686815,-0.58514345,-0.34760547,-0.007624276,0.24255098,-0.225299,-0.70826995,-0.16323416,-0.075447254,-0.052420985,-0.08402504,-0.004413984,-0.011462221,-0.07095726,-0.1332124,0.011269204,-0.0005721027,-0.09460932,-0.0039793244,-0.0142168645,-0.03581017,0.004326432
2.941105,-1.1473895,-0.35239297,1.6440144,-0.6140791,0.12964126,0.19666664,-0.84070605,2.209603,-0.80256283,0.40201405,-0.573963,-0.30916432,-0.09688646,0.31306872,-0.45958388,-0.7752733,-0.15213253,-0.08525949,-0.0066345306,-0.08938799,0.0016690956,-0.0038625507,0.017048249,-0.019138888,0.0032046568,-0.0056068557,-0.097801715,-0.00065760233,-0.01567062,-0.04844881,0.014615775
2.92885,-1.1372292,-0.34811765,1.6526761,-0.65087456,0.062721804,0.20913571,-0.8407853,2.1994402,-0.8110325,0.4217271,-0.5694373,-0.2981996,-0.12169774,0.33032748,-0.51933765,-0.7914072,-0.15074076,-0.088668436,-0.00048750662,-0.08997005,0.0028211523,-0.0019244655,0.0261982,0.025867404,0.00044166515,-0.00748658,-0.0987443,6.9958274e-05,-0.016900232,-0.060833402,0.021447754
2.902891,-1.1055847,-0.33406788,1.6784276,-0.7433705,-0.092099994,0.2430553,-0.83861804,2.1967647,-0.8328976,0.40177757,-0.55666435,-0.29912266,-0.11402811,0.3066696,-0.4447269,-0.7616104,-0.16745283,-0.08572869,0.018350799,-0.09255462,0.0046853395,-0.00048862037,0.06909767,0.031976532,-0.0008642778,-0.0078020045,-0.09886939,0.0013309821,-0.016247602,-0.051597442,0.016082495
2.881322,-1.0788876,-0.3223735,1.6999787,-0.8205935,-0.22033164,0.27124467,-0.83677006,2.1952877,-0.8513068,0.38260192,-0.54618716,-0.30133474,-0.1051821,0.28527898,-0.37347737,-0.7341203,-0.1818666,-0.08175059,0.043990765,-0.0959477,0.00760974,0.0023012867,0.1293608,0.05528313,-0.0035536746,-0.008971379,-0.09954132,0.0031415229,-0.015688663,-0.043342773,0.012240507
2.8630748,-1.0576682,-0.31283018,1.7175835,-0.8816321,-0.3228475,0.29397666,-0.83517104,2.1940265,-0.8657049,0.36857787,-0.53725743,-0.30201754,-0.09868599,0.2670267,-0.32017627,-0.71330345,-0.19395226,-0.07910228,0.027081382,-0.09360354,0.0056657754,0.00073808595,0.086474225,0.069048725,-0.003667128,-0.00922949,-0.0992613,0.0028159153,-0.017221386,-0.058184892,0.01955022
2.8502896,-1.0420704,-0.30613995,1.7300856,-0.92702794,-0.39812264,0.31033733,-0.83414763,2.1927533,-0.87662524,0.35829,-0.53134763,-0.3031353,-0.09471029,0.25591347,-0.28164294,-0.6980552,-0.20181663,-0.077734634,0.05283397,-0.09704999,0.008745062,0.0037489166,0.1486017,0.09084571,-0.006236824,-0.010407321,-0.09998408,0.004369491,-0.016550945,-0.049872264,0.015196963
2.83195,-1.0196756,-0.29653051,1.7480246,-0.9920116,-0.5057137,0.33377346,-0.8326531,2.1911073,-0.89225936,0.34312043,-0.5228644,-0.30499074,-0.08847127,0.23941411,-0.22457516,-0.6756489,-0.21328059,-0.075555466,0.0868774,-0.10156085,0.012969547,0.008105137,0.23102401,0.13081358,-0.010330823,-0.01243784,-0.10113389,0.0065780883,-0.016022792,-0.04254682,0.0114395805
2.8172028,-1.0028288,-0.28895372,1.7621213,-1.0402043,-0.5868551,0.35180655,-0.8313714,2.1902072,-0.903657,0.33175737,-0.5156981,-0.30546674,-0.08307349,0.22459263,-0.18188977,-0.6591158,-0.2229935,-0.07305114,0.07051754,-0.09933288,0.010887743,0.006108916,0.18909083,0.12948233,-0.009526234,-0.0120696165,-0.10063879,0.0060869614,-0.017016772,-0.051868256,0.016072469
2.8089876,-0.9924987,-0.28474486,1.7701626,-1.069809,-0.63492894,0.3622115,-0.8307139,2.1897647,-0.9109654,0.32352656,-0.51219124,-0.30736104,-0.07916631,0.21691673,-0.15114048,-0.64747083,-0.22810705,-0.071534716,0.103321604,-0.103650026,0.015072786,0.01051035,0.26950088,0.1679233,-0.013450306,-0.014086613,-0.1018822,0.008125626,-0.016418114,-0.044522077,0.012823569
-2.9244328,2.7685623,0.84598,0.5077796,-0.653776,2.8576846,0.27424878,-0.023952791,0.5585701,0.3960348,-0.50265795,0.7596312,-0.9244649,0.08485163,-0.38245347,0.533054,0.008012895,0.08277761,-0.09303829,4.374075,-0.17809318,0.014933494,-0.065754876,-1.1671945,0.24550705,0.052713003,0.0027128174,0.0030254524,0.09978953,0.0036664922,0.6514376,1.4539508
-3.0072677,2.8277924,0.87505394,0.5620044,-0.92187756,2.3262093,0.36359835,-0.02543196,0.45913258,0.3295163,-0.3060345,0.78318757,-0.79742014,-0.16057129,-0.20062886,-0.13658264,-0.17662925,0.107794195,-0.13081169,3.6109257,-0.13198978,-0.0035530785,-0.06421769,-1.1788876,0.04788813,0.05089973,-0.0043579494,-0.018680952,0.119136624,0.005046511,0.665767,1.4745857
-2.9987962,2.7790806,0.862692,0.51210046,-0.940507,2.1407166,0.3371734,-0.022349494,0.36952046,0.27647147,-0.22926742,0.70317835,-0.65899503,-0.34191024,-0.016039278,-0.7458946,-0.33844042,0.16834028,-0.11832553,-0.14364329,0.014770234,0.007309532,0.022706922,0.047020096,0.014906919,0.010525355,0.02016437,-0.0062863985,-0.007202147,0.022535723,0.0111307185,0.025946219
-3.0741937,2.8652325,0.90282756,0.5839803,-1.2118757,1.6693044,0.43679425,-0.01794795,0.34164616,0.21492864,-0.22464573,0.74206084,-0.6316811,-0.38128042,-0.029655376,-0.7375746,-0.31716797,0.13461389,-0.11790157,-0.18883315,0.020597627,-0.0010929367,0.011682573,-0.09284913,-0.107785724,0.020762458,0.026758319,-0.0024487362,-0.009738114,0.022971265,0.022245945,0.018617377
-2.8452446,2.65027,0.7991528,0.3984818,-0.39849728,3.1741378,0.14964566,-0.015958495,0.56494665,0.38993704,-0.6640369,0.6306393,-0.8974189,0.165279,-0.40034783,0.6434751,0.058491234,0.113701865,-0.04915034,-0.010195159,-0.003691178,0.032590434,0.054788087,0.5328731,0.38574475,-0.024620999,-6.257277e-05,-0.015264074,0.0038059677,0.021443866,-0.010975994,0.03538719
-2.9047415,2.7011733,0.82455045,0.44336355,-0.61106306,2.7693982,0.2236706,-0.018201102,0.49035406,0.34559223,-0.49939469,0.65944475,-0.80586493,-0.027574921,-0.25656244,0.11655113,-0.09105102,0.13312879,-0.07825203,-0.07431246,0.0048767836,0.021025378,0.04009756,0.31660232,0.20977451,-0.008515926,0.009301519,-0.010811336,-0.001592554,0.022152614,-0.0002581328,0.028227242
-2.96839,2.7540643,0.8506135,0.490086,-0.8354929,2.3406396,0.30110946,-0.021051783,0.40779424,0.29866186,-0.31452432,0.68937224,-0.7051956,-0.24248423,-0.092103906,-0.47426537,-0.2606172,0.15720537,-0.10555301,-0.12620643,0.012195222,0.010889842,0.027187554,0.120648,0.060801577,0.0056841276,0.01746241,-0.007341622,-0.00579293,0.022652315,0.010069816,0.02529637
-3.043296,2.8272798,0.88533735,0.55259824,-1.1008519,1.8567152,0.39525393,-0.020699317,0.34444842,0.24067898,-0.20043553,0.7257185,-0.63169885,-0.39153972,0.0013951216,-0.8272702,-0.35274005,0.15605195,-0.12289729,-0.16771786,0.017907672,0.002509292,0.01627203,-0.034813125,-0.061046056,0.016962545,0.024237836,-0.004100275,-0.008827897,0.022968816,0.019288315,0.020862063
-2.7288785,0.19855821,2.069392,0.7607592,3.2003171,0.7254075,-0.74838394,-0.44124982,-0.65771663,-1.2993127,-0.5765369,-0.3570394,-1.1689011,-0.14311545,-0.5751062,0.8432152,0.114144124,0.14493471,-0.07097028,0.10269625,0.03704465,-0.08446346,0.029675985,0.45891136,0.37628907,-0.035847593,0.00029239923,-0.009632826,0.019999774,-0.061733633,-0.003798567,0.016811311
-2.7817614,0.24356486,2.0919106,0.8005248,3.0111728,0.36458144,-0.6825526,-0.44335225,-0.72501665,-1.3386803,-0.42721346,-0.33137915,-1.086153,-0.31752026,-0.44430783,0.36505783,-0.022002436,0.16296203,-0.0962633,0.04398148,0.044930514,-0.09508831,0.01617779,0.26057088,0.21422793,-0.02105514,0.008896763,-0.005586235,0.015137875,-0.061027292,0.0068578,0.0105619235
-2.8443003,0.29641283,2.1178505,0.8469691,2.7903686,-0.05533555,-0.60618293,-0.44583267,-0.80342376,-1.3850554,-0.2538728,-0.3019589,-0.9908559,-0.52045524,-0.29123968,-0.18841831,-0.17958812,0.18435074,-0.12500899,-0.0036468054,0.051515415,-0.10437557,0.004262428,0.08143858,0.07476134,-0.007823979,0.016532551,-0.0022173666,0.011001569,-0.060559597,0.01579186,0.006066814
-2.906496,0.3554152,2.1459677,0.8976376,2.5703435,-0.4602286,-0.5285935,-0.44617856,-0.8615965,-1.4327639,-0.14214729,-0.2719982,-0.9225497,-0.6612552,-0.19668314,-0.53733504,-0.2739248,0.18827629,-0.13996819,-0.039121818,0.056535024,-0.11168586,-0.0052282372,-0.056139935,-0.031084083,0.002100204,0.02243407,0.0004211916,0.008476535,-0.060238328,0.02465563,0.0034512645
-2.982377,0.44895643,2.189025,0.97474325,2.2953768,-0.92448276,-0.42602798,-0.43951663,-0.86957663,-1.4964956,-0.19917826,-0.23191912,-0.9216026,-0.6390259,-0.27017716,-0.32502535,-0.1885205,0.13647552,-0.13010997,-0.076790385,0.061179396,-0.11866828,-0.014588453,-0.1626017,-0.13352065,0.010021583,0.02790404,0.0040427283,0.006827933,-0.059844166,0.035560064,-0.004962078
-3.0595853,0.543781,2.2323682,1.0527248,2.0170946,-1.3934817,-0.32255214,-0.4327923,-0.8775763,-1.5612531,-0.25745103,-0.19174138,-0.9214673,-0.6162058,-0.34429842,-0.1074987,-0.10120396,0.084340766,-0.120383106,-0.100184016,0.063989066,-0.12354581,-0.021410499,-0.2328622,-0.20469704,0.015343039,0.031845286,0.0068301223,0.006146948,-0.059624806,0.044654023,-0.012298367
-2.8258054,2.6353471,0.7916276,0.38493356,-0.33031937,3.3071022,0.12635073,-0.014668512,0.5939124,0.40388593,-0.7319875,0.62148625,-0.9332108,0.24229677,-0.46229365,0.8614188,0.12274927,0.10327157,-0.04341331,0.011557195,-0.0069246097,0.03681069,0.060020797,0.61469287,0.44340846,-0.03018246,-0.0031946097,-0.016473647,0.005171267,0.021264864,-0.01578759,0.03399073
-2.890249,2.6890218,0.8186436,0.4326919,-0.56057835,2.865263,0.20624536,-0.017645948,0.5082014,0.35625204,-0.53875923,0.65275496,-0.827457,0.01857426,-0.29132724,0.24202384,-0.05536362,0.12827937,-0.07164947,-0.06437253,0.0034810426,0.02294496,0.042506948,0.35490292,0.23575847,-0.011129186,0.007824251,-0.011456849,-0.00074841664,0.022176247,-0.0008910132,0.028527467
-2.9486628,2.7375393,0.8426561,0.47561598,-0.7671948,2.4700642,0.27759096,-0.020313073,0.43177876,0.3131522,-0.36722282,0.6803941,-0.73404753,-0.18055892,-0.13875337,-0.30652422,-0.21297303,0.1507112,-0.09663225,-0.11577285,0.01069522,0.013033584,0.029896216,0.16466664,0.089135334,0.0027163606,0.015797844,-0.008033718,-0.0048568877,0.022724453,0.00965244,0.025457673
-2.9952295,2.7762215,0.8615273,0.5096391,-0.9310498,2.1575856,0.33390668,-0.022434408,0.3714823,0.27874243,-0.23242311,0.70199007,-0.6610168,-0.33742613,-0.018136235,-0.7366876,-0.33648753,0.16854809,-0.116075985,-0.14310202,0.014703324,0.0071323263,0.022236194,0.047789358,0.00089759106,0.011330329,0.020744683,-0.006111785,-0.0071828943,0.023056988,0.017025163,0.023941146
-3.9119208,-1.9557914,-0.5722303,-1.1298703,-0.13480935,1.6653484,0.1339276,0.6722736,0.2042155,-0.42216948,-0.2515653,-0.7864592,-0.7518795,0.02338237,-0.32594496,0.6730701,0.2573195,0.12903568,-0.05051525,0.07347851,-0.012834199,0.02548224,0.040788844,0.37900037,0.31134957,-0.031251222,-0.005099304,-0.0021824366,0.0102480315,0.017054133,-0.005432879,0.0316939
-3.9819152,-1.8987379,-0.5436818,-1.0789572,-0.38256642,1.1885021,0.21943769,0.6686937,0.10895701,-0.4734477,-0.034715552,-0.7530672,-0.6346308,-0.22639954,-0.13216998,-0.021616645,0.056157697,0.1586738,-0.078434154,-0.0013259331,-0.0022917686,0.011431973,0.02310435,0.11137275,0.10712621,-0.012101074,0.0058982424,0.002534158,0.0046874103,0.017834403,0.009647861,0.02923342
-4.053339,-1.8349756,-0.51286364,-1.023543,-0.6343737,0.7170007,0.30734813,0.6670373,0.03045795,-0.52717537,0.12960808,-0.71915704,-0.540517,-0.4242553,0.010569648,-0.54204834,-0.08923297,0.17354788,-0.104065746,-0.04987841,0.0044690254,0.0018358895,0.010774169,-0.07214876,-0.033372976,0.0012110793,0.013661423,0.006003078,0.0007830967,0.018227348,0.019055469,0.025291545
-4.1428957,-1.7245048,-0.4618543,-0.93231755,-0.95887613,0.16874394,0.4286477,0.67495626,0.021354537,-0.60228384,0.061556246,-0.67154825,-0.53932,-0.39709997,-0.07740607,-0.28942218,0.012046816,0.1118532,-0.09143671,-0.105539255,0.011427083,-0.0080351615,-0.0021791363,-0.22648051,-0.17527372,0.012376317,0.021172266,0.01085833,-0.0018129606,0.018722255,0.03245253,0.015367314
-3.6508229,-1.2482991,0.53538173,0.33873162,2.5590703,1.1753789,1.3069763,-0.9301343,0.67146444,1.286733,-0.7691726,0.60707974,0.8914243,0.35507447,-0.4384255,1.2767895,0.07828032,0.11506551,0.012893283,0.12816025,-0.022724949,-0.027014716,-0.01592472,0.64321774,0.41609803,-0.12846482,-0.043654855,-0.0020640232,-0.007762213,0.047365494,-0.17516753,0.03769345
-3.698801,-1.2097266,0.5551942,0.3735711,2.3864765,0.8402289,1.366673,-0.9329555,0.6019373,1.2515734,-0.60821736,0.6307144,0.9780505,0.17140256,-0.29407623,0.75940007,-0.07280058,0.13797635,-0.0049110847,0.059963856,-0.013192617,-0.03954697,-0.031711403,0.4102077,0.2278755,-0.11137803,-0.03377965,0.0022554314,-0.012638119,0.04840549,-0.15838869,0.034708157
-3.7511222,-1.1657177,0.57701236,0.41241366,2.2005694,0.48541093,1.4310416,-0.9351891,0.5345913,1.2127678,-0.4580847,0.6556572,1.0603952,-0.003526092,-0.16130793,0.27926943,-0.21011172,0.1569321,-0.028470252,0.0122232195,-0.0066126697,-0.048608877,-0.0432793,0.23788771,0.091122314,-0.0986269,-0.026399152,0.0055346894,-0.016582532,0.04896635,-0.14872772,0.030544061
-3.8111463,-1.1148096,0.601725,0.45692316,1.9894689,0.08525579,1.5038526,-0.9374799,0.46058643,1.16817,-0.29553545,0.68348145,1.1496419,-0.194549,-0.017406186,-0.23877485,-0.35719457,0.17686512,-0.056067746,-0.020300461,-0.0020149085,-0.055539723,-0.052332066,0.10065096,-0.014260836,-0.08834824,-0.020484008,0.008017233,-0.019685106,0.049284007,-0.14168496,0.026901765
-3.9100103,-1.0031133,0.65355617,0.5500687,1.6354858,-0.53065985,1.6332945,-0.93202126,0.42167035,1.0878364,-0.28196084,0.7337444,1.1880107,-0.2537271,-0.02744965,-0.25223014,-0.33678678,0.13543977,-0.058288973,-0.0677364,0.004092025,-0.06471495,-0.06448372,-0.053066827,-0.14572984,-0.07721982,-0.013258274,0.012291071,-0.022348195,0.049577076,-0.13056928,0.018545644
-4.0235624,-0.86357886,0.7173712,0.66497004,1.227408,-1.2179915,1.7853057,-0.9220112,0.41119325,0.99282366,-0.37109876,0.79298383,1.1868864,-0.21637583,-0.13989222,0.07909754,-0.20532098,0.05759871,-0.04099596,-0.111843765,0.009596124,-0.073248394,-0.075975016,-0.18175006,-0.2615998,-0.06826681,-0.0068452335,0.016708398,-0.023676235,0.049732678,-0.11829763,0.009663207
-4.118482,-0.7471907,0.77016455,0.7605265,0.8879992,-1.788186,1.911307,-0.91368747,0.40295547,0.91342115,-0.44715753,0.8417337,1.1842914,-0.18368906,-0.2339935,0.36227465,-0.09364753,-0.007057663,-0.026114928,-0.12720123,0.01145685,-0.077216946,-0.081766255,-0.23480469,-0.3121503,-0.064654976,-0.0037591471,0.01910805,-0.023295974,0.049653873,-0.110159114,0.0039813058
-4.14763,-0.7109909,0.7862035,0.78982085,0.7830204,-1.9628917,1.9497991,-0.9111417,0.40087423,0.88856107,-0.4726381,0.8561924,1.1817219,-0.17194493,-0.26335576,0.45751593,-0.056723144,-0.026860729,-0.021005899,-0.105567314,0.00863261,-0.07472768,-0.07925741,-0.18492867,-0.2807496,-0.06768117,-0.0051744757,0.018458867,-0.021452887,0.04966609,-0.10704339,0.0026575367
-3.8019605,-1.1238608,0.596776,0.4490233,2.0294046,0.16196376,1.4897387,-0.9369636,0.47489282,1.1760789,-0.32737237,0.6779184,1.1315473,-0.15743168,-0.045647785,-0.13511813,-0.32760447,0.17301087,-0.051032428,-0.009426521,-0.0033125442,-0.052754585,-0.047971364,0.14090946,0.06428041,-0.09414349,-0.024198512,0.006374982,-0.018277016,0.047662597,-0.15977427,0.03642423
-3.8857472,-1.0343553,0.63919365,0.5247269,1.7287761,-0.37345397,1.5988457,-0.93410873,0.42509702,1.1093695,-0.26436716,0.7206486,1.1873442,-0.25915468,-0.005565603,-0.3179186,-0.36405516,0.15183972,-0.060079426,-0.078960896,0.005807818,-0.0652001,-0.06392477,-0.0763088,-0.117136315,-0.07842264,-0.014535463,0.011600394,-0.022813542,0.048289295,-0.14632316,0.028062452
-3.9909067,-0.90501845,0.6990196,0.6316455,1.3480518,-1.0175306,1.7412081,-0.9248714,0.41364166,1.0213591,-0.34171036,0.7765903,1.1900423,-0.229774,-0.106941976,-0.030261694,-0.24775064,0.08003755,-0.046922743,-0.15004492,0.014665771,-0.07756353,-0.080042146,-0.2713209,-0.2947751,-0.06435331,-0.0051731733,0.017654827,-0.026366252,0.048871722,-0.13101113,0.015701268
-4.099885,-0.7715352,0.76032704,0.74174404,0.9557765,-1.6799645,1.8874285,-0.91538036,0.40192854,0.93031067,-0.4221255,0.8336886,1.1916888,-0.19910659,-0.21099353,0.26967797,-0.12673092,0.006482135,-0.033763163,-0.20269088,0.021148961,-0.08723457,-0.09292866,-0.41979623,-0.43204337,-0.053646423,0.0022303625,0.022659808,-0.02864589,0.049209777,-0.11807908,0.004651053
-2.6429982,1.6618937,-2.7494042,-0.01893421,2.3092344,0.26402295,-0.451797,0.9940004,0.50897264,-0.74248976,-0.31612152,0.4808453,-0.46359387,0.31971666,-0.29162997,-0.030482627,-0.056362387,-0.047660578,-0.07959917,0.023874914,0.043755364,0.0822235,-0.03314441,0.22491984,0.21871345,-0.015083863,-0.04462793,-0.014170974,0.03844021,-0.017620508,-0.0013346882,0.012358477
-2.6927297,1.7040203,-2.7285554,0.0181854,2.1327577,-0.072090276,-0.39059103,0.9920219,0.4462169,-0.77941304,-0.17714994,0.5045485,-0.3869177,0.1571854,-0.16931234,-0.47485495,-0.18290836,-0.03065389,-0.102814324,-0.02125463,0.04989635,0.073709376,-0.044054266,0.06390071,0.08811157,-0.0029991348,-0.03760889,-0.010978974,0.034591958,-0.0170524,0.007787258,0.0074175163
-2.7733712,1.7879885,-2.6888497,0.08926801,1.8447319,-0.5882238,-0.28686196,0.9941033,0.392583,-0.8431326,-0.09899598,0.54484636,-0.32631046,0.041537467,-0.11332062,-0.7083982,-0.23564827,-0.045344446,-0.11697415,-0.07497913,0.056925543,0.06367876,-0.057087302,-0.11358845,-0.060764566,0.010102754,-0.029566964,-0.0066727046,0.03075998,-0.01657135,0.018580599,-0.0006006164
-2.8773649,1.9158993,-2.629861,0.19487834,1.4687402,-1.2235678,-0.14643337,1.0032412,0.38162696,-0.930207,-0.17665985,0.59988713,-0.32455122,0.07172986,-0.21409465,-0.41949472,-0.11934332,-0.11637043,-0.10340791,-0.1363963,0.06456828,0.052754663,-0.07144449,-0.28411084,-0.2167032,0.022378394,-0.021275003,-0.0012364427,0.027897444,-0.016099831,0.032762125,-0.011858725
-2.9954388,2.0603426,-2.5636973,0.31389704,1.0444576,-1.93955,0.011512586,1.013491,0.36895737,-1.0288286,-0.26381898,0.66140217,-0.3232159,0.104948826,-0.32634774,-0.0939517,0.011957109,-0.1957066,-0.08945464,-0.18442185,0.070435986,0.04364035,-0.08373274,-0.42190897,-0.34442687,0.032261256,-0.01428043,0.0036289003,0.026031336,-0.01587776,0.04516504,-0.022941362
-3.1154034,2.2066758,-2.4971602,0.43421414,0.61602604,-2.6608562,0.17057426,1.0238758,0.35690662,-1.1288626,-0.35459444,0.7230085,-0.32392502,0.14094651,-0.4410224,0.24531704,0.14771026,-0.2759792,-0.07428062,-0.21148138,0.07365807,0.03759769,-0.09229307,-0.5070289,-0.4249972,0.03824012,-0.009579798,0.007208672,0.025707368,-0.01593463,0.05501453,-0.03178735
-1.7372878,-1.5168747,0.05580188,1.6812912,1.672173,1.3804222,1.0466298,-1.1870636,2.1521988,0.17328157,-0.38794756,0.04355997,0.31422648,0.22298038,-0.5201523,1.2055544,-0.31962886,-0.12113419,-0.16508791,0.9951381,-0.10934903,-0.026160471,-0.040258285,-0.017489798,0.45948678,-0.07328846,-0.024315858,-0.061072968,0.02816324,0.047944956,0.47348276,0.20711085
-1.7911872,-1.4741422,0.076913275,1.7195053,1.4869288,1.0220423,1.1099253,-1.1889784,2.083892,0.13228285,-0.24074458,0.06563088,0.39898294,0.048135683,-0.38782156,0.72559994,-0.45568278,-0.10218218,-0.18886223,0.79368,-0.0946798,-0.036393486,-0.047753908,-0.13629563,0.32214782,-0.0650201,-0.020874776,-0.063745946,0.029929016,0.04869217,0.48428592,0.20928276
-1.8164436,-1.4618278,0.085496575,1.728695,1.3864691,0.7979646,1.1373572,-1.1893412,2.030171,0.100215964,-0.14936452,0.060617555,0.47072834,-0.07943269,-0.28111976,0.3529712,-0.5590152,-0.079688065,-0.19863474,-0.059698902,-0.05952462,-0.037651293,-0.033202607,0.06740817,0.2548867,-0.068555765,-0.012300311,-0.05982667,0.0005286316,0.05292846,0.34514308,-0.113851994
-1.8832322,-1.4060134,0.112129584,1.777387,1.1550957,0.35983446,1.2166386,-1.1919975,1.948118,0.0509833,0.031162087,0.09062784,0.5687813,-0.29147542,-0.11971413,-0.22113018,-0.72253406,-0.056630787,-0.22744659,-0.077161595,-0.05669654,-0.042617362,-0.039874204,-0.039404083,0.18218844,-0.06071907,-0.0078740865,-0.058336463,-0.0014455256,0.052980147,0.3503424,-0.114784785
-1.9624007,-1.3210953,0.15131462,1.848459,0.87516177,-0.13373159,1.317498,-1.189026,1.9054884,-0.01216946,0.07742357,0.1293497,0.6135409,-0.37442297,-0.09175017,-0.34767386,-0.74277896,-0.07849904,-0.23422447,-0.09442447,-0.054304462,-0.04714046,-0.046192568,-0.11902224,0.11787973,-0.054878008,-0.004030045,-0.056280073,-0.0023587786,0.053026807,0.35732222,-0.11885614
-2.090288,-1.1653929,0.22207035,1.9764694,0.41891208,-0.90207094,1.4867917,-1.1780117,1.8921847,-0.11871447,-0.01785318,0.19485575,0.6132973,-0.33755755,-0.21255748,0.009012996,-0.59949464,-0.16349098,-0.21922134,-0.1209193,-0.0512053,-0.053199794,-0.0548551,-0.20333914,0.037133742,-0.048924387,0.00072228943,-0.052576996,-0.0026352818,0.052927382,0.3671164,-0.12843254
-2.7466693,-2.146987,-0.4654906,-1.466925,-0.24721937,1.5688506,0.21877374,0.6514285,0.23396894,-0.23050468,-0.26063368,-0.77611303,-0.7539697,0.17177641,-0.26824936,0.76457936,0.3464376,0.076241545,-0.011556962,0.05511447,-0.009655311,0.021558704,0.03349767,0.30712456,0.2424226,-0.026296629,-0.0033819892,0.00015748029,0.00716967,0.015597193,-0.019140426,0.03181205
-2.823165,-2.0847282,-0.43500617,-1.4117526,-0.51419306,1.0574423,0.310433,0.64769906,0.13285156,-0.28637934,-0.032216962,-0.74076957,-0.630943,-0.09255435,-0.06318002,0.034827687,0.1356656,0.107490495,-0.041618697,0.0011067992,-0.001727202,0.010423016,0.019309096,0.08766617,0.0825998,-0.010677338,0.005512284,0.003651271,0.0029847403,0.016077064,-0.0068431986,0.031299695
-2.921412,-1.9924688,-0.391462,-1.3326952,-0.85769457,0.42608756,0.43113464,0.64718115,0.041916773,-0.36124134,0.14228383,-0.69455343,-0.5249443,-0.3128812,0.08441539,-0.5098558,-0.010713167,0.114275984,-0.07038686,-0.037751354,0.0037897257,0.0017782218,0.007925617,-0.08046693,-0.040387176,0.0013809799,0.012648068,0.0068622064,-0.00023327033,0.016152442,0.000867929,0.027315
-3.0218675,-1.8691983,-0.33504975,-1.231099,-1.218201,-0.18136936,0.56549656,0.656031,0.03262015,-0.44515744,0.063702635,-0.6421227,-0.52570724,-0.28004107,-0.014944863,-0.21798961,0.10514232,0.045460638,-0.055060543,-0.07999109,0.0090638595,-0.006286961,-0.002904598,-0.20263931,-0.15233605,0.0100377435,0.018769763,0.011006364,-0.0016530699,0.016402276,0.0129194455,0.018797237
-3.145521,-1.7185389,-0.26652995,-1.1071761,-1.6594003,-0.92438036,0.7293207,0.6667185,0.020061584,-0.54816145,-0.029296516,-0.57864475,-0.52615774,-0.24345225,-0.13272658,0.12966044,0.24443093,-0.037111524,-0.039726667,-0.109692805,0.012608453,-0.012770275,-0.012031089,-0.29484084,-0.23914203,0.016519908,0.02379897,0.014806781,-0.0021326581,0.01635635,0.023113968,0.009479904
-3.2283416,-1.6175708,-0.22110416,-1.0244405,-1.9531187,-1.4168463,0.8380043,0.6739154,0.013109675,-0.61720675,-0.09604796,-0.5368694,-0.52943027,-0.21452758,-0.21413743,0.37863964,0.34230807,-0.092827074,-0.02686704,-0.10643071,0.012093151,-0.013796916,-0.014172784,-0.29890347,-0.24901687,0.016780008,0.024793262,0.015941765,-0.00070292444,0.016170636,0.028942319,0.005508055
-1.5779476,0.019676764,2.18219,0.4345009,3.0373478,0.53314984,-0.64594966,-0.46256217,-0.64514816,-1.1182922,-0.54817015,-0.3398999,-1.1500777,-0.03889587,-0.48489073,0.81526184,0.16962565,0.09634487,-0.039253764,0.07123264,0.041970387,-0.090724714,0.019454978,0.34211004,0.27417138,-0.027724078,0.003826603,-0.0064082476,0.015785875,-0.06316966,-0.01670242,0.015785517
-1.6313422,0.064414255,2.204214,0.4739485,2.8490279,0.17411247,-0.58085185,-0.46480596,-0.7131726,-1.1577477,-0.39682263,-0.31475535,-1.0671786,-0.21547015,-0.35083953,0.33159724,0.031372994,0.115494646,-0.06305968,0.027964508,0.047983527,-0.099151395,0.008647128,0.18053289,0.14678007,-0.015737506,0.010754705,-0.0033857299,0.012138012,-0.06265956,-0.0075200815,0.011974011
-1.6689289,0.09560927,2.2194633,0.50142324,2.7167504,-0.078312986,-0.5353557,-0.46652427,-0.7619276,-1.1855016,-0.28774792,-0.29727882,-1.0080248,-0.34236088,-0.25328237,-0.016703699,-0.0686723,0.1299283,-0.07875547,0.0046836147,0.051363908,-0.10415213,0.0021163607,0.082867384,0.06946548,-0.008347908,0.01502766,-0.0016985167,0.010141367,-0.062271036,-0.00027876277,0.01006119
-1.7240301,0.14199086,2.241559,0.54178804,2.52547,-0.43985903,-0.46978036,-0.46862632,-0.8288831,-1.2262661,-0.14120781,-0.27250817,-0.928185,-0.51499444,-0.12246875,-0.4825296,-0.20094308,0.1483083,-0.103067815,-0.0068388246,0.0532659,-0.10783072,-0.0029540325,0.0032265452,0.012285571,-0.0022271187,0.018508717,-0.00053014606,0.008606162,-0.06215421,0.00455336,0.008414865
-1.8025267,0.2331619,2.2833827,0.6173339,2.2452154,-0.9213441,-0.3668891,-0.46344632,-0.8513873,-1.2906593,-0.15607993,-0.2326831,-0.9093627,-0.53620803,-0.15415677,-0.4075663,-0.1583421,0.10850153,-0.09886454,-0.029650187,0.056217775,-0.112891346,-0.009936736,-0.07708826,-0.058875356,0.0035939126,0.022574095,0.001996373,0.007830717,-0.062020257,0.013041564,0.0031033373
-1.8837789,0.3322025,2.3283982,0.69866526,1.9541552,-1.4117308,-0.2590244,-0.45650128,-0.8605349,-1.3585713,-0.21491477,-0.19106032,-0.908801,-0.51473695,-0.229211,-0.186614,-0.06876443,0.05501298,-0.09085061,-0.04117914,0.057431422,-0.11604037,-0.014736304,-0.1169978,-0.10632742,0.006900929,0.02535399,0.0042185443,0.007818741,-0.061923675,0.020646425,-0.004377265
-2.6992586,-2.186218,-0.48444447,-1.501412,-0.08295973,1.8812344,0.16233386,0.653384,0.2933226,-0.19578786,-0.39239225,-0.7976963,-0.8255465,0.32573965,-0.38570487,1.1844206,0.46646273,0.059257284,0.008689732,0.08073259,-0.013423902,0.026989909,0.04039409,0.4178649,0.3160801,-0.033892654,-0.007638862,-0.0015448795,0.009362961,0.015644515,-0.022165727,0.03173355
-2.7624445,-2.1348226,-0.45895138,-1.4556618,-0.3056191,1.4533263,0.23894684,0.6501723,0.20783171,-0.24205656,-0.19817142,-0.7679568,-0.7208647,0.10171189,-0.21141721,0.56276256,0.28647828,0.08602295,-0.015950743,0.025326243,-0.0054634255,0.01596869,0.026338926,0.20627229,0.15192372,-0.018416889,0.001239075,0.002114988,0.005134645,0.016398963,-0.0078021674,0.029733038
-2.8194463,-2.0875528,-0.43599755,-1.4140961,-0.5047927,1.0739454,0.30739534,0.6476759,0.13512215,-0.2840113,-0.036140893,-0.7417424,-0.63295454,-0.08720933,-0.06662671,0.045935124,0.13834229,0.10724521,-0.039962616,-0.0062289177,-0.0008303901,0.009103066,0.017432557,0.06937016,0.05028686,-0.008395841,0.006973823,0.0043535363,0.0023924452,0.016717574,7.251973e-05,0.028068513
-2.8784173,-2.0381825,-0.4124792,-1.3710732,-0.7091351,0.68726605,0.3773884,0.6453493,0.06289298,-0.3275325,0.12252252,-0.715287,-0.5467631,-0.27374345,0.07529165,-0.45850697,-0.0052330513,0.12746276,-0.06546293,-0.019124862,0.0013268872,0.005069038,0.0119280275,-0.018341662,-0.010377793,-0.0018211595,0.01069462,0.0055647,0.0007896306,0.016796807,0.0049852976,0.027002994
-2.9648974,-1.9376842,-0.36638346,-1.2878224,-1.0177832,0.15722339,0.49072498,0.65110916,0.03847102,-0.3984762,0.105063595,-0.6714466,-0.5265001,-0.29605627,0.03912673,-0.37257883,0.042956457,0.083344534,-0.061913386,-0.043868616,0.0044706524,-0.000389008,0.0043729115,-0.104506694,-0.08780317,0.004487134,0.015110052,0.008377276,-0.00014202933,0.016926292,0.013773578,0.020629141
-3.0599375,-1.8216339,-0.31369543,-1.1924894,-1.3573585,-0.41410547,0.61670834,0.65934086,0.029089265,-0.4778308,0.032478653,-0.6227368,-0.52751744,-0.26695576,-0.052009813,-0.10134088,0.1512559,0.019691346,-0.049591925,-0.05980122,0.0063156644,-0.0044246456,-0.0015588395,-0.15825465,-0.14288294,0.008424421,0.018386228,0.010939388,-3.48108e-05,0.016923841,0.022121485,0.013585082
-1.963197,0.32455724,-0.6697262,0.9026223,0.22936231,0.26787314,-2.488575,-1.0645708,-0.4884177,1.9200591,-0.2421553,-1.4915918,-0.27912816,0.37501013,-0.48876995,-0.3915707,-0.184917,-1.1698756,0.024954023,0.012977512,-0.0018509751,0.03441024,0.086960666,0.12911971,0.055118695,-0.043246184,-0.05507182,0.024866473,-0.09220778,-0.03891438,-0.1485083,0.0567161
-2.0326455,0.3872739,-0.639764,0.956822,-0.013849299,-0.18481,-2.4036481,-1.065805,-0.560903,1.8677194,-0.09380886,-1.4590473,-0.1931105,0.19408515,-0.36072424,-0.8597884,-0.31419316,-1.1580842,-0.00046305137,-0.02155047,0.002959841,0.027090132,0.07735832,-0.012581808,-0.054632522,-0.03270992,-0.048895337,0.02762616,-0.09528594,-0.03863142,-0.14106618,0.052366212
-2.1742413,0.56040287,-0.56020236,1.0997359,-0.5226371,-1.0443357,-2.21391,-1.0534809,-0.5761903,1.7496537,-0.19771832,-1.3848637,-0.19063132,0.23352157,-0.49567106,-0.47224176,-0.15768982,-1.2535325,0.016478198,-0.09549767,0.012105688,0.013779283,0.059795856,-0.21932964,-0.2407519,-0.018057037,-0.038873203,0.03438217,-0.09859412,-0.03826545,-0.12511016,0.038306717
-2.2899437,0.7018408,-0.49575794,1.2161963,-0.9357255,-1.7397072,-2.0602124,-1.0433446,-0.58675086,1.6532465,-0.28829736,-1.3250831,-0.19220677,0.27149504,-0.6094664,-0.13530447,-0.024131747,-1.332189,0.033875637,-0.13284522,0.016742289,0.006228518,0.049485393,-0.33102894,-0.34169242,-0.010344596,-0.03317973,0.038414832,-0.099446185,-0.03820329,-0.11372465,0.029932935
-2.392577,0.82648975,-0.43939105,1.3185381,-1.3003566,-2.3529367,-1.9251734,-1.0345408,-0.5971342,1.5678488,-0.3655053,-1.2730379,-0.19333401,0.3018077,-0.70627904,0.15392275,0.09165418,-1.400035,0.04612906,-0.14113148,0.017567787,0.0032352495,0.044745002,-0.36596882,-0.38100323,-0.0077485247,-0.030635063,0.040654514,-0.09880065,-0.038334727,-0.1063528,0.022886904
-2.5204782,0.9813244,-0.36973906,1.4455158,-1.7522066,-3.111699,-1.7581323,-1.0235993,-0.6094881,1.4616823,-0.46307963,-1.2088902,-0.19615674,0.3410575,-0.82723016,0.51966745,0.23734036,-1.4842343,0.062019728,-0.1374829,0.01685091,0.0016412643,0.04151757,-0.3740101,-0.39431354,-0.0073752906,-0.029187772,0.042491157,-0.09694511,-0.03880323,-0.100279965,0.016378393
-1.8253886,0.21118021,-0.72450346,0.8028232,0.7057854,1.1750437,-2.652162,-1.0586715,-0.31454402,2.0206857,-0.62959665,-1.5542164,-0.48901746,0.826774,-0.834664,0.8430381,0.16887988,-1.2205733,0.08264993,0.09097368,-0.013389618,0.050624978,0.10734443,0.4615092,0.26692262,-0.06540343,-0.06745084,0.020023532,-0.08584524,-0.038540546,-0.15517072,0.054330055
-1.8866074,0.2620785,-0.69935703,0.8478405,0.4897162,0.7620958,-2.5775366,-1.0613885,-0.3939678,1.9755534,-0.4517613,-1.5253271,-0.39202043,0.6200216,-0.6766291,0.2743591,0.005719848,-1.1975219,0.05622796,0.038642183,-0.006064782,0.040445745,0.09433448,0.26664382,0.114003696,-0.051033594,-0.059168715,0.023609454,-0.09011653,-0.037910055,-0.1436463,0.05057693
-1.9557616,0.31951377,-0.6715855,0.8982636,0.24888663,0.30405897,-2.4948041,-1.0643209,-0.48113802,1.9246883,-0.25817615,-1.4937154,-0.28689238,0.3938636,-0.5037775,-0.34267065,-0.17080568,-1.1724082,0.026797097,0.0040406277,-0.0009451282,0.032761324,0.08436194,0.11140226,0.0020952816,-0.03979513,-0.052766543,0.026081407,-0.09320779,-0.0376659,-0.13583985,0.049019568
-2.0101397,0.3644948,-0.65015024,0.9375682,0.060804706,-0.052873395,-2.4305336,-1.0666646,-0.5492973,1.8847141,-0.10709996,-1.4694034,-0.20542997,0.21712963,-0.36785838,-0.82322913,-0.30838865,-1.1523765,0.004540646,-0.0077025634,0.0011328114,0.028953638,0.079197176,0.027981438,-0.053606305,-0.03367404,-0.049318776,0.027092086,-0.09452714,-0.037587505,-0.13065779,0.049120575
-2.130851,0.5084415,-0.58427244,1.0563612,-0.3707795,-0.7868849,-2.27102,-1.0573045,-0.57201874,1.7848201,-0.16607718,-1.4076561,-0.19181103,0.22070083,-0.45307907,-0.58989507,-0.20480518,-1.2240254,0.010350847,-0.04389548,0.0054175714,0.021517755,0.06887801,-0.08410044,-0.16016954,-0.025344713,-0.043328103,0.031360123,-0.0960958,-0.03749024,-0.12057105,0.037632197
-2.2682006,0.6760796,-0.50829107,1.1941425,-0.8594266,-1.6080556,-2.0895994,-1.0452987,-0.58401746,1.6704267,-0.27514073,-1.3374097,-0.19528061,0.26728418,-0.58841556,-0.18372682,-0.044484917,-1.3170682,0.031487256,-0.06942318,0.008545977,0.015379235,0.06012108,-0.16899776,-0.23536892,-0.019829066,-0.038744036,0.03494271,-0.0957536,-0.037732333,-0.11028252,0.030044552
-1.5096409,-0.29613158,-0.715165,1.0230564,0.43284544,1.6916993,-1.8564316,-1.7143453,1.1721051,-1.2929441,-0.61220825,0.74808127,0.53844416,-0.123800546,0.7707502,0.43710557,2.8925126,0.90804905,0.08310902,0.057497922,-0.050280653,0.04318835,0.099813566,0.31659958,0.21310362,-0.08156936,0.00060128764,-0.082763255,0.040460747,-0.026580587,-0.11716809,-0.028561916
-1.5702754,-0.24535562,-0.690253,1.0677849,0.21958081,1.2854265,-1.7827663,-1.7168624,1.0952986,-1.3377073,-0.4415673,0.77648246,0.63186616,-0.32305413,0.9219505,-0.107919924,2.7368183,0.9296092,0.056102283,0.011334643,-0.043833997,0.03410574,0.08816727,0.14114825,0.07714531,-0.06864911,0.008048385,-0.07954043,0.036536593,-0.026100779,-0.107848756,-0.03234989
-1.6170788,-0.20663357,-0.67145944,1.1018401,0.056001436,0.973667,-1.7266012,-1.7189652,1.035215,-1.3721538,-0.30741498,0.7979813,0.7044963,-0.47930947,1.0420864,-0.5358541,2.6139817,0.9473799,0.036705084,-0.013323138,-0.040171187,0.028596759,0.08097617,0.031150347,-0.005572327,-0.0605063,0.012719772,-0.07776697,0.03438748,-0.025787847,-0.10068813,-0.03372626
-1.6804951,-0.14971136,-0.6446006,1.1508064,-0.16493317,0.56308866,-1.6499107,-1.7201866,0.96880513,-1.4199412,-0.17133807,0.82703704,0.7824806,-0.64527386,1.1607137,-0.96455765,2.495565,0.9590363,0.012980924,-0.026082732,-0.038190387,0.024670405,0.07551726,-0.05077122,-0.06633982,-0.054186385,0.016411837,-0.076338544,0.03280462,-0.025698382,-0.09575298,-0.036484238
-1.7924367,-0.012673665,-0.5820407,1.2636213,-0.5661245,-0.11278769,-1.5006468,-1.7104082,0.9578819,-1.5134231,-0.25719008,0.8850838,0.78194237,-0.6104911,1.0519866,-0.6446415,2.623205,0.88322484,0.028400732,-0.06376581,-0.033559673,0.017140506,0.06522969,-0.1623342,-0.16942298,-0.04630893,0.02216989,-0.07226604,0.031746387,-0.025578236,-0.08441074,-0.04551104
-1.944874,0.17249472,-0.4980676,1.4158254,-1.1082628,-1.0253687,-1.2996184,-1.69731,0.9421932,-1.6401876,-0.37090564,0.9627771,0.7811871,-0.56628805,0.908236,-0.21871401,2.7941036,0.7822605,0.046294034,-0.089903265,-0.030545954,0.010782346,0.056015275,-0.24883805,-0.25029114,-0.040417124,0.027097408,-0.06824864,0.031822834,-0.02586207,-0.0745204,-0.055840522
-1.8258985,0.22420336,-0.4260832,0.7895986,0.6811906,1.1890414,-0.68592435,0.047732614,-0.3328289,-0.21182689,-0.54776174,-0.10620534,-0.26108262,0.21713047,1.8940464,1.7000909,-0.6508954,-0.06061638,3.4151952,0.005179186,-0.010911943,0.029945279,0.039392896,0.30452985,0.39712512,-0.022766167,2.9280687e-05,0.0018045246,0.005944824,0.014604451,0.09071129,-0.0035231
-1.9046443,0.286986,-0.39507347,0.8456722,0.40556985,0.657713,-0.5915698,0.04337339,-0.44197544,-0.26906878,-0.29758263,-0.069652595,-0.12767868,-0.07010384,2.1205714,0.89950025,-0.88410413,-0.024545908,3.3874347,-0.055780895,-0.0017997081,0.017149404,0.02305663,0.055012036,0.20962633,-0.004748225,0.010276311,0.0057191644,0.0015357875,0.015462565,0.10911159,-0.0029171903
-1.972697,0.34167376,-0.36868924,0.89401555,0.17065054,0.20793767,-0.5114088,0.03989238,-0.53214914,-0.31851223,-0.09336674,-0.03899837,-0.018756205,-0.3061478,2.3054564,0.24826351,-1.0728209,0.0043633995,3.3625166,-0.087160476,0.003242589,0.009715242,0.013524297,-0.099554785,0.109160945,0.0058252974,0.016210083,0.00761572,-0.0008177958,0.015572486,0.11722773,-0.00022215677
-2.0379915,0.4137634,-0.33531138,0.95414716,-0.06223028,-0.1996927,-0.42687142,0.043001752,-0.5622376,-0.37121558,-0.07098426,-0.0064683408,0.011919148,-0.35892975,2.311973,0.19478153,-1.072731,-0.018578645,3.3552766,-0.10666648,0.005617516,0.0053455043,0.0073740375,-0.17153867,0.03814969,0.011765403,0.020147847,0.009990062,-0.0022744185,0.015873874,0.12460597,-0.007613618
-2.1324205,0.5296664,-0.28247422,1.0495082,-0.40064558,-0.76909894,-0.30094364,0.05131798,-0.5706078,-0.4501682,-0.14606142,0.042496193,0.010216453,-0.3269139,2.218107,0.47378352,-0.9624585,-0.08324567,3.3701777,-0.13575569,0.009233604,-0.00067196746,-0.0009105313,-0.2595551,-0.04355956,0.017947914,0.024752548,0.013229158,-0.0028435052,0.015986996,0.1347639,-0.014564148
-2.2295287,0.64775306,-0.2289793,1.1464524,-0.7467851,-1.3516405,-0.17274754,0.05962753,-0.5809459,-0.5311197,-0.217816,0.09190579,0.009887294,-0.2996581,2.1274893,0.7429882,-0.85406554,-0.14724065,3.3807611,-0.14500836,0.010154892,-0.0037195312,-0.0056957407,-0.2959201,-0.08588946,0.02079366,0.027396796,0.015500104,-0.002426596,0.015927793,0.14220694,-0.02201944
-1.4986341,-0.13244587,-0.64141905,1.5720981,0.91303164,2.009473,-0.501817,0.8175942,-1.3916746,0.08204226,-0.84688896,0.081681006,-0.17265597,0.2818343,2.7691398,2.3748393,-0.14188883,-0.6197387,-1.049793,0.030884221,-0.0080022905,0.026931504,0.0395994,0.38722888,0.33192837,-0.026716532,-0.00598691,-0.0011300915,0.0061206785,0.01010279,0.020684665,0.00795409
-1.5505382,-0.090272576,-0.62031204,1.6097614,0.728903,1.6547594,-0.4383737,0.8148637,-1.4631363,0.043973338,-0.68384326,0.106422305,-0.08476858,0.0942221,2.9154563,1.8523029,-0.29346776,-0.5971103,-1.0698457,-0.020764578,-0.0006558326,0.016829433,0.02670238,0.19601673,0.17831956,-0.012506081,0.0022028482,0.0023156016,0.0022141677,0.010944327,0.035095785,0.005370942
-1.616321,-0.035668187,-0.5938188,1.6577585,0.4992805,1.2176083,-0.35944504,0.8120295,-1.5466324,-0.004429974,-0.49803564,0.13664109,0.01613248,-0.12259174,3.0813427,1.2597482,-0.46315524,-0.57291883,-1.0977665,-0.057034742,0.004658267,0.008980587,0.016546052,0.039088685,0.0632973,-0.0011065564,0.008712176,0.004875226,-0.00094878033,0.011248308,0.043390185,0.0036054547
-1.6783245,0.015943445,-0.5692088,1.702809,0.28465432,0.8108767,-0.28598458,0.8094867,-1.623365,-0.050083965,-0.32874823,0.16443713,0.107818365,-0.3211359,3.2330744,0.7213595,-0.61680174,-0.5509784,-1.1239872,-0.07192421,0.0071542147,0.0045104497,0.010515456,-0.057884526,-0.0020777716,0.00600654,0.012723681,0.0061557125,-0.0026393058,0.011307343,0.048577324,0.003142671
-1.7675593,0.117778845,-0.5224528,1.7873694,-0.032886766,0.26230016,-0.16987173,0.8148379,-1.6536963,-0.1227821,-0.33093125,0.20929186,0.13536602,-0.3600123,3.2113616,0.7579099,-0.5835246,-0.59177554,-1.122419,-0.09652249,0.010356172,-0.001061095,0.002827265,-0.14840502,-0.079808295,0.012527486,0.01721778,0.008906691,-0.0035907924,0.01138797,0.057132863,-0.002567576
-1.8998652,0.2787526,-0.44935197,1.9196991,-0.50446826,-0.5317376,0.005066718,0.8262236,-1.6674216,-0.23295406,-0.4295326,0.2769506,0.13498232,-0.32181874,3.086473,1.1271154,-0.43525854,-0.67960125,-1.1069156,-0.122077726,0.013327747,-0.007043556,-0.005776151,-0.23088308,-0.15864322,0.0183097,0.021906732,0.012613642,-0.0037455899,0.011244951,0.06682763,-0.012209164
-2.8209841,-2.0868504,-0.4363435,-1.4137278,-0.5038307,1.0780922,0.30665174,0.6478818,0.13709201,-0.28448275,-0.042214096,-0.7423835,-0.6366862,-0.08126973,-0.07188767,0.067930944,0.14534588,0.106198385,-0.04040738,0.010548422,-0.0029140287,0.012206061,0.021788567,0.11567076,0.121380314,-0.013647676,0.0036623601,0.0027734197,0.0038246706,0.015459786,-0.01371082,0.034820322
-2.8839078,-2.0349174,-0.41118494,-1.368023,-0.7225846,0.6613268,0.38178945,0.6451207,0.057045978,-0.33061555,0.13629167,-0.7136084,-0.5399362,-0.28933492,0.08768855,-0.50135905,-0.017924787,0.12967929,-0.06666887,-0.02400422,0.0021832217,0.0047168997,0.012119174,-0.03457087,0.012799224,-0.0028266842,0.009835828,0.0051592034,0.0008657539,0.015724044,-0.0059295073,0.033574846
-2.9569402,-1.9484301,-0.37127373,-1.2963094,-0.9847904,0.21269391,0.47879103,0.65047616,0.040283363,-0.39088428,0.10967892,-0.6757522,-0.5271099,-0.2961695,0.044683274,-0.39043435,0.034754455,0.088296376,-0.06107606,-0.060959134,0.0068655023,-0.0022660312,0.0028211437,-0.14578366,-0.08905769,0.0053655207,0.015324995,0.008559517,-0.0009036456,0.016097873,0.0045210947,0.02640123
-3.0377448,-1.8498483,-0.3262011,-1.2151324,-1.2748011,-0.27680403,0.5865903,0.65741974,0.031093989,-0.45834,0.051585883,-0.6338856,-0.52572787,-0.27510077,-0.03041714,-0.17286494,0.12313372,0.034702588,-0.05283234,-0.08746528,0.01000416,-0.007629875,-0.0046502217,-0.22375506,-0.16910805,0.011386946,0.019706666,0.011662178,-0.0019188387,0.016367452,0.013966735,0.017798236
-3.1563466,-1.7052948,-0.26050517,-1.0962579,-1.697801,-0.9888891,0.7436398,0.66768634,0.019316835,-0.5571458,-0.038428586,-0.5730522,-0.52659935,-0.23918192,-0.14398284,0.16342764,0.25753415,-0.044662513,-0.037571084,-0.11411972,0.013186352,-0.013593469,-0.013096484,-0.30774692,-0.24841715,0.017270736,0.024338562,0.015184355,-0.002211894,0.016311156,0.023750704,0.009166484
-3.2628806,-1.5762805,-0.20230953,-0.9904371,-2.0756645,-1.6243179,0.88332844,0.67673725,0.007936004,-0.6457303,-0.11671048,-0.5194009,-0.5273605,-0.20967537,-0.24236073,0.4577122,0.3760646,-0.11417666,-0.026554389,-0.11380813,0.0128489295,-0.015346897,-0.016396252,-0.32077375,-0.27063578,0.018411256,0.026052823,0.01703348,-0.001076505,0.01608319,0.0300242,0.0019322857
-1.8672296,0.24578656,-0.70779055,0.8332435,0.56093794,0.89957964,-2.6023905,-1.060399,-0.36688334,1.9900653,-0.51339835,-1.5351799,-0.4258962,0.6910038,-0.7311091,0.47281545,0.0630329,-1.2055936,0.06477491,0.06808129,-0.010024111,0.045818575,0.10126446,0.36326438,0.20268989,-0.058738183,-0.063719004,0.02151199,-0.08778518,-0.03861718,-0.15290354,0.054560065
-1.9247932,0.29325882,-0.6844329,0.8752491,0.3587102,0.5127843,-2.5327127,-1.0630589,-0.44206938,1.947777,-0.3444888,-1.5082549,-0.3342294,0.49497077,-0.5803774,-0.06708903,-0.09228652,-1.1832049,0.0408041,0.022767594,-0.0035695687,0.036796413,0.08973014,0.1886497,0.06896997,-0.04599828,-0.0563968,0.024559628,-0.09142702,-0.038104557,-0.14260335,0.05216714
-1.9648167,0.3264822,-0.6682711,0.90446365,0.21834444,0.24526517,-2.4844818,-1.0648527,-0.49352726,1.9182466,-0.22965492,-1.4897816,-0.2719713,0.36118367,-0.47761625,-0.4335219,-0.19742294,-1.1680586,0.024070892,0.0010043489,-0.0003667557,0.0319476,0.08336574,0.09283189,-0.005864195,-0.038750134,-0.05221607,0.026171796,-0.09335016,-0.03775017,-0.13558532,0.050409187
-2.0068085,0.36145684,-0.651572,0.9349831,0.07236321,-0.031566452,-2.4345508,-1.0666355,-0.5460632,1.8872361,-0.11349627,-1.4708976,-0.20917958,0.22511625,-0.37323704,-0.8030732,-0.3030592,-1.152817,0.006561841,-0.0077892174,0.0011676985,0.029006032,0.07930285,0.029411254,-0.052074723,-0.0338492,-0.04942069,0.027024657,-0.09442114,-0.037577122,-0.13049132,0.049619544
-2.0790858,0.4467826,-0.6124633,1.005542,-0.18644027,-0.4738389,-2.339176,-1.0614454,-0.563087,1.8275647,-0.13862449,-1.4339259,-0.19663356,0.21704413,-0.41360745,-0.6963192,-0.25201246,-1.1929075,0.012453892,-0.029702742,0.0039690407,0.024249824,0.072734214,-0.044378027,-0.11953662,-0.028458633,-0.04560598,0.029449873,-0.095111035,-0.03741067,-0.122104384,0.04430983
-2.1342273,0.51424587,-0.5817758,1.0608706,-0.38514888,-0.8086911,-2.2655942,-1.0567429,-0.5695939,1.7812512,-0.17803524,-1.4055923,-0.19598147,0.23090112,-0.46397436,-0.5480899,-0.19157694,-1.229114,0.017333617,-0.03429898,0.004337027,0.022499476,0.06982809,-0.06339951,-0.15107384,-0.026401695,-0.04379166,0.030903744,-0.09500862,-0.037193455,-0.115423046,0.03820237
-1.0266052,-0.612786,-0.830344,3.1429362,0.2313952,1.4263725,0.31399912,1.2556343,-1.2432156,-0.22287543,-0.3656013,0.021814028,-0.024731845,-0.23965491,-0.7451198,-0.21998805,0.16040023,0.23792805,0.040161278,-0.032135677,-0.10282148,0.0049773757,-0.010313496,0.13805574,0.14495008,0.0436106,-0.012183161,0.048608765,0.009551043,-0.014579762,-0.01448366,-0.006107097
-1.090499,-0.5592936,-0.8045068,3.1898139,0.008968693,1.0042453,0.39055333,1.2531081,-1.3221937,-0.26995075,-0.19141333,0.051052485,0.0704364,-0.44393876,-0.5903283,-0.7750616,0.0022992496,0.259831,0.011855405,-0.064238116,-0.09817922,-0.0020523597,-0.019482372,-0.0028954393,0.04017378,0.05400582,-0.0062291217,0.05100739,0.0065381476,-0.0143158985,-0.007436993,-0.0088134715
-1.181675,-0.44877818,-0.7536364,3.2812,-0.31879914,0.44831556,0.5125287,1.2606514,-1.3354204,-0.34577045,-0.24812919,0.09878228,0.076471984,-0.42877614,-0.66690433,-0.5589063,0.092226736,0.20121841,0.023543227,-0.11293747,-0.092025034,-0.011000958,-0.03129893,-0.14343962,-0.08647969,0.06405925,0.0005816496,0.055367146,0.004439718,-0.013936915,0.005057458,-0.017315676
-1.2719848,-0.3388353,-0.70340866,3.3717253,-0.6424133,-0.09797917,0.6327497,1.2683749,-1.3459401,-0.42106593,-0.31216732,0.1454311,0.07827599,-0.40609995,-0.74996173,-0.31866392,0.19014671,0.14170507,0.032050714,-0.14095803,-0.088737555,-0.01671226,-0.039278768,-0.22614811,-0.17092103,0.07040746,0.0052373065,0.05872561,0.0033752206,-0.01370769,0.014666169,-0.02673855
-1.3645674,-0.22569245,-0.6521164,3.4646764,-0.9724354,-0.65261316,0.7552472,1.2764573,-1.3541776,-0.4983025,-0.38545185,0.19282876,0.07607196,-0.37504503,-0.84090364,-0.045685384,0.29804596,0.079035744,0.0460383,-0.1561112,-0.08691967,-0.020619547,-0.044997793,-0.2782617,-0.22221732,0.07406775,0.008330337,0.061118655,0.0036734547,-0.013737696,0.022972371,-0.03269812
-1.4700675,-0.097826265,-0.5944725,3.5695438,-1.346464,-1.2812648,0.8935382,1.2854545,-1.3650198,-0.5860365,-0.46425733,0.2459518,0.07471616,-0.34450397,-0.939395,0.25014305,0.41665986,0.009850878,0.05789516,-0.15520246,-0.08729855,-0.02228221,-0.048162542,-0.28997028,-0.2421637,0.075035885,0.009935201,0.062876225,0.0049195713,-0.013982725,0.029211003,-0.039396923
-2.6335056,-1.318483,0.7010943,0.10864863,1.9329282,0.09743451,1.5683515,-0.9577017,0.5102379,1.3704748,-0.34952307,0.685365,1.1210864,0.0056705894,0.0024851947,0.00026609536,-0.22613679,0.11942986,-0.0086292075,0.006748724,-0.004510272,-0.05148952,-0.04893049,0.15907496,0.07344637,-0.095765874,-0.026354786,0.006553877,-0.018806923,0.045824546,-0.17727172,0.040183485
-2.7100322,-1.2456317,0.7356599,0.1710437,1.6637204,-0.39645326,1.6633625,-0.95782757,0.44126505,1.3118491,-0.21949427,0.7218802,1.201684,-0.16013055,0.11077244,-0.40542623,-0.33389378,0.12258532,-0.032027967,-0.031903822,0.000727326,-0.05942779,-0.059362613,0.009845064,-0.045424588,-0.08465263,-0.019719819,0.009752197,-0.022071544,0.046124987,-0.16926879,0.034393214
-2.8075366,-1.12566,0.7907568,0.2700533,1.3129708,-0.98781836,1.7943537,-0.94916534,0.4325562,1.2303454,-0.29676566,0.7731971,1.2010028,-0.12717922,0.012866154,-0.119234666,-0.2206389,0.05505979,-0.016029015,-0.083517544,0.0072374013,-0.068862334,-0.07181746,-0.13616237,-0.17736188,-0.0743215,-0.012630452,0.014387006,-0.024086352,0.046500035,-0.15589152,0.025579846
-2.8782248,-1.0391492,0.8301551,0.34121805,1.0599561,-1.4137479,1.8884054,-0.94300026,0.4258149,1.1713034,-0.35149148,0.80970055,1.200267,-0.10475269,-0.055913977,0.08457459,-0.1395407,0.007235211,-0.006019171,-0.10194392,0.00946307,-0.072917864,-0.07756771,-0.19332796,-0.23623997,-0.06998319,-0.00932873,0.016731441,-0.02442658,0.046692695,-0.14740953,0.019413965
-2.9963486,-0.89562976,0.89530003,0.45918983,0.6391872,-2.1223915,2.04442,-0.93287855,0.41320115,1.0729929,-0.4383929,0.86998975,1.2003313,-0.07182399,-0.16629209,0.41036394,-0.008268895,-0.07073457,0.0069426117,-0.12244864,0.011783986,-0.07793489,-0.08490466,-0.26088977,-0.30425787,-0.06506858,-0.0052784593,0.019973833,-0.024504527,0.04661281,-0.13845259,0.010264488
-3.1287816,-0.7352154,0.96762717,0.590823,0.1704069,-2.910234,2.2178395,-0.9215544,0.39996725,0.9630108,-0.5381818,0.9366883,1.1982976,-0.03245301,-0.2908687,0.7845595,0.14133422,-0.15786934,0.022659361,-0.12550418,0.011890858,-0.080580786,-0.08945635,-0.2862959,-0.33325016,-0.063418426,-0.0030364878,0.022310315,-0.023107786,0.0462029,-0.13154307,0.0026862698
-2.7250695,-2.1660216,-0.47456887,-1.4833488,-0.17218769,1.7090164,0.19271591,0.65189254,0.25727558,-0.2143744,-0.30934837,-0.78597736,-0.78167546,0.23064244,-0.3100068,0.9189929,0.388849,0.07160643,0.00034857984,0.064251296,-0.0108190235,0.023334607,0.03578507,0.34393454,0.26678145,-0.028873518,-0.004849305,-0.00059217727,0.008276969,0.015746899,-0.01774895,0.033569597
-2.7920804,-2.1094894,-0.44689822,-1.4336706,-0.40785503,1.261071,0.27419794,0.6492796,0.17383562,-0.26395473,-0.12514243,-0.754617,-0.68037885,0.014791395,-0.14736265,0.3309622,0.2215374,0.094265066,-0.03044404,0.015276542,-0.004040198,0.013705588,0.023410527,0.15773022,0.122007824,-0.0150990235,0.0030932962,0.002908646,0.0039719827,0.01622105,-0.008527752,0.028837116
-2.866079,-2.048774,-0.41765264,-1.3802838,-0.6641972,0.772693,0.36198008,0.6459381,0.079246685,-0.3181119,0.08621032,-0.72112864,-0.5664411,-0.23131746,0.042483754,-0.3425499,0.02800248,0.12262314,-0.060280036,-0.016966008,0.00095659855,0.0060953437,0.013534985,0.0006505577,0.014480305,-0.0039705,0.00937915,0.005126477,0.0011868946,0.016380167,-0.0005568615,0.029150113
-2.964808,-1.9388257,-0.3668845,-1.2885537,-1.01478,0.16147152,0.4896597,0.65101856,0.03786613,-0.39776707,0.10798251,-0.6717564,-0.52532303,-0.2985472,0.04130797,-0.38264272,0.03978432,0.084353,-0.06363144,-0.05282282,0.005627267,-0.0014021037,0.0034358657,-0.12574545,-0.09163146,0.0051513407,0.015378927,0.008648406,-0.0007224377,0.01652756,0.009002819,0.02219192
-3.0485215,-1.8359618,-0.32005575,-1.2039694,-1.314711,-0.3427825,0.60123605,0.658414,0.030807724,-0.4678092,0.04026668,-0.62840784,-0.5274505,-0.26902103,-0.042732604,-0.13125524,0.1387031,0.026780307,-0.049658347,-0.0754798,0.008451345,-0.0063148923,-0.0034194728,-0.19618256,-0.15840966,0.010131633,0.0191794,0.011336184,-0.00096715934,0.016637955,0.018310968,0.016307287
-3.1438653,-1.719729,-0.26747972,-1.1085693,-1.65414,-0.91318524,0.7270194,0.6666646,0.0218157,-0.5473149,-0.033650376,-0.57989055,-0.5293672,-0.23867796,-0.1346425,0.14492339,0.2484479,-0.037014347,-0.036684062,-0.08384996,0.00935345,-0.0092315655,-0.007978605,-0.23091754,-0.19579719,0.012616954,0.021598434,0.013407754,-0.00028166594,0.016522186,0.025619464,0.010265021
-1.380409,1.3914803,-2.681441,-0.42620263,2.5353744,0.8156785,-0.4832951,0.97776586,0.666212,-0.47991696,-0.61278534,0.44628084,-0.62083024,0.8011198,-0.4913137,0.9793688,0.2976356,-0.1393423,-0.0016546017,0.08048204,0.036030613,0.09296713,-0.022162477,0.44515923,0.34488156,-0.029726543,-0.053931132,-0.016294012,0.04097024,-0.01907984,-0.02376007,0.010456542
-1.4378966,1.439402,-2.6576865,-0.38379616,2.331826,0.42654866,-0.41291586,0.9752247,0.5914851,-0.5223712,-0.44547746,0.47356945,-0.5294215,0.60660917,-0.34283006,0.44410318,0.14412077,-0.11777307,-0.02671347,0.028627655,0.04323758,0.0829741,-0.03494437,0.25524637,0.19306158,-0.015595728,-0.04576773,-0.012708377,0.036729604,-0.0183927,-0.011973076,0.0062435064
-1.490655,1.4830244,-2.6363914,-0.34534588,2.1468532,0.073522896,-0.3493235,0.9728258,0.5231989,-0.5612046,-0.29262716,0.49799794,-0.4466054,0.4288387,-0.20610549,-0.043867104,0.00392673,-0.09751268,-0.04861024,-0.0043283044,0.048040476,0.0759774,-0.04399532,0.11749039,0.088499695,-0.005453304,-0.03994886,-0.010403277,0.033962313,-0.017991332,-0.0033018093,0.004473285
-1.5452548,1.5279744,-2.6148674,-0.30596173,1.9576547,-0.28632107,-0.28465346,0.9703691,0.45373225,-0.601289,-0.13783284,0.52254397,-0.3632914,0.2483056,-0.06672641,-0.5366599,-0.1375604,-0.07669974,-0.07054302,-0.020644484,0.050757106,0.07144301,-0.05002213,0.02081084,0.023252808,0.0015243841,-0.036010195,-0.0091746,0.03239655,-0.017880509,0.0024950225,0.004798481
-1.6036884,1.5866731,-2.5875916,-0.2564145,1.7516896,-0.6571159,-0.21159667,0.971212,0.41016218,-0.64700335,-0.06678066,0.550383,-0.3146222,0.14987369,-0.009997033,-0.7518864,-0.19049679,-0.08193112,-0.082319014,-0.029079592,0.05203879,0.068512194,-0.054261997,-0.035092972,-0.022289176,0.0059365314,-0.033224937,-0.0079147685,0.03164497,-0.01777428,0.008011647,0.0017836617
-1.7099483,1.7159146,-2.5287595,-0.15017109,1.37149,-1.2982663,-0.07061136,0.9802668,0.397819,-0.7356331,-0.14228728,0.6048781,-0.31309822,0.17663796,-0.10725192,-0.4680145,-0.07487773,-0.15158658,-0.07266293,-0.050783735,0.054467037,0.06351887,-0.06150913,-0.10350842,-0.0939672,0.011169558,-0.029091127,-0.0046867165,0.031165227,-0.017730406,0.016837742,-0.007941995
-0.40858608,-0.6894194,-0.72678137,2.5562441,0.22341415,1.3790315,-0.22307865,-0.77282107,2.3060336,-1.2626702,0.040503796,-0.65680844,-0.5237642,-0.070604496,-0.22812687,0.54148704,-0.6814923,-0.051344268,-0.14507811,0.46623746,-0.1108202,0.007932291,0.0029300477,0.021260874,0.15796928,-0.0049576415,-0.011558124,-0.10088628,0.0169897,-0.013945786,0.04791047,0.1750959
-0.47837883,-0.6317151,-0.6990505,2.6068661,-0.016547512,0.9225998,-0.14083147,-0.77518404,2.2220733,-1.3147726,0.22162771,-0.62670684,-0.4222972,-0.28570598,-0.06675388,-0.03973476,-0.84557146,-0.029137649,-0.17700614,0.35936847,-0.10241727,0.00046354142,-0.004119741,-0.09222548,0.054799303,0.003203649,-0.0075357533,-0.101278044,0.01649322,-0.013669831,0.05376972,0.17370647
-0.5579012,-0.55677605,-0.66311985,2.6694436,-0.2992794,0.39652026,-0.044006556,-0.7736667,2.1530545,-1.3830298,0.32608858,-0.5972566,-0.34071606,-0.438861,0.0305347,-0.39702454,-0.93559647,-0.030239038,-0.18556659,-0.08071554,-0.08256426,-0.0041372105,-0.0021998554,-0.06755034,-0.023683678,0.006182472,-0.00021035681,-0.09783575,0.0011457234,-0.011806544,-0.012452991,0.011918881
-0.6157587,-0.48596582,-0.630824,2.7276733,-0.50710267,0.04627571,0.03319545,-0.76866376,2.146927,-1.4314507,0.28294432,-0.5673309,-0.34052968,-0.42229062,-0.024316465,-0.2358515,-0.870745,-0.06895714,-0.17866836,-0.094833046,-0.08092302,-0.007349379,-0.0068581905,-0.111612804,-0.07418197,0.009839511,0.0025748445,-0.09585753,0.00078691426,-0.01153941,-0.0046354346,0.0057785423
-0.3316575,-0.80074614,-0.8214189,2.8932097,0.56249124,2.1149702,0.22357579,1.249984,-1.0873356,-0.045072846,-0.6838886,-0.02374392,-0.1955887,0.20069791,-0.99667436,0.8249861,0.49117476,0.17043884,0.106484495,0.014793324,-0.10967656,0.015097236,0.001269781,0.35350385,0.2658573,0.029466623,-0.020568306,0.04628996,0.012678193,-0.014898148,-0.02561287,-0.00865266
-0.38915068,-0.75293666,-0.79801875,2.935357,0.3607572,1.7302909,0.29310098,1.2474971,-1.1608764,-0.087420896,-0.5199123,0.0030197764,-0.106256925,0.009582646,-0.85069156,0.30129424,0.34115928,0.1916507,0.08174977,-0.025135716,-0.10399951,0.00693867,-0.009255637,0.19494033,0.14271536,0.041228566,-0.013800107,0.049117196,0.009282954,-0.0144086685,-0.01599651,-0.011649127
-0.46297884,-0.69173926,-0.76876307,2.9889057,0.10566568,1.246269,0.38047418,1.2444394,-1.2525786,-0.14160834,-0.31708506,0.036177393,0.0036007534,-0.22796209,-0.6690464,-0.34414452,0.15674682,0.21802527,0.0506847,-0.048418973,-0.10029024,0.00081187586,-0.017360883,0.06492862,0.055021066,0.05058335,-0.008525947,0.05091794,0.0069348044,-0.014348751,-0.009850726,-0.012037857
-0.53252834,-0.6285634,-0.7392428,3.0430508,-0.13529673,0.8008994,0.4641911,1.2434123,-1.3219808,-0.19410959,-0.17810692,0.067825705,0.08425648,-0.3995559,-0.54807997,-0.7797319,0.037279803,0.2282107,0.02810102,-0.054585926,-0.099055395,-0.0023144833,-0.021859065,-0.004241678,0.009360711,0.0557588,-0.0054964223,0.051916607,0.005991384,-0.014412644,-0.005567196,-0.013243871
-0.6675962,-0.4637242,-0.6643448,3.1786492,-0.6165264,-0.008636582,0.6430013,1.2552006,-1.3343344,-0.30658868,-0.2836827,0.13718738,0.081973866,-0.3554189,-0.68020105,-0.38641885,0.19319524,0.136874,0.047923673,-0.08808192,-0.09493945,-0.009580427,-0.03197746,-0.10868562,-0.083942816,0.06277664,-4.535795e-05,0.0559844,0.0056719375,-0.014535391,0.0055343797,-0.021882525
-0.7450805,-0.36922544,-0.62179226,3.2560813,-0.8917664,-0.4703263,0.74484146,1.2619187,-1.3411049,-0.3712417,-0.34543207,0.17632836,0.07928509,-0.32912138,-0.75579816,-0.1559015,0.28411958,0.08489036,0.05941751,-0.085325785,-0.09540703,-0.010597597,-0.034082655,-0.11311955,-0.09553962,0.06318311,0.0009889109,0.057110842,0.006930502,-0.014660212,0.011392787,-0.0260896
-1.2914495,-1.194542,-0.6508783,-0.87617904,-0.48360008,1.5626335,-1.9422449,-0.8341393,-0.78788495,-1.4340196,-0.91414434,1.78645,0.5103577,-0.094181165,-0.8241496,0.8383662,-0.7255455,0.13396117,-0.08248937,0.032777242,-0.012126527,0.039618213,0.0968358,0.22866996,0.18288845,-0.06939439,0.02486507,0.028981926,0.08994989,0.010919567,-0.041318066,0.0088635925
-1.3681961,-1.1315614,-0.62046224,-0.8207312,-0.7495822,1.055673,-1.8510653,-0.8375774,-0.8859697,-1.4901558,-0.6949524,1.8213044,0.62871164,-0.34940395,-0.6275398,0.13952093,-0.9263077,0.1632316,-0.113663524,-0.0046162005,-0.0064577055,0.031115158,0.08582498,0.055770114,0.060818136,-0.057017077,0.031879947,0.03157496,0.0867463,0.0111799,-0.032093097,0.008475879
-1.4658417,-1.0344216,-0.57521695,-0.73832464,-1.0909867,0.43962446,-1.7297796,-0.83626896,-0.9592829,-1.5658324,-0.5736648,1.8678626,0.71136945,-0.5158586,-0.5304391,-0.22870919,-1.0183209,0.15503177,-0.1299984,-0.03532206,-0.0019714884,0.023809649,0.076092154,-0.08279403,-0.038496215,-0.047370095,0.037778374,0.03428031,0.08479755,0.011169868,-0.023878146,0.006122569
-1.5636787,-0.9149375,-0.52076644,-0.6399757,-1.4407059,-0.14943399,-1.5997592,-0.82775974,-0.968905,-1.6474041,-0.64829713,1.9183631,0.71086305,-0.4858413,-0.6248457,0.04957757,-0.90720516,0.08913381,-0.11686326,-0.064273074,0.0015492662,0.017795764,0.06774897,-0.17013773,-0.1220335,-0.041073717,0.042474966,0.037645973,0.08409331,0.011296147,-0.013827033,-0.0019191023
-1.8068205,-0.76810974,1.3306415,-1.3054446,0.07226075,1.6336474,-0.6359509,1.847358,0.7778534,-0.5802748,-0.07144561,-1.0036073,0.6970659,0.5699777,-0.43463758,0.7719429,0.34188142,-0.14717948,-0.0802469,0.026011296,0.036105376,-0.022072788,0.060267616,0.18200673,0.37608585,0.03946515,-0.009373461,-0.015712416,0.022271886,0.07454001,0.35837078,-0.108241156
-1.8797646,-0.70812124,1.3597283,-1.2525867,-0.18135801,1.1500018,-0.54889953,1.8440909,0.6843461,-0.63370305,0.13760717,-0.9702573,0.8101327,0.3266375,-0.24739976,0.105066486,0.15033183,-0.1193897,-0.11016597,-0.014012129,0.042052273,-0.030841466,0.048941176,0.0062230434,0.24856754,0.05215413,-0.002152616,-0.012938326,0.01888323,0.074884005,0.36811736,-0.109339416
-1.9617354,-0.6409661,1.391616,-1.19378,-0.46247202,0.6160867,-0.45295304,1.8405081,0.58167845,-0.69353145,0.3657601,-0.93393993,0.932806,0.06011176,-0.04178191,-0.6204086,-0.05783028,-0.088801056,-0.14236733,-0.032305613,0.045361564,-0.036580544,0.04133531,-0.12191012,0.17250201,0.060941145,0.002716821,-0.011609985,0.017067512,0.07473833,0.373489,-0.10692517
-2.0552886,-0.5268796,1.4437267,-1.0998404,-0.7976823,0.05057072,-0.32835448,1.8485652,0.57136035,-0.77156097,0.29766452,-0.8855514,0.9339346,0.08542029,-0.12940122,-0.36556634,0.04528773,-0.1510097,-0.13220842,-0.062410254,0.04895269,-0.0426672,0.03289564,-0.2107718,0.084433354,0.067595996,0.0075845215,-0.008132012,0.016014028,0.07494822,0.38347444,-0.11605893
-2.1882236,-0.3652091,1.5170463,-0.96692973,-1.2704135,-0.7448752,-0.15297234,1.8600435,0.55827516,-0.8821277,0.19669597,-0.81771094,0.93256456,0.12582834,-0.25639027,0.011868215,0.19599144,-0.2396406,-0.11516277,-0.086759716,0.051820774,-0.04849698,0.024501683,-0.29076105,0.009680778,0.07305965,0.012091275,-0.004555819,0.016077226,0.074761145,0.39309,-0.12491227
-2.2884161,-0.24359733,1.5717043,-0.86726433,-1.624752,-1.3393525,-0.021982722,1.8686641,0.54916334,-0.96544224,0.11834648,-0.76743233,0.92946106,0.15844199,-0.35264236,0.3049907,0.31204277,-0.30613032,-0.10141682,-0.08078526,0.05089114,-0.04935874,0.022399593,-0.28975582,0.0038123573,0.07291605,0.012995162,-0.0032925445,0.017820634,0.074442945,0.3986996,-0.12977783
-0.38387567,-0.758013,-0.8009578,2.9307585,0.38312542,1.7737706,0.2849594,1.2477294,-1.1529728,-0.083103545,-0.5376986,-0.00037381588,-0.11675644,0.030152142,-0.8655486,0.3596451,0.35771802,0.18985449,0.085247494,-0.0063196705,-0.10635946,0.01016404,-0.0049951007,0.24841616,0.20338534,0.036375202,-0.01675743,0.047614325,0.0108844265,-0.015110684,-0.023646178,-0.00686203
-0.4495284,-0.70347506,-0.77459043,2.9786527,0.1548288,1.3396585,0.36343092,1.2449853,-1.2353417,-0.13134323,-0.35497543,0.029627182,-0.017382434,-0.1834549,-0.7025956,-0.22283347,0.19119668,0.2134169,0.057100914,-0.040094733,-0.101404645,0.0027445937,-0.01462993,0.09930609,0.094394386,0.047239166,-0.010553692,0.05004756,0.007850409,-0.014843301,-0.015983569,-0.0087759355
-0.51397383,-0.6505449,-0.7494389,3.0249689,-0.06664833,0.91911924,0.43904424,1.2421807,-1.3160378,-0.17847016,-0.17579697,0.05823141,0.07904069,-0.392879,-0.541232,-0.7927028,0.027835846,0.23738211,0.031173982,-0.05385626,-0.09892448,-0.0016961525,-0.020587659,0.000660009,0.03273133,0.05422256,-0.0066540856,0.051137332,0.0063777524,-0.014867752,-0.010991336,-0.007728603
-0.58317083,-0.56666833,-0.7110767,3.094075,-0.3150552,0.49875438,0.53118986,1.2479194,-1.325735,-0.23614459,-0.2200475,0.093975395,0.082532234,-0.3804053,-0.6000342,-0.62443835,0.0978399,0.19311757,0.03759112,-0.0747429,-0.096447006,-0.00609552,-0.026785605,-0.06313274,-0.034385107,0.059273753,-0.0029701735,0.05369803,0.0055947807,-0.01459264,-0.0023675202,-0.0150836855
-1.0774893,-0.007711223,2.2682366,0.32572237,2.698158,-0.05175408,-0.50636595,-0.47620958,-0.7309496,-1.0825809,-0.33062303,-0.2977364,-1.0302901,-0.22513707,-0.25836167,0.15444174,0.012842978,0.09811439,-0.055492427,0.02600931,0.048958786,-0.10060985,0.0057654046,0.1392375,0.13820498,-0.01419384,0.0108266575,-0.0028885808,0.011002624,-0.06428448,-0.022149147,0.016848098
-1.139417,0.04400454,2.2930741,0.37098223,2.48343,-0.45894864,-0.43259954,-0.4786621,-0.8072011,-1.1281458,-0.16259512,-0.26966026,-0.9387113,-0.42231902,-0.10865739,-0.3806045,-0.13957866,0.119400844,-0.08255543,0.0010811532,0.052677687,-0.10652113,-0.0020327042,0.018193174,0.049941946,-0.005231464,0.015942961,-0.00093950727,0.008528057,-0.064085916,-0.015836976,0.014811331
-1.2344809,0.15036528,2.3421183,0.45972726,2.1465068,-1.0451642,-0.30968973,-0.4735858,-0.84503263,-1.2048533,-0.14759915,-0.22202042,-0.9016928,-0.4808836,-0.11519017,-0.39918843,-0.12250215,0.08079454,-0.082087934,-0.035543125,0.057552703,-0.114105046,-0.0121528,-0.10972386,-0.054410134,0.003745688,0.021850333,0.0024538152,0.006845954,-0.06395039,-0.005872084,0.009353635
-1.329549,0.2660555,2.3948054,0.5549183,1.8068818,-1.6177219,-0.18360026,-0.4654258,-0.855419,-1.2840482,-0.21695568,-0.17316711,-0.90097374,-0.45499274,-0.20394789,-0.13940081,-0.0175201,0.017868172,-0.07183195,-0.059333984,0.060332853,-0.11927559,-0.019494984,-0.18271539,-0.12871917,0.009252771,0.026051162,0.005574165,0.006235477,-0.063822605,0.0033465107,0.00068135274
-1.0225403,1.1830609,2.092712,0.015276541,0.8986182,1.6587332,-1.538407,1.9313599,0.88133097,-0.7072621,-0.15072833,-0.7531911,1.5691122,0.820506,-0.39923576,0.95356286,0.14535755,-0.090451576,0.030332949,0.06983871,0.04501604,-0.035996597,0.0735382,0.35367918,0.2071113,0.06440095,-0.032247182,-0.03488665,0.013013882,0.051921748,-0.14060245,0.018048119
-1.0935919,1.2419873,2.1213408,0.06713132,0.65077484,1.1867373,-1.4531642,1.9283228,0.7912171,-0.7594805,0.04982717,-0.7205132,1.6781279,0.5864855,-0.22032553,0.3137337,-0.037840877,-0.06441571,9.428483e-05,0.028484406,0.05102253,-0.044828463,0.06211338,0.17853795,0.07629422,0.07722356,-0.024917688,-0.031939346,0.009415504,0.052322153,-0.13087995,0.015682572
-1.1815307,1.313857,2.1555276,0.13012783,0.34899396,0.613053,-1.350178,1.9244164,0.6803638,-0.8236274,0.29672426,-0.6815042,1.8107389,0.2984039,0.0022421444,-0.47169903,-0.2633776,-0.031073632,-0.03470948,0.006984307,0.05482118,-0.051290177,0.053581774,0.03563046,-0.010016262,0.08705679,-0.019466756,-0.030395353,0.0073258104,0.052194312,-0.124775976,0.01817753
-1.287013,1.4371982,2.2119994,0.23221928,-0.026420822,-0.02951079,-1.2120237,1.9318246,0.6541025,-0.9101903,0.26504856,-0.62804,1.8309373,0.28173393,-0.052245643,-0.33296135,-0.19384257,-0.08774327,-0.03009362,-0.023928927,0.05866304,-0.057897624,0.044461813,-0.0674917,-0.10283612,0.094546594,-0.01418247,-0.026882865,0.0061093136,0.052281536,-0.115222365,0.009918556
-0.83779764,1.3298501,-2.6116176,-0.56501657,2.3397186,0.5035809,-0.39265612,0.96597105,0.63317174,-0.41363516,-0.51278216,0.4699123,-0.5640847,0.75200886,-0.37070045,0.69220144,0.24816008,-0.15346552,-0.0013197259,0.04591655,0.041123264,0.08608819,-0.032023218,0.31104264,0.24262416,-0.020441014,-0.04921323,-0.013378132,0.037121423,-0.019879937,-0.029396683,0.008892892
-0.9025863,1.3827595,-2.5858052,-0.5182256,2.1137428,0.07134156,-0.31511325,0.96288425,0.5482382,-0.46103302,-0.3215443,0.4997277,-0.46100342,0.5302832,-0.19895656,0.08148095,0.072040044,-0.1274656,-0.027000165,0.005420353,0.04712099,0.07739322,-0.04322856,0.13914284,0.114548825,-0.007934492,-0.04207733,-0.010619516,0.033851948,-0.01940582,-0.018381577,0.007883162
-0.9791262,1.4459711,-2.5556908,-0.46293026,1.8501128,-0.4288678,-0.22494674,0.9596729,0.45310655,-0.5171073,-0.1109475,0.5338827,-0.34722903,0.28374013,-0.009939741,-0.58840966,-0.11954328,-0.09981016,-0.05868002,-0.014626486,0.050477896,0.07164169,-0.05087634,0.01417735,0.03392664,0.00094897044,-0.037101317,-0.009050569,0.03175979,-0.019425703,-0.012712224,0.008346766
-1.0352452,1.5041802,-2.528783,-0.41394323,1.6526747,-0.7805996,-0.15433581,0.9611102,0.41727823,-0.5613336,-0.06091919,0.5609741,-0.308245,0.20770885,0.027252723,-0.7346503,-0.15208745,-0.11021281,-0.06374165,-0.02585756,0.052205425,0.06835177,-0.05547608,-0.046007257,-0.013014304,0.005356178,-0.034264207,-0.0077648447,0.031260874,-0.019316943,-0.0062825955,0.0066453894
-1.1479517,1.6412144,-2.4664774,-0.30126053,1.2505034,-1.4583122,-0.0051453044,0.9707654,0.40496722,-0.6551961,-0.14310607,0.6186842,-0.30764124,0.23835991,-0.07767299,-0.42646697,-0.027558902,-0.18459551,-0.05181351,-0.049270656,0.0548932,0.06298601,-0.063201874,-0.120140344,-0.087635264,0.010828943,-0.029930707,-0.0044033974,0.030877272,-0.01931532,0.0029919157,-0.002771472
-1.217547,1.7262688,-2.4281826,-0.23159017,1.002993,-1.8732848,0.08645019,0.97682613,0.3991372,-0.71334755,-0.19944187,0.6538889,-0.3104226,0.26282895,-0.14630465,-0.21643537,0.0549831,-0.23156719,-0.040877026,-0.046102673,0.05439826,0.06213754,-0.06503527,-0.122663714,-0.097707845,0.011136646,-0.02902247,-0.0034251262,0.032090455,-0.019392641,0.008782321,-0.006520568
-1.3067226,-1.1830728,-0.6453154,-0.8658455,-0.5356321,1.461538,-1.9246886,-0.8351661,-0.8101768,-1.444844,-0.86193544,1.7932096,0.5374591,-0.1534453,-0.7759468,0.671557,-0.77484924,0.14228071,-0.08637922,0.024735732,-0.01071568,0.037663225,0.094407395,0.18732338,0.15941739,-0.0668033,0.026270896,0.029328149,0.08956227,0.010908858,-0.039027005,0.011221664
-1.3723754,-1.1287221,-0.61909556,-0.8181124,-0.7634528,1.0282276,-1.8464726,-0.837955,-0.892763,-1.4930141,-0.67848575,1.8230795,0.6369947,-0.36775646,-0.6120088,0.08688524,-0.94218767,0.16617775,-0.11408402,-0.006542155,-0.006050075,0.030588483,0.08519917,0.043849733,0.056127124,-0.05639137,0.032201663,0.031581562,0.08674573,0.011143369,-0.031541985,0.00985616
-1.4674305,-1.0324883,-0.5743325,-0.7367296,-1.0966538,0.4300623,-1.7276685,-0.83613116,-0.9594464,-1.567151,-0.57484376,1.8686866,0.71138185,-0.5153989,-0.5319574,-0.22430742,-1.0165523,0.15396559,-0.12980138,-0.03605261,-0.001880527,0.023678124,0.075920485,-0.08485438,-0.040164128,-0.04723646,0.037871335,0.034346055,0.08476985,0.011166779,-0.023776362,0.006011768
-1.564759,-0.9134711,-0.5201122,-0.63876593,-1.4444712,-0.15546486,-1.5983042,-0.8276221,-0.9685113,-1.648319,-0.650621,1.9189615,0.71021456,-0.48395357,-0.6272213,0.057745222,-0.90455115,0.08794557,-0.115567245,-0.06533776,0.0017235726,0.017607803,0.06753502,-0.17337112,-0.123245865,-0.04095902,0.042554032,0.037673835,0.084137954,0.011278061,-0.013652521,-0.0014905505
-0.8848348,1.3676225,-2.593477,-0.5316444,2.1783643,0.19512767,-0.33761552,0.9636795,0.57180554,-0.44769418,-0.37429118,0.49091956,-0.4901521,0.5916061,-0.24547592,0.25089073,0.12055688,-0.13408524,-0.018787399,0.025810879,0.04439162,0.081291035,-0.0380957,0.20925769,0.1820017,-0.013779413,-0.0455522,-0.012202987,0.035607394,-0.020005094,-0.026062472,0.01167977
-0.946811,1.4188081,-2.568724,-0.48662993,1.9630325,-0.21489401,-0.26368535,0.96098197,0.49319527,-0.49314752,-0.19919105,0.51919526,-0.39525557,0.3873668,-0.088869296,-0.30741915,-0.039483044,-0.11108172,-0.0446609,-0.0058274977,0.04909397,0.07424779,-0.04724242,0.06743694,0.07878838,-0.0034699917,-0.039671242,-0.009956558,0.032832533,-0.019728292,-0.018229753,0.01036
-1.0424871,1.5117424,-2.5253294,-0.40757653,1.6290926,-0.8216069,-0.14569797,0.9615584,0.4148899,-0.5667745,-0.06050134,0.5643056,-0.30589592,0.20421438,0.025230946,-0.7341288,-0.14975438,-0.1131315,-0.067017116,-0.03267448,0.05299333,0.06758253,-0.05621903,-0.061908156,-0.014649712,0.0057836133,-0.03407476,-0.0074174525,0.030715516,-0.019755112,-0.011423496,0.007023993
-1.1453059,1.6374085,-2.4680512,-0.304122,1.2615818,-1.4404987,-0.009006882,0.97053343,0.40508193,-0.6525031,-0.13983507,0.6174352,-0.30677253,0.23670742,-0.074846305,-0.43864924,-0.032136682,-0.18270257,-0.05248272,-0.06467649,0.056922242,0.061027903,-0.06524628,-0.15794255,-0.10459981,0.012603493,-0.029023236,-0.003827196,0.029937893,-0.019636884,-0.00084035314,-0.0011022345
-1.2693932,1.7880577,-2.3998148,-0.18033215,0.8206786,-2.1824355,0.15440467,0.981183,0.39238888,-0.75567055,-0.2326211,0.6805269,-0.3076505,0.2728844,-0.19179101,-0.0911134,0.1071962,-0.26477578,-0.037844628,-0.081673026,0.058819555,0.05643484,-0.072095804,-0.21767059,-0.16410765,0.016809488,-0.02534023,-0.0007589911,0.030264163,-0.019819872,0.0077461125,-0.009668106
-1.3637432,1.902601,-2.3484392,-0.086518124,0.48747104,-2.740951,0.2775184,0.9893182,0.38422337,-0.8341263,-0.3076432,0.7277223,-0.31132397,0.30484918,-0.28323886,0.1893172,0.21771762,-0.32756677,-0.02410374,-0.07158408,0.05739758,0.056257702,-0.07331104,-0.20571715,-0.16007751,0.015870435,-0.024956781,0.00014671184,0.03226869,-0.020154422,0.012859482,-0.013673948
-1.1731645,1.3064988,2.1517828,0.12368491,0.38140988,0.67529166,-1.3613499,1.9249243,0.6927128,-0.816988,0.26887664,-0.68579346,1.7955862,0.33068958,-0.023214957,-0.3818756,-0.23736107,-0.034999456,-0.031408984,0.008646342,0.054588597,-0.05015596,0.055598892,0.05147074,0.029711714,0.08412756,-0.021369753,-0.031089518,0.0078012124,0.05121779,-0.13620256,0.023213122
-1.2660741,1.4112599,2.2002788,0.21115448,0.050943505,0.10084488,-1.2403985,1.9301207,0.6573729,-0.89215475,0.27845576,-0.63871706,1.830132,0.2785732,-0.03527072,-0.38389102,-0.21550114,-0.07466593,-0.030331034,-0.037785534,0.06067818,-0.05912152,0.043803908,-0.09910138,-0.09624419,0.09481258,-0.0144386515,-0.02708373,0.0054347594,0.051503442,-0.124890015,0.016552322
-1.3677197,1.5352352,2.2569056,0.3133094,-0.31252727,-0.51208806,-1.105166,1.9389322,0.64686245,-0.97681004,0.20259275,-0.586098,1.8306056,0.3081236,-0.13226339,-0.10079455,-0.10181369,-0.14284265,-0.017674623,-0.074474014,0.06515104,-0.06631876,0.033985633,-0.2062226,-0.19756421,0.102567144,-0.008848561,-0.023167063,0.0041753743,0.05170231,-0.11398683,0.0073309
-1.4836315,1.67586,2.3207378,0.42895383,-0.72482824,-1.2066324,-0.95227176,1.9488481,0.63440514,-1.0731462,0.11775209,-0.52698755,1.8308678,0.3400672,-0.24023458,0.21727563,0.026464164,-0.2191879,-0.0051478683,-0.09600304,0.06760214,-0.07145102,0.026525736,-0.27603978,-0.26788095,0.10767849,-0.0047026393,-0.01988943,0.0039814236,0.051655427,-0.10492497,-0.0019011197
-1.592454,1.807927,2.3801813,0.5372947,-1.1094755,-1.8521929,-0.80992824,1.9582375,0.62468344,-1.1635351,0.03230247,-0.47222507,1.8275677,0.37596422,-0.34542236,0.5365391,0.15268292,-0.29168245,0.010327795,-0.09617327,0.067467995,-0.073355556,0.023108648,-0.29196328,-0.28686357,0.10860991,-0.0030877949,-0.01817019,0.0054834695,0.05133264,-0.09848393,-0.00722597
-1.7156445,1.9568862,2.4468212,0.65928996,-1.5424848,-2.5777593,-0.6500801,1.9688071,0.6140021,-1.2656485,-0.06509183,-0.41103476,1.8226053,0.41729435,-0.46400964,0.90103203,0.2963696,-0.37309414,0.027800165,-0.07866813,0.06506557,-0.072840676,0.022524508,-0.2648663,-0.26676938,0.106266975,-0.003287742,-0.017343825,0.008413726,0.05068169,-0.094248004,-0.0112823285
-1.3889394,0.23292045,-0.41717166,0.739358,0.047698468,0.06537333,-1.310211,-0.76163435,-0.6170124,0.78526443,0.54437107,-0.76844823,-0.3053942,2.1985974,0.25330773,-0.28283417,-0.8342045,2.2207234,-0.24692968,-0.044731516,0.0063473494,0.02134703,0.041894656,-0.0077737225,0.098216794,-0.012985105,-0.0008472503,0.009649386,-0.035495274,0.00024686664,0.057606712,0.032017626
-1.4650925,0.31329054,-0.37971738,0.8070586,-0.22149336,-0.41276488,-1.2131865,-0.7591645,-0.66194266,0.7250086,0.60116243,-0.7309258,-0.2563779,2.106643,0.2911653,-0.44616264,-0.86673373,2.2027395,-0.25527084,-0.078778215,0.010912578,0.01434268,0.032597613,-0.1313054,-0.0036429141,-0.003946259,0.0048329732,0.012653278,-0.03765094,0.0005164858,0.066623814,0.02674186
-1.5784608,0.4517985,-0.3163936,0.9212353,-0.627107,-1.0966276,-1.0621369,-0.74927306,-0.6731491,0.63056123,0.51499313,-0.67205215,-0.2563539,2.141241,0.18137585,-0.1252517,-0.738485,2.1260626,-0.23984826,-0.1243715,0.016549261,0.0056315167,0.02087357,-0.26303118,-0.12398173,0.005365883,0.011449604,0.017216649,-0.039242268,0.0007150476,0.078844234,0.016978612
-1.6722105,0.5658047,-0.26467744,1.0149537,-0.9607842,-1.6582685,-0.9383716,-0.7412024,-0.68265206,0.552544,0.4445123,-0.6242001,-0.25696865,2.168929,0.09251681,0.13835455,-0.63291234,2.0637743,-0.22837698,-0.14022946,0.018366246,0.0016412664,0.014999959,-0.3161631,-0.17934293,0.009325603,0.014724245,0.019777441,-0.039209295,0.0007329445,0.087108515,0.009698336
-1.7914221,0.71026593,-0.19950125,1.1335362,-1.3828562,-2.367686,-0.78216004,-0.73099154,-0.69444615,0.45354635,0.35433772,-0.56406444,-0.25882754,2.2047412,-0.020052489,0.4762001,-0.49798232,1.9851454,-0.21384965,-0.14545587,0.018785577,-0.0011394346,0.010396121,-0.3455303,-0.21220529,0.011342836,0.017069152,0.022044389,-0.038105275,0.00043892552,0.09421179,0.0025442988
-1.8909559,0.83071506,-0.14568809,1.232104,-1.7328821,-2.953893,-0.6530364,-0.72245413,-0.70299053,0.37094614,0.27522364,-0.5147173,-0.26317355,2.2384677,-0.11595687,0.77230185,-0.3813805,1.9193728,-0.19960624,-0.12611352,0.01617073,-1.1776784e-05,0.010726314,-0.31066224,-0.18785731,0.008705391,0.016490217,0.022460598,-0.035408262,-4.4727884e-05,0.09814029,-0.0008382317
-1.8197913,3.1700468,1.3342421,0.56785357,-3.1349835,-1.4517512,1.2160028,-0.0088847205,0.31262526,0.09568446,-0.53298646,1.0121756,-0.60017663,-0.086786725,-0.34717476,0.53062916,0.2916896,-0.2552704,-0.010771672,-0.47669137,0.058267947,-0.05220596,-0.05691474,-0.9376777,-0.7548994,0.0736594,0.059906363,0.022298835,-0.025267063,0.018513108,0.018774817,-0.008159416
-1.9039589,3.271263,1.3796129,0.6508823,-3.43031,-1.9476868,1.3250294,-0.0017654288,0.3042297,0.026151538,-0.5959607,1.0539526,-0.6018279,-0.0621311,-0.42523813,0.7669963,0.3861576,-0.30986995,-0.0011736659,-0.46835166,0.056989927,-0.052455213,-0.058187246,-0.92789125,-0.7573444,0.0732466,0.06050443,0.023291597,-0.023783254,0.018341035,0.024001157,-0.013357587
-1.9894036,3.3740337,1.4253491,0.7350076,-3.728514,-2.4468777,1.434919,0.0055126436,0.29697892,-0.044398677,-0.66361415,1.0958762,-0.6058051,-0.033298235,-0.5069359,1.020266,0.48579368,-0.36581224,0.010931901,-0.4468307,0.05410809,-0.05078895,-0.05709723,-0.8855304,-0.72801256,0.07023503,0.05957832,0.023392752,-0.021170998,0.017947977,0.027555985,-0.016279554
-2.0584865,3.4566872,1.4615889,0.802351,-3.9671006,-2.844502,1.5223118,0.011341721,0.291752,-0.10132641,-0.7200861,1.1287903,-0.61099875,-0.008280871,-0.5730058,1.2321154,0.5683309,-0.41046858,0.021248022,-0.4036083,0.04848711,-0.045668464,-0.051688146,-0.7860254,-0.6500256,0.063236825,0.056150008,0.021950856,-0.017285513,0.017416613,0.028299525,-0.016714828
-2.1685143,3.588487,1.5199078,0.91000235,-4.349735,-3.48439,1.6628458,0.020600244,0.281878,-0.19209267,-0.8055079,1.1820471,-0.6162493,0.0270222,-0.67572814,1.5534209,0.69532114,-0.48127425,0.03489406,-0.35792515,0.0424302,-0.040765077,-0.046896942,-0.68500394,-0.5702127,0.055933245,0.052893795,0.021002293,-0.012820075,0.016599366,0.02910422,-0.019044673
-2.245304,3.6798916,1.5595179,0.98418427,-4.612883,-3.9215767,1.7587243,0.027004557,0.27626386,-0.25527725,-0.868751,1.2177436,-0.6233184,0.05522367,-0.7482718,1.7915831,0.78784364,-0.5301031,0.04593867,-0.28720877,0.03327891,-0.031678773,-0.036747772,-0.51660943,-0.43231115,0.043932404,0.046571236,0.018019035,-0.006973757,0.015699208,0.026547046,-0.01746193
-0.9652886,-0.35901162,-0.64612615,0.88299435,0.24408078,1.3937645,-1.7682272,-1.7259488,1.14263,-1.2254059,-0.52112937,0.7706539,0.59045917,-0.16316116,0.8833323,0.1790281,2.85182,0.89247143,0.083808824,0.030968048,-0.046286233,0.037643243,0.09158493,0.20649202,0.13023838,-0.07398488,0.0043371343,-0.080310516,0.037124507,-0.02748649,-0.12436904,-0.029964803
-1.0325782,-0.30371523,-0.6193705,0.9316905,0.010480833,0.94842607,-1.688092,-1.7289668,1.0565242,-1.2746671,-0.32868367,0.80132043,0.6944731,-0.38721582,1.0558037,-0.4347052,2.6755247,0.91810584,0.05631486,-0.0038873688,-0.041061334,0.02987492,0.081531,0.049761426,0.01770341,-0.062697455,0.010757405,-0.07789483,0.034153666,-0.027202401,-0.11574076,-0.030753924
-1.1219227,-0.21980737,-0.58007133,1.0034763,-0.30014634,0.37869632,-1.5791103,-1.7293814,0.9751792,-1.3426578,-0.17390534,0.8429356,0.7885816,-0.5835379,1.1874578,-0.9161882,2.546128,0.9236328,0.033552516,-0.028515661,-0.037293002,0.023505045,0.073011704,-0.07765029,-0.06966366,-0.05375045,0.016063629,-0.07573075,0.03223545,-0.027250163,-0.10908896,-0.03213348
-1.2066395,-0.11620583,-0.5328197,1.0887494,-0.6034959,-0.13232966,-1.4663042,-1.7220058,0.96681005,-1.4133759,-0.23855345,0.88676304,0.7882305,-0.55757254,1.1056297,-0.67520547,2.642386,0.86647373,0.044948716,-0.054264404,-0.034165733,0.018160488,0.06558119,-0.15511864,-0.1456707,-0.048039824,0.020299397,-0.07273411,0.031558797,-0.027065624,-0.099571206,-0.039543122
1.3265634,-0.9957699,-0.62067735,2.4699392,0.09113409,1.4518207,0.4669939,1.2135252,-1.1226696,0.19817093,-0.47184402,0.063104674,-0.11441644,0.19507185,-0.75069857,0.37872797,0.45203564,0.1029968,0.1234682,1.4225067,-0.15921201,-0.0023507536,-0.057045497,-0.43809938,0.03813557,0.07076511,-0.012654784,0.057139635,0.038449932,-0.023104176,0.17983149,0.46788856
1.25778,-0.94231075,-0.59564406,2.51712,-0.13576181,1.0161114,0.54323786,1.2114373,-1.2042611,0.14609802,-0.30070135,0.08807784,-0.015744196,-0.011603336,-0.59398025,-0.1782606,0.2954733,0.12544934,0.09464558,1.1891861,-0.14604406,-0.007073125,-0.0552463,-0.43249977,-0.0034266438,0.06941626,-0.015518194,0.04923852,0.04543554,-0.023018554,0.18263254,0.47532043
1.2317585,-0.9357434,-0.58968765,2.5201402,-0.23643841,0.7762868,0.56586915,1.2111121,-1.2692628,0.107716516,-0.19733667,0.07278899,0.07077057,-0.1632707,-0.46001863,-0.6266353,0.1707735,0.1571963,0.089610256,-0.034688503,-0.100184605,-0.00062848185,-0.02313342,0.013116674,0.031524364,0.053089596,-0.009111016,0.051921338,0.0049032103,-0.017584436,-0.037308235,-0.004271793
1.1494856,-0.84561926,-0.5488261,2.5949655,-0.52408403,0.27583086,0.66967565,1.2150803,-1.3045961,0.041789275,-0.17608514,0.112248786,0.1045472,-0.22252291,-0.4559331,-0.6690425,0.17782126,0.12795061,0.08406468,-0.026875146,-0.101196386,-0.0012866571,-0.02485714,0.004086017,0.021452622,0.054117642,-0.007995079,0.052720364,0.005625731,-0.01778328,-0.033386488,-0.008377531
1.0349745,-0.70693046,-0.48661646,2.7086518,-0.927413,-0.40041706,0.8187517,1.2249445,-1.314502,-0.053189307,-0.26677975,0.16946101,0.10026098,-0.18392998,-0.5667441,-0.33009174,0.31142983,0.051879786,0.10070757,-0.01829025,-0.10244233,-0.0019944832,-0.026869394,0.009421559,0.02129125,0.053463355,-0.007268478,0.05398299,0.007835066,-0.018238096,-0.027740752,-0.012990241
0.94737154,-0.6011021,-0.4395427,2.7951367,-1.2345015,-0.91406024,0.93183273,1.2324353,-1.3218033,-0.12584127,-0.33701673,0.21251099,0.0957138,-0.153673,-0.6510815,-0.067050956,0.4147317,-0.0057627917,0.11340353,0.008807382,-0.106032915,0.0004532657,-0.024852071,0.06551504,0.06281937,0.049429283,-0.008777581,0.0537768,0.010885771,-0.018714566,-0.02477402,-0.015410868
0.7814853,0.3533094,-1.0722679,-0.3839803,0.83927524,-0.3432254,-1.7990904,0.7024791,0.6688616,2.040899,-0.36702532,-0.26596516,-0.5397381,-2.4331968,-0.19579443,0.8819029,-0.26825935,1.160853,-0.07627075,-0.018101191,0.034653015,0.040755656,0.02452531,0.034059305,0.011402337,0.0047144024,-0.097355545,0.0031320222,-0.027093366,-0.01818564,-0.0959718,0.030888118
0.7147747,0.4074927,-1.0470184,-0.33672386,0.613581,-0.77080137,-1.7225193,0.6995703,0.58645743,1.9924554,-0.18443635,-0.23731592,-0.4422796,-2.6469643,-0.030029062,0.30249473,-0.43450582,1.1858609,-0.10173083,-0.012172693,0.03468489,0.039109543,0.021940257,-0.017348686,-0.008138544,0.008254964,-0.095501296,0.0030183939,-0.027146501,-0.01842763,-0.0927788,0.034152765
0.6171475,0.52192885,-0.99513274,-0.24227491,0.26913878,-1.35728,-1.5959004,0.70669013,0.5656198,1.9124346,-0.22386464,-0.18857436,-0.42891225,-2.6521363,-0.08894503,0.46511915,-0.3597928,1.1314191,-0.09521666,-0.022155957,0.03586254,0.03576615,0.01684883,-0.063946985,-0.052977163,0.011678494,-0.09264703,0.005155984,-0.026885556,-0.018527705,-0.08561143,0.028121136
0.5047124,0.6580008,-0.9339449,-0.13062392,-0.1272888,-2.022742,-1.4492625,0.71634734,0.55532014,1.8192314,-0.31112364,-0.13219383,-0.43201596,-2.6160228,-0.19659388,0.79146355,-0.23046558,1.0569988,-0.079945974,-0.020810585,0.035507794,0.03403648,0.013599097,-0.07631157,-0.06977587,0.012402208,-0.0911253,0.0068667326,-0.025293432,-0.018869521,-0.07922438,0.022468543
0.3993922,0.7850321,-0.87724674,-0.026645698,-0.49666694,-2.6415539,-1.3130785,0.72532576,0.54591346,1.7320241,-0.39346868,-0.08019112,-0.43616685,-2.5816586,-0.2967479,1.1001176,-0.108489536,0.98798877,-0.06585661,0.0012108046,0.03251373,0.035485562,0.014256261,-0.035116956,-0.0408266,0.009349483,-0.09190198,0.007239892,-0.02241387,-0.01940139,-0.075535126,0.018712603
0.2975423,0.9071765,-0.8231001,0.07310646,-0.85206705,-3.2363641,-1.1825477,0.7338694,0.53617924,1.6478444,-0.47102156,-0.030727262,-0.44019115,-2.550642,-0.39065158,1.3923373,0.0076967236,0.92270714,-0.05441363,0.042320907,0.027010955,0.039842624,0.01842242,0.055739745,0.02799408,0.0029633387,-0.09468569,0.006511874,-0.018477004,-0.020084932,-0.07427612,0.015651092
0.9083926,1.9816657,-1.3328613,-1.097231,0.36853582,1.3007218,1.3371804,-1.3486365,-0.939475,-0.6089326,-0.02520204,-1.472848,0.76270235,-0.271244,-0.27631366,0.59318995,0.060608212,0.115816325,-0.010475511,-0.01887754,0.037686527,0.06469526,-0.031580795,0.037946124,0.062382806,0.008567397,0.08008534,-0.009020668,-0.041127183,-0.00067737896,-0.010901832,-0.01786196
0.8475106,2.0323527,-1.3091055,-1.0531987,0.16072571,0.908707,1.4081088,-1.3509222,-1.0121105,-0.653577,0.1333182,-1.4462663,0.8486092,-0.45837787,-0.13407536,0.09024297,-0.08220481,0.13599113,-0.03645382,-0.018361878,0.03811532,0.06263238,-0.03471426,-0.015926173,0.030691797,0.012736096,0.08239084,-0.008580454,-0.041848026,-0.00075594994,-0.0076765832,-0.01803472
0.7887188,2.086438,-1.2843213,-1.0070912,-0.040252488,0.5403601,1.4778975,-1.3514494,-1.0664775,-0.6979445,0.23807207,-1.4200186,0.9104801,-0.5904488,-0.042513393,-0.23477362,-0.17053287,0.1416359,-0.04981299,-0.008710504,0.037392117,0.062093917,-0.03594905,-0.03719839,0.025862142,0.014234822,0.08329828,-0.008742244,-0.041220788,-0.0009442991,-0.0042915884,-0.016310858
0.714543,2.176462,-1.2436965,-0.93321675,-0.3033731,0.098110765,1.5752698,-1.345095,-1.0738521,-0.7596462,0.18188433,-1.3825504,0.90933824,-0.5681849,-0.112537354,-0.024395699,-0.086490035,0.09267148,-0.040744554,-0.010196661,0.03740315,0.06051796,-0.03874513,-0.051330343,0.0027657354,0.015572471,0.08485053,-0.007314451,-0.04048,-0.00094574864,0.0020949054,-0.021762485
0.64120024,2.2656338,-1.2037885,-0.86022496,-0.5620582,-0.3349188,1.6708355,-1.3387328,-1.0795785,-0.82066005,0.1216678,-1.3459415,0.9055228,-0.5414203,-0.18505485,0.20011425,0.0012513249,0.04343712,-0.028715547,0.0010897523,0.035890307,0.060817454,-0.039198186,-0.033902477,0.011270392,0.014341299,0.084879,-0.0068112947,-0.03860605,-0.0011600866,0.006883105,-0.024579825
0.59555984,2.3209863,-1.1792254,-0.81513584,-0.72313935,-0.6041964,1.7299784,-1.3348635,-1.0837468,-0.8587791,0.08570474,-1.3235812,0.90327734,-0.52655864,-0.22802477,0.3352457,0.054693226,0.013711543,-0.022935908,0.023976253,0.032837268,0.063265815,-0.036893763,0.017448874,0.043072883,0.011207589,0.08353844,-0.0072497805,-0.03657739,-0.0012407782,0.010068764,-0.026968937
0.90816414,1.982636,-1.3324126,-1.0965495,0.36717284,1.2995806,1.3378586,-1.3483787,-0.93762684,-0.60934114,-0.031137697,-1.472625,0.7603144,-0.2654826,-0.28270033,0.6124175,0.06718889,0.113990515,-0.012322184,-0.018849317,0.037535302,0.0648462,-0.031430632,0.04192839,0.06231892,0.008465542,0.080058314,-0.008890818,-0.04133256,-0.0006788402,-0.01174279,-0.01942029
0.83545595,2.0422611,-1.3045444,-1.0446123,0.12030027,0.8326093,1.4218298,-1.3513718,-1.0262681,-0.6623325,0.16417764,-1.4411709,0.8651908,-0.4948405,-0.10622891,-0.0073704366,-0.10994169,0.13999952,-0.041391622,-0.015806852,0.037905596,0.06264137,-0.03476412,-0.020214323,0.03336886,0.012889924,0.08242741,-0.008712597,-0.04177176,-0.00090701546,-0.008450233,-0.017175904
0.7407309,2.1439755,-1.2582633,-0.9597518,-0.20965119,0.25451663,1.5405713,-1.3474503,-1.0725002,-0.73754424,0.20596577,-1.3958646,0.9116631,-0.5801742,-0.08447673,-0.11317339,-0.120370775,0.11115538,-0.04690623,-0.016160589,0.038172573,0.060343344,-0.038487516,-0.06119136,0.005384433,0.015761958,0.084612,-0.007524374,-0.04132145,-0.0011706341,-0.003333149,-0.019731684
0.6491315,2.2553537,-1.2081823,-0.8683756,-0.53302175,-0.28758982,1.6603187,-1.3394692,-1.0797443,-0.8136274,0.13123766,-1.3497487,0.9076465,-0.54706913,-0.17539178,0.16499612,-0.011507022,0.049344752,-0.03170932,-0.016116975,0.03809823,0.05868232,-0.0414537,-0.07508095,-0.011497202,0.016581627,0.08601482,-0.006116083,-0.039892238,-0.0013802397,0.0032855866,-0.023753153
0.5559384,2.3679888,-1.1578575,-0.7761775,-0.8604909,-0.83618623,1.7811148,-1.3314961,-1.087921,-0.89089715,0.057782006,-1.3035804,0.9038534,-0.516101,-0.26464635,0.44003552,0.09700875,-0.012028815,-0.018772561,0.0016788235,0.03567275,0.059678175,-0.041244593,-0.043159418,0.00904289,0.014269788,0.08557245,-0.005669244,-0.037436243,-0.001784023,0.007382678,-0.027335323
0.48530424,2.4530082,-1.1202053,-0.7068309,-1.1076646,-1.2494868,1.8718528,-1.3255452,-1.0944132,-0.9494766,0.0029070205,-1.269255,0.9005289,-0.49362236,-0.3305059,0.6465263,0.17876484,-0.05759209,-0.010212497,0.034620337,0.031290207,0.06326069,-0.037761226,0.030621625,0.061821952,0.009317988,0.08337047,-0.0063651465,-0.034403924,-0.002159087,0.009490033,-0.029734261
-0.46708143,-2.4882815,-0.23233353,-2.1047997,-0.646462,1.0430367,0.44799438,0.6073524,0.22796914,0.11591947,-0.13159713,-0.7327384,-0.67938024,0.29767865,-0.020043707,0.4788751,0.38948873,-0.009049999,0.046945218,-0.0016170368,-3.3344266e-05,0.008851057,0.012747079,0.059261464,0.043674607,-0.009595906,0.003778671,0.006028776,-0.00056180306,0.012505641,-0.04369072,0.034799874
-0.5282826,-2.4383256,-0.20885117,-2.0611587,-0.85490835,0.6477487,0.51891875,0.60469663,0.1519857,0.071345426,0.036864027,-0.7060699,-0.58909875,0.100549795,0.1323457,-0.056308452,0.23602046,0.013757985,0.023009982,-0.0041058827,0.0009805366,0.006145914,0.008886035,-0.007891367,0.006098412,-0.004760677,0.006429684,0.0064622867,-0.0012191803,0.012435381,-0.039279725,0.0365373
-0.60251987,-2.3737724,-0.17912634,-2.0057414,-1.1073565,0.17830059,0.6055277,0.6028992,0.07292904,0.016248714,0.20120472,-0.6737946,-0.49748385,-0.09855704,0.27848807,-0.5731928,0.092008814,0.030573403,-0.004364099,0.01213869,-0.0005802874,0.006159251,0.008177292,-0.026997006,0.0075379116,-0.00321584,0.0072324295,0.0060884436,-0.00082539883,0.012059115,-0.03827296,0.03755895
-0.6916537,-2.2651591,-0.1301801,-1.9165864,-1.4227577,-0.35063237,0.7224471,0.6107009,0.065973915,-0.05787105,0.12809157,-0.6286777,-0.5013063,-0.065947145,0.18937996,-0.30136412,0.19829454,-0.029935524,0.010855182,0.007316514,-1.9095934e-05,0.0038059123,0.004394929,-0.053049386,-0.019742891,-0.0015229988,0.009131931,0.0077457423,0.00026599318,0.011920157,-0.031033104,0.033328686
-0.8060624,-2.1278017,-0.06850622,-1.8040162,-1.8259941,-1.0289851,0.871067,0.6202127,0.052391488,-0.15258904,0.048654005,-0.5719029,-0.5008746,-0.03892682,0.08861928,-0.00058897195,0.3211389,-0.10243741,0.0188951,0.021678941,-0.0022929742,0.0040899906,0.0034461466,-0.029969685,-0.014426459,-0.0027324366,0.009513587,0.009003459,0.0021286402,0.011528144,-0.026804203,0.025331926
-0.92823315,-1.9800265,-0.0028659066,-1.683171,-2.252544,-1.7412605,1.0283521,0.6308196,0.04420408,-0.253702,-0.054869115,-0.51186764,-0.50971013,0.00922734,-0.03397793,0.38513985,0.470361,-0.18441351,0.041028235,0.054798134,-0.0065260874,0.0068539563,0.005669721,0.03515608,0.043686192,-0.008179826,0.0074747396,0.008688196,0.006514207,0.010645933,-0.023961913,0.024773784
0.7210213,-0.42497522,-0.3847785,0.9772119,0.30730972,1.0898386,-0.201936,0.7707935,-1.4744809,0.38485846,-0.54572356,0.15204728,-0.005491894,0.2076258,3.1720517,1.5406486,-0.256674,-0.6817471,-1.0150075,-0.05449295,0.006055835,0.0077757924,0.010677803,0.005022225,0.049038433,-0.0010403584,0.0061516427,0.006524646,-0.003911497,0.006890698,0.00014478868,0.013003411
0.6674293,-0.3798815,-0.36353868,1.0163517,0.123312995,0.7431453,-0.13894202,0.76889855,-1.537757,0.34537217,-0.40838104,0.17570834,0.069475695,0.045013253,3.2945898,1.1047122,-0.37994686,-0.66484475,-1.0389069,-0.057762176,0.0068265004,0.005436735,0.007224653,-0.050163273,0.010294269,0.0034288268,0.008683281,0.007250615,-0.004936322,0.006941491,0.0038512694,0.011322213
0.62120885,-0.34241393,-0.34617436,1.0489603,-0.033077843,0.44695517,-0.08604018,0.76681334,-1.5952325,0.31175098,-0.28087613,0.19540568,0.13720928,-0.1041807,3.4109404,0.70034665,-0.49616906,-0.64705515,-1.0559804,-0.047179457,0.0060446397,0.005153991,0.0064052944,-0.07047924,0.0070352266,0.004967658,0.009453542,0.006819372,-0.004511476,0.006826187,0.006863737,0.01379986
0.5356262,-0.24636956,-0.3026705,1.1284766,-0.3332362,-0.07119036,0.022929253,0.77168,-1.6255046,0.242592,-0.27868056,0.23695044,0.16400743,-0.14580803,3.395618,0.72186375,-0.46827754,-0.6834501,-1.05836,-0.041884497,0.005298217,0.004151862,0.0042273058,-0.08258262,-0.0076107965,0.0061970353,0.01078284,0.00786983,-0.0037965197,0.006645172,0.0113669345,0.009012673
0.43323004,-0.1222729,-0.24702331,1.230173,-0.69406927,-0.67606664,0.15627798,0.7805059,-1.6342939,0.15760648,-0.360077,0.2881042,0.16001607,-0.111040205,3.2963543,1.0260038,-0.3484808,-0.7515369,-1.0433192,-0.032582134,0.003974557,0.0037279131,0.002650765,-0.073828995,-0.005841894,0.0054169544,0.011330013,0.008929076,-0.0017149264,0.006272471,0.016825702,0.0047768196
0.33419356,-0.0031928031,-0.19394147,1.3275453,-1.0415337,-1.2586093,0.28412503,0.78882366,-1.644355,0.075587556,-0.43394598,0.3367348,0.15740502,-0.0824913,3.2056553,1.3044262,-0.23704518,-0.81514585,-1.0330404,-0.0042136097,7.456129e-05,0.0062489756,0.004599242,-0.014670882,0.03439732,0.0014027008,0.0099256905,0.008965346,0.0012461247,0.0057668947,0.01954249,0.00032928315
0.98126626,1.9227356,-1.3602536,-1.1486564,0.61376077,1.7652102,1.2540374,-1.3455039,-0.8499025,-0.5562348,-0.22372186,-1.5039446,0.6568877,-0.03886702,-0.45645377,1.2226918,0.24120276,0.08863899,0.017232206,-0.0241724,0.03744646,0.06643508,-0.029102316,0.096401155,0.07149192,0.005407484,0.07859588,-0.008707868,-0.04114177,4.3226693e-05,-0.009525726,-0.024062674
0.922631,1.9703219,-1.3376658,-1.1068959,0.41290444,1.3829229,1.3224341,-1.3482138,-0.92461944,-0.59892446,-0.056710973,-1.4780748,0.7462103,-0.23339538,-0.30518222,0.69119596,0.088156454,0.11168577,-0.005053432,-0.03420434,0.0394664,0.0625419,-0.03442606,0.009593949,0.014632085,0.01177424,0.0821482,-0.007818239,-0.04223952,0.00017285817,-0.0027013053,-0.022761071
0.8613547,2.020579,-1.3142763,-1.063205,0.20492996,0.9898268,1.3930514,-1.3507625,-0.99932754,-0.6436405,0.107807755,-1.451717,0.8343333,-0.42666152,-0.15613972,0.16949527,-0.06098392,0.13376111,-0.02925692,-0.025849253,0.039048564,0.06151144,-0.036255535,-0.028387912,0.0018017194,0.014521454,0.08357828,-0.008012321,-0.042197295,-4.505794e-05,-0.00010010598,-0.020475382
0.8146966,2.0597157,-1.2962656,-1.0295168,0.046194267,0.6920175,1.4469433,-1.3524303,-1.0537378,-0.6780529,0.22526538,-1.4318278,0.897731,-0.56621695,-0.050041627,-0.20188317,-0.16597344,0.14866754,-0.049056817,-0.0073585208,0.037020355,0.062578246,-0.03552965,-0.022831906,0.013384907,0.0146122025,0.08354981,-0.00865977,-0.041572392,-0.0001893359,0.001408552,-0.020060087
0.7275074,2.1615875,-1.2504084,-0.94565266,-0.26040816,0.17067951,1.5592235,-1.3461939,-1.0727353,-0.74952334,0.19112793,-1.388897,0.9093325,-0.5720146,-0.1003139,-0.05907899,-0.10025053,0.10099022,-0.042409793,0.0014125421,0.035866838,0.062143706,-0.036991555,-0.021026574,0.011504958,0.014520098,0.084235325,-0.007854167,-0.04005085,-0.00045740875,0.006272284,-0.023492098
0.61229694,2.3005826,-1.1882818,-0.8318643,-0.66517746,-0.50785303,1.7084779,-1.3363923,-1.0834887,-0.84498245,0.102342,-1.3318807,0.9055078,-0.5357736,-0.20894034,0.27411756,0.031976968,0.025716592,-0.02794129,0.022879736,0.032899007,0.06337468,-0.03669417,0.017759424,0.037943777,0.011632019,0.0836414,-0.0072724326,-0.037145976,-0.0010382306,0.010097773,-0.028012743
0.8922902,1.05758,-2.4440873,-1.0575435,2.1074522,0.23584175,-0.24328963,0.9337833,0.65312487,-0.13917658,-0.4698916,0.4941717,-0.53651583,0.90975636,-0.23403013,0.6480862,0.32926947,-0.22503403,0.04978859,-0.007918184,0.04951247,0.075587325,-0.048669413,0.11653777,0.07391466,-0.0069585186,-0.04317197,-0.008275452,0.03060953,-0.021872494,-0.04619353,0.008352313
0.818614,1.1185163,-2.415347,-1.0044122,1.8553823,-0.24107091,-0.1572343,0.9308467,0.5633972,-0.19309703,-0.27255416,0.5265669,-0.4298831,0.67782426,-0.05670312,0.021219192,0.15052857,-0.19937843,0.019124743,-0.0149989175,0.051112194,0.07186508,-0.05390051,0.028967535,0.019842196,-0.00049652415,-0.03958843,-0.007372425,0.029332055,-0.021928923,-0.041370276,0.008730961
0.74101126,1.1818535,-2.386045,-0.9493837,1.5934525,-0.73592335,-0.06848151,0.9276057,0.46906248,-0.24955314,-0.06478124,0.55958897,-0.31894606,0.43373573,0.13201249,-0.6371411,-0.037805405,-0.17123307,-0.010926588,0.0017124929,0.04983845,0.07149889,-0.055010006,-0.003907267,0.02057429,0.0016518566,-0.03859499,-0.0080685755,0.029887043,-0.022381956,-0.039790414,0.01307064
0.64825195,1.2849164,-2.339443,-0.8638931,1.269649,-1.2962358,0.04882387,0.93255603,0.43402976,-0.3241121,-0.05534063,0.60436946,-0.28712523,0.38177916,0.123236135,-0.6362402,-0.015511083,-0.20852391,-0.00995446,0.0076048756,0.04926495,0.0702857,-0.057395983,-0.022169722,0.010127532,0.002779141,-0.037333757,-0.0072491714,0.031094989,-0.022713518,-0.034988116,0.011156308
0.54303837,1.4118595,-2.2824564,-0.75985545,0.8986282,-1.9193981,0.18576443,0.9414606,0.4231672,-0.41135213,-0.13342218,0.65680027,-0.2888104,0.41178137,0.026087381,-0.3426165,0.102271885,-0.27681231,0.0012853732,0.01831037,0.04761796,0.070093624,-0.058780793,-0.008737061,0.011390949,0.0019841164,-0.03677836,-0.006069645,0.032954354,-0.023061257,-0.030025441,0.0050807684
0.42742252,1.551546,-2.2203043,-0.6456042,0.49419147,-2.5955982,0.33485875,0.9514186,0.4143349,-0.50707525,-0.22822683,0.7136952,-0.29563394,0.45405978,-0.08733614,0.011553478,0.24046916,-0.35359278,0.01987894,0.047867388,0.043757,0.072470404,-0.057017993,0.04918281,0.05979804,-0.0026665812,-0.038407028,-0.0061529437,0.036774576,-0.023819024,-0.027080622,0.0031999697
-0.4995285,-2.4618833,-0.22006814,-2.0817995,-0.7556972,0.8364445,0.48507804,0.60601354,0.18857746,0.09241437,-0.044684544,-0.7188741,-0.63288826,0.19569434,0.058583703,0.2033941,0.3106829,0.0026295169,0.034220647,0.0005230229,7.105605e-05,0.008098627,0.011679764,0.033730607,0.040141772,-0.008238674,0.0044183475,0.0059085214,-0.000603946,0.0121596195,-0.04477754,0.037333574
-0.5776175,-2.3975327,-0.19006805,-2.0258563,-1.0205749,0.33631247,0.57521784,0.6029363,0.09466846,0.035435237,0.16122518,-0.6851695,-0.52202886,-0.046771854,0.24425068,-0.44956282,0.124616496,0.029589595,0.0022659537,0.0062741344,8.581371e-05,0.0062113632,0.008701636,-0.02443699,0.016547412,-0.0041293437,0.006591234,0.0059730713,-0.0009783312,0.011826968,-0.042589337,0.039525837
-0.68807983,-2.270214,-0.13233304,-1.9205444,-1.4088758,-0.3284107,0.71739644,0.6103174,0.065387994,-0.054483652,0.13429013,-0.6304968,-0.49956787,-0.07026222,0.1952066,-0.32353297,0.1906746,-0.02669494,0.008188254,-0.0037286389,0.0013884694,0.002529629,0.0031469,-0.079028025,-0.02897757,-0.00041636656,0.009634205,0.008131458,-0.0005533312,0.011589604,-0.035475973,0.03449753
-0.770682,-2.170059,-0.087339975,-1.8384215,-1.7003869,-0.81741416,0.82519484,0.617433,0.058102604,-0.12306596,0.06916423,-0.5890905,-0.50235844,-0.04277695,0.11541878,-0.08024852,0.28672877,-0.08160842,0.020052891,0.0007103887,0.0006916487,0.0016898308,0.0012130975,-0.07978137,-0.037524432,-0.0002841734,0.010547696,0.009236674,0.00086213497,0.0114230765,-0.029709911,0.030150656
-0.85736364,-2.0655324,-0.040662695,-1.7528975,-2.0050085,-1.3280619,0.93743044,0.6247767,0.049770474,-0.19492745,0.0029926586,-0.5462886,-0.50506276,-0.016233914,0.034460083,0.16835232,0.38565174,-0.13794386,0.030352887,0.020948881,-0.0020996996,0.003160522,0.0020097904,-0.040232323,-0.013448068,-0.0029019916,0.009865454,0.009533641,0.0032303461,0.011080864,-0.025947407,0.026071321
-0.95794225,-1.944595,0.012999066,-1.6541,-2.3563166,-1.9157698,1.0665946,0.6332857,0.040795393,-0.278129,-0.07558145,-0.4972493,-0.5097384,0.016446061,-0.06020718,0.4635664,0.502268,-0.2031626,0.04324916,0.05786764,-0.007010523,0.0068949778,0.0054622362,0.039607637,0.04784802,-0.0086352825,0.0074597187,0.00897024,0.007006243,0.010422874,-0.02414371,0.023454713
0.6243826,2.100223,1.1315763,-0.5918695,-0.83218974,2.7013123,0.4384969,-0.079174675,0.6228173,0.9450843,-0.6233289,0.67535114,-0.86417866,0.5301482,-0.17075138,0.6996219,0.26513255,-0.038439825,0.051721755,-0.11769499,0.012533589,0.01249501,0.022640737,0.16622692,0.056798086,0.0011022082,0.011424378,-0.0048205038,-0.009682175,0.017392635,-0.04859575,0.029840525
0.5795893,2.1368716,1.1491866,-0.5596419,-0.98727775,2.4057562,0.49151832,-0.08123551,0.56527543,0.9122992,-0.49463925,0.6955348,-0.79496455,0.3803291,-0.054707892,0.2893967,0.14710493,-0.020949323,0.034104325,-0.13290252,0.01500158,0.008331924,0.017039474,0.08068137,-0.008427253,0.007670514,0.0151751805,-0.0035692065,-0.011135142,0.017729834,-0.04096547,0.029102203
0.51490617,2.1897664,1.1738747,-0.51358044,-1.2070284,1.9898479,0.56614786,-0.08399252,0.48571455,0.8651407,-0.31885898,0.7234489,-0.7009061,0.17422147,0.10459913,-0.26832333,-0.01260653,0.0028261857,0.008841449,-0.12728879,0.015006647,0.006740269,0.01451547,0.031421,-0.028485745,0.01115451,0.017015347,-0.0036198767,-0.011262815,0.017517274,-0.03785059,0.031706363
0.4619446,2.2340195,1.1942776,-0.4754239,-1.3870481,1.6516999,0.6272752,-0.08592896,0.42355382,0.8261656,-0.18422118,0.7460559,-0.6283172,0.014562037,0.22622293,-0.6942132,-0.13322325,0.020056626,-0.013417214,-0.10914068,0.013099694,0.007549413,0.014903528,0.030006211,-0.019023651,0.011636412,0.017184952,-0.0042535653,-0.010691674,0.01730773,-0.03651988,0.032617185
0.39384815,2.3058748,1.2267147,-0.4155828,-1.6233639,1.2363338,0.7116196,-0.08356585,0.38684773,0.77227736,-0.1437666,0.77789944,-0.59121,-0.05741181,0.25320747,-0.8036776,-0.1512961,0.0029732592,-0.018649533,-0.09136166,0.01103422,0.008431268,0.015237732,0.043103896,-0.00391212,0.010817638,0.017034806,-0.004475826,-0.009202094,0.017019346,-0.03374764,0.032159127
0.28561375,2.4366531,1.285242,-0.3084999,-2.0042624,0.59770966,0.8521486,-0.074333936,0.37680167,0.68250966,-0.22747473,0.83163625,-0.59475815,-0.023090053,0.15071963,-0.4897639,-0.026787408,-0.06799928,-0.0047709392,-0.07397131,0.008605862,0.0091544725,0.014978424,0.07233973,0.01404821,0.008657175,0.016812034,-0.0037532733,-0.0066477666,0.016532108,-0.029459914,0.02761849
0.33583876,-0.034143537,-0.24881256,0.250216,-0.19445153,-0.21305561,-1.1583879,-0.7932529,-0.59358907,1.055903,0.57236785,-0.7444515,-0.28594938,2.3688285,0.37765154,-0.27383536,-0.7349042,2.14579,-0.19923176,-0.03192058,0.005953263,0.020970633,0.037457157,-0.026498307,0.07744027,-0.011939771,-0.002081655,0.010989599,-0.037801016,-0.0026023383,0.030459866,0.034432497
0.21535113,0.0978339,-0.18857062,0.36027998,-0.61579967,-0.9476118,-1.0057616,-0.7874436,-0.6455512,0.9596615,0.60456586,-0.68581665,-0.2350461,2.281507,0.38412547,-0.3397132,-0.72686684,2.1022677,-0.20109272,-0.04972477,0.008531941,0.015584146,0.02981966,-0.11902355,0.010007444,-0.005738452,0.002254339,0.013469234,-0.038069934,-0.0028607054,0.038383197,0.030828658
0.036893856,0.3137224,-0.091087244,0.5377414,-1.2457407,-2.0066433,-0.7723366,-0.77210283,-0.6625565,0.8119079,0.46835893,-0.5957073,-0.23811248,2.336752,0.21396759,0.16965106,-0.524142,1.9840558,-0.17779927,-0.070528455,0.010905746,0.009609987,0.020910988,-0.19610773,-0.058247086,-0.00094230846,0.006757958,0.017421663,-0.03708766,-0.0034218202,0.04803757,0.021200247
-0.073125765,0.44649068,-0.031783964,0.6465041,-1.6312063,-2.6523082,-0.6300651,-0.7626675,-0.6718126,0.72090125,0.38079983,-0.54125655,-0.24295625,2.37434,0.10774737,0.49705783,-0.39540407,1.9113903,-0.16167408,-0.05297858,0.008526707,0.010310983,0.020654833,-0.16736051,-0.037845485,-0.0032766121,0.0064480063,0.018062303,-0.034321398,-0.0039624437,0.052366916,0.017617473
-0.21547969,0.6170465,0.044138405,0.7860611,-2.128285,-3.4855747,-0.44717348,-0.75072795,-0.686014,0.6034383,0.2745181,-0.47166023,-0.24697974,2.415765,-0.022675075,0.8975872,-0.2353646,1.8201911,-0.14660369,-0.013822062,0.003169126,0.013811589,0.02344872,-0.0861939,0.023979688,-0.009217944,0.0042745653,0.018056449,-0.030077612,-0.0048957006,0.054086935,0.012550608
-0.36436623,0.7957276,0.12297554,0.9319724,-2.644093,-4.346248,-0.25761026,-0.738015,-0.6968314,0.4807458,0.1516197,-0.3997623,-0.25761884,2.4712198,-0.16782665,1.3575464,-0.056555085,1.7224977,-0.12268653,0.049641166,-0.005022469,0.020736292,0.030504718,0.053232733,0.14776269,-0.02019091,-0.00081150385,0.0163033,-0.023374422,-0.0063310903,0.052942302,0.013301947
0.9828382,1.9207803,-1.3611548,-1.150216,0.61947215,1.7747439,1.2519072,-1.3456718,-0.849906,-0.55489737,-0.22208573,-1.5047164,0.6570717,-0.039735865,-0.45404914,1.217104,0.23865849,0.0897632,0.019406071,-0.024000479,0.037535667,0.066349104,-0.029192578,0.09449935,0.07100564,0.0054732664,0.07861439,-0.008805064,-0.040953457,9.226499e-05,-0.00835447,-0.022946348
0.93982583,1.9558623,-1.3443291,-1.1193633,0.47086838,1.4914693,1.3026681,-1.3476813,-0.905265,-0.5863304,-0.09812343,-1.4854054,0.7236246,-0.18395334,-0.34212884,0.82203066,0.12487586,0.106741086,0.002711572,-0.037748694,0.039815027,0.06249026,-0.034381855,0.014351907,0.011504466,0.011552099,0.08207969,-0.007699199,-0.0422522,0.0003748897,-0.0014073257,-0.023275523
0.8814065,2.0045753,-1.3215559,-1.0771176,0.27129668,1.1152765,1.3707113,-1.3498777,-0.9749251,-0.62924933,0.053744562,-1.4599732,0.8058161,-0.3633407,-0.20563589,0.34046245,-0.0118294135,0.1261224,-0.02211983,-0.033308413,0.039723586,0.061080348,-0.03671047,-0.027441345,-0.01084657,0.014870572,0.08389357,-0.0075048413,-0.042672183,0.00027209142,0.0014417177,-0.023175592
0.84196585,2.0370731,-1.3065178,-1.0489872,0.13692127,0.86169934,1.4162141,-1.3515422,-1.0231085,-0.6582027,0.15962836,-1.4431037,0.8623453,-0.48788443,-0.10924355,0.0050201714,-0.10770999,0.14047116,-0.037471067,-0.02057739,0.03850688,0.06140178,-0.036795996,-0.03382042,-0.008508453,0.015648043,0.08426715,-0.007978837,-0.042177532,0.00021978052,0.0041702082,-0.021942237
0.78120124,2.0970361,-1.2793616,-0.99865675,-0.07255297,0.48598912,1.4897753,-1.3507799,-1.0678161,-0.70528114,0.23236495,-1.4155902,0.91082716,-0.58899945,-0.04931651,-0.21359378,-0.16151363,0.13621658,-0.04943328,0.0012101384,0.03595621,0.06289612,-0.03567451,-0.014509187,0.012542686,0.014584681,0.08380902,-0.008550727,-0.040842526,-5.2392737e-05,0.005904054,-0.022100314
0.6955884,2.2006538,-1.232922,-0.91383624,-0.3748918,-0.021198418,1.6013143,-1.3434924,-1.076146,-0.7764481,0.16703345,-1.3729504,0.9085375,-0.56287205,-0.12966643,0.031659316,-0.06379752,0.08020647,-0.039172847,0.015074291,0.033981893,0.06343326,-0.03600249,0.008950632,0.022667475,0.013127684,0.083806425,-0.007883735,-0.038914274,-0.00031565403,0.010450892,-0.026672963
-0.49825883,-2.4633234,-0.22073789,-2.0829706,-0.7510866,0.8444268,0.48340267,0.605928,0.18903746,0.09346344,-0.044741705,-0.7194842,-0.6333239,0.1963836,0.05904557,0.20337434,0.3101201,0.0031502354,0.03561904,0.0003433623,0.00015772333,0.008043146,0.011641103,0.032423973,0.04051528,-0.00824487,0.0044029225,0.005842281,-0.0004985398,0.012162361,-0.04442455,0.038090914
-0.5618881,-2.4105558,-0.19606495,-2.0371237,-0.9677394,0.43560815,0.5572575,0.60349196,0.11289851,0.046890106,0.121712625,-0.6918364,-0.54335654,6.3212545e-05,0.20871897,-0.32462543,0.15998483,0.024582986,0.008918041,0.0029698806,0.00037374254,0.0061884774,0.008758902,-0.019233838,0.013252947,-0.0043307985,0.006538887,0.006125348,-0.0010500189,0.012020199,-0.041523207,0.03861045
-0.6194933,-2.3527954,-0.16969551,-1.9884863,-1.1669322,0.07911421,0.6277723,0.6044998,0.07286824,0.0021614307,0.18359509,-0.66510177,-0.49977803,-0.08846968,0.25817034,-0.5089348,0.11571882,0.017903404,0.0014286924,0.007797054,7.4074356e-05,0.005209349,0.006953617,-0.04153589,0.00037828652,-0.0026300848,0.0077328156,0.0064346367,-0.00056957104,0.01193245,-0.037276607,0.038332984
-0.69990355,-2.2552009,-0.12569949,-1.9084016,-1.4517124,-0.3992444,0.7331721,0.61141217,0.06525744,-0.06467967,0.12162407,-0.62453854,-0.5015552,-0.063201286,0.18138258,-0.27720666,0.2078265,-0.035423134,0.0120552685,0.0065454897,7.3779775e-05,0.0035705804,0.0040501263,-0.05612381,-0.021509824,-0.0013969871,0.009278028,0.00789513,0.0003441131,0.011863789,-0.03088516,0.033107586
-0.77180445,-2.1683388,-0.08678218,-1.8373134,-1.7056357,-0.8254542,0.82677025,0.61748403,0.057785634,-0.124436736,0.068166144,-0.5888124,-0.5029168,-0.042746305,0.11525816,-0.076037936,0.28854313,-0.08197109,0.019568441,0.020569716,-0.0019369161,0.004342625,0.0040933914,-0.030148318,-0.011679607,-0.0028057185,0.009182942,0.008413147,0.0019987456,0.011723741,-0.026461285,0.02845396
-0.86689085,-2.0536835,-0.035756588,-1.7435911,-2.0388472,-1.3831755,0.9494421,0.6255708,0.049362507,-0.20322526,-0.0064846515,-0.54212177,-0.50714654,-0.011501192,0.025049722,0.20404561,0.39912057,-0.14407094,0.032197513,0.049187753,-0.0057664528,0.00691921,0.0061909985,0.029175127,0.031916477,-0.0070483866,0.007613574,0.008260298,0.005169322,0.011194699,-0.023652889,0.025469001
0.30420113,-0.9888219,-0.5946737,-0.7664761,-0.7337815,0.5082986,-2.7104752,-1.3528898,-0.8679645,0.7139464,-0.613826,0.30052972,0.27849692,0.2913608,-0.8039534,0.019054653,-0.5137809,-0.9480153,-0.07367209,-0.0228304,0.0016510529,0.039684016,0.109816976,-0.05361937,0.20149015,-0.066139475,-0.0067826114,0.048227638,0.004354224,0.0043700924,0.31243333,-0.0927286
0.25910762,-0.9513203,-0.5770673,-0.73387504,-0.8880349,0.21704832,-2.6578367,-1.3546327,-0.9222285,0.6808524,-0.495112,0.32027155,0.3427569,0.15140428,-0.69726545,-0.35781267,-0.62096715,-0.9327513,-0.092697755,-0.022508288,0.001983849,0.038057655,0.10730755,-0.094536,0.17381339,-0.06276873,-0.004884097,0.048612293,0.0038029368,0.0044391486,0.31631118,-0.09335607
0.18658105,-0.87891954,-0.54397035,-0.67292404,-1.1388551,-0.23239295,-2.5691285,-1.353411,-0.9734224,0.62460095,-0.41469997,0.3538096,0.39870408,0.03733091,-0.63325924,-0.59868205,-0.67880017,-0.94035256,-0.10631555,-0.016002946,0.0013944875,0.037056662,0.1053162,-0.11869368,0.15927888,-0.06076707,-0.0034874196,0.049095515,0.004096601,0.0042590867,0.31975478,-0.09513265
0.10708477,-0.78219754,-0.50040525,-0.5935629,-1.4202204,-0.7044548,-2.464925,-1.3465054,-0.98012686,0.55848855,-0.47844446,0.39395055,0.3958478,0.064864576,-0.7113095,-0.36114907,-0.58536917,-0.99379855,-0.09393902,-0.01733585,0.0014685636,0.035388593,0.10241367,-0.1340434,0.13873878,-0.059622776,-0.001999328,0.050475307,0.00515129,0.004172265,0.32632607,-0.09950491
-0.03947059,-0.6055418,-0.4212333,-0.4487501,-1.9351977,-1.5686624,-2.2748065,-1.3340409,-0.9942092,0.4372216,-0.5899092,0.46678025,0.39208806,0.109633714,-0.8489016,0.057161767,-0.41883114,-1.0894998,-0.07616412,-0.0027744584,-0.0006811122,0.035150778,0.10068246,-0.11661973,0.148409,-0.061216246,-0.001557447,0.051919363,0.007970436,0.0034505173,0.33117858,-0.10580444
-0.116430014,-0.51273125,-0.3801589,-0.37302592,-2.2040467,-2.017669,-2.1760104,-1.3274817,-1.0003866,0.37343055,-0.65228665,0.5042233,0.38734037,0.13685395,-0.92298174,0.2909267,-0.32732698,-1.1399158,-0.06481583,0.031164873,-0.005130344,0.03877076,0.10420493,-0.041756373,0.2054657,-0.0665063,-0.0039027522,0.051153813,0.011337985,0.002970627,0.33318835,-0.107310966
0.6748873,1.3465126,2.5785673,-0.522734,1.0491418,1.460262,0.21261866,-0.3718065,-0.03750302,0.028945606,-0.56155187,0.32884935,-1.2762052,0.2196018,-0.35559657,0.5056964,0.29513946,-0.11350047,-0.07771176,-0.10567267,0.051450755,-0.069812,0.009916555,0.020097015,0.2513611,-0.0026500293,0.028155586,0.0022037998,0.01047607,-0.0063995705,0.41801438,-0.111326754
0.634418,1.3800409,2.594637,-0.49336335,0.90891,1.1939021,0.2606578,-0.37352425,-0.08820343,-0.0007951451,-0.44919908,0.34709993,-1.2153624,0.088139184,-0.25481507,0.14781469,0.19274591,-0.09876868,-0.094562724,-0.11833598,0.053460006,-0.073311344,0.0051600034,-0.051936135,0.19527483,0.0029886693,0.031396877,0.0033246907,0.00913195,-0.0061144074,0.4242041,-0.1127716
0.5857918,1.4205025,2.613607,-0.45822918,0.7423665,0.87953204,0.31743363,-0.37542304,-0.14688149,-0.036535505,-0.32079023,0.3683547,-1.1459832,-0.063214645,-0.13922839,-0.25964716,0.07681488,-0.08216478,-0.11493579,-0.11589845,0.053568024,-0.074751064,0.0028573635,-0.091058806,0.1711983,0.0061785355,0.033169817,0.0035826906,0.008710242,-0.006102795,0.42779666,-0.11292812
0.54369956,1.4551368,2.6296074,-0.42825136,0.5992455,0.6094945,0.36587882,-0.37719494,-0.19819863,-0.067397505,-0.20803788,0.38630328,-1.0858195,-0.19585277,-0.03655506,-0.61676854,-0.025262916,-0.06687054,-0.13126926,-0.101786055,0.05220673,-0.07431057,0.002905406,-0.09643076,0.17601576,0.006837625,0.033460278,0.0030233464,0.009288363,-0.006199646,0.4302718,-0.111360684
0.47295493,1.5280114,2.6625738,-0.3674115,0.354185,0.17549793,0.4528435,-0.3752882,-0.24142694,-0.12296347,-0.15037729,0.41899174,-1.0406604,-0.28642616,0.006362447,-0.78246236,-0.059864867,-0.07991739,-0.1418703,-0.0811067,0.04970573,-0.073056966,0.0036291836,-0.078563266,0.19376862,0.0059077633,0.0332021,0.0027402588,0.0106305145,-0.006505924,0.43220803,-0.11275781
0.35940537,1.6653519,2.7240155,-0.2549451,-0.045158412,-0.49366474,0.6002414,-0.36554834,-0.25134575,-0.21713057,-0.24001788,0.47539687,-1.0451789,-0.24851353,-0.1027684,-0.4469511,0.072476804,-0.15491764,-0.1258966,-0.063792475,0.04732779,-0.07244665,0.0032131905,-0.05073175,0.212466,0.0036852392,0.032991264,0.0034841837,0.013375479,-0.007049684,0.43670186,-0.11682983
1.7343501,-0.90573084,-0.4368316,2.024449,-0.63811624,0.008115674,0.16627644,-0.817728,2.177016,-1.0189182,0.40434802,-0.55401605,-0.31030688,-0.24295232,0.22190386,-0.47248217,-0.83222204,-0.124402836,-0.13621221,0.445828,-0.10566511,-0.0019158177,-0.015027476,-0.20459703,0.018416852,0.009328532,-0.0060982546,-0.09703472,0.011589012,-0.018769773,0.01388362,0.1846765
1.5734203,-0.7115829,-0.3492223,2.1842906,-1.2031701,-0.9424739,0.37564343,-0.8035121,2.1641932,-1.1527376,0.27178803,-0.47413108,-0.31549358,-0.18421759,0.06103929,0.014504826,-0.6413351,-0.23337583,-0.10825168,0.34625334,-0.09861149,-0.009005247,-0.022455625,-0.26896676,-0.054706383,0.012589087,-0.0032044793,-0.09585405,0.014852035,-0.01911193,0.024006957,0.17839189
1.3887669,-0.49091136,-0.24932832,2.3639145,-1.856598,-2.0511441,0.6140654,-0.78644913,2.1448052,-1.3124905,0.114112444,-0.39031413,-0.31545186,-0.122267656,-0.11777932,0.5585959,-0.42267945,-0.3551942,-0.0813589,-0.05769305,-0.08430066,-0.009007736,-0.016148392,-0.12734291,-0.05423821,0.00692739,0.0007409093,-0.09164293,0.0032116135,-0.018220583,-0.04638428,0.005273963
1.2411883,-0.3134187,-0.1704793,2.5091786,-2.3703027,-2.9101512,0.8033688,-0.7738036,2.1333587,-1.4342003,-0.0056706816,-0.31809187,-0.32390532,-0.06930177,-0.26133138,1.0064254,-0.24772249,-0.45248744,-0.05834109,-0.019585501,-0.08928028,-0.005832747,-0.013655767,-0.052003063,0.012114702,0.0006979644,-0.0015476429,-0.09183144,0.008092606,-0.019311313,-0.044152986,0.0033968613
1.063467,-0.10113633,-0.07655747,2.682681,-2.9866788,-3.9413142,1.0297723,-0.7588929,2.117126,-1.5804284,-0.14218815,-0.23224007,-0.3318131,-0.013498931,-0.4261898,1.5204064,-0.044196285,-0.5663435,-0.037150245,0.049217384,-0.098411284,0.0015366317,-0.0064054937,0.09934078,0.13990627,-0.010792344,-0.0067002974,-0.093233585,0.015000586,-0.020884387,-0.04581191,0.0007143553
0.9329973,0.05433858,-0.008710042,2.8092537,-3.4345279,-4.686732,1.1935524,-0.7479127,2.1076958,-1.6875929,-0.2495797,-0.17075032,-0.34272152,0.034715336,-0.55101097,1.9238191,0.112497784,-0.6502575,-0.017440945,0.14013688,-0.11014806,0.012821213,0.0060396446,0.31148386,0.32261673,-0.026635477,-0.014832772,-0.0968065,0.023146216,-0.022456547,-0.05045191,0.003450838
1.3122244,0.79831594,2.3061125,-0.6604981,0.6819385,1.4791085,-1.3704133,1.8899169,0.9443696,-0.32135326,-0.17602494,-0.7324257,1.5629362,1.126314,-0.29339808,1.156453,0.32969674,-0.19838242,0.1068768,-0.01112713,0.056868866,-0.050112274,0.051393412,0.1038112,-0.024952505,0.08202458,-0.024228163,-0.027502375,0.0036522455,0.049478494,-0.16421884,0.013257577
1.2497991,0.8491869,2.3301044,-0.61598575,0.46868744,1.074226,-1.2978641,1.8871602,0.86606956,-0.36685154,-0.0019893108,-0.70511293,1.6561103,0.92293125,-0.13571246,0.60312104,0.17081295,-0.174638,0.082807906,-0.014367122,0.058007095,-0.053157356,0.04700419,0.031519882,-0.07195259,0.08757435,-0.021158066,-0.026886519,0.0028971145,0.04960917,-0.15723644,0.014375056
1.1936134,0.8949105,2.3513165,-0.5762073,0.27845097,0.71423924,-1.2334411,1.8847096,0.7967474,-0.40776002,0.15135005,-0.68111706,1.7377902,0.7432181,0.003906799,0.1168592,0.03134145,-0.1535364,0.061570227,-0.0025917683,0.057159323,-0.05362138,0.04587205,0.004973937,-0.07770251,0.08958209,-0.020151356,-0.027309585,0.0032862711,0.049452197,-0.15394187,0.017094571
1.1366559,0.94213,2.3728824,-0.53553694,0.08638848,0.3536659,-1.1684579,1.8825771,0.7300001,-0.44949904,0.29607612,-0.65721285,1.8153505,0.57166123,0.1353275,-0.34040818,-0.09839916,-0.1346091,0.038463343,0.024754904,0.05415645,-0.05159707,0.047729388,0.022604588,-0.04836642,0.088563666,-0.020892667,-0.028535293,0.0045280154,0.049084708,-0.15377316,0.019499063
1.0413425,1.044374,2.4187531,-0.45069304,-0.24298032,-0.22075827,-1.0505004,1.8865979,0.6853266,-0.52518976,0.33263516,-0.6127552,1.858296,0.49117225,0.15364474,-0.4273555,-0.10278362,-0.16392596,0.032616798,0.055789698,0.05035818,-0.049194038,0.04968602,0.06291658,-0.007345301,0.0856514,-0.022110702,-0.029181007,0.007063302,0.048455987,-0.15274861,0.019055255
0.95301175,1.1514617,2.4663894,-0.3631668,-0.5527327,-0.73826873,-0.93630916,1.8942509,0.6789692,-0.598519,0.25872648,-0.56920004,1.8524469,0.5248558,0.06582207,-0.15168649,0.004326922,-0.22305623,0.04779939,0.080994114,0.047087826,-0.047082752,0.051322594,0.11320742,0.031626396,0.08184793,-0.023471814,-0.029350106,0.0101969605,0.047970325,-0.14923017,0.017478384
1.9300853,-1.1209451,-0.5781158,2.2725537,0.09700168,1.4745599,0.4774695,1.2073091,-1.0982419,0.2864458,-0.5585094,0.028929694,-0.1159272,0.32164046,-0.7615166,0.55346125,0.5470259,0.07586992,0.1425619,-0.06224059,-0.098461635,0.00041405277,-0.021955919,0.07332453,0.034070555,0.048882294,-0.011641532,0.054105654,0.0018927617,-0.018393403,-0.060493104,-0.017017826
1.8508489,-1.0612562,-0.55038804,2.325536,-0.16758932,0.96512294,0.5657765,1.2023107,-1.208741,0.23026931,-0.30307266,0.062010027,0.015550025,0.02934674,-0.5229489,-0.25935268,0.30757856,0.117004625,0.123261064,-0.045107424,-0.09884299,-0.0012769834,-0.024737502,0.010940516,0.019130908,0.052819684,-0.009793885,0.052906163,0.0036112599,-0.018416185,-0.048422437,-0.0045730486
1.7357358,-0.95006543,-0.4998309,2.4193473,-0.56143975,0.2546403,0.7038729,1.2032617,-1.297977,0.14212385,-0.15024544,0.113794535,0.11405717,-0.17688407,-0.39612862,-0.7242481,0.19001892,0.113308415,0.095334895,-0.019111741,-0.10175449,-0.00041674665,-0.02475377,0.008940704,0.038095474,0.052936904,-0.009553318,0.052538894,0.004878971,-0.019202242,-0.049123336,-0.0047665373
1.6098417,-0.79734534,-0.4313987,2.544595,-1.0037148,-0.48591113,0.86752474,1.2142483,-1.307183,0.037817307,-0.25478348,0.17672616,0.10722225,-0.12936918,-0.52219933,-0.335336,0.34137946,0.028284097,0.11746719,-0.012433581,-0.10263792,-0.001658633,-0.027452104,0.0063659153,0.03554762,0.052472837,-0.00860764,0.05393202,0.00745121,-0.019743567,-0.0424322,-0.008197532
1.4099007,-0.5583334,-0.32462317,2.7403934,-1.7030404,-1.6606307,1.1249726,1.2308602,-1.3295015,-0.12700844,-0.3967242,0.2748637,0.10544587,-0.07855388,-0.69999737,0.20171113,0.55892444,-0.09823152,0.13361497,0.026312126,-0.10822522,0.0010663762,-0.02611875,0.081398174,0.09065816,0.04687465,-0.010093013,0.05494301,0.011960526,-0.02104122,-0.04115447,-0.017562227
1.2466826,-0.36180452,-0.23793188,2.9009118,-2.2682884,-2.6025662,1.3329477,1.244996,-1.3393017,-0.261585,-0.5376739,0.35390452,0.09117108,-0.011332348,-0.86467254,0.72698045,0.7608555,-0.20729241,0.16465735,0.0921544,-0.11656568,0.0080209235,-0.019075142,0.22291705,0.22206713,0.035258647,-0.015423744,0.05306169,0.019466152,-0.022644902,-0.041545007,-0.01483534
1.5837905,1.8110216,-1.3140559,-1.3310506,0.6228265,1.8392723,1.2745593,-1.3551797,-0.8121253,-0.4460598,-0.27792546,-1.5067275,0.62956595,0.09423667,-0.47315463,1.4248767,0.33025834,0.055498768,0.044176366,-0.048512362,0.040762234,0.06288857,-0.0345468,0.040270302,0.010099643,0.009531995,0.080515645,-0.006679672,-0.043585487,-0.00035913364,-0.014486318,-0.026382118
1.522414,1.8617644,-1.2901278,-1.2868038,0.41270885,1.4416692,1.3462625,-1.3576432,-0.88706297,-0.4910006,-0.11304998,-1.4797488,0.71860015,-0.09951539,-0.3248121,0.9010258,0.18082596,0.077024415,0.018801533,-0.052826665,0.04188862,0.059926227,-0.03881513,-0.029373629,-0.036171395,0.014930658,0.08352979,-0.005937501,-0.044574816,-0.00028399407,-0.0090542855,-0.026562572
1.4638214,1.9093273,-1.2680973,-1.2454202,0.21465528,1.0668255,1.4132801,-1.3602233,-0.9594605,-0.5336088,0.047241524,-1.4548044,0.8038543,-0.28728575,-0.17869282,0.39278856,0.034943722,0.099212885,-0.0030954177,-0.039352085,0.040870972,0.059615564,-0.039769214,-0.05438318,-0.0387826,0.01676855,0.08442044,-0.006478761,-0.044054598,-0.00048374844,-0.005907766,-0.023321342
1.39843,1.9635813,-1.243386,-1.1987312,-0.005274947,0.6543543,1.4876821,-1.3626069,-1.0354066,-0.5814895,0.21145922,-1.4274749,0.8919318,-0.48226082,-0.029676517,-0.12575488,-0.11195183,0.12051947,-0.029840121,-0.006256291,0.037186198,0.062262215,-0.037208743,-0.028796801,0.0010356822,0.015111734,0.083272375,-0.00800709,-0.042522766,-0.0009978066,-0.0068571353,-0.020291094
1.3017108,2.072527,-1.1945661,-1.108803,-0.34176564,0.07660701,1.6096689,-1.3568804,-1.0662627,-0.65961725,0.20403017,-1.381181,0.9169129,-0.5191717,-0.054719187,-0.06708741,-0.07055366,0.07733916,-0.02711155,0.017954824,0.034183655,0.06379422,-0.03632731,0.0026523538,0.030752365,0.012731214,0.08254673,-0.008145372,-0.04000678,-0.0015425647,-0.0041566314,-0.02158316
1.2026614,2.1920507,-1.1413646,-1.0110887,-0.68889624,-0.5042988,1.7375057,-1.3484311,-1.0748,-0.74170005,0.12555319,-1.3324925,0.91223335,-0.48587975,-0.14936793,0.22707105,0.0453069,0.012397605,-0.013384815,0.046610784,0.030363562,0.06630565,-0.034332942,0.061321225,0.074612066,0.008458396,0.08099521,-0.008266503,-0.03672858,-0.0021054228,-0.001216052,-0.024435738
1.0210391,2.156756,1.2552738,-0.6282409,-1.5133001,1.4741464,0.6930179,-0.09688209,0.41574398,0.90598714,-0.14125742,0.75952023,-0.6043635,0.03127145,0.29786813,-0.7953659,-0.1295397,-0.0005388051,-0.0033525394,-0.09866577,0.01248877,0.008749219,0.015873509,0.029895477,0.035379503,0.008388749,0.014247154,-0.005090619,-0.010627565,0.014554333,-0.06399752,0.043562498
0.9250711,2.267052,1.3052436,-0.5369447,-1.8498094,0.8978518,0.8161902,-0.0905401,0.38997617,0.82803506,-0.16347581,0.80691504,-0.5844268,0.0097793825,0.25675577,-0.68962544,-0.07366048,-0.04901089,0.0031608786,-0.10712512,0.013661265,0.0054969355,0.010974803,-0.018625272,-0.004717235,0.011669758,0.016927024,-0.0032755528,-0.010126293,0.014390983,-0.05690636,0.039767608
0.8265499,2.3859198,1.358689,-0.43939245,-2.196815,0.31487304,0.94445837,-0.08215654,0.3802135,0.74647623,-0.23760127,0.8561825,-0.5861834,0.039039932,0.16455846,-0.411684,0.03735772,-0.113428466,0.0148154665,-0.10445442,0.013094368,0.0041943276,0.008319884,-0.02517107,-0.019812198,0.012269337,0.018250244,-0.0017569844,-0.008802739,0.014169711,-0.05089883,0.03378244
0.7271894,2.5054193,1.4120469,-0.34154138,-2.545009,-0.26900232,1.0727797,-0.073756814,0.37061113,0.6643192,-0.3129653,0.90516186,-0.58907795,0.069109656,0.07208989,-0.1285157,0.150123,-0.17780885,0.026444256,-0.08394294,0.010243574,0.0055283415,0.008852142,0.013535229,0.004280346,0.009612423,0.017652696,-0.0012997371,-0.006261629,0.01373515,-0.0471071,0.029261326
0.62271094,2.6311977,1.4677528,-0.23877248,-2.9087784,-0.8766092,1.2066252,-0.06481588,0.3626802,0.57799697,-0.39854646,0.95604306,-0.59578055,0.10723365,-0.029624488,0.19161572,0.27495527,-0.24660097,0.042900033,-0.045878123,0.005288246,0.009343375,0.012435015,0.09477573,0.07124433,0.0034471594,0.015028028,-0.0020213432,-0.0020824554,0.012972124,-0.04536617,0.028125618
0.523249,2.750159,1.520091,-0.14180756,-3.253543,-1.4521692,1.3329382,-0.056477148,0.3540512,0.49595314,-0.47666395,1.00365,-0.6015971,0.13997146,-0.1223933,0.48577756,0.39082712,-0.31027505,0.055398587,0.010584894,-0.0021244474,0.015996994,0.019430501,0.22448005,0.17534105,-0.0058391327,0.010507554,-0.0037701842,0.0029858665,0.012102563,-0.045968544,0.027114846
1.1650932,-0.5316008,-0.55553323,0.27569792,-0.11604435,0.643233,-2.5988657,-1.9917141,0.5715479,0.99154234,-0.47345376,-0.43269664,0.2637425,0.47182214,0.3108949,0.020319952,2.1819715,-0.45691562,0.08036661,-0.03883648,-0.020899212,0.037204728,0.10371593,-0.070229836,0.12916261,-0.06852598,-0.021126261,-0.027432127,-0.034838486,-0.022967407,0.24810159,-0.12555769
1.1084021,-0.48438329,-0.5334488,0.31668776,-0.30932721,0.27883506,-2.532922,-1.9938214,0.5041754,0.9499725,-0.3266264,-0.40801632,0.34331527,0.2983414,0.44269556,-0.4454081,2.049808,-0.4382609,0.056163665,-0.036215395,-0.020786585,0.03558732,0.10113973,-0.114754274,0.102991775,-0.06495984,-0.019154891,-0.027117142,-0.035385907,-0.023022227,0.2512728,-0.12585549
1.0571213,-0.44261214,-0.5142384,0.3529142,-0.48210162,-0.047387037,-2.4745243,-1.9960061,0.4417537,0.9126499,-0.18914244,-0.38638565,0.4164622,0.13679965,0.5680919,-0.8807983,1.9251341,-0.41938218,0.036779713,-0.018540878,-0.022467596,0.036229312,0.10139539,-0.120407894,0.11339264,-0.06445149,-0.019003745,-0.027914183,-0.03457048,-0.023247743,0.25327706,-0.123013854
0.9994688,-0.38529664,-0.48833898,0.40100148,-0.6803116,-0.4018404,-2.4047627,-1.9951066,0.4011277,0.8679619,-0.125448,-0.36023873,0.46015468,0.04630366,0.61996293,-1.0705924,1.8793584,-0.42492744,0.027391724,0.001492792,-0.024773689,0.037535395,0.10232908,-0.10341134,0.1324613,-0.0654241,-0.019395242,-0.028446546,-0.033215262,-0.023486674,0.25547007,-0.12283252
0.92156905,-0.2909545,-0.446094,0.4782318,-0.9550633,-0.862436,-2.3033726,-1.9884428,0.39400172,0.8032303,-0.18621027,-0.32146233,0.45746103,0.07144645,0.54576355,-0.84299403,1.9694904,-0.47622937,0.03774703,0.014559754,-0.026598388,0.03805297,0.10205693,-0.08134296,0.1420929,-0.06680263,-0.019417262,-0.02788224,-0.031358004,-0.023701098,0.26011968,-0.12674826
0.8465391,-0.20038557,-0.40581062,0.5521954,-1.218575,-1.3034711,-2.20645,-1.9820842,0.38710853,0.7409271,-0.2446066,-0.28464735,0.45427868,0.095453106,0.4752162,-0.62360024,2.0563707,-0.52503246,0.047152698,0.04123747,-0.030177608,0.040639337,0.10430458,-0.024130667,0.18127796,-0.07063367,-0.020917077,-0.028153533,-0.028663779,-0.024043702,0.26302364,-0.129674
0.7965058,-0.13940461,-0.37901673,0.60174006,-1.3938148,-1.5946378,-2.1421566,-1.9777201,0.38442823,0.69913673,-0.2896237,-0.26041403,0.44889072,0.11750921,0.42375895,-0.4559278,2.1204364,-0.5588747,0.05739384,0.07438459,-0.03441111,0.044510677,0.1083844,0.05148281,0.24016207,-0.07595727,-0.023511056,-0.029338863,-0.02552141,-0.024372684,0.26487842,-0.12935056
0.35684872,-1.8580909,0.938561,-0.78838164,1.9151565,0.3593096,1.6909032,-1.0059826,0.68528765,1.9053627,-0.5996146,0.6771653,0.994956,0.6399327,-0.059581768,0.9531079,0.20631199,-0.04482839,0.11658435,-0.01366378,-0.0010284019,-0.054583542,-0.058677007,0.12781438,-0.02048393,-0.09266618,-0.027082568,0.011068687,-0.024659466,0.04259691,-0.21500057,0.034147877
0.30161846,-1.8142004,0.9591801,-0.7497982,1.7278597,0.001994641,1.7542601,-1.0087839,0.6134168,1.8654754,-0.43753487,0.7010027,1.0805546,0.45201084,0.08880345,0.43759304,0.056858175,-0.021272268,0.09781222,-0.013181478,-0.00024369764,-0.05696716,-0.06213393,0.06710437,-0.05383205,-0.088279955,-0.024712117,0.011208835,-0.024802154,0.04265964,-0.20826368,0.037598003
0.23445193,-1.7582908,0.9849347,-0.7015192,1.5007384,-0.4247013,1.8314149,-1.0112033,0.5350551,1.8162622,-0.26782662,0.72957665,1.1721267,0.25073785,0.24187107,-0.099246785,-0.095145494,0.00036098316,0.069532394,0.007088333,-0.0023079976,-0.056254625,-0.061940577,0.059100904,-0.043299526,-0.08746792,-0.024405101,0.01049564,-0.024234015,0.042288955,-0.20780446,0.039179172
0.17294413,-1.7017314,1.0104916,-0.6535555,1.2920144,-0.8058067,1.9035772,-1.0116905,0.47939333,1.7698448,-0.16182978,0.756414,1.2345089,0.116114676,0.33509582,-0.4266701,-0.18359075,0.005944019,0.055346463,0.034153003,-0.005269396,-0.054250076,-0.060117047,0.081231214,-0.010352278,-0.08908275,-0.02533191,0.009328231,-0.022455666,0.04187737,-0.20673305,0.0421532
0.078350894,-1.5875188,1.0616622,-0.5600125,0.9587917,-1.3649318,2.0265145,-1.0036585,0.47011423,1.6913866,-0.23352364,0.80342984,1.232153,0.14458518,0.24671933,-0.1574418,-0.07621152,-0.055723805,0.06643617,0.04819718,-0.0072878613,-0.053810485,-0.060635563,0.10409708,-0.0003652342,-0.090556875,-0.025268381,0.0101147685,-0.020415809,0.041551255,-0.20216359,0.037211478
-0.021870952,-1.4668621,1.1153283,-0.4613961,0.607842,-1.9524821,2.1556423,-0.9951751,0.46089247,1.6083958,-0.31111118,0.8525313,1.2280751,0.17640163,0.15269302,0.13412082,0.03929787,-0.12076073,0.07887629,0.08012176,-0.011575247,-0.050808597,-0.05807836,0.17142741,0.049454,-0.09534423,-0.027117202,0.009869131,-0.017021842,0.040963326,-0.19973846,0.03396242
0.17627908,-2.632044,-0.20106998,-2.315387,-0.5003671,1.3785912,0.4223238,0.5997765,0.318876,0.25535545,-0.3059597,-0.7528465,-0.76977044,0.56988674,-0.147108,1.0627673,0.58942604,-0.05994306,0.08713705,-0.028793367,0.002943411,0.0065713623,0.009058709,0.04214194,-0.008965309,-0.0076329573,0.004672433,0.0083195,-0.0032346307,0.012413057,-0.0500555,0.027415393
0.121154234,-2.58815,-0.18033569,-2.2767491,-0.6881588,1.0200313,0.48593074,0.596973,0.24670717,0.21546943,-0.14305142,-0.72885084,-0.6836045,0.38111243,0.0018873725,0.54421896,0.43908238,-0.03633378,0.068268605,-0.03172139,0.0041541397,0.0036098114,0.004845775,-0.027795518,-0.053395063,-0.0023880582,0.007554472,0.0087437015,-0.0036550362,0.012612987,-0.041807197,0.030093206
0.0774072,-2.552119,-0.16350971,-2.2454321,-0.83745164,0.73779106,0.53666204,0.59514517,0.19311526,0.18342373,-0.025051009,-0.709901,-0.6203122,0.24248253,0.108778305,0.16980328,0.33206654,-0.020536592,0.0508761,-0.026022585,0.0038687054,0.0027386716,0.0032745707,-0.056018688,-0.06880155,-2.030245e-05,0.008849365,0.00873075,-0.0037084538,0.012630572,-0.038081434,0.030723203
0.023606459,-2.5074713,-0.14307632,-2.2069638,-1.0192232,0.3964221,0.59819686,0.5931227,0.12989642,0.14396097,0.11210132,-0.68724036,-0.5467645,0.079961464,0.23325822,-0.26367378,0.20905705,-0.0026153603,0.028987002,-0.0015297172,0.0012008619,0.0044353018,0.004751041,-0.04290154,-0.04497252,-0.00067528815,0.008335864,0.0076699066,-0.0026384657,0.012326498,-0.03746043,0.03272452
-0.035844006,-2.4515493,-0.117916614,-2.159829,-1.2217268,0.029244402,0.66840506,0.59304315,0.07947048,0.098665215,0.204014,-0.66123956,-0.49111974,-0.039747402,0.31304148,-0.5453804,0.1348712,-0.00014156035,0.0148324445,0.030905586,-0.0025990286,0.0074106595,0.0077130054,-0.0014561488,-0.0007436946,-0.0034386697,0.00678179,0.006318154,-0.0006270535,0.0119083,-0.037199367,0.03456842
-0.12079337,-2.3487415,-0.07202801,-2.075757,-1.5206774,-0.47135162,0.77859426,0.6003088,0.071995206,0.028097093,0.13690491,-0.61920637,-0.49476087,-0.011476262,0.23176934,-0.29395196,0.23407699,-0.056057643,0.026527178,0.051652614,-0.0053997934,0.008955463,0.008637513,0.039032705,0.025865568,-0.0062436853,0.005977592,0.006498417,0.001891493,0.011546869,-0.03338862,0.031303864
1.1359142,-0.2933276,2.5259519,-0.26482457,2.0818942,-0.979398,-0.20389876,-0.52199584,-0.80611503,-0.78441423,-0.057539158,-0.22798933,-0.8776645,-0.27404734,0.11961977,-0.58233625,-0.06915978,0.029604906,-0.026547907,0.027673855,0.051412083,-0.10623512,-0.0067580724,-0.007815373,0.055400923,-0.0053408705,0.013146237,-0.00017411128,0.006348861,-0.06879293,-0.059088465,0.025114037
1.0330546,-0.17027125,2.581617,-0.16344629,1.7190511,-1.5922904,-0.06975819,-0.51364464,-0.82019603,-0.8692202,-0.1229994,-0.17615882,-0.87373656,-0.25528428,0.034536377,-0.3318119,0.03385074,-0.034829207,-0.013176959,0.013644359,0.05315066,-0.11023302,-0.012653721,-0.062523745,0.004631727,-0.0015989419,0.0163114,0.002222656,0.0068014124,-0.06889629,-0.050614484,0.01954247
0.9298575,-0.04576228,2.6375556,-0.06127603,1.3559085,-2.2021384,0.064468056,-0.50484794,-0.83015656,-0.95462173,-0.20138639,-0.124610685,-0.8759815,-0.2238518,-0.06261031,-0.03808336,0.1508523,-0.10245387,-0.0004364623,0.017452184,0.052449044,-0.11144204,-0.015222672,-0.06696046,-0.0076696277,-0.0012382941,0.017534299,0.0037146064,0.008311226,-0.069173284,-0.044675652,0.013749914
0.8327874,0.07120349,2.689684,0.034466602,1.0162874,-2.7707968,0.18966533,-0.49656212,-0.8384772,-1.0348929,-0.27816927,-0.076814435,-0.8803254,-0.1912196,-0.15553558,0.2494027,0.26405188,-0.1661643,0.0132410815,0.039568182,0.049476817,-0.10986688,-0.014337724,-0.024677984,0.022300081,-0.0043434254,0.01665521,0.003942926,0.0111337695,-0.06965264,-0.040998656,0.01053397
0.7390721,0.18360943,2.7394366,0.12625435,0.689905,-3.3165812,0.30954012,-0.4886687,-0.84687644,-1.112299,-0.35111338,-0.031394817,-0.8848394,-0.16102532,-0.24317133,0.52370346,0.37243977,-0.22656992,0.024954535,0.07924507,0.04421321,-0.10561871,-0.010214121,0.06316194,0.089568466,-0.010556622,0.013904177,0.0031329622,0.01497159,-0.07028348,-0.039582502,0.008208907
0.63181865,0.31197983,2.7959204,0.23091917,0.318351,-3.936656,0.44574317,-0.47963682,-0.8557313,-1.2007403,-0.43663207,0.019997805,-0.89162505,-0.124354854,-0.3444262,0.84521157,0.4985676,-0.29565352,0.03947812,0.13788915,0.03654825,-0.09876478,-0.003013494,0.19706234,0.19938889,-0.020322738,0.0091681965,0.0013079396,0.02039088,-0.071259744,-0.040405057,0.00768078
1.436787,0.8352951,0.94002163,-0.7830058,0.9950749,0.64296883,-2.087271,1.8743217,1.1853663,1.1856759,-0.33619192,-0.66433084,0.7503931,-0.97016495,-0.51868296,1.4920236,0.1278068,0.56233114,-0.08047679,-0.057345394,0.070977226,-0.01135851,0.04933261,-0.036314413,0.14886743,0.064034,-0.074604064,-0.010934072,-0.0050711446,0.050532788,0.2970795,-0.11702706
1.3627146,0.8953493,0.9681069,-0.7305377,0.7437968,0.16633251,-2.0020158,1.8710386,1.0929662,1.1318659,-0.13091825,-0.6323822,0.8598713,-1.2101527,-0.33211508,0.8401257,-0.059480406,0.59063184,-0.108392276,-0.052629057,0.07127323,-0.013633736,0.045835737,-0.100254014,0.11696543,0.068737,-0.07209886,-0.010836899,-0.0052806973,0.050445747,0.30290776,-0.11391874
1.287329,0.9565895,0.996196,-0.67742085,0.49083966,-0.31112665,-1.9165659,1.8678626,1.0016459,1.0771481,0.07012531,-0.60075814,0.966751,-1.4464437,-0.14874153,0.20375273,-0.24166285,0.6182322,-0.13680357,-0.025887795,0.06872385,-0.012470232,0.046595972,-0.106120974,0.1403356,0.0689385,-0.07224776,-0.012162657,-0.0039666565,0.04990478,0.30359855,-0.10854437
1.227688,1.0160877,1.0230339,-0.62750053,0.28614897,-0.6766223,-1.8444581,1.8688613,0.9604757,1.0309182,0.13346776,-0.573681,1.0108018,-1.5374014,-0.097206555,0.01616816,-0.28664383,0.61175275,-0.14414443,-0.0055751204,0.06647874,-0.011219556,0.04748532,-0.09065243,0.16143644,0.067860514,-0.0726972,-0.012794351,-0.0023816847,0.049616136,0.306031,-0.10719438
1.1200311,1.145826,1.0811338,-0.52122945,-0.09256021,-1.3122153,-1.704787,1.8779684,0.94965523,0.9417352,0.052816425,-0.5202897,1.0084448,-1.5059075,-0.19692409,0.31941688,-0.16537158,0.54193634,-0.13222101,0.010857913,0.06411006,-0.010603046,0.047068592,-0.06312327,0.17555028,0.06599634,-0.0727532,-0.011943747,-6.57466e-05,0.049178667,0.31034055,-0.1126717
1.0437896,1.2381322,1.1220558,-0.44588375,-0.3594513,-1.7577503,-1.6065642,1.8845406,0.9441328,0.8784405,-0.010892426,-0.4829609,1.0031123,-1.4769832,-0.27221864,0.55736315,-0.072903626,0.49121982,-0.11943458,0.040298734,0.060287338,-0.0076638605,0.049796097,-0.00013364358,0.22402741,0.06143858,-0.07466835,-0.012508146,0.0031172864,0.04873257,0.313018,-0.113856174
-0.001311315,-2.4883137,-0.13491836,-2.1903872,-1.0945032,0.25606564,0.62331927,0.59238434,0.104003504,0.12701419,0.16788878,-0.6781556,-0.5175395,0.013566457,0.28371426,-0.43750122,0.1598916,0.004717666,0.019636197,0.0117698815,-9.5224554e-05,0.0065445974,0.008111793,-0.026672024,0.030255128,-0.0051415106,0.005255672,0.0059647663,-0.0013799607,0.010338299,-0.057208054,0.04403023
-0.0959367,-2.3812575,-0.08634794,-2.1016405,-1.4259504,-0.3146926,0.744153,0.59810305,0.07364376,0.050539106,0.1611429,-0.63179743,-0.49147153,-0.022958359,0.25765616,-0.38361332,0.19962756,-0.038521897,0.021209436,0.0058593224,0.00068443833,0.0036915177,0.0036688447,-0.06981763,-0.007233517,-0.0019981817,0.007795173,0.00769066,-0.0010566877,0.010187128,-0.050906792,0.03938351
-0.17011367,-2.291018,-0.04587034,-2.0276198,-1.6870309,-0.75176525,0.8408466,0.60461086,0.06853933,-0.011015062,0.09844375,-0.5945602,-0.49581617,0.0061202315,0.18232584,-0.15092339,0.28981608,-0.08905719,0.035158876,0.008308621,0.00036219432,0.002639465,0.0016010131,-0.07560429,-0.016841477,-0.0017083335,0.008732829,0.008664892,0.00037827625,0.010050434,-0.044806562,0.03659357
-0.2558041,-2.1882331,0.00010362318,-1.9434605,-1.9881018,-1.2575803,0.95168245,0.61173993,0.058831558,-0.08190812,0.037599392,-0.5523284,-0.4964262,0.027700884,0.1061927,0.079107285,0.38313207,-0.14340666,0.042021785,0.027068773,-0.0023522621,0.0039443783,0.002141645,-0.03858481,0.00053349556,-0.003818135,0.008336922,0.009184406,0.0023373887,0.009803196,-0.04092232,0.030829145
-0.35464272,-2.0692775,0.05288556,-1.8462425,-2.3329859,-1.8342484,1.0785832,0.6201565,0.050632603,-0.16362755,-0.04138854,-0.5040773,-0.50173616,0.061694402,0.011527557,0.37511548,0.49934188,-0.20805557,0.056153618,0.060987458,-0.0068270583,0.0072406586,0.0051034694,0.033364523,0.056667592,-0.0090972455,0.0061866976,0.008714872,0.0060103466,0.0091680065,-0.038684357,0.028689535
-0.45678118,-1.9468907,0.10683583,-1.7464241,-2.6875856,-2.426365,1.2086424,0.6287616,0.04198368,-0.2479344,-0.1223087,-0.45494792,-0.507757,0.09605058,-0.08467311,0.67936707,0.6189527,-0.27389333,0.069676764,0.11338963,-0.0137007125,0.013246072,0.011305313,0.15218602,0.1524989,-0.017693901,0.0020991797,0.007215671,0.0109011205,0.008309575,-0.03876955,0.027585898
1.4780664,0.9610655,-2.3908918,-1.227061,2.0594468,0.2051144,-0.20297842,0.92397416,0.6752661,-0.04158183,-0.4935404,0.49869782,-0.5459094,1.0044523,-0.22519246,0.754531,0.39319423,-0.25618708,0.06654447,-0.03000735,0.052430373,0.072221816,-0.05398187,0.0593792,0.016788995,-0.0028144566,-0.04125785,-0.0061853686,0.027834991,-0.022565082,-0.054742545,0.0046329414
1.4032094,1.0217443,-2.3625019,-1.1740366,1.8054115,-0.2768213,-0.11678894,0.9206485,0.5817703,-0.09596682,-0.28576702,0.5310027,-0.43511102,0.7615842,-0.03632321,0.09463552,0.20357895,-0.22751638,0.038379163,-0.025421137,0.052755546,0.06987388,-0.05758554,-0.0059662275,-0.01663667,0.0020269158,-0.038674697,-0.0060621668,0.027608022,-0.022629987,-0.048563402,0.007710525
1.333265,1.0782603,-2.3365498,-1.1249391,1.5706724,-0.72060627,-0.037564177,0.9175771,0.49596515,-0.14666384,-0.095996805,0.56035084,-0.33452535,0.539113,0.13716081,-0.5063622,0.031039521,-0.20103066,0.012751403,-0.0013969465,0.05055295,0.07074283,-0.057146877,-0.015395868,0.0019055898,0.0024990176,-0.038651552,-0.0072762053,0.028848207,-0.023080561,-0.046993174,0.013089703
1.2675762,1.1416488,-2.3079023,-1.0715477,1.3460892,-1.1254376,0.040952314,0.91802335,0.44469592,-0.19703653,-0.0079739895,0.58968407,-0.2783421,0.42054486,0.21148561,-0.77347267,-0.037119914,-0.202656,-0.00039951087,0.023356467,0.04774144,0.07247499,-0.055734307,0.005360806,0.029073015,0.0011450012,-0.039321005,-0.008095866,0.030445876,-0.023454973,-0.045655902,0.014261308
1.1452101,1.2889469,-2.2419345,-0.95086604,0.91598994,-1.8474436,0.19957481,0.92835474,0.43222696,-0.2983149,-0.098992564,0.6503281,-0.2807469,0.45573562,0.09865622,-0.43101823,0.1000523,-0.28180206,0.012717449,0.04083478,0.04519813,0.07304784,-0.056323588,0.033904437,0.044675827,-0.0008886416,-0.039351784,-0.0070898337,0.03298583,-0.024009667,-0.0414932,0.008187989
1.0214448,1.4379481,-2.1757712,-0.82906055,0.48397598,-2.5698988,0.35859242,0.9389107,0.42199218,-0.40063876,-0.1979704,0.7108402,-0.2873321,0.49841484,-0.020131743,-0.060139667,0.24563567,-0.36289236,0.030533133,0.08009655,0.040023364,0.07675596,-0.053052604,0.11594457,0.111744,-0.0071503953,-0.041866064,-0.0075566126,0.03741557,-0.024887687,-0.039546367,0.0059718513
1.1678932,2.03661,1.1999749,-0.7324626,-1.0212435,2.4014232,0.5261664,-0.09121136,0.5897447,1.0124788,-0.52188855,0.6975442,-0.808298,0.4801353,-0.04637931,0.40895352,0.21346858,-0.05074843,0.055513185,-0.13033576,0.015006442,0.008688669,0.01653381,0.08385413,0.0024078935,0.006479062,0.013803461,-0.0033732268,-0.011733259,0.016377939,-0.055389274,0.032033186
1.119948,2.0754807,1.2182829,-0.6984285,-1.184682,2.090812,0.5817123,-0.093408495,0.5291855,0.97760814,-0.38685322,0.71845746,-0.73620296,0.3226115,0.076199934,-0.020382969,0.089907445,-0.03205294,0.037454814,-0.13253015,0.015878834,0.006392368,0.013229905,0.028560799,-0.03199702,0.010638423,0.01611102,-0.0029878234,-0.012228161,0.016460385,-0.05009608,0.033277787
1.0669906,2.1199832,1.2388911,-0.66002625,-1.3649406,1.7524031,0.6431091,-0.0952375,0.46774524,0.9386085,-0.25434193,0.7412435,-0.664277,0.16510417,0.1952078,-0.4397766,-0.028462423,-0.015595314,0.014350768,-0.119517304,0.014562258,0.0064964094,0.01274275,0.015758151,-0.03442707,0.012052196,0.016845727,-0.0032450818,-0.012108195,0.016326882,-0.048334602,0.032994732
1.0092353,2.1671245,1.260271,-0.6193654,-1.5582545,1.3887454,0.70821774,-0.09760339,0.39882022,0.8965552,-0.10358078,0.7651186,-0.5843043,-0.01276227,0.33320028,-0.9160137,-0.16445643,0.0050615077,-0.007414761,-0.086286426,0.010942431,0.009274873,0.015557895,0.044632137,0.009222849,0.009980518,0.0154507775,-0.004963468,-0.010275451,0.015844394,-0.0486456,0.037438694
0.906246,2.2911777,1.3158394,-0.51769733,-1.9205195,0.78051955,0.8418348,-0.08894002,0.3881783,0.8112735,-0.17985438,0.8162628,-0.58614093,0.016554458,0.23892052,-0.6285519,-0.04961142,-0.06156324,0.005822686,-0.07248177,0.009016405,0.009511407,0.014762901,0.06424049,0.019711858,0.008505117,0.015572601,-0.0041367887,-0.008009548,0.015427065,-0.043926675,0.03314493
0.81883836,2.3966222,1.3627338,-0.4315436,-2.2269588,0.2677323,0.9546025,-0.081510544,0.38043323,0.7387931,-0.24856243,0.8591419,-0.5901377,0.045312036,0.15605097,-0.3707043,0.052176192,-0.118616864,0.017396279,-0.043685976,0.005171488,0.0122257285,0.017082533,0.12502961,0.063801385,0.0042410386,0.013924248,-0.0043977816,-0.0049431548,0.014955498,-0.041182783,0.03034353
1.1960819,0.89268893,2.349566,-0.57848734,0.29283765,0.7445593,-1.2386879,1.8852022,0.8046476,-0.40543252,0.13128236,-0.6834896,1.7268598,0.7649828,-0.014358964,0.18355562,0.051627222,-0.1568889,0.061990354,0.015928127,0.054741066,-0.050054602,0.050799586,0.0614184,-0.0015117823,0.0837275,-0.023783712,-0.028943563,0.0047765705,0.048207797,-0.16827044,0.023050983
1.1302233,0.94609183,2.3742623,-0.5320058,0.07115641,0.3251901,-1.1636369,1.8823639,0.7239877,-0.4531908,0.30958253,-0.6555428,1.821826,0.5559226,0.14790519,-0.38166842,-0.11045195,-0.13238198,0.037123144,0.029789243,0.05374294,-0.050492536,0.04967798,0.031347245,-0.0035869714,0.08576633,-0.022807533,-0.029523393,0.005274123,0.047893684,-0.16591102,0.026848113
1.049378,1.0335743,2.4138527,-0.45921692,-0.20982626,-0.16503194,-1.0624772,1.8859656,0.68717295,-0.5175479,0.33720613,-0.61706376,1.8576789,0.49113518,0.15915114,-0.44511563,-0.110978775,-0.1589885,0.033545066,0.038106505,0.052831266,-0.05116687,0.04801365,0.020058544,-0.010194599,0.08665637,-0.021820396,-0.028959334,0.0062643923,0.047643524,-0.16180442,0.024770083
0.97264194,1.1267127,2.4555817,-0.3828999,-0.48010418,-0.61775416,-0.9625636,1.8926159,0.68108034,-0.5812617,0.27468967,-0.5787233,1.8540099,0.5187266,0.08352885,-0.21209724,-0.019782458,-0.21041943,0.045967378,0.0461833,0.051722202,-0.051398244,0.04688705,0.028865771,-0.009265089,0.08603763,-0.021400597,-0.028209304,0.007958692,0.04745432,-0.15647635,0.021519976
0.8680772,1.2525007,2.511686,-0.2799705,-0.8466163,-1.2321197,-0.8275826,1.9014468,0.6709578,-0.6677834,0.19533528,-0.5272792,1.8507833,0.55035686,-0.013616349,0.08629595,0.0990534,-0.27807352,0.05804391,0.07182386,0.048201025,-0.049380105,0.048200954,0.0799768,0.025613764,0.08246398,-0.022495016,-0.02797764,0.010903864,0.046927255,-0.1532534,0.017168948
0.77616733,1.3628768,2.5605085,-0.18990043,-1.1670395,-1.7677191,-0.70994407,1.9091959,0.6628056,-0.7437987,0.12338974,-0.48275504,1.8460989,0.5803155,-0.09978822,0.35686526,0.2058538,-0.33739516,0.06968216,0.11353943,0.042683944,-0.044806637,0.05273277,0.17317164,0.09756018,0.07586864,-0.02548627,-0.028939264,0.014869773,0.046281826,-0.15209606,0.015132475
1.9719063,-1.1163219,-0.5327254,1.8424178,0.16236924,1.4798371,-0.11230921,-0.81130075,2.420604,-0.8508417,-0.11939225,-0.6670825,-0.58875227,0.37796023,-0.2303206,1.1292571,-0.38278586,-0.17296582,-0.051378794,-0.07642747,-0.08346164,0.00094680325,0.0005531602,0.06426114,0.008443668,-0.0027480074,-0.0075821164,-0.09660982,-0.0017926911,-0.0144372,-0.05490924,0.008190566
1.9216416,-1.0763407,-0.51377696,1.8776579,-0.009245483,1.1518196,-0.054156557,-0.81389934,2.3543117,-0.88722265,0.030552458,-0.64510226,-0.5094527,0.20440768,-0.09317255,0.65171826,-0.5213749,-0.15115443,-0.06846213,-0.08120119,-0.08207584,-0.0021145802,-0.003751985,-0.0055622915,-0.038405802,0.002544559,-0.00464761,-0.09608062,-0.0023162644,-0.014179995,-0.046484057,0.010356315
1.8705972,-1.0343072,-0.49422166,1.9141548,-0.18283312,0.8239903,0.0047978894,-0.8159875,2.292318,-0.9245638,0.16674322,-0.6231236,-0.436403,0.044196676,0.030176807,0.219883,-0.6446599,-0.13300622,-0.088837825,-0.072535604,-0.08267391,-0.00276521,-0.005094027,-0.032616936,-0.04907718,0.004740802,-0.003485347,-0.09625471,-0.0022301408,-0.014269143,-0.043406725,0.011582387
1.8176768,-0.99034333,-0.47410008,1.9520235,-0.36169994,0.48814964,0.06535898,-0.81796455,2.2302241,-0.9634005,0.3013564,-0.60082453,-0.36417902,-0.115380295,0.15231305,-0.20554976,-0.76533127,-0.115466274,-0.11045329,-0.04831021,-0.085323416,-0.0010753437,-0.0036240492,-0.01920938,-0.025694922,0.004088878,-0.003991257,-0.09729336,-0.0011818416,-0.0145593835,-0.042737924,0.013429699
1.7735718,-0.95184857,-0.45678812,1.9848012,-0.5106762,0.21265782,0.11609076,-0.81904304,2.1841786,-0.9962677,0.39596477,-0.58219075,-0.3119277,-0.23070519,0.23809353,-0.5010957,-0.84794426,-0.10569928,-0.122788765,-0.018566385,-0.08867752,0.001706649,-0.00073315616,0.017568132,0.016050724,0.00155946,-0.0055139945,-0.098790824,0.00071746885,-0.014876436,-0.04199448,0.01669063
1.6913306,-0.8526802,-0.4124172,2.0659146,-0.8008279,-0.27437136,0.22293101,-0.81214,2.175317,-1.0645826,0.33581397,-0.5414917,-0.31323397,-0.20833245,0.16350375,-0.27415335,-0.7564995,-0.15850072,-0.11508761,0.0008467298,-0.09142861,0.0031448305,1.8924837e-05,0.056290247,0.036493935,-0.0007733667,-0.006067834,-0.09841364,0.002790273,-0.015141419,-0.03826635,0.011699907
1.9510123,-0.6795017,-0.8650063,-1.6357226,2.4685047,-0.14573249,1.3337129,-0.033813227,0.9750872,1.3850656,-0.58409035,0.92573565,0.39665583,1.0658008,-0.23298801,0.9387629,0.45262846,-0.35687485,0.027645221,0.87780267,0.00867502,-0.0029039136,-0.12089659,-0.51414555,0.025501776,-0.038475804,-0.031846173,0.01674839,0.03120413,0.037622884,0.43031234,0.1939396
1.8885944,-0.63252753,-0.84342194,-1.5941613,2.264339,-0.53884697,1.4015405,-0.036540523,0.89587283,1.3389275,-0.41127574,0.94847196,0.4913097,0.86158633,-0.07141467,0.38120013,0.29229534,-0.33103538,0.0075462093,0.7427701,0.015299357,-0.0040031164,-0.11735796,-0.4803782,0.0275644,-0.041471235,-0.03517588,0.009798488,0.038159084,0.037698552,0.4375176,0.20619039
1.8544667,-0.6142923,-0.83334875,-1.5803175,2.1418762,-0.80183065,1.4351734,-0.03732314,0.83382297,1.3010759,-0.30251515,0.94491494,0.570196,0.71272504,0.05453394,-0.04286992,0.17387167,-0.3046652,-0.0022709859,-0.056936763,0.04384835,0.0023052327,-0.09362819,-0.15152174,0.07892374,-0.054469615,-0.03224105,0.0104182,0.012542365,0.0411587,0.29144105,-0.11048349
1.7950356,-0.56508905,-0.81128824,-1.5381697,1.943868,-1.171978,1.5018638,-0.039430965,0.7660531,1.2576394,-0.15687165,0.9691501,0.6479511,0.53913933,0.18743028,-0.50161535,0.044160802,-0.28564623,-0.026121018,-0.011592057,0.038533732,0.006968674,-0.08859217,-0.08883329,0.14745535,-0.058722258,-0.034889128,0.008144865,0.014976188,0.040563595,0.2892257,-0.10675691
1.6905828,-0.45161438,-0.7608777,-1.4444348,1.585056,-1.7928448,1.6304871,-0.03439684,0.7235351,1.1744373,-0.1361279,1.01736,0.68584377,0.47036034,0.18963736,-0.53249186,0.059524685,-0.32252905,-0.03056905,0.04044115,0.031966973,0.012432502,-0.08301593,0.0064189835,0.23435278,-0.065576494,-0.03832747,0.0064292126,0.019025229,0.039641272,0.28762898,-0.10641978
1.5699742,-0.3066024,-0.69689566,-1.3260709,1.1664732,-2.4910924,1.7842999,-0.024071632,0.71490836,1.0748764,-0.23637812,1.0756663,0.6769317,0.5158592,0.07157724,-0.15750459,0.20514157,-0.40190312,-0.010788605,0.094563186,0.024978945,0.018348962,-0.07700901,0.12572825,0.33593804,-0.0746719,-0.042542864,0.004932641,0.024622058,0.038588468,0.28801915,-0.10622557
2.2357564,-1.7916002,-0.34030822,-1.9074657,-0.7228742,1.4572778,-1.7193897,-0.89502716,-0.6602012,-0.8370459,-1.0271409,1.8065205,0.4612995,0.45128992,-0.7337175,1.3818101,-0.37968022,-0.038725335,0.041075796,-0.0813605,0.004313738,0.020591065,0.06639456,-0.09915449,-0.13768134,-0.046086423,0.03519533,0.039608844,0.076454476,0.0072848806,-0.079199865,-0.00013643829
2.167213,-1.737037,-0.31517425,-1.859822,-0.95292705,1.0205425,-1.641952,-0.89830756,-0.7469626,-0.88652265,-0.83319956,1.8352653,0.56336117,0.22522171,-0.55525696,0.76658684,-0.557445,-0.0105976015,0.017944219,-0.057713382,0.0022759521,0.021038895,0.06617515,-0.11441327,-0.13150874,-0.044728223,0.03573044,0.03854041,0.077768035,0.007181984,-0.072883606,0.005224166
2.0921304,-1.6759758,-0.28757793,-1.8071233,-1.2027364,0.55079556,-1.5578545,-0.9013245,-0.8358424,-0.94097227,-0.63901865,1.8660817,0.6663539,-0.0040562768,-0.37754038,0.15338013,-0.7324572,0.015955778,-0.010291156,-0.013485927,-0.0025659916,0.024856102,0.070132665,-0.07365816,-0.0700076,-0.04778313,0.03367897,0.036221813,0.08023064,0.006463753,-0.07432061,0.011463867
2.0248463,-1.6206665,-0.2630012,-1.7597314,-1.4250197,0.1354363,-1.4831966,-0.9037745,-0.9123679,-0.9899037,-0.47441176,1.8931617,0.7537865,-0.20008802,-0.22629605,-0.364154,-0.8794661,0.037752535,-0.033835888,0.043537714,-0.009135868,0.030903451,0.07686835,0.008892079,0.0247891,-0.05388568,0.029888965,0.0330852,0.08372421,0.005609986,-0.0777133,0.018576246
1.9327947,-1.5098662,-0.21372709,-1.6691492,-1.747089,-0.40369582,-1.3646686,-0.8959722,-0.92066324,-1.0660847,-0.5461347,1.9382548,0.74985117,-0.17036845,-0.3130579,-0.09489065,-0.77299666,-0.022101473,-0.021995096,0.072369196,-0.013001738,0.03355883,0.07907536,0.069267415,0.068383,-0.05812801,0.028292337,0.03289837,0.08682779,0.00511481,-0.074909285,0.015488613
1.8383794,-1.396612,-0.16370958,-1.57676,-2.0756838,-0.95274186,-1.2441008,-0.8880228,-0.92896456,-1.1441107,-0.6201691,1.9838337,0.74480766,-0.13944621,-0.40149513,0.18361934,-0.6631511,-0.08291301,-0.010021452,0.118302256,-0.019060064,0.038720768,0.084301785,0.17283902,0.14952272,-0.06549377,0.024866179,0.03171519,0.09111733,0.0044028005,-0.074240886,0.013752714
2.629648,-0.013614001,-0.94848865,-0.9591317,1.0026796,0.13905096,-1.7834183,0.6755781,0.83528453,2.400494,-0.6499334,-0.29153123,-0.68475527,-1.894775,-0.35646555,1.8705968,0.11003849,1.0435483,0.01754844,-0.093562976,0.04419185,0.03141666,0.009957765,-0.09429549,-0.16493687,0.014964262,-0.09259448,0.009508729,-0.034669597,-0.019041799,-0.11186265,0.018507194
2.5612667,0.041259512,-0.9232347,-0.91132486,0.7731309,-0.2958137,-1.7060224,0.67246383,0.7501602,2.3510294,-0.46074092,-0.26282114,-0.58476377,-2.1159995,-0.18298799,1.2708057,-0.06265808,1.0704095,-0.006613941,-0.07036189,0.042124737,0.031972814,0.009908403,-0.107438974,-0.1561649,0.016095437,-0.09217711,0.008468933,-0.033473685,-0.01923503,-0.10712591,0.023317663
2.491495,0.09792101,-0.8976282,-0.8624108,0.5409837,-0.73251617,-1.6279,0.66962314,0.667274,2.300443,-0.27942362,-0.2341961,-0.48869076,-2.329936,-0.016902525,0.6981547,-0.22623542,1.0953381,-0.0326259,-0.028902778,0.037595805,0.03554028,0.013598046,-0.06921896,-0.09907091,0.013257925,-0.09407952,0.006290246,-0.031142566,-0.019879507,-0.10810387,0.029188514
2.427681,0.15055034,-0.87420464,-0.8173471,0.3297019,-1.1271534,-1.5568837,0.6673437,0.59490186,2.2539485,-0.124027014,-0.20844474,-0.40599075,-2.5152054,0.12557544,0.20944665,-0.36475512,1.1157559,-0.056033313,0.024829533,0.031346504,0.041251842,0.019918917,0.009345079,-0.011631161,0.007615974,-0.09757378,0.0034174202,-0.02797087,-0.02064119,-0.111165166,0.035032768
2.3253152,0.2737079,-0.8194584,-0.71664846,-0.02802459,-1.7258477,-1.4252206,0.67603266,0.5858759,2.1692982,-0.20426825,-0.15834248,-0.4106204,-2.4816077,0.028672155,0.5105352,-0.24592718,1.0490944,-0.04246895,0.056459747,0.027123604,0.044164535,0.022365015,0.075332366,0.038060658,0.0028412242,-0.09939587,0.0031845735,-0.024496367,-0.021248847,-0.10856824,0.03207415
2.2316296,0.38622436,-0.76982325,-0.62487954,-0.3537634,-2.269615,-1.3056766,0.68396914,0.57828224,2.09187,-0.27964866,-0.113143176,-0.41654015,-2.4489467,-0.06066087,0.7934776,-0.13508752,0.9882524,-0.029176524,0.10318513,0.021013193,0.049434528,0.027752236,0.1805186,0.122243546,-0.004756883,-0.10296354,0.0018848778,-0.020040814,-0.02198815,-0.10791148,0.031078352
3.1678705,-1.3755709,-0.49972996,1.8818346,0.22576183,1.8215964,0.4799768,1.1876125,-0.9979082,0.5317598,-0.7092359,0.00943188,-0.19757445,0.64555615,-0.82755065,1.0876855,0.7554333,0.010057193,0.21963671,-0.1288175,-0.089017324,-0.009479008,-0.036080632,-0.081281945,-0.13194758,0.060165048,-0.0060470975,0.05868515,-0.002908448,-0.018338274,-0.05842127,-0.01739142
3.110993,-1.3279097,-0.47745764,1.9231374,0.031449683,1.4558271,0.5462958,1.185593,-1.0648669,0.48992205,-0.5640238,0.034205157,-0.11866125,0.47349632,-0.6973393,0.62721545,0.62515444,0.02819151,0.19489622,-0.12339027,-0.089319475,-0.010733099,-0.038298372,-0.11821107,-0.15658368,0.06348784,-0.00420246,0.05897449,-0.0033758665,-0.01830035,-0.05441077,-0.018527547
3.049183,-1.2785254,-0.4549734,1.9660345,-0.17483445,1.0655267,0.6155806,1.1827278,-1.1415887,0.44527856,-0.39356685,0.05972892,-0.029068338,0.2741159,-0.54028517,0.08762868,0.46963003,0.05278251,0.17379229,-0.0919681,-0.09248193,-0.008656684,-0.03639347,-0.103796974,-0.12299506,0.062436853,-0.0050505046,0.057311736,-0.0014855891,-0.018660331,-0.051923178,-0.012618179
2.9934103,-1.2326162,-0.4343016,2.0054648,-0.36102667,0.7165807,0.67827827,1.180621,-1.2064215,0.40456897,-0.25319958,0.08258879,0.045646973,0.10752976,-0.41197765,-0.35503754,0.34392822,0.07151811,0.15201199,-0.052971274,-0.096952885,-0.0048877117,-0.03240473,-0.05593132,-0.06728156,0.059199676,-0.007099764,0.055348713,0.0006296019,-0.019155348,-0.0529776,-0.008895857
2.9450428,-1.1930892,-0.41679168,2.0392597,-0.52141553,0.41647133,0.73191726,1.1787006,-1.2628089,0.36929643,-0.13099708,0.10190826,0.10997563,-0.03745777,-0.29910457,-0.7395515,0.23442928,0.088442765,0.13428311,-0.0048363446,-0.10259837,0.0004278738,-0.026471663,0.020459078,0.01176275,0.05385305,-0.010375112,0.052740563,0.0035441548,-0.019717474,-0.054890618,-0.003948087
2.8713703,-1.1090435,-0.37955776,2.1082175,-0.7769054,-0.018629955,0.82444346,1.1834341,-1.282337,0.3094274,-0.14891814,0.1366985,0.122919396,-0.053428106,-0.32898858,-0.65357006,0.2789466,0.052731432,0.13757579,0.034226757,-0.10760096,0.0046662656,-0.022167675,0.099747315,0.0762714,0.048349623,-0.0130373845,0.051533956,0.0068447306,-0.02023708,-0.054046348,-0.004476253
2.4963973,-0.6428739,2.5605295,-0.7390856,2.6190786,0.14790867,-0.33836824,-0.5350419,-0.5443729,-0.45167348,-0.57509726,-0.29860094,-1.1502291,0.47349125,-0.2857226,1.1164436,0.4788897,-0.09209819,0.0870233,-0.06578627,0.061964214,-0.114807844,-0.018654136,-0.08618607,-0.124190904,0.0026335008,0.01758239,0.0064756037,-0.00072377804,-0.067622036,-0.060597073,0.0057035377
2.4309304,-0.59037894,2.5847454,-0.6933082,2.399023,-0.2692824,-0.2641424,-0.5380594,-0.6262641,-0.4990298,-0.39280707,-0.27102128,-1.0538825,0.2605336,-0.11861511,0.53831136,0.3123071,-0.066156924,0.06396303,-0.04596789,0.060304534,-0.11464794,-0.019155553,-0.10529687,-0.12129375,0.0041827187,0.018257465,0.0056133494,0.00027146193,-0.06777243,-0.055624552,0.0101947235
2.3831623,-0.5512582,2.6026413,-0.6594841,2.2383058,-0.57199615,-0.2098488,-0.54000336,-0.6835176,-0.53386635,-0.26747754,-0.2509986,-0.9870988,0.11274636,-0.004310572,0.1418148,0.19913006,-0.04917698,0.045568492,-0.024573112,0.05805824,-0.113313355,-0.018071586,-0.09693831,-0.102952905,0.003854117,0.017945452,0.004657433,0.0012927046,-0.067972794,-0.05385229,0.012469559
2.3238635,-0.5024047,2.624552,-0.61758316,2.040887,-0.9415177,-0.14341295,-0.5421907,-0.7518181,-0.5771302,-0.12005587,-0.22683775,-0.90862036,-0.06252887,0.13047083,-0.32272965,0.06741735,-0.029607596,0.022291666,0.020075819,0.05287848,-0.10878903,-0.013187358,-0.03713216,-0.035525218,-0.00026779476,0.015363826,0.0023767694,0.0037465014,-0.068569556,-0.055844493,0.016665487
2.256816,-0.43662748,2.6537175,-0.5626407,1.813741,-1.3467326,-0.0641095,-0.5412765,-0.79902464,-0.6287821,-0.045672845,-0.19755374,-0.85898376,-0.1680439,0.19274129,-0.5431953,0.013984697,-0.034802698,0.011464833,0.06797713,0.047085416,-0.103590555,-0.007582985,0.044695023,0.043774772,-0.006059816,0.012122933,0.00019731751,0.0070482558,-0.06922461,-0.05722732,0.01971863
2.148021,-0.30619863,2.7114837,-0.45613527,1.4345608,-1.9811001,0.07513587,-0.5321412,-0.8091845,-0.718654,-0.12914398,-0.1448034,-0.8636637,-0.13423453,0.09197644,-0.22881906,0.13869551,-0.104625635,0.024129812,0.11313708,0.041068442,-0.098734684,-0.0028557954,0.1448417,0.12179645,-0.013221465,0.008940104,-0.00070102187,0.011391119,-0.07001748,-0.05645354,0.01699753
2.502949,-0.6477981,2.5583167,-0.7434145,2.6405504,0.18896796,-0.34547,-0.53465575,-0.53556806,-0.44704434,-0.5952506,-0.30120334,-1.1605175,0.49669483,-0.304715,1.1803317,0.4976544,-0.09536685,0.08855542,-0.07058986,0.062433973,-0.115169026,-0.019030528,-0.08976581,-0.13026114,0.002925099,0.017798655,0.0067635723,-0.0010915142,-0.06758238,-0.061197884,0.0044124476
2.4444847,-0.6007081,2.5801697,-0.70231646,2.4429512,-0.18582137,-0.27869296,-0.53732973,-0.60893476,-0.48946068,-0.43197504,-0.27632073,-1.0739704,0.30593523,-0.15532695,0.662076,0.34842983,-0.07232277,0.0675829,-0.05667743,0.061404157,-0.115662,-0.020330494,-0.11665279,-0.14078936,0.005301546,0.019006824,0.006335385,-0.0005447118,-0.06753781,-0.054902967,0.0072036157
2.3854887,-0.5529772,2.6018953,-0.66098535,2.2457128,-0.55788034,-0.21227828,-0.5398645,-0.68047434,-0.53224534,-0.27443537,-0.25187594,-0.9906125,0.12076244,-0.010900563,0.1637759,0.20559336,-0.05033197,0.046073128,-0.026857466,0.05829473,-0.113552935,-0.018360918,-0.09986165,-0.107673734,0.0041476185,0.018136406,0.0048241727,0.0011053707,-0.06791715,-0.05360299,0.0117775975
2.3263586,-0.50479305,2.6234612,-0.61957794,2.0494905,-0.92597294,-0.14641304,-0.54221576,-0.7498211,-0.5752086,-0.12355461,-0.22792836,-0.9108308,-0.05782935,0.12771301,-0.31187904,0.07001003,-0.029614577,0.024041971,0.018830191,0.053080093,-0.108947895,-0.013342454,-0.039743762,-0.036882725,-0.00016911955,0.015417452,0.0023740912,0.0037772697,-0.06855136,-0.0554795,0.017201666
2.2743976,-0.4574454,2.644455,-0.5796919,1.8747677,-1.2441622,-0.08652033,-0.5427092,-0.7968756,-0.6143718,-0.033871796,-0.20606165,-0.8590187,-0.1718503,0.20769468,-0.58817446,-0.0044797356,-0.023983108,0.01057678,0.0632525,0.047756925,-0.104056634,-0.007992093,0.034500316,0.035081368,-0.0052717444,0.012440034,0.00019346435,0.006593629,-0.06906038,-0.056670777,0.020413047
2.1870415,-0.35239196,2.691025,-0.49393243,1.5694368,-1.7548671,0.02565027,-0.53533876,-0.8048328,-0.68670624,-0.10175879,-0.16354983,-0.8630371,-0.14391632,0.12599172,-0.3328492,0.09655209,-0.08042635,0.021351345,0.099393755,0.042947046,-0.100242086,-0.0043521486,0.114217326,0.09454387,-0.010823428,0.010027198,-0.00047757794,0.010089656,-0.069600336,-0.05485269,0.017874891
3.1333027,-1.3453677,-0.48598748,1.9075412,0.10952625,1.6067475,0.519824,1.1869859,-1.0327514,0.5061536,-0.6382348,0.024055377,-0.15765634,0.55839133,-0.76573026,0.86477846,0.69487363,0.01679258,0.20143408,-0.11573886,-0.090711534,-0.008157228,-0.034679975,-0.06825791,-0.108559236,0.059069578,-0.006769195,0.058210205,-0.0027522908,-0.018919915,-0.06431578,-0.017845461
3.0649383,-1.2912519,-0.46109912,1.9548348,-0.119467594,1.1716133,0.59679437,1.183621,-1.1199216,0.45691067,-0.44280022,0.05261267,-0.05511935,0.3309486,-0.5854906,0.2447998,0.51537585,0.045507472,0.17905207,-0.09071885,-0.09287235,-0.0075433883,-0.03467723,-0.08120153,-0.0987596,0.06016849,-0.0063988906,0.05700088,-0.0012624853,-0.019050919,-0.05802184,-0.011748359
2.9973242,-1.2358309,-0.4359889,2.0026095,-0.3451815,0.7477049,0.6729303,1.1810207,-1.1991688,0.40771395,-0.27047342,0.08053321,0.036714163,0.12695041,-0.42831793,-0.29935923,0.36057097,0.068563566,0.15270036,-0.05268177,-0.097080626,-0.0043261275,-0.031424284,-0.04726647,-0.0489735,0.05779904,-0.007994438,0.055112243,0.0007147486,-0.019627647,-0.05897048,-0.007314645
2.939286,-1.1892111,-0.4152867,2.0427103,-0.5364121,0.3883732,0.73682207,1.178527,-1.2683314,0.36578387,-0.11885046,0.10367248,0.11613346,-0.051789645,-0.28799504,-0.7772292,0.22358228,0.0902369,0.13263994,-0.001662089,-0.10287266,0.0010150282,-0.025466677,0.024657987,0.03507698,0.052443612,-0.011346972,0.052216273,0.0039355657,-0.020343127,-0.061162494,-0.00016138468
2.8526058,-1.0879203,-0.37019044,2.1257453,-0.83872277,-0.12310834,0.84720457,1.1848985,-1.2848916,0.2947762,-0.15957306,0.14545709,0.12368233,-0.050835356,-0.3436054,-0.6123279,0.2963776,0.04193804,0.13757086,0.030165993,-0.10711572,0.0041158386,-0.022697957,0.088725455,0.081982315,0.048159402,-0.01311364,0.051788192,0.0068035843,-0.020818612,-0.059311073,-0.0033268854
2.7515948,-0.966489,-0.31658876,2.224826,-1.1899073,-0.7092517,0.9761817,1.1934978,-1.2927034,0.21130466,-0.24193673,0.19429575,0.11693018,-0.01445622,-0.44103757,-0.303663,0.41687486,-0.024082683,0.15283518,0.07731437,-0.11325464,0.009325066,-0.01742358,0.19365947,0.16769843,0.040424414,-0.016697176,0.050519925,0.011480606,-0.021631358,-0.05855475,-0.0040258076
3.1523407,-1.3197727,-0.43081716,1.4951924,0.09646997,1.4680486,-0.04258055,-0.83174103,2.465134,-0.6483424,-0.15854846,-0.6617558,-0.6062194,0.5634606,-0.20135161,1.3132697,-0.26800174,-0.22987641,-0.007155463,-0.132918,-0.07552185,-0.008185122,-0.012945638,-0.092638545,-0.13963604,0.008412431,-0.0021528979,-0.09206249,-0.007353849,-0.015349131,-0.063849255,0.0047145914
3.1066928,-1.2830422,-0.41358712,1.5273665,-0.05899134,1.1723194,0.010058574,-0.83392096,2.4066732,-0.68151844,-0.027709575,-0.64201605,-0.5368108,0.41109818,-0.08174395,0.89724374,-0.38809413,-0.2112774,-0.023388434,-0.1285128,-0.075478174,-0.009641432,-0.015327167,-0.1315839,-0.16637436,0.011759686,-0.00031358062,-0.09195978,-0.0073749567,-0.015112895,-0.0565829,0.0059973015
3.0496423,-1.2357765,-0.39191386,1.5681607,-0.25142986,0.8107094,0.07527337,-0.836046,2.3397393,-0.72327036,0.117558,-0.6179409,-0.45878136,0.23899226,0.049878594,0.43785882,-0.5184446,-0.19238289,-0.04671677,-0.10589127,-0.077888146,-0.008336825,-0.014364345,-0.12602149,-0.14877893,0.01169187,-0.0004905724,-0.092865445,-0.0064884964,-0.015389888,-0.055487413,0.007731916
2.9932044,-1.1900314,-0.3713692,1.6075622,-0.43902373,0.45803064,0.13821757,-0.8384049,2.272446,-0.7642318,0.26485926,-0.5949984,-0.38109693,0.06523609,0.18543501,-0.026968207,-0.6513994,-0.17180069,-0.06716577,-0.06482644,-0.082484715,-0.0044044736,-0.010145513,-0.0769533,-0.0880956,0.008168424,-0.0027418013,-0.095077224,-0.004049278,-0.015929585,-0.0562406,0.013107908
2.9458973,-1.1510272,-0.35403427,1.6408732,-0.5965038,0.1637676,0.19100703,-0.84018666,2.21792,-0.7988594,0.38237315,-0.57596284,-0.31889728,-0.07461666,0.29355323,-0.39668933,-0.7562777,-0.15593497,-0.08524843,-0.019352578,-0.08786152,0.00059286365,-0.004617224,-0.00494144,-0.015457622,0.0032659539,-0.005736278,-0.09745868,-0.0014017571,-0.01643002,-0.057894792,0.017046997
2.87816,-1.0761473,-0.32086655,1.7024945,-0.8304306,-0.23875189,0.2750128,-0.83661145,2.1931872,-0.85331815,0.38667962,-0.5445386,-0.29835516,-0.11021268,0.28660503,-0.38607606,-0.73677623,-0.18248111,-0.08581659,0.021292526,-0.09301183,0.005072433,3.247511e-05,0.07526346,0.05132816,-0.0022362086,-0.008518306,-0.09888715,0.0017794097,-0.01693239,-0.05754387,0.017100152
2.3218095,-2.2078958,0.39278886,0.7892503,1.2507945,1.0304965,1.7481726,0.16873676,-0.2452952,1.6406553,-0.7301024,0.5505552,0.6698937,0.6807603,-0.671052,1.0223527,0.62629914,-0.12038033,0.11035865,-0.13246213,-0.05751672,-0.05100218,-0.07264737,-0.13823037,0.049183644,-0.018326439,-0.011092355,0.055325992,-0.007967633,0.045042958,0.28618592,-0.13278072
2.2630868,-2.1612213,0.4143877,0.83007866,1.053125,0.6546765,1.8147542,0.16585732,-0.3203904,1.5982543,-0.5617295,0.5753422,0.75849324,0.4848398,-0.5161395,0.4878219,0.471623,-0.09583454,0.09072279,-0.11584458,-0.05877547,-0.051221292,-0.07359515,-0.16156688,0.044479713,-0.01634505,-0.01014371,0.05463845,-0.0070778984,0.04505745,0.292837,-0.12855695
2.2035604,-2.112613,0.43650723,0.8720733,0.8538714,0.2796798,1.8819721,0.16345906,-0.39127204,1.5549557,-0.40674108,0.6000638,0.84093624,0.30194706,-0.37461635,-0.002098605,0.33181772,-0.07478417,0.06798447,-0.08577082,-0.061997715,-0.0489849,-0.07147924,-0.1420813,0.07878477,-0.017633518,-0.011077268,0.05317139,-0.0055250246,0.044648815,0.29335484,-0.1247421
2.1494443,-2.0683649,0.45633194,0.9100747,0.67393154,-0.057711095,1.9424101,0.16133633,-0.45456767,1.5155612,-0.26926863,0.62203807,0.9137439,0.13906828,-0.24843311,-0.43548346,0.20842528,-0.05604214,0.047571212,-0.043944124,-0.06679652,-0.044778917,-0.066930465,-0.08666425,0.14189519,-0.021492116,-0.013497257,0.050977208,-0.0031233805,0.04411922,0.29208422,-0.12026023
2.0613892,-1.9773729,0.4967984,0.9856249,0.37306452,-0.5866304,2.0488887,0.16406809,-0.5037959,1.4465432,-0.21075979,0.66162395,0.962846,0.039764393,-0.20640522,-0.5968972,0.17924008,-0.07477558,0.035376634,0.007917109,-0.073312126,-0.039170157,-0.06106158,0.0058849533,0.22629912,-0.027875667,-0.016892098,0.04904442,0.00036283972,0.043318428,0.28975382,-0.11977496
1.9456066,-1.8379785,0.55834013,1.0994147,-0.029146906,-1.2575091,2.1967485,0.1740123,-0.5118547,1.350899,-0.30776143,0.71771556,0.95406336,0.08420437,-0.32050836,-0.23439579,0.3197637,-0.15130502,0.054978903,0.058181215,-0.07978722,-0.033766236,-0.055635884,0.115845464,0.31972998,-0.036278736,-0.020737978,0.04770334,0.0056639714,0.04234406,0.29067427,-0.11960951
2.3663979,1.8207091,1.2960786,-1.0910151,-1.0275618,2.5065296,0.5763343,-0.11013031,0.66268384,1.2274351,-0.6291377,0.69549567,-0.85984313,0.74205714,-0.08224359,0.81017834,0.3935489,-0.11986645,0.10152537,-0.19058979,0.022789856,0.0002162952,0.00395292,-0.051944993,-0.14161335,0.016516821,0.018748537,0.0016093571,-0.017973974,0.015472948,-0.06838554,0.023293914
2.2942183,1.8788134,1.3228283,-1.040425,-1.2700617,2.0474384,0.6581492,-0.11335317,0.57328343,1.1751623,-0.43085146,0.7258426,-0.7548704,0.50993454,0.099359214,0.18161969,0.21281143,-0.09194377,0.075617805,-0.16624239,0.020591574,0.0008065963,0.0038938203,-0.06537138,-0.13302876,0.017736768,0.019207878,0.0005615016,-0.016773015,0.015276837,-0.06346943,0.02799129
2.2082677,1.9492468,1.3546242,-0.97976434,-1.5560465,1.5108683,0.7545583,-0.11659043,0.47336102,1.1126994,-0.2140646,0.76112616,-0.63936114,0.25295892,0.29708686,-0.50243956,0.01843356,-0.06306164,0.042013127,-0.11456494,0.014806087,0.0054843556,0.008811748,-0.0127100665,-0.058302995,0.013832114,0.016629772,-0.002090591,-0.0140176015,0.014379743,-0.06656413,0.034383073
2.106026,2.050869,1.3998002,-0.89477634,-1.901905,0.896098,0.87601393,-0.114661746,0.4060958,1.0338849,-0.11458022,0.8063491,-0.56917596,0.10643961,0.37801224,-0.79289544,-0.04923813,-0.07547706,0.030368764,-0.05749422,0.008113655,0.011151035,0.014792665,0.072999045,0.037584346,0.0071556694,0.0129514355,-0.004665191,-0.0096637495,0.013314682,-0.06859074,0.040139332
1.9289749,2.2624648,1.4937614,-0.7216922,-2.5180297,-0.1362018,1.1025199,-0.099857025,0.38861862,0.88807505,-0.24688208,0.89241034,-0.57475203,0.15821289,0.21618184,-0.293966,0.14989698,-0.1884405,0.049035627,-0.0016156865,0.0005523314,0.016659334,0.019757764,0.19253157,0.13533933,-0.001859741,0.009254007,-0.0052065863,-0.0038497294,0.011918824,-0.06901338,0.035311114
1.7784938,2.4426951,1.5729706,-0.5746651,-3.0376,-1.0022027,1.2931696,-0.08703825,0.3780227,0.7642065,-0.37193498,0.9644847,-0.58656365,0.21509412,0.06961034,0.17429782,0.33153635,-0.28678855,0.073457986,0.07660327,-0.009520828,0.025708731,0.02935438,0.3688894,0.28997317,-0.015429571,0.0026474558,-0.0078007905,0.0038858808,0.010347941,-0.071364276,0.03717889
2.2616518,-1.8146969,-0.3508329,-1.9270421,-0.6354786,1.6180121,-1.749503,-0.89471513,-0.6353979,-0.8177326,-1.0763811,1.7954663,0.43300202,0.5126455,-0.7757376,1.536033,-0.3386095,-0.04259781,0.055841714,-0.089763984,0.0054919636,0.019667627,0.06541033,-0.108209126,-0.15429448,-0.04531266,0.035691462,0.03984898,0.07653725,0.0077647404,-0.07374038,0.0010014643
2.1875114,-1.752108,-0.32182962,-1.873041,-0.8873899,1.145748,-1.6635209,-0.89708346,-0.719897,-0.87229675,-0.89522386,1.8274182,0.5319153,0.29658934,-0.61392796,0.96282226,-0.49968803,-0.020837082,0.022382922,-0.075382985,0.0040586395,0.019414563,0.06431283,-0.13302284,-0.16165668,-0.042983253,0.03690712,0.039729495,0.076352686,0.0074783764,-0.07289116,0.00012718026
2.1114488,-1.691593,-0.29449582,-1.8205451,-1.1396214,0.6689855,-1.5790097,-0.9005984,-0.81371963,-0.9270724,-0.68697184,1.8584131,0.64102626,0.052834097,-0.42154315,0.30426902,-0.6895337,0.009423337,-0.003080781,-0.028907396,-0.0008056008,0.023175202,0.06818473,-0.09532824,-0.09957253,-0.045933157,0.03485998,0.037139613,0.07928115,0.0068394905,-0.07182545,0.008837229
2.0332832,-1.6271858,-0.2657596,-1.765379,-1.398553,0.18510832,-1.4919274,-0.9033718,-0.9024971,-0.98399496,-0.4961481,1.8899941,0.7426561,-0.17460029,-0.24715862,-0.29637462,-0.8594531,0.03451372,-0.034029897,0.033940252,-0.0081708515,0.029864602,0.0755852,-0.0045950296,0.0031943787,-0.05246085,0.03078759,0.033839785,0.08278939,0.0058532185,-0.076835044,0.015139243
1.9096285,-1.4824641,-0.20152971,-1.6467037,-1.8275287,-0.5389625,-1.335136,-0.8940944,-0.9235961,-1.0850675,-0.56137645,1.9494622,0.7500351,-0.16566935,-0.3324996,-0.036670797,-0.7489608,-0.036269378,-0.021057779,0.07855293,-0.013888926,0.034173,0.079613015,0.08269456,0.07968259,-0.059153717,0.027881255,0.032912336,0.08740544,0.0048986636,-0.0756986,0.014483434
1.7884572,-1.3374052,-0.13751224,-1.5283186,-2.2480924,-1.2416245,-1.180814,-0.88389754,-0.93410075,-1.1849906,-0.6564958,2.0078254,0.7434202,-0.12572643,-0.44611397,0.32111898,-0.608,-0.114237584,-0.005496625,0.13601361,-0.021447036,0.04065381,0.08623818,0.21200304,0.18551114,-0.06864331,0.023428747,0.031382002,0.092874646,0.0038527115,-0.076233596,0.013084602
2.4958172,-0.6420415,2.5609195,-0.7384331,2.6169007,0.14443855,-0.3375161,-0.5349438,-0.54406404,-0.45219466,-0.57662535,-0.2982869,-1.1506647,0.4747426,-0.2876399,1.121491,0.48083287,-0.09279458,0.08593884,-0.06650773,0.06199573,-0.11483051,-0.01867573,-0.08641232,-0.12447192,0.0026495832,0.017602783,0.0065482147,-0.0008582449,-0.06765981,-0.061388858,0.005134514
2.432591,-0.59147924,2.5842698,-0.69429666,2.404231,-0.25912035,-0.2658137,-0.53791636,-0.623735,-0.49791002,-0.39886323,-0.2716284,-1.0568439,0.26733896,-0.12447912,0.55751586,0.3181063,-0.067297086,0.06403109,-0.047678567,0.060459394,-0.114799544,-0.019338878,-0.10686448,-0.12456337,0.0043704296,0.018385895,0.005752454,0.00010146671,-0.067739345,-0.0556643,0.009472343
2.3537953,-0.5259496,2.613995,-0.6379723,2.1405299,-0.75270593,-0.17656018,-0.54060954,-0.7134479,-0.55550694,-0.20609885,-0.23890059,-0.9531155,0.037625026,0.049989447,-0.050621558,0.14648028,-0.042829294,0.031063555,-0.0055471333,0.05565615,-0.11113542,-0.01564023,-0.06755421,-0.06867785,0.0017013255,0.016604772,0.003797394,0.0020226405,-0.0684711,-0.058490027,0.012951663
2.2797651,-0.4651297,2.6409664,-0.5858323,1.8964875,-1.2085859,-0.09461345,-0.5432995,-0.7973805,-0.60927755,-0.025714267,-0.20914957,-0.8573311,-0.17724437,0.21610916,-0.6173179,-0.01476949,-0.019018296,0.0071668304,0.05772422,0.0484487,-0.10446859,-0.008176837,0.023011284,0.038123585,-0.0051743574,0.012325956,0.00022780987,0.0060844785,-0.069445126,-0.061993282,0.021960884
2.161687,-0.32330456,2.7039993,-0.4698484,1.4843346,-1.8985544,0.057052266,-0.5333088,-0.80805475,-0.70680827,-0.11731252,-0.15144645,-0.86230505,-0.13940704,0.10515978,-0.27325854,0.12133633,-0.095572315,0.022129754,0.09380794,0.043616332,-0.101114035,-0.005323711,0.09848492,0.09662898,-0.010732405,0.010174566,-4.0531835e-05,0.010033307,-0.07021197,-0.059881024,0.018679408
2.0411468,-0.17882384,2.767708,-0.3519517,1.066267,-2.5964806,0.21049733,-0.5231046,-0.81775486,-0.80622363,-0.21417838,-0.093397886,-0.8699307,-0.097359225,-0.009739637,0.09034636,0.2637145,-0.17374311,0.039274473,0.15179881,0.03604791,-0.094569795,0.0014114677,0.22863789,0.20511913,-0.020420099,0.005601985,-0.0016799256,0.015673572,-0.0712861,-0.06036827,0.018107053
2.6457248,0.7684596,-2.2841063,-1.5650277,1.9510556,0.11442358,-0.118816964,0.90320784,0.70625186,0.15155089,-0.5043935,0.5092878,-0.547892,1.1556869,-0.17096503,0.8496135,0.48333496,-0.30990198,0.104820035,-0.07894119,0.05945098,0.06389884,-0.066581644,-0.087486215,-0.11781224,0.007557746,-0.036332466,-0.0020013077,0.02258861,-0.02368967,-0.06547507,0.0016736807
2.5805082,0.8200076,-2.2603745,-1.5199482,1.7325462,-0.3010295,-0.045370135,0.89996064,0.6227794,0.10459637,-0.31699434,0.5365609,-0.44961625,0.93776613,0.0018937057,0.2550081,0.31105587,-0.28227553,0.08361865,-0.056278165,0.057560757,0.064296424,-0.06680076,-0.10329386,-0.11084265,0.008821857,-0.03585242,-0.0031065687,0.023952302,-0.023806293,-0.05930935,0.0075697894
2.5088935,0.879348,-2.2334592,-1.4689056,1.4929376,-0.7499479,0.03565718,0.8974263,0.5405408,0.052296873,-0.13968714,0.56627333,-0.35446003,0.72687346,0.16272679,-0.3045377,0.15277974,-0.259424,0.05421337,-0.017418118,0.05316539,0.067637764,-0.06344252,-0.06752042,-0.060239658,0.006417937,-0.037458822,-0.0049325395,0.02578787,-0.024432985,-0.06119189,0.011022637
2.4342601,0.9422585,-2.2055023,-1.415183,1.2457188,-1.2090795,0.11916566,0.8952221,0.46008673,-0.0023639947,0.029311467,0.5966685,-0.26313475,0.52308625,0.317026,-0.83390266,0.0037741829,-0.239346,0.030102761,0.043022864,0.04618694,0.07401795,-0.056360275,0.020232871,0.040584423,-0.00011258878,-0.04147813,-0.008202928,0.029554654,-0.02537096,-0.064848505,0.018448044
2.316021,1.0843334,-2.1423764,-1.2989998,0.83310694,-1.8996357,0.27101296,0.90524596,0.44963962,-0.10003151,-0.06313471,0.6544463,-0.26845327,0.5617206,0.20532097,-0.48689944,0.14075868,-0.3162003,0.045623936,0.07942766,0.041331504,0.0774083,-0.05345737,0.09630189,0.10018725,-0.005757015,-0.043678135,-0.008508874,0.0335733,-0.026149232,-0.06271105,0.015424882
2.203283,1.2194198,-2.0828032,-1.1887853,0.44186315,-2.5529594,0.41457003,0.9147617,0.44024098,-0.19304207,-0.15281436,0.7087225,-0.27519262,0.60006666,0.09869941,-0.1499237,0.27307543,-0.3890338,0.060920745,0.13478544,0.034080166,0.08368792,-0.046998087,0.22108164,0.20237428,-0.014909843,-0.048002798,-0.010058135,0.03884984,-0.027121464,-0.062994555,0.014450764
3.1393425,-1.3087498,-0.42581385,1.5046326,0.05300018,1.387128,-0.02778673,-0.8320886,2.4511158,-0.65787715,-0.12906124,-0.65632796,-0.59007597,0.5279019,-0.17507601,1.2204392,-0.29380935,-0.22651339,-0.013200695,-0.12704447,-0.076218955,-0.0076426775,-0.012373054,-0.08730377,-0.13012822,0.007964066,-0.0024584562,-0.09232422,-0.0071542375,-0.0155398585,-0.0653657,0.005124767
3.0792954,-1.2602645,-0.40335807,1.5468955,-0.14968857,1.0030956,0.040726576,-0.8347778,2.3763888,-0.70145184,0.036812697,-0.630825,-0.50204307,0.333831,-0.023479993,0.69419074,-0.4451167,-0.2032862,-0.035067935,-0.11183795,-0.07741882,-0.007929686,-0.013408602,-0.11134083,-0.13641256,0.01004919,-0.0014262365,-0.092845455,-0.0065441146,-0.015574714,-0.05997736,0.008090981
3.0275042,-1.2185096,-0.3843226,1.5830963,-0.32302165,0.67568725,0.09906305,-0.8370804,2.3129025,-0.73899376,0.17713298,-0.6093302,-0.42794353,0.16923937,0.105356306,0.25012454,-0.5726897,-0.18345928,-0.053558115,-0.086459756,-0.08001343,-0.0062598493,-0.011919663,-0.099786684,-0.110585205,0.009305623,-0.002027324,-0.09413253,-0.005114416,-0.015851442,-0.058026776,0.012158083
2.9779768,-1.177689,-0.36594766,1.618135,-0.488546,0.36554393,0.15479177,-0.83895326,2.2553136,-0.775189,0.30175474,-0.58902603,-0.36161345,0.021297595,0.21932597,-0.14286506,-0.6842674,-0.1668215,-0.07290404,-0.0507584,-0.08412741,-0.002781189,-0.008249012,-0.05463437,-0.060443707,0.006339843,-0.0038883758,-0.09590887,-0.0031805248,-0.016250726,-0.058529284,0.015245843
2.9098601,-1.1149698,-0.33816394,1.6709177,-0.7171232,-0.04926017,0.23339604,-0.8393126,2.1962087,-0.8265843,0.41168782,-0.5602655,-0.29693708,-0.12039403,0.3165047,-0.48000464,-0.7740484,-0.16165878,-0.08974539,0.00464636,-0.090770334,0.0033475829,-0.0014987179,0.037930265,0.032943502,-0.00025411637,-0.007739423,-0.09864472,0.00038027987,-0.017029407,-0.06140095,0.019685347
2.8346374,-1.0241612,-0.29794553,1.7450092,-0.9802529,-0.48876637,0.33011004,-0.83289385,2.190151,-0.8889881,0.3506927,-0.5235975,-0.30152434,-0.093791135,0.24402241,-0.25146207,-0.6845658,-0.21101177,-0.078629896,0.037145007,-0.095035225,0.0067717177,0.0017930703,0.109318495,0.086506896,-0.00525643,-0.009928644,-0.09933691,0.003620167,-0.017469741,-0.05911449,0.018043831
0.41880247,2.285076,1.2146536,-0.428576,-1.5201323,1.4551476,0.68449855,-0.08930446,0.40263155,0.81719446,-0.08837348,0.79455423,-0.615874,-0.061005436,0.27136448,-0.86186063,-0.18823177,0.016193246,-0.031259973,1.3459772,-0.044493634,0.0028603922,-0.022254635,-0.5182461,-0.0107777985,0.0330396,0.014592946,-0.0020741415,0.026037415,0.009826656,0.17935103,0.5340823
0.41605282,2.2836013,1.2138298,-0.42928344,-1.5208347,1.4468124,0.6834818,-0.08888681,0.4004356,0.81369686,-0.090667546,0.7905987,-0.6114335,-0.06321519,0.27243882,-0.86839074,-0.18832077,0.01663643,-0.032596875,1.1257207,-0.033103403,0.001226394,-0.016489618,-0.44887263,-0.0027825544,0.026728442,0.009294025,-0.009251318,0.031931896,0.009836804,0.17076673,0.5315197
0.4415486,2.2500787,1.201494,-0.4614713,-1.4538728,1.5253353,0.6496511,-0.08687649,0.39858064,0.8116178,-0.12865925,0.7542724,-0.5992718,-0.050374992,0.27745804,-0.8697248,-0.18388267,0.028167926,-0.020176876,-0.09828334,0.012029621,0.008462703,0.015963731,0.036735684,0.0020895312,0.0106331855,0.016474038,-0.0050164717,-0.009924763,0.016920526,-0.038603075,0.036112715
0.5690568,-0.2106473,2.467268,-0.107227296,2.1839256,-0.8484606,-0.26179937,-0.5116054,-0.8091081,-0.86952573,-0.07521571,-0.23862751,-0.88910526,-0.31951827,0.072225824,-0.5610576,-0.096689746,0.054723207,-0.037625,0.02546462,0.051211037,-0.10656144,-0.0066370443,0.002454479,0.019836735,-0.0032590826,0.015322405,-1.6288053e-05,0.0070479047,-0.066278584,-0.032724913,0.017324181
0.44076678,2.2493663,1.2008703,-0.46187901,-1.4500967,1.5322688,0.64820594,-0.08683026,0.3993025,0.81215507,-0.12961392,0.75376534,-0.6003095,-0.048818443,0.276179,-0.865369,-0.18288173,0.028210543,-0.019772988,-0.10580013,0.013199009,0.008179723,0.016556922,0.020125574,0.037327137,0.008791107,0.015037658,-0.005548395,-0.009864391,0.015410017,-0.05478279,0.04475592
-0.5854108,-2.392391,-0.18779364,-2.0211842,-1.0442892,0.29002464,0.58296144,0.6023473,0.08349168,0.030348599,0.18800962,-0.6822593,-0.50876176,-0.076799825,0.2694617,-0.53424186,0.09918283,0.034348894,0.0012825916,0.0054024416,0.0005222816,0.0059980503,0.008793111,-0.037101958,0.03268717,-0.004688205,0.0060664956,0.0055005113,-0.00064106093,0.011153611,-0.04832751,0.045133047
-0.5846291,-2.3916786,-0.18717007,-2.0207767,-1.0480653,0.2830914,0.58440703,0.6023012,0.08276988,0.029811274,0.18896441,-0.6817521,-0.50772405,-0.078355916,0.2707412,-0.53859746,0.09818183,0.03430617,0.0008788488,0.012919199,-0.0006472682,0.006280933,0.008200197,-0.020491438,-0.0025505659,-0.0028461227,0.0075027826,0.0060324874,-0.0007015028,0.012664209,-0.032148317,0.036490094
-0.37640652,-1.6393927,0.94264877,-0.51275283,1.4565482,-0.56772673,1.8229269,-1.0023571,0.48168913,1.6992204,-0.17658769,0.737074,1.2189192,0.07599997,0.29299146,-0.4209655,-0.21974288,0.03951496,0.040407743,0.023876514,-0.0044786935,-0.054799363,-0.05958151,0.080309466,-0.030516528,-0.0877074,-0.023903575,0.0092955595,-0.022439376,0.04360635,-0.19131598,0.038071293
-0.3755724,-1.6392435,0.9429117,-0.5127798,1.4552081,-0.57012963,1.8234586,-1.002383,0.48145658,1.6991298,-0.1762629,0.7372498,1.2192687,0.075540565,0.29345897,-0.42240143,-0.22003958,0.03947569,0.0402911,0.026401795,-0.0048711356,-0.054700375,-0.059773706,0.08592768,-0.042179514,-0.08710107,-0.023430621,0.009468803,-0.022454688,0.044107843,-0.18593399,0.035213757
-0.37449417,-1.6391324,0.9431987,-0.51287645,1.4538343,-0.57257086,1.8240114,-1.0024133,0.48122743,1.6990777,-0.17593434,0.7374284,1.2196211,0.07510501,0.29394394,-0.42383495,-0.22032167,0.039426237,0.040181577,0.028932873,-0.005264602,-0.05459995,-0.059964173,0.09157423,-0.053811755,-0.086497664,-0.022959912,0.009640448,-0.02246809,0.04460842,-0.18055658,0.0323656
0.725694,1.192907,-2.3811498,-0.93957275,1.5456504,-0.82756394,-0.052658573,0.9267165,0.4491939,-0.25993875,-0.018928288,0.5654586,-0.29562753,0.38122812,0.17470662,-0.78198683,-0.08047429,-0.16380315,-0.014564124,0.0052208495,0.04980818,0.07169437,-0.05445152,-0.012471232,0.044848107,0.00066297705,-0.039410558,-0.008814945,0.030499589,-0.023185845,-0.046288233,0.019696245
-0.58394825,-2.3915074,-0.18692102,-2.020762,-1.0493832,0.2807127,0.5849262,0.6022788,0.082535684,0.029697344,0.18928777,-0.6815794,-0.50737464,-0.07883131,0.27119693,-0.5400375,0.0978761,0.034273203,0.0007570645,0.015436702,-0.0010387662,0.0063782036,0.008006196,-0.01490089,-0.014238349,-0.0022374506,0.007977424,0.0062069246,-0.00071823003,0.013166257,-0.0267634,0.03362635
-0.58311427,-2.3913584,-0.18665776,-2.0207894,-1.0507233,0.27830964,0.58545816,0.60225284,0.08230364,0.029607482,0.18961242,-0.68140334,-0.5070247,-0.07929103,0.27166376,-0.54147345,0.09757966,0.034233734,0.0006402048,0.01796203,-0.0014314762,0.006477039,0.0078141885,-0.009281864,-0.025901332,-0.0016311073,0.008450284,0.00638019,-0.0007335412,0.01366785,-0.021381876,0.030768935
0.28879786,0.006490155,-0.4270895,0.28397083,-0.25806537,-0.41863295,-2.2303367,-1.1093659,-0.5215815,2.2461872,-0.05844381,-1.4384332,-0.17583969,0.4330521,-0.18892698,-0.8463177,-0.18837616,-1.2481959,0.072655484,0.022696711,-0.00068055576,0.030419191,0.07609156,0.029151604,-0.031588797,-0.035756364,-0.053209454,0.02739431,-0.09598597,-0.042153303,-0.17315587,0.0604965
0.28926274,0.0066962247,-0.42686227,0.28404832,-0.25935233,-0.42097598,-2.2298374,-1.1093845,-0.5218194,2.2460394,-0.05812189,-1.4382627,-0.17549156,0.43255383,-0.18848573,-0.8477672,-0.18869753,-1.248219,0.07252688,0.025208738,-0.001071306,0.030515052,0.07589577,0.034715712,-0.043305516,-0.035144974,-0.05273269,0.027570203,-0.096004464,-0.04165046,-0.16776666,0.057623725
0.28848115,0.005983656,-0.42748567,0.28364077,-0.25557634,-0.41404298,-2.2312827,-1.1093385,-0.5210974,2.2465773,-0.059077054,-1.4387695,-0.1765289,0.43411016,-0.18976508,-0.8434117,-0.18769667,-1.2481766,0.072930746,0.017691879,9.821723e-05,0.030232161,0.076488696,0.018105151,-0.008067406,-0.036987074,-0.054169007,0.027038245,-0.095944025,-0.043161053,-0.18394491,0.066266395
0.29077706,0.007018124,-0.42635015,0.28403792,-0.26201048,-0.42575735,-2.228787,-1.1094339,-0.5222857,2.245836,-0.057474885,-1.4379126,-0.17479268,0.43161866,-0.18756284,-0.85064334,-0.18930042,-1.2482909,0.0722885,0.03025153,-0.0018554509,0.030711262,0.075509675,0.045925107,-0.066656366,-0.03393002,-0.051785175,0.027917879,-0.09603649,-0.040646914,-0.15699995,0.05190246
0.6361651,-0.52699864,-0.4306136,0.4811145,-0.4181739,0.31404492,-1.473294,-1.7634225,1.0078174,-1.0438925,-0.13743323,0.8490283,0.79970545,-0.4058235,1.329295,-0.94380814,2.6243842,0.8670682,0.08535216,0.0035136666,-0.039742,0.026914272,0.07413172,-0.04281739,-0.0076955776,-0.058765303,0.010757824,-0.076889746,0.03177816,-0.031194624,-0.14908916,-0.018058801
0.3128755,-0.0034945495,-0.13930991,0.2512934,-0.20005275,-0.25458136,-0.29321045,-0.0031883055,-0.52055144,0.032042827,-0.011162401,-0.0012965832,0.029992327,-0.13086775,2.5139177,0.118034445,-0.9822692,-0.088110186,3.4229724,-0.054123484,0.0009707161,0.010651365,0.009022832,-0.10342216,0.09673825,0.0062073832,0.013969482,0.008587403,-0.0027841087,0.0119543,0.085256845,0.0044628466
0.3135558,-0.0033217736,-0.13906124,0.25131,-0.2013709,-0.25695974,-0.2926919,-0.0032113222,-0.5207858,0.031928923,-0.010839439,-0.0011224762,0.03034124,-0.13134344,2.5143733,0.1165939,-0.98257565,-0.08814248,3.4228504,-0.0516059,0.0005791775,0.010748701,0.0088288365,-0.09783128,0.08505,0.0068160812,0.014444114,0.008761848,-0.0028008383,0.0124563025,0.090641156,0.0015992922
0.31438977,-0.0031725857,-0.13879777,0.2512831,-0.20271096,-0.25936273,-0.29216003,-0.0032371988,-0.521018,0.031838976,-0.0105148135,-0.00094649335,0.030691199,-0.13180324,2.5148396,0.11515801,-0.9828722,-0.08818243,3.4227352,-0.049080614,0.00018654174,0.010847562,0.008636663,-0.092212595,0.0733872,0.00742238,0.014917,0.0089351265,-0.0028161078,0.012957874,0.09602336,-0.0012583608
0.60893005,-0.33342633,-0.3422559,1.056893,-0.07009708,0.3767836,-0.073700786,0.7662959,-1.6094148,0.30357662,-0.24890505,0.19998123,0.15367074,-0.1412363,3.4400027,0.60013574,-0.5252023,-0.6423681,-1.0598583,-0.047790486,0.0064382185,0.005217198,0.0070754,-0.08240274,0.038495608,0.0035121692,0.008293318,0.006144677,-0.004172061,0.0056157135,-0.004948528,0.021338075
0.6103925,-0.3325414,-0.34138352,1.0573167,-0.0751915,0.36747208,-0.07173744,0.7662266,-1.6103711,0.30292493,-0.24762714,0.20066203,0.15505704,-0.14326835,3.4417374,0.5943402,-0.5265096,-0.64244324,-1.0603838,-0.03775601,0.0048771533,0.0055974163,0.0062884926,-0.060201332,-0.008430925,0.005962918,0.01020422,0.0068510952,-0.004249257,0.007628236,0.016613338,0.009832051
0.61122626,-0.33239216,-0.34112,1.0572897,-0.07653154,0.36506912,-0.07120554,0.76620054,-1.6106038,0.30283505,-0.24730237,0.20083784,0.15540694,-0.14372735,3.4422054,0.5929043,-0.5268061,-0.64248246,-1.0605001,-0.035230804,0.0044845873,0.0056962925,0.006096273,-0.05458289,-0.020093461,0.0065692356,0.010677167,0.00702433,-0.0042645433,0.00812978,0.021996211,0.006974164
-0.5839482,-2.3915071,-0.1869209,-2.020762,-1.049383,0.2807127,0.5849262,0.60227865,0.082535684,0.029697344,0.18928777,-0.6815794,-0.50737464,-0.07883131,0.27119693,-0.5400375,0.0978761,0.034273203,0.0007570645,0.015436702,-0.0010387662,0.0063782036,0.008006196,-0.01490089,-0.014238349,-0.0022374506,0.007977424,0.0062069246,-0.00071823003,0.013166257,-0.0267634,0.03362635
0.28854737,0.0062510883,-0.42729643,0.28383222,-0.25680807,-0.41632316,-2.2308178,-1.1093506,-0.52134055,2.2463684,-0.058762114,-1.4386019,-0.17618537,0.43357208,-0.18935288,-0.84486604,-0.18804206,-1.2481819,0.07279038,0.020190729,-0.00029072879,0.030324904,0.076289274,0.023614528,-0.019841453,-0.03637046,-0.053688336,0.027216924,-0.095965825,-0.04265691,-0.178549,0.06337808
1.2152404,-0.92191863,-0.58326536,2.5320446,-0.2939757,0.66772926,0.585324,1.2103655,-1.2899905,0.09536062,-0.151768,0.079963505,0.09504906,-0.21685776,-0.41824162,-0.7711321,0.12941045,0.16348268,0.08328548,-0.025998507,-0.101141095,-0.00016995824,-0.022945376,0.017905049,0.030469015,0.053404987,-0.008899077,0.051680997,0.0052628606,-0.017355831,-0.033359822,-0.004966833
1.2159209,-0.921746,-0.58301675,2.532061,-0.2952939,0.66535133,0.5858426,1.2103424,-1.2902253,0.09524712,-0.15144515,0.08013771,0.09539793,-0.21733332,-0.41778606,-0.77257216,0.1291038,0.16344994,0.08316389,-0.02348097,-0.10153263,-7.263128e-05,-0.023139417,0.023495762,0.018780937,0.05401363,-0.0084244525,0.051855452,0.0052461564,-0.016853811,-0.027975393,-0.007830436
-0.3775519,-1.6397712,0.9421725,-0.51284724,1.4591539,-0.56300545,1.8219088,-1.0023147,0.482161,1.6994807,-0.17723195,0.7367282,1.2182225,0.076974206,0.2920941,-0.41807574,-0.21911506,0.039570577,0.040657856,0.018846875,-0.0036963813,-0.05499258,-0.059191555,0.06915433,-0.0071116434,-0.08892741,-0.024854934,0.008945249,-0.022404261,0.042601578,-0.20208922,0.043807674
-0.37557253,-1.6392435,0.94291216,-0.51277995,1.4552088,-0.5701299,1.8234583,-1.0023829,0.4814564,1.6991291,-0.17626268,0.73724955,1.2192686,0.07554067,0.29345906,-0.42240134,-0.22003964,0.03947587,0.040291045,0.026401792,-0.0048712264,-0.054700427,-0.059773743,0.08592813,-0.042179387,-0.08710109,-0.02343064,0.009468776,-0.022454673,0.04410778,-0.18593407,0.035213728
-0.58534485,-2.3921235,-0.18760465,-2.020993,-1.0455204,0.2877441,0.58342624,0.6023358,0.08324844,0.030138908,0.18832499,-0.68209285,-0.5084176,-0.07733773,0.26987365,-0.53569615,0.09883745,0.034342766,0.0011421662,0.007901232,0.0001333032,0.0060907537,0.008593739,-0.03159256,0.020913493,-0.004071561,0.006547194,0.005679206,-0.00066283095,0.0116578275,-0.042930804,0.04224435
-0.5850942,-2.3918846,-0.18739769,-2.0208545,-1.0467783,0.2854346,0.5839075,0.6023205,0.08300785,0.029958569,0.18864314,-0.68192375,-0.508072,-0.07785771,0.2702993,-0.5371478,0.098503225,0.034328982,0.0010072476,0.010407249,-0.00025657323,0.006185061,0.0083960425,-0.026055349,0.009166153,-0.0034574594,0.007026022,0.005856594,-0.0006830542,0.012161411,-0.037537668,0.039362933
0.72562766,1.1926388,-2.3813386,-0.93976384,1.5468818,-0.8252836,-0.05312313,0.9267284,0.44943717,-0.25972906,-0.019243661,0.5652921,-0.2959717,0.3817664,0.17429492,-0.7805327,-0.080129035,-0.16379698,-0.014423647,0.0027219784,0.050197054,0.0716016,-0.054252036,-0.017980458,0.056622054,4.637385e-05,-0.039891303,-0.008993638,0.03052133,-0.023690056,-0.05168471,0.022584913
0.7256935,1.192907,-2.3811498,-0.9395728,1.5456505,-0.82756394,-0.05265847,0.92671657,0.44919392,-0.2599389,-0.018928252,0.5654585,-0.2956274,0.38122818,0.1747065,-0.78198695,-0.08047422,-0.16380306,-0.014564163,0.005220859,0.04980818,0.07169439,-0.05445148,-0.012471262,0.044848084,0.000662978,-0.039410565,-0.008814932,0.030499572,-0.023185847,-0.046288326,0.019696284
0.7264094,1.1933516,-2.3807154,-0.9393565,1.5431054,-0.832217,-0.051678255,0.92668205,0.4487151,-0.26026693,-0.018288659,0.5657986,-0.29493394,0.38020983,0.17557387,-0.7848879,-0.08112976,-0.16383997,-0.014827472,0.01023888,0.04902761,0.07188456,-0.054845072,-0.001370034,0.021383993,0.0018884339,-0.038454965,-0.008461659,0.030460922,-0.022179509,-0.03550594,0.013942021
0.7270902,1.1935246,-2.3804667,-0.93933994,1.5417875,-0.83459526,-0.051159732,0.92665905,0.44848073,-0.2603806,-0.017965784,0.5659728,-0.2945852,0.3797345,0.17602994,-0.7863281,-0.08143636,-0.16387242,-0.014949037,0.012756381,0.048636056,0.071981855,-0.05503901,0.004220739,0.00969589,0.002497116,-0.03798033,-0.008287191,0.030444194,-0.021677466,-0.030121751,0.011078505
1.2144587,-0.9226309,-0.58388895,2.5316367,-0.29019922,0.6746627,0.5838786,1.2104117,-1.2892692,0.09589822,-0.15272292,0.07945679,0.09401128,-0.21530153,-0.41952133,-0.76677626,0.13041118,0.16352515,0.0836895,-0.03351535,-0.099971585,-0.00045288142,-0.02235244,0.0012946744,0.065706864,0.05156287,-0.010335374,0.05114904,0.005323291,-0.018866425,-0.04953895,0.0036760594
1.2147754,-0.9221245,-0.58349276,2.5319672,-0.29268852,0.67007273,0.5848247,1.2103848,-1.289753,0.09550815,-0.15208945,0.07979209,0.09470143,-0.21635924,-0.4186837,-0.76968247,0.12973197,0.16350532,0.08341396,-0.028510585,-0.10075042,-0.00026581628,-0.022749636,0.012340971,0.042186104,0.052793615,-0.009375814,0.05150511,0.005281367,-0.017858561,-0.03874842,-0.002094286
1.2167548,-0.9215966,-0.58275336,2.5320344,-0.29663366,0.6629483,0.58637416,1.2103165,-1.2904574,0.09515669,-0.15112032,0.0803135,0.095747836,-0.21779276,-0.4173188,-0.77400786,0.12880754,0.16341053,0.08304714,-0.020955715,-0.1019252,2.6238868e-05,-0.023331601,0.029114416,0.007118189,0.054619916,-0.007951536,0.05202872,0.0052308654,-0.016352233,-0.022593154,-0.010688115
0.31032437,-1.3631126,-0.43553683,-1.2784541,-1.1459765,0.48141453,-1.6473848,-0.8718438,-0.9245774,-1.2523472,-0.52488244,1.8648332,0.72211874,-0.34247705,-0.37219363,-0.3030388,-0.95915294,0.110119954,-0.07952216,0.0068366313,-0.0057222364,0.02868837,0.078837365,-0.021131197,0.029994104,-0.053222347,0.03193813,0.032553058,0.084678054,0.00775917,-0.059454836,0.01897772
0.31057483,-1.3628736,-0.43533003,-1.2783155,-1.1472342,0.47910494,-1.6469042,-0.87186044,-0.92481846,-1.2525275,-0.52456427,1.8650022,0.72246474,-0.34299725,-0.37176785,-0.30449063,-0.95948756,0.11010565,-0.079657055,0.009342635,-0.006112155,0.02878265,0.07863974,-0.015593932,0.018246824,-0.05260829,0.032416984,0.03273047,0.08465783,0.008262783,-0.05406166,0.016096197
-0.2304295,-0.9157511,1.5559087,-1.6894038,-0.67604744,0.38988265,-0.3116113,1.8087411,0.6110113,-0.41696912,0.38400787,-0.91402334,0.9448333,0.24387151,0.075925484,-0.57942253,0.048663683,-0.16282286,-0.08850865,-0.011789555,0.04430116,-0.035249744,0.03970728,-0.11932343,0.20705262,0.058107607,-0.0010674027,-0.011658188,0.016088914,0.07075013,0.33501282,-0.09522467
-0.22964787,-0.9150388,1.5565323,-1.6889966,-0.6798234,0.38294932,-0.31016555,1.8086951,0.61028945,-0.41750678,0.38496277,-0.9135167,0.945871,0.24231525,0.077204846,-0.58377796,0.04766292,-0.1628656,-0.08891251,-0.0042726737,0.04313161,-0.034966856,0.03911438,-0.10271303,0.17181467,0.059949692,0.00036890822,-0.011126242,0.016028494,0.07226076,0.35119155,-0.10386748
0.5683411,-0.2110922,2.4668336,-0.10744355,2.1864705,-0.8438075,-0.26277938,-0.5115711,-0.8086293,-0.8691973,-0.075855285,-0.23896761,-0.88979876,-0.31849986,0.07135836,-0.5581563,-0.096034236,0.05475994,-0.037361708,0.020446673,0.051991753,-0.10675164,-0.006243657,-0.00864708,0.043300807,-0.0044845836,0.014366856,-0.00036956157,0.007086638,-0.06728494,-0.04350682,0.023078216
0.72562766,1.1926388,-2.3813386,-0.93976384,1.5468818,-0.8252836,-0.05312313,0.9267284,0.44943717,-0.25972906,-0.019243661,0.5652921,-0.2959717,0.3817664,0.17429492,-0.7805327,-0.080129035,-0.16379698,-0.014423647,0.0027219784,0.050197054,0.0716016,-0.054252036,-0.017980458,0.056622054,4.637385e-05,-0.039891303,-0.008993638,0.03052133,-0.023690056,-0.05168471,0.022584913
0.7279235,1.1936738,-2.3802035,-0.9393668,1.5404476,-0.83699816,-0.050627526,0.92663324,0.44824865,-0.26047084,-0.017641015,0.5661486,-0.29423502,0.37927476,0.17649661,-0.7877642,-0.08173276,-0.1639123,-0.015065896,0.015281688,0.048243426,0.07208077,-0.055231184,0.009839462,-0.00196676,0.00310344,-0.03750743,-0.00811394,0.030428924,-0.021175878,-0.024739264,0.008220719
0.31032437,-1.3631123,-0.43553677,-1.278454,-1.1459763,0.48141453,-1.6473846,-0.8718439,-0.9245774,-1.2523472,-0.52488244,1.8648332,0.72211874,-0.34247705,-0.37219363,-0.3030388,-0.95915294,0.110119954,-0.07952216,0.0068366313,-0.0057222364,0.02868837,0.078837365,-0.021131197,0.029994104,-0.053222347,0.03193813,0.032553058,0.084678054,0.00775917,-0.059454836,0.01897772
0.3105749,-1.3628731,-0.43532977,-1.2783155,-1.1472342,0.47910514,-1.6469039,-0.8718594,-0.9248181,-1.2525281,-0.52456415,1.8650018,0.7224651,-0.34299707,-0.37176836,-0.3044908,-0.95948726,0.1101056,-0.07965712,0.009342603,-0.0061121066,0.02878267,0.07863972,-0.01559417,0.01824707,-0.052608237,0.032417003,0.03273048,0.08465787,0.008262825,-0.054061044,0.016096035
0.31103984,-1.3626676,-0.43510237,-1.2782378,-1.148521,0.47676167,-1.6464047,-0.8718785,-0.92505616,-1.2526754,-0.5242426,1.8651725,0.7228126,-0.34349546,-0.3713266,-0.30593997,-0.95980805,0.11008296,-0.07978553,0.011854648,-0.0065028565,0.028878503,0.07844389,-0.010029995,0.006530141,-0.051996835,0.03289372,0.032906353,0.08463936,0.008765584,-0.048672274,0.013223383
0.72709,1.1935245,-2.3804672,-0.93933964,1.5417874,-0.834595,-0.0511597,0.9266589,0.44848073,-0.2603806,-0.017965784,0.5659728,-0.2945852,0.3797345,0.17602994,-0.7863281,-0.08143636,-0.16387242,-0.014949037,0.012756381,0.048636056,0.071981855,-0.05503901,0.004220739,0.00969589,0.002497116,-0.03798033,-0.008287191,0.030444194,-0.021677466,-0.030121751,0.011078505
0.53757375,1.0492055,2.3246334,-0.35664794,0.0928462,0.30600134,-1.1943238,1.8920764,0.69410723,-0.55611676,0.34954193,-0.6561141,1.8413641,0.4417203,0.15147857,-0.54083776,-0.18860914,-0.10037889,0.014971752,0.028279515,0.053787842,-0.0505507,0.05089654,0.026583567,0.007197993,0.08575782,-0.022298904,-0.030228969,0.006230653,0.048574477,-0.15804268,0.028433502
0.5382892,1.0496505,2.3250673,-0.35643163,0.09030129,0.3013486,-1.1933435,1.8920419,0.6936286,-0.55644447,0.35018143,-0.6557733,1.8420576,0.44070214,0.15234624,-0.54373926,-0.18926457,-0.10041564,0.014708405,0.033297554,0.053007208,-0.05036055,0.05050312,0.03768471,-0.016265962,0.086983316,-0.021343337,-0.02987567,0.0061920076,0.049580947,-0.14725998,0.022679236
0.5389694,1.0498235,2.325317,-0.35641533,0.08898352,0.29897016,-1.1928253,1.8920195,0.6933941,-0.556559,0.35050422,-0.6555996,1.8424066,0.4402267,0.15280178,-0.54517937,-0.189571,-0.10044877,0.014586782,0.03581508,0.052615505,-0.050263338,0.050309367,0.043275908,-0.027954072,0.08759203,-0.020868775,-0.029701233,0.006175275,0.050083052,-0.14187591,0.019815767
0.31198204,-0.016459301,-0.24060789,0.26597196,-0.2731986,-0.3650679,-1.1321131,-0.7948182,-0.62701535,1.0391871,0.6501426,-0.73455733,-0.24604447,2.2801852,0.45011833,-0.5211374,-0.80799025,2.1584535,-0.20483264,-0.03119156,0.0064706225,0.020038577,0.036340356,-0.05573312,0.07689583,-0.010796933,-0.0016049958,0.0105856545,-0.03740645,-0.0029530283,0.030368453,0.040110674
0.312048,-0.016191643,-0.24041884,0.26616326,-0.27443,-0.367348,-1.1316482,-0.7948301,-0.6272585,1.0389775,0.65045774,-0.73439026,-0.2457006,2.279647,0.4505303,-0.52259177,-0.80833584,2.1584473,-0.20497292,-0.028692724,0.0060817627,0.020131318,0.036140874,-0.050223924,0.065121815,-0.010180375,-0.0011242745,0.010764318,-0.037428252,-0.0024488836,0.03576452,0.037222162
0.31344405,-0.015573969,-0.23973584,0.2663961,-0.27829275,-0.3743793,-1.1301494,-0.79488754,-0.62797177,1.0385354,0.6514206,-0.73387647,-0.24465826,2.2781537,0.45185372,-0.52693284,-0.8092976,2.158378,-0.20535788,-0.021157164,0.004909648,0.020418804,0.035553318,-0.033531986,0.029969618,-0.00834621,0.00030595865,0.011292074,-0.03748362,-0.0009405138,0.051931325,0.028604267
0.4407668,2.2493663,1.2008703,-0.46187896,-1.4500967,1.5322689,0.64820594,-0.08683027,0.3993025,0.81215507,-0.12961392,0.75376534,-0.6003095,-0.048818443,0.276179,-0.865369,-0.18288173,0.028210543,-0.019772988,-0.10580013,0.013199009,0.008179723,0.016556922,0.020125574,0.037327137,0.008791107,0.015037658,-0.005548395,-0.009864391,0.015410017,-0.05478279,0.04475592
0.44154853,2.2500787,1.201494,-0.46147126,-1.4538727,1.5253353,0.64965105,-0.08687658,0.39858064,0.8116178,-0.12865925,0.7542724,-0.5992718,-0.050374992,0.27745804,-0.8697248,-0.18388267,0.028167926,-0.020176876,-0.09828334,0.012029621,0.008462703,0.015963731,0.036735684,0.0020895312,0.0106331855,0.016474038,-0.0050164717,-0.009924763,0.016920526,-0.038603075,0.036112715
0.44306326,2.2504,1.2020066,-0.46148106,-1.4565309,1.5205541,0.6507014,-0.08692593,0.3981139,0.8114137,-0.1280116,0.75462264,-0.59857345,-0.051310144,0.27838105,-0.87260056,-0.18448581,0.028095946,-0.020415138,-0.09324045,0.011245421,0.0086588515,0.015577656,0.047945242,-0.021261929,0.0118481675,0.017421544,-0.0046687257,-0.009956834,0.017924083,-0.027837561,0.03039184
0.6362313,-0.52673125,-0.43042445,0.4813056,-0.41940576,0.31176484,-1.4728291,-1.7634346,1.0075746,-1.0441015,-0.13711773,0.849195,0.8000497,-0.40636116,1.3297068,-0.94526297,2.624039,0.8670623,0.085211426,0.0060124802,-0.040130865,0.02700705,0.073932275,-0.037308138,-0.019469345,-0.058148697,0.011238505,-0.07671105,0.031756423,-0.030690366,-0.1436925,-0.020947417
1.2147754,-0.9221245,-0.58349276,2.5319672,-0.29268852,0.67007273,0.5848247,1.2103848,-1.289753,0.09550815,-0.15208945,0.07979209,0.09470143,-0.21635924,-0.4186837,-0.76968247,0.12973197,0.16350532,0.08341396,-0.028510585,-0.10075042,-0.00026581628,-0.022749636,0.012340971,0.042186104,0.052793615,-0.009375814,0.05150511,0.005281367,-0.017858561,-0.03874842,-0.002094286
1.2152404,-0.92191863,-0.58326536,2.5320446,-0.2939757,0.66772926,0.585324,1.2103655,-1.2899905,0.09536062,-0.151768,0.079963505,0.09504906,-0.21685776,-0.41824162,-0.7711321,0.12941045,0.16348268,0.08328548,-0.025998507,-0.101141095,-0.00016995824,-0.022945376,0.017905049,0.030469015,0.053404987,-0.008899077,0.051680997,0.0052628606,-0.017355831,-0.033359822,-0.004966833
0.7134747,0.40751383,-1.0470955,-0.3365298,0.6114281,-0.7761287,-1.7220339,0.69929576,0.58345324,1.9920132,-0.17597649,-0.2371074,-0.43863907,-2.655676,-0.02162673,0.2758776,-0.44313997,1.1879544,-0.10052802,-0.014448929,0.03519637,0.03891892,0.022076601,-0.026740484,0.006017673,0.007619275,-0.0960324,0.0026641998,-0.026912598,-0.019006273,-0.09817656,0.038811397
0.7135409,0.40778145,-1.0469067,-0.33633858,0.61019665,-0.778409,-1.7215691,0.6992842,0.5832101,1.9918038,-0.17566085,-0.23694086,-0.4382948,-2.6562142,-0.021215249,0.27442306,-0.44348508,1.187949,-0.10066851,-0.011950075,0.034807492,0.039011646,0.021877028,-0.021231344,-0.0057560527,0.008235901,-0.09555162,0.00284288,-0.026934423,-0.018502137,-0.0927798,0.035922606
0.71379125,0.40802082,-1.0467,-0.3362,0.6089392,-0.7807186,-1.7210875,0.69926876,0.58296937,1.9916228,-0.17534275,-0.23677176,-0.43794882,-2.6567345,-0.020789733,0.2729714,-0.44381934,1.1879342,-0.100803435,-0.009444097,0.03441764,0.039105974,0.021679308,-0.0156943,-0.017503306,0.008850069,-0.095072836,0.0030202633,-0.026954545,-0.017998528,-0.08738634,0.03304103
0.8146352,2.0606246,-1.295534,-1.0289044,0.039148882,0.6778899,1.4492679,-1.3527639,-1.0576712,-0.67915666,0.23502652,-1.4310046,0.9025946,-0.5768994,-0.0399769,-0.23378961,-0.17576876,0.1506995,-0.048396472,-0.00076247007,0.03618581,0.06286931,-0.035749365,-0.01223003,-0.0047815708,0.01557835,0.0843117,-0.008560461,-0.041310985,0.00072283176,0.011989,-0.023949547
0.81312096,2.0603027,-1.296046,-1.0288945,0.041807022,0.6826712,1.448217,-1.3527148,-1.057205,-0.67895305,0.23437901,-1.4313555,0.901896,-0.5759647,-0.040899612,-0.23091355,-0.17516585,0.15077122,-0.04815801,-0.0058052707,0.036970012,0.06267313,-0.035363216,-0.023439525,0.018569054,0.01436339,0.08336416,-0.008908146,-0.04127901,-0.00028076797,0.0012220691,-0.01822821
0.81380117,2.0604753,-1.2957972,-1.0288775,0.04048873,0.68029284,1.4487356,-1.3527378,-1.0574396,-0.6790671,0.234702,-1.4311819,0.902245,-0.57643974,-0.040443838,-0.23235388,-0.17547213,0.15073852,-0.0482796,-0.0032877387,0.03657845,0.06277042,-0.03555729,-0.017848762,0.006881128,0.014972047,0.08383882,-0.00873374,-0.04129572,0.00022121388,0.0066068666,-0.021091962
-0.5850942,-2.3918846,-0.18739769,-2.0208545,-1.0467783,0.2854346,0.5839075,0.6023205,0.08300785,0.029958585,0.1886431,-0.68192387,-0.508072,-0.07785769,0.2702993,-0.5371479,0.09850321,0.034328982,0.0010072476,0.010407251,-0.0002565732,0.006185061,0.0083960425,-0.026055353,0.009166153,-0.0034574603,0.007026021,0.0058565936,-0.0006830541,0.01216141,-0.03753767,0.039362933
-0.5846291,-2.3916786,-0.18717007,-2.0207767,-1.0480653,0.2830914,0.58440703,0.6023012,0.0827699,0.029811269,0.1889644,-0.68175226,-0.5077241,-0.078355886,0.2707412,-0.53859746,0.09818183,0.034306165,0.0008788487,0.0129192,-0.0006472675,0.0062809344,0.008200195,-0.020491438,-0.0025505654,-0.0028461227,0.007502782,0.0060324874,-0.0007015029,0.012664211,-0.032148317,0.036490094
-0.58311427,-2.3913584,-0.18665776,-2.0207894,-1.0507233,0.27830964,0.58545816,0.60225284,0.08230364,0.029607482,0.18961242,-0.68140334,-0.5070247,-0.07929103,0.27166376,-0.54147345,0.09757966,0.034233734,0.0006402048,0.01796203,-0.0014314762,0.006477039,0.0078141885,-0.009281864,-0.025901332,-0.0016311073,0.008450284,0.00638019,-0.0007335412,0.01366785,-0.021381876,0.030768935
0.6089962,-0.33315906,-0.3420666,1.0570837,-0.07132882,0.37450337,-0.07323599,0.7662839,-1.6096578,0.30336717,-0.24858959,0.20014778,0.1540147,-0.14177409,3.4404151,0.5986817,-0.52554744,-0.64237356,-1.0599988,-0.045291644,0.006049269,0.0053099324,0.0068759844,-0.07689345,0.026721666,0.0041287993,0.008774004,0.006323353,-0.004193878,0.0061198603,0.0004475634,0.018449578
0.8124057,2.059858,-1.2964804,-1.0291109,0.044351354,0.6873241,1.4472371,-1.3526802,-1.0567261,-0.6786251,0.23373964,-1.4316957,0.9012027,-0.57494575,-0.041767303,-0.22801255,-0.17451002,0.15080798,-0.04789474,-0.010823301,0.037750617,0.062482968,-0.034969777,-0.034540873,0.042033445,0.013137926,0.08240857,-0.009261421,-0.0412403,-0.0012871289,-0.009559495,-0.012474241
0.81265616,2.0600972,-1.2962734,-1.0289723,0.043093864,0.6850145,1.4477179,-1.3526955,-1.0569667,-0.678806,0.23405768,-1.4315268,0.9015485,-0.5754657,-0.041341618,-0.22946426,-0.17484413,0.15079403,-0.04802964,-0.008317369,0.03736067,0.062577255,-0.035167396,-0.029003583,0.030286347,0.013752056,0.082887456,-0.009084078,-0.04126051,-0.000783512,-0.0041661016,-0.015355787
0.81380165,2.0604753,-1.295797,-1.0288776,0.040488467,0.6802931,1.4487355,-1.3527375,-1.0574391,-0.67906725,0.2347021,-1.4311817,0.902245,-0.57643974,-0.04044375,-0.23235393,-0.17547221,0.15073831,-0.048279602,-0.0032877466,0.03657842,0.0627704,-0.035557173,-0.017848758,0.0068811127,0.014972075,0.0838388,-0.008733719,-0.04129572,0.00022128566,0.0066067665,-0.021091873
0.81463575,2.0606246,-1.2955335,-1.0289047,0.039148476,0.67788994,1.4492677,-1.3527634,-1.0576712,-0.6791568,0.2350266,-1.4310052,0.9025948,-0.5768993,-0.039976917,-0.23378976,-0.17576875,0.15069918,-0.048396446,-0.00076250226,0.03618583,0.062869295,-0.03574933,-0.01223009,-0.00478166,0.015578356,0.084311716,-0.008560458,-0.041310992,0.000722849,0.011988973,-0.023949545
0.7256935,1.192907,-2.3811498,-0.9395728,1.5456505,-0.82756394,-0.05265847,0.92671657,0.44919392,-0.2599389,-0.018928252,0.5654585,-0.2956274,0.38122818,0.1747065,-0.78198695,-0.08047422,-0.16380306,-0.014564163,0.005220859,0.04980818,0.07169439,-0.05445148,-0.012471262,0.044848084,0.000662978,-0.039410565,-0.008814932,0.030499572,-0.023185847,-0.046288326,0.019696284
0.7259442,1.1931456,-2.3809426,-0.939434,1.5443928,-0.82987344,-0.05217768,0.92670137,0.44895306,-0.26011968,-0.018610083,0.5656271,-0.29528162,0.38070825,0.17513207,-0.7834385,-0.08080834,-0.16381726,-0.014699021,0.007726844,0.04941829,0.07178871,-0.05464922,-0.00693407,0.033101045,0.0012771046,-0.03893169,-0.0086375475,0.030479388,-0.022682242,-0.040894683,0.01681467
-0.5846291,-2.3916786,-0.18717007,-2.0207767,-1.0480653,0.2830914,0.58440703,0.6023012,0.08276988,0.029811274,0.18896441,-0.6817521,-0.50772405,-0.078355916,0.2707412,-0.53859746,0.09818183,0.03430617,0.0008788488,0.012919199,-0.0006472682,0.006280933,0.008200197,-0.020491438,-0.0025505659,-0.0028461227,0.0075027826,0.0060324874,-0.0007015028,0.012664209,-0.032148317,0.036490094
0.4415486,2.2500787,1.201494,-0.4614713,-1.4538728,1.5253353,0.6496511,-0.08687649,0.39858064,0.8116178,-0.12865925,0.7542724,-0.5992718,-0.050374992,0.27745804,-0.8697248,-0.18388267,0.028167926,-0.020176876,-0.09828334,0.012029621,0.008462703,0.015963731,0.036735684,0.0020895312,0.0106331855,0.016474038,-0.0050164717,-0.009924763,0.016920526,-0.038603075,0.036112715
0.44306275,2.2504008,1.2020061,-0.4614816,-1.456531,1.5205544,0.65070176,-0.086925596,0.39811417,0.811414,-0.12801166,0.75462264,-0.59857315,-0.051310077,0.27838093,-0.8726007,-0.18448578,0.028095994,-0.02041527,-0.09324046,0.011245426,0.008658864,0.0155777205,0.047945257,-0.021261703,0.011848165,0.017421534,-0.004668731,-0.009956824,0.017924132,-0.02783724,0.030391803
0.31198204,-0.016459301,-0.24060789,0.26597196,-0.2731986,-0.3650679,-1.1321131,-0.7948182,-0.62701535,1.0391871,0.6501426,-0.73455733,-0.24604447,2.2801852,0.45011833,-0.5211374,-0.80799025,2.1584535,-0.20483264,-0.03119156,0.0064706225,0.020038577,0.036340356,-0.05573312,0.07689583,-0.010796933,-0.0016049958,0.0105856545,-0.03740645,-0.0029530283,0.030368453,0.040110674
0.3142785,-0.015424953,-0.23947206,0.26636937,-0.279633,-0.37678224,-1.1296179,-0.7949136,-0.6282037,1.0384454,0.65174514,-0.7337003,-0.24430816,2.2776942,0.45232046,-0.5283689,-0.8095942,2.1583388,-0.20547478,-0.018631902,0.004517029,0.020517679,0.03536114,-0.027913356,0.01830688,-0.007739904,0.00077887345,0.011465289,-0.03749887,-0.00043890218,0.0573137,0.025746614
0.8123396,2.0595903,-1.2966694,-1.0293021,0.045582943,0.68960434,1.4467721,-1.3526686,-1.0564826,-0.6784152,0.23342425,-1.4318621,0.90085846,-0.57440823,-0.042178933,-0.22655807,-0.17416483,0.15081422,-0.047754254,-0.013322167,0.038139522,0.062390212,-0.03477028,-0.04005012,0.053807218,0.012521285,0.08192784,-0.009440129,-0.04121854,-0.0017913235,-0.014956233,-0.009585515
0.81265616,2.0600972,-1.2962731,-1.0289721,0.043093883,0.6850145,1.4477179,-1.3526955,-1.0569667,-0.678806,0.23405768,-1.4315268,0.9015485,-0.5754657,-0.041341618,-0.22946426,-0.17484413,0.15079403,-0.04802964,-0.008317369,0.03736067,0.062577255,-0.035167396,-0.029003583,0.030286347,0.013752056,0.082887456,-0.009084078,-0.04126051,-0.000783512,-0.0041661016,-0.015355787
0.8131211,2.0603027,-1.2960457,-1.0288945,0.041806534,0.6826711,1.4482172,-1.3527144,-1.0572045,-0.6789531,0.23437911,-1.4313555,0.9018962,-0.5759644,-0.040899787,-0.23091374,-0.1751658,0.15077108,-0.048158105,-0.0058052996,0.036969975,0.0626731,-0.035363235,-0.023439506,0.018569224,0.014363369,0.08336416,-0.008908138,-0.04127898,-0.00028072903,0.0012226254,-0.018228387
-0.5854106,-2.3923929,-0.18779308,-2.021186,-1.0442892,0.29002425,0.5829621,0.602348,0.08349205,0.030349048,0.18800974,-0.68225986,-0.5087616,-0.0767997,0.26946202,-0.5342419,0.099183306,0.034348886,0.001282479,0.0054023946,0.0005222601,0.0059979963,0.008793144,-0.037101872,0.032687448,-0.0046882024,0.0060664727,0.0055005006,-0.0006410672,0.01115363,-0.0483272,0.045132995
-0.58311427,-2.3913581,-0.18665771,-2.0207894,-1.0507232,0.27830964,0.5854582,0.6022529,0.08230364,0.029607482,0.18961242,-0.68140334,-0.5070247,-0.07929103,0.27166376,-0.54147345,0.09757966,0.034233734,0.0006402048,0.01796203,-0.0014314762,0.006477039,0.0078141885,-0.009281864,-0.025901332,-0.0016311073,0.008450284,0.00638019,-0.0007335412,0.01366785,-0.021381876,0.030768935
0.226816,-0.9256105,-0.5653144,-0.7114614,-0.9943222,0.0160672,-2.6219454,-1.3559912,-0.9610809,0.65783024,-0.40901986,0.33362097,0.38833067,0.050628968,-0.6190877,-0.62988853,-0.6990478,-0.9208592,-0.10466295,-0.018262062,0.0019209345,0.037916686,0.10733299,-0.1140242,0.19435352,-0.06300489,-0.005309075,0.04796481,0.004170224,0.0034832575,0.30882657,-0.08696654
0.22688186,-0.9253429,-0.5651255,-0.7112703,-0.9955536,0.013786833,-2.6214802,-1.3560029,-0.9613244,0.65762055,-0.4087045,0.33378732,0.38867489,0.050090533,-0.6186757,-0.6313427,-0.6993929,-0.920865,-0.10480342,-0.015763197,0.0015320284,0.038009427,0.10713354,-0.10851495,0.18257955,-0.062388293,-0.004828366,0.04814353,0.0041484158,0.003987403,0.31422278,-0.08985511
0.22759764,-0.924898,-0.5646908,-0.71105397,-0.998098,0.009133867,-2.6204998,-1.356037,-0.96180296,0.65729254,-0.408065,0.3341277,0.3893683,0.049072344,-0.6178083,-0.6342439,-0.7000484,-0.9209021,-0.10506683,-0.0107452115,0.0007514675,0.03819961,0.10673998,-0.09741379,0.1591155,-0.0611628,-0.0038727662,0.048496798,0.0041097086,0.0049937116,0.32500517,-0.09560933
0.5169437,1.4753014,2.6383932,-0.41059363,0.5174204,0.45524332,0.39322394,-0.37821767,-0.22827336,-0.08553111,-0.1413873,0.39636567,-1.0511253,-0.2738993,0.024023492,-0.82580996,-0.08532641,-0.057462834,-0.14040227,-0.09596033,0.051994927,-0.073447175,0.0047931885,-0.10376863,0.23586036,0.0038279595,0.031202778,0.001642826,0.010172179,-0.008165248,0.41143337,-0.09927689
0.5382891,1.0496507,2.325068,-0.356432,0.0903017,0.30134866,-1.1933436,1.8920425,0.6936288,-0.5564448,0.35018143,-0.6557737,1.842058,0.440702,0.1523456,-0.54373944,-0.18926443,-0.10041604,0.014708228,0.033297468,0.053007286,-0.05036054,0.050502833,0.03768459,-0.016265415,0.08698329,-0.021343276,-0.029875705,0.0061920695,0.049580872,-0.147259,0.022678781
1.2147754,-0.9221246,-0.58349186,2.5319672,-0.29268953,0.6700732,0.5848239,1.2103846,-1.289753,0.09550933,-0.1520896,0.07979295,0.094701044,-0.21635939,-0.41868302,-0.7696823,0.12973171,0.16350581,0.08341425,-0.028510518,-0.10075044,-0.00026584417,-0.022749603,0.012341284,0.042185564,0.05279358,-0.00937584,0.051505115,0.005281334,-0.017858626,-0.038749844,-0.0020938308
1.2152402,-0.9219191,-0.58326435,2.5320446,-0.29397672,0.66773003,0.5853229,1.2103649,-1.2899908,0.09536203,-0.15176824,0.07996435,0.09504858,-0.21685804,-0.41824093,-0.7711317,0.12941015,0.16348323,0.08328573,-0.025998442,-0.10114111,-0.00017000482,-0.022945309,0.017905422,0.030468492,0.05340495,-0.008899146,0.051681027,0.0052628354,-0.017355863,-0.033361472,-0.0049662464
1.2167544,-0.92159724,-0.58275235,2.5320342,-0.29663485,0.6629488,0.5863738,1.2103164,-1.2904569,0.095158,-0.15112056,0.08031424,0.09574767,-0.21779275,-0.41731822,-0.77400786,0.1288073,0.16341099,0.083047174,-0.020955687,-0.10192521,2.6251082e-05,-0.023331571,0.029114598,0.007117896,0.054619923,-0.007951571,0.052028712,0.0052308487,-0.016352268,-0.022593888,-0.010687857
0.81265616,2.0600972,-1.2962731,-1.0289721,0.043093883,0.6850145,1.4477179,-1.3526955,-1.0569667,-0.678806,0.23405768,-1.4315268,0.9015485,-0.5754657,-0.041341618,-0.22946426,-0.17484413,0.15079403,-0.04802964,-0.008317369,0.03736067,0.062577255,-0.035167396,-0.029003583,0.030286347,0.013752056,0.082887456,-0.009084078,-0.04126051,-0.000783512,-0.0041661016,-0.015355787
0.8131211,2.0603027,-1.2960457,-1.0288945,0.041806534,0.6826711,1.4482172,-1.3527144,-1.0572045,-0.6789531,0.23437911,-1.4313555,0.9018962,-0.5759644,-0.040899787,-0.23091374,-0.1751658,0.15077108,-0.048158105,-0.0058052996,0.036969975,0.0626731,-0.035363235,-0.023439506,0.018569224,0.014363369,0.08336416,-0.008908138,-0.04127898,-0.00028072903,0.0012226254,-0.018228387
0.44154862,2.2500782,1.2014941,-0.46147048,-1.4538729,1.5253352,0.649651,-0.086877085,0.39858052,0.8116182,-0.1286594,0.7542731,-0.59927213,-0.050375327,0.27745807,-0.8697247,-0.18388298,0.028168127,-0.020176765,-0.09828325,0.012029547,0.008462669,0.015963756,0.036736,0.0020892364,0.010633146,0.016474005,-0.0050164443,-0.009924817,0.016920477,-0.038603704,0.03611295
0.457267,-0.3341998,-0.5616993,0.5328765,-0.48055875,-0.10389354,-2.4985156,-1.9864405,0.4051545,0.80508363,-0.13482982,-0.38454202,0.44343564,0.0054556765,0.58433753,-1.0840089,1.8346498,-0.3856198,0.011821694,-0.018844746,-0.022409504,0.036727868,0.10386431,-0.12546323,0.15937693,-0.06648839,-0.019945916,-0.029296493,-0.03325111,-0.02370499,0.24926037,-0.115197465
0.4580486,-0.3334873,-0.5610759,0.5332838,-0.48433486,-0.110826924,-2.497071,-1.9864873,0.40443262,0.8045462,-0.1338751,-0.384035,0.4444731,0.0038990336,0.5856168,-1.0883644,1.833649,-0.3856623,0.011417913,-0.011327854,-0.023579028,0.037010804,0.10327141,-0.1088525,0.124138676,-0.06464628,-0.018509613,-0.028764497,-0.033311512,-0.022194335,0.26543844,-0.12384011
-0.37780234,-1.6400104,0.9419652,-0.51298577,1.4604111,-0.5606954,1.8214273,-1.0022994,0.4824015,1.699661,-0.17754987,0.7365589,1.2178763,0.07749421,0.29166895,-0.41662392,-0.21878105,0.03958437,0.0407929,0.01634095,-0.003306488,-0.05508681,-0.05899405,0.063617274,0.0046356926,-0.089541525,-0.025333764,0.008767824,-0.022384018,0.042097833,-0.20748259,0.046689115
-0.3775519,-1.6397713,0.9421725,-0.5128472,1.4591538,-0.56300545,1.8219088,-1.0023147,0.482161,1.6994807,-0.17723195,0.7367282,1.2182225,0.076974206,0.2920941,-0.41807574,-0.21911506,0.039570577,0.040657856,0.018846875,-0.0036963813,-0.05499258,-0.059191555,0.06915433,-0.0071116434,-0.08892741,-0.024854934,0.008945249,-0.022404261,0.042601578,-0.20208922,0.043807674
-0.5846291,-2.391678,-0.18717015,-2.020777,-1.0480652,0.2830914,0.58440715,0.6023011,0.08276988,0.029811274,0.18896441,-0.6817521,-0.50772405,-0.078355916,0.2707412,-0.53859746,0.09818183,0.03430617,0.0008788488,0.012919199,-0.0006472682,0.006280933,0.008200197,-0.020491438,-0.0025505659,-0.0028461227,0.0075027826,0.0060324874,-0.0007015028,0.012664209,-0.032148317,0.036490094
-0.58394873,-2.391506,-0.1869216,-2.0207603,-1.0493835,0.2807131,0.5849256,0.6022783,0.08253558,0.029697206,0.18928747,-0.68157834,-0.50737524,-0.07883146,0.27119684,-0.54003763,0.09787551,0.034273617,0.00075719925,0.015436765,-0.0010387888,0.0063782465,0.008006161,-0.014900647,-0.014238745,-0.002237455,0.007977415,0.006206913,-0.0007182352,0.013166184,-0.026764136,0.0336265
-0.5831148,-2.3913572,-0.18665811,-2.0207877,-1.0507234,0.27831012,0.58545715,0.6022524,0.08230326,0.0296069,0.18961222,-0.6814028,-0.50702536,-0.079291224,0.27166367,-0.5414734,0.097578876,0.034233857,0.000640379,0.017962128,-0.0014314137,0.0064771166,0.007814031,-0.0092818495,-0.025901783,-0.0016311102,0.008450329,0.006380173,-0.00073352846,0.013667734,-0.021382606,0.030769033
0.5683411,-0.211092,2.4668338,-0.10744356,2.1864705,-0.84380746,-0.26277938,-0.5115711,-0.8086293,-0.8691973,-0.075855285,-0.23896761,-0.88979876,-0.31849986,0.07135836,-0.5581563,-0.096034236,0.05475994,-0.037361708,0.020446673,0.051991753,-0.10675164,-0.006243657,-0.00864708,0.043300807,-0.0044845836,0.014366856,-0.00036956157,0.007086638,-0.06728494,-0.04350682,0.023078216
0.68802124,1.0640808,0.94829,-0.49817315,0.49472356,-0.36400265,-1.9414897,1.8772938,0.9645363,0.97013533,0.12663105,-0.5992548,0.9944174,-1.5796694,-0.12990488,-0.006580973,-0.33481595,0.65290016,-0.16049963,-0.02582666,0.068819344,-0.011971081,0.04909991,-0.111996695,0.18819559,0.066810384,-0.07326213,-0.01366389,-0.0024877898,0.049423736,0.29976618,-0.09969559
0.6903176,1.0651152,0.94942594,-0.497776,0.48828834,-0.37571663,-1.9389937,1.8771983,0.96334857,0.96939516,0.12823309,-0.5983966,0.9961542,-1.5821605,-0.12770258,-0.0138127245,-0.33642012,0.6527852,-0.16114174,-0.0132671,0.06686586,-0.0114919115,0.048120588,-0.08417704,0.12960665,0.06986736,-0.07087827,-0.012784175,-0.0025803235,0.051937785,0.3267117,-0.11405975
-0.5854106,-2.3923929,-0.18779308,-2.021186,-1.0442892,0.29002425,0.5829621,0.602348,0.08349205,0.030349048,0.18800974,-0.68225986,-0.5087616,-0.0767997,0.26946202,-0.5342419,0.099183306,0.034348886,0.001282479,0.0054023946,0.0005222601,0.0059979963,0.008793144,-0.037101872,0.032687448,-0.0046882024,0.0060664727,0.0055005006,-0.0006410672,0.01115363,-0.0483272,0.045132995
-0.585094,-2.3918858,-0.18739718,-2.0208561,-1.0467778,0.28543416,0.58390826,0.6023209,0.08300816,0.029958796,0.18864335,-0.6819245,-0.50807166,-0.07785736,0.27029973,-0.53714776,0.09850395,0.034328867,0.0010071425,0.01040716,-0.0002565299,0.0061850348,0.0083959345,-0.026055483,0.009166632,-0.0034574803,0.007026043,0.005856557,-0.00068303815,0.0121614,-0.03753692,0.039362688
-0.58462894,-2.3916802,-0.18716961,-2.0207787,-1.0480651,0.28309083,0.5844076,0.60230184,0.08277011,0.029811209,0.18896477,-0.6817534,-0.5077237,-0.078355886,0.27074113,-0.53859746,0.09818264,0.03430595,0.0008786533,0.012919149,-0.0006471414,0.006280941,0.008200101,-0.020491725,-0.0025504073,-0.00284612,0.0075028106,0.0060324804,-0.0007015033,0.012664217,-0.03214796,0.036489982
0.7264094,1.1933516,-2.3807154,-0.9393565,1.5431054,-0.832217,-0.051678255,0.92668205,0.4487151,-0.26026693,-0.018288659,0.5657986,-0.29493394,0.38020983,0.17557387,-0.7848879,-0.08112976,-0.16383997,-0.014827472,0.01023888,0.04902761,0.07188456,-0.054845072,-0.001370034,0.021383993,0.0018884339,-0.038454965,-0.008461659,0.030460922,-0.022179509,-0.03550594,0.013942021
0.727924,1.193674,-2.3802035,-0.93936694,1.5404475,-0.83699816,-0.050627787,0.92663306,0.44824842,-0.2604711,-0.017641053,0.56614846,-0.2942351,0.3792749,0.17649686,-0.7877643,-0.08173282,-0.16391198,-0.015065899,0.015281718,0.048243456,0.07208077,-0.05523119,0.009839449,-0.001966848,0.0031034292,-0.037507396,-0.00811395,0.030428918,-0.021175912,-0.024739407,0.008220817
0.44108346,2.2498727,1.2012666,-0.4615489,-1.4525858,1.527679,0.6491519,-0.086857475,0.39881867,0.811765,-0.12898058,0.754101,-0.59961957,-0.049876407,0.27701637,-0.8682753,-0.18356122,0.02819061,-0.02004841,-0.100795306,0.012420351,0.008366833,0.016159654,0.03117154,0.013806076,0.010021835,0.015997304,-0.0051923255,-0.0099063385,0.016417813,-0.043992486,0.038985662
0.44306275,2.2504008,1.2020061,-0.4614816,-1.456531,1.5205544,0.65070176,-0.086925596,0.39811417,0.811414,-0.12801166,0.75462264,-0.59857315,-0.051310077,0.27838093,-0.8726007,-0.18448578,0.028095994,-0.02041527,-0.09324046,0.011245426,0.008658864,0.0155777205,0.047945257,-0.021261703,0.011848165,0.017421534,-0.004668731,-0.009956824,0.017924132,-0.02783724,0.030391803
0.53757334,1.0492057,2.3246338,-0.35664818,0.092846595,0.30600134,-1.1943243,1.8920771,0.6941073,-0.5561172,0.3495419,-0.6561143,1.8413643,0.4417203,0.15147826,-0.5408378,-0.1886089,-0.10037925,0.01497167,0.028279528,0.053787958,-0.0505507,0.050896447,0.026583204,0.0071980325,0.08575786,-0.02229889,-0.030228963,0.0062306584,0.04857448,-0.15804237,0.028433371
0.53782403,1.049445,2.3248408,-0.35650957,0.091589086,0.30369163,-1.1938428,1.8920617,0.69386667,-0.5562977,0.3498603,-0.65594524,1.8417102,0.44120064,0.15190434,-0.5422896,-0.18894306,-0.10039344,0.014836853,0.030785615,0.053398006,-0.05045641,0.05069891,0.032120213,-0.004548912,0.086371996,-0.021820022,-0.03005157,0.006210495,0.04907823,-0.15264824,0.025551787
1.2103965,-0.87671477,-0.5194688,2.1365604,-0.38100848,0.39248773,0.048174456,-0.80868745,2.185725,-1.0757455,0.37322426,-0.59655416,-0.3283607,-0.26729193,0.18487713,-0.46340528,-0.87164557,-0.07899304,-0.1374022,-0.042427808,-0.08587858,0.0003794924,0.00029798225,-0.014702947,0.05012122,0.00018143246,-0.0061922725,-0.09940902,0.0007655244,-0.01570416,-0.05339542,0.025724545
0.049411763,-0.2820466,-0.97266716,-1.0350797,2.1219714,-1.0138874,1.3715314,-0.0085317055,0.7198311,0.9727797,-0.1349371,0.95306265,0.65477014,0.31004265,0.10817488,-0.66719747,-0.09980933,-0.20397012,-0.08149664,-0.01962813,0.038665727,0.008024212,-0.08277606,-0.0741055,0.2103912,-0.06188325,-0.035229716,0.0058464524,0.01786866,0.042036463,0.30307472,-0.10114832
0.049662814,-0.28180784,-0.97246027,-1.0349416,2.120714,-1.0161976,1.3720131,-0.008547436,0.7195903,0.9725991,-0.13461886,0.95323133,0.65511644,0.30952284,0.10860021,-0.6686493,-0.100143105,-0.20398447,-0.081631616,-0.017122187,0.038275935,0.008118567,-0.08297388,-0.068568796,0.19864428,-0.061269175,-0.034750827,0.006023856,0.017848445,0.042540062,0.30846915,-0.104030214
0.3105749,-1.3628731,-0.43532977,-1.2783155,-1.1472342,0.47910514,-1.6469039,-0.8718594,-0.9248181,-1.2525281,-0.52456415,1.8650018,0.7224651,-0.34299707,-0.37176836,-0.3044908,-0.95948726,0.1101056,-0.07965712,0.009342603,-0.0061121066,0.02878267,0.07863972,-0.01559417,0.01824707,-0.052608237,0.032417003,0.03273048,0.08465787,0.008262825,-0.054061044,0.016096035
0.31103987,-1.3626676,-0.4351023,-1.2782378,-1.148521,0.47676167,-1.6464047,-0.8718784,-0.92505616,-1.2526754,-0.5242426,1.8651725,0.7228126,-0.34349546,-0.3713266,-0.30593997,-0.95980805,0.11008296,-0.07978553,0.011854648,-0.0065028565,0.028878503,0.07844389,-0.010029995,0.006530141,-0.051996835,0.03289372,0.032906353,0.08463936,0.008765584,-0.048672274,0.013223383
0.31255445,-1.3623455,-0.43459034,-1.2782483,-1.1511794,0.47198057,-1.6453544,-0.8719277,-0.9255226,-1.2528783,-0.5235956,1.8655245,0.7235107,-0.3444306,-0.37040278,-0.30881584,-0.9604116,0.11001159,-0.08002385,0.016897473,-0.0072869654,0.02907473,0.07805775,0.0011795259,-0.016821068,-0.05078194,0.033841245,0.033254,0.08460734,0.009769039,-0.037906583,0.00750248
0.7137913,0.40802062,-1.0466998,-0.33619988,0.6089392,-0.7807185,-1.721088,0.6992689,0.58296937,1.9916226,-0.17534272,-0.23677182,-0.43794903,-2.656734,-0.020789543,0.27297148,-0.44381934,1.1879346,-0.1008034,-0.0094441045,0.034417603,0.039105974,0.021679379,-0.015694255,-0.017503235,0.00885008,-0.095072806,0.0030202367,-0.026954528,-0.017998489,-0.087386265,0.033041067
0.71493715,0.40839908,-1.0462236,-0.3361056,0.60633385,-0.78544,-1.7200701,0.6992268,0.5824972,1.9913619,-0.17469846,-0.23642665,-0.43725243,-2.657708,-0.019891629,0.27008182,-0.44444734,1.1878793,-0.10105336,-0.004414537,0.033635367,0.03929918,0.021289585,-0.0045393966,-0.040908318,0.010070024,-0.09412146,0.0033706215,-0.026989838,-0.01699374,-0.07661324,0.027304802
0.7157706,0.40854856,-1.0459604,-0.33613256,0.60499394,-0.7878428,-1.719538,0.69920075,0.5822653,1.9912724,-0.17437382,-0.23625053,-0.43690228,-2.658167,-0.019425085,0.26864564,-0.44474396,1.1878396,-0.10117024,-0.0018892696,0.033242773,0.03939808,0.021097368,0.0010792799,-0.05257101,0.010676349,-0.093648575,0.003543905,-0.027005116,-0.016492099,-0.07123086,0.02444716
1.2167544,-0.92159724,-0.58275235,2.5320342,-0.29663485,0.6629488,0.5863738,1.2103164,-1.2904569,0.095158,-0.15112056,0.08031424,0.09574767,-0.21779275,-0.41731822,-0.77400786,0.1288073,0.16341099,0.083047174,-0.020955687,-0.10192521,2.6251082e-05,-0.023331571,0.029114598,0.007117896,0.054619923,-0.007951571,0.052028712,0.005230848,-0.01635227,-0.022593888,-0.01068787
0.5683411,-0.211092,2.4668338,-0.10744356,2.1864705,-0.84380746,-0.26277938,-0.5115711,-0.8086293,-0.8691973,-0.075855285,-0.23896761,-0.88979876,-0.31849986,0.07135836,-0.5581563,-0.096034236,0.05475994,-0.037361708,0.020446673,0.051991753,-0.10675164,-0.006243657,-0.00864708,0.043300807,-0.0044845836,0.014366856,-0.00036956157,0.007086638,-0.06728494,-0.04350682,0.023078216
0.5685918,-0.21085311,2.4670405,-0.10730485,2.1852129,-0.84611756,-0.26229876,-0.51158637,-0.80887026,-0.8693781,-0.0755373,-0.2387987,-0.889453,-0.31902,0.07178384,-0.5596081,-0.09636828,0.054745898,-0.03749666,0.02295262,0.051601898,-0.10665741,-0.0064411093,-0.0031100402,0.031553283,-0.0038704544,0.014845688,-0.00019212623,0.0070663835,-0.066781245,-0.038113844,0.020196911
0.5705712,-0.21032533,2.4677804,-0.107237525,2.1812668,-0.8532416,-0.26074877,-0.5116547,-0.8095747,-0.86972904,-0.07456847,-0.23827714,-0.8884065,-0.3204535,0.07314863,-0.56393373,-0.09729277,0.05465114,-0.037863385,0.030507542,0.05042698,-0.10636528,-0.0070230393,0.013663792,-0.003514454,-0.002044158,0.016269961,0.00033146286,0.0070159202,-0.06527488,-0.021958655,0.011603108
1.2104623,-0.87644696,-0.51927984,2.1367517,-0.3822397,0.39020735,0.04863966,-0.80869913,2.1854823,-1.0759554,0.3735397,-0.5963876,-0.32801616,-0.26783004,0.18528873,-0.46485975,-0.8719907,-0.078999214,-0.13754289,-0.039928988,-0.0862675,0.0004722277,9.8623656e-05,-0.009193731,0.038347546,0.000798073,-0.005711537,-0.099230334,0.00074378925,-0.015199892,-0.047998454,0.022835765
1.2107133,-0.8762079,-0.51907384,2.1368897,-0.38349587,0.387897,0.049120422,-0.8087148,2.1852398,-1.0761368,0.3738579,-0.59621966,-0.32767066,-0.26834995,0.1857143,-0.466311,-0.8723244,-0.07901311,-0.13767762,-0.037422944,-0.08665734,0.00056655274,-9.916345e-05,-0.0036566344,0.026600255,0.0014121718,-0.0052326703,-0.099052906,0.00072356866,-0.014696377,-0.042605396,0.019954296
1.2111783,-0.8760019,-0.51884645,2.1369672,-0.38478324,0.38555384,0.049620017,-0.80873406,2.1850026,-1.0762844,0.37417942,-0.596048,-0.32732278,-0.26884827,0.18615623,-0.46776083,-0.87264633,-0.07903598,-0.13780615,-0.03491094,-0.08704813,0.0006623741,-0.00029489162,0.0019073947,0.014883372,0.0020235637,-0.0047559533,-0.09887702,0.00070509437,-0.014193538,-0.03721628,0.01708163
0.395068,-1.7777693,0.2983221,1.4195703,0.82295877,0.046734594,1.821961,0.19206223,-0.5096199,1.224247,-0.22932097,0.60952514,0.93052953,-0.11214686,-0.31171525,-0.6574704,0.049065333,0.02748246,-0.012119687,-0.045251682,-0.06751955,-0.042925984,-0.060219683,-0.06047589,0.2168149,-0.02545564,-0.014330545,0.048373733,5.090348e-05,0.045447282,0.30459145,-0.11451856
0.44108358,2.2498722,1.2012666,-0.46154788,-1.4525858,1.5276787,0.6491517,-0.08685817,0.3988183,0.81176525,-0.12898082,0.75410134,-0.5996203,-0.049876526,0.2770169,-0.86827505,-0.18356162,0.02819127,-0.02004821,-0.1007953,0.012420333,0.008366838,0.016159547,0.031171806,0.013805819,0.01002183,0.015997289,-0.0051923855,-0.009906348,0.016417667,-0.043993212,0.03898583
0.44154862,2.2500782,1.2014941,-0.46147048,-1.4538729,1.5253352,0.649651,-0.086877085,0.39858052,0.8116182,-0.1286594,0.7542731,-0.59927213,-0.050375327,0.27745807,-0.8697247,-0.18388298,0.028168127,-0.020176765,-0.09828325,0.012029547,0.008462669,0.015963756,0.036736,0.0020892364,0.010633146,0.016474005,-0.0050164443,-0.009924817,0.016920477,-0.038603704,0.03611295
0.44222936,2.250251,1.2017429,-0.46145377,-1.4551905,1.5229572,0.6501695,-0.08690024,0.39834607,0.8115041,-0.12833647,0.7544469,-0.5989232,-0.050850764,0.27791387,-0.8711649,-0.18418932,0.028135408,-0.020298354,-0.09576566,0.011638016,0.008559968,0.01576986,0.042326685,-0.009599072,0.011241846,0.016948616,-0.004842015,-0.009941537,0.017422512,-0.03321975,0.033249468
0.3102582,-1.3633801,-0.43572587,-1.2786452,-1.144745,0.48369482,-1.6478499,-0.87183374,-0.92433447,-1.2521365,-0.5251983,1.8646678,0.7217742,-0.34193894,-0.37260437,-0.30158418,-0.9588078,0.11012659,-0.07938158,0.004337876,-0.00533332,0.02859565,0.07903685,-0.026640095,0.041767463,-0.053839028,0.031457383,0.032374352,0.08469977,0.007254815,-0.06485273,0.021866767
0.31255412,-1.3623456,-0.4345905,-1.278248,-1.1511792,0.4719805,-1.6453545,-0.8719285,-0.92552286,-1.2528777,-0.5235959,1.8655252,0.7235106,-0.34443098,-0.3704028,-0.30881572,-0.9604118,0.11001169,-0.08002386,0.016897487,-0.007286946,0.02907474,0.07805768,0.0011795599,-0.016821159,-0.050781988,0.03384124,0.03325402,0.084607385,0.009769026,-0.037906762,0.00750244
0.72594416,1.1931458,-2.3809426,-0.93943375,1.5443927,-0.8298736,-0.052177563,0.9267015,0.44895306,-0.26011968,-0.018610083,0.5656271,-0.29528162,0.38070825,0.17513207,-0.7834385,-0.08080834,-0.16381726,-0.014699021,0.007726844,0.04941829,0.07178871,-0.05464922,-0.00693407,0.033101045,0.0012771046,-0.03893169,-0.0086375475,0.030479388,-0.022682242,-0.040894683,0.01681467
0.7264093,1.1933515,-2.3807154,-0.9393563,1.5431057,-0.8322167,-0.051678337,0.92668223,0.4487151,-0.26026702,-0.018288689,0.5657984,-0.294934,0.38020983,0.17557395,-0.7848879,-0.081129804,-0.16383995,-0.014827435,0.010238873,0.049027592,0.07188457,-0.05484501,-0.0013700807,0.021384073,0.0018884616,-0.038454976,-0.00846166,0.030460918,-0.022179486,-0.035506003,0.013942098
1.2104623,-0.87644696,-0.51927984,2.1367517,-0.3822397,0.39020735,0.04863966,-0.80869913,2.1854823,-1.0759554,0.3735397,-0.5963876,-0.32801616,-0.26783004,0.18528873,-0.46485975,-0.8719907,-0.078999214,-0.13754289,-0.039928988,-0.0862675,0.0004722277,9.8623656e-05,-0.009193731,0.038347546,0.000798073,-0.005711537,-0.099230334,0.00074378925,-0.015199892,-0.047998454,0.022835765
1.210713,-0.876208,-0.5190729,2.1368897,-0.38349718,0.38789752,0.04912028,-0.80871433,2.1852405,-1.0761362,0.37385798,-0.5962194,-0.3276707,-0.2683499,0.18571463,-0.46631113,-0.8723249,-0.07901305,-0.13767758,-0.03742297,-0.08665739,0.0005665318,-9.910559e-05,-0.0036565557,0.026600106,0.0014121993,-0.0052326974,-0.09905288,0.0007235619,-0.014696335,-0.042605538,0.019954393
1.2111782,-0.8760021,-0.5188463,2.136967,-0.3847832,0.38555384,0.049619988,-0.80873406,2.1850026,-1.0762844,0.37417942,-0.596048,-0.32732278,-0.26884827,0.18615623,-0.46776083,-0.87264633,-0.07903598,-0.13780615,-0.03491094,-0.08704813,0.0006623741,-0.00029489162,0.0019073947,0.014883372,0.0020235637,-0.0047559533,-0.09887702,0.00070509437,-0.014193538,-0.03721628,0.01708163
1.2126929,-0.87567997,-0.51833415,2.1369574,-0.38744134,0.3807726,0.050670095,-0.80878305,2.184536,-1.076488,0.37482685,-0.59569776,-0.32662395,-0.26978347,0.18707894,-0.47063676,-0.8732492,-0.07910788,-0.13804458,-0.029868118,-0.08783216,0.00085864373,-0.00068113074,0.013116779,-0.008467558,0.0032384947,-0.0038083713,-0.09852937,0.000673098,-0.013190006,-0.026449684,0.011360304
0.44083315,2.2496333,1.2010598,-0.46168688,-1.4513277,1.5299883,0.64867055,-0.08684256,0.39905903,0.81194574,-0.12929891,0.75393236,-0.5999657,-0.04935691,0.2765904,-0.8668234,-0.18322723,0.028204761,-0.019913469,-0.103301235,0.012810082,0.008272484,0.016357357,0.025634902,0.025553264,0.009407733,0.015518404,-0.0053697256,-0.009886127,0.015914164,-0.04938624,0.04186726
0.44108358,2.2498722,1.2012666,-0.46154788,-1.4525858,1.5276787,0.6491517,-0.08685817,0.39881837,0.8117654,-0.12898079,0.75410134,-0.5996203,-0.049876533,0.2770169,-0.86827505,-0.18356162,0.028191274,-0.020048216,-0.1007953,0.012420335,0.008366839,0.016159547,0.031171812,0.013805817,0.010021832,0.01599729,-0.005192384,-0.009906349,0.016417667,-0.043993216,0.03898583
0.44154862,2.2500782,1.2014941,-0.46147048,-1.4538729,1.5253352,0.649651,-0.086877085,0.39858055,0.81161815,-0.1286594,0.7542731,-0.59927213,-0.050375335,0.2774581,-0.8697247,-0.18388295,0.028168121,-0.020176759,-0.09828325,0.012029549,0.00846267,0.015963756,0.036735997,0.0020892357,0.010633146,0.016474005,-0.005016445,-0.009924818,0.016920473,-0.038603697,0.03611295
0.44083312,2.2496336,1.20106,-0.46168685,-1.4513278,1.5299883,0.64867055,-0.08684253,0.39905903,0.8119456,-0.12929887,0.7539324,-0.59996575,-0.049356926,0.27659044,-0.8668234,-0.18322723,0.028204761,-0.01991347,-0.103301235,0.012810079,0.008272484,0.016357357,0.025634907,0.025553266,0.009407732,0.015518401,-0.0053697256,-0.009886126,0.015914164,-0.049386237,0.041867264
0.4410835,2.2498727,1.2012666,-0.46154886,-1.4525858,1.527679,0.64915216,-0.086857416,0.39881867,0.811765,-0.12898058,0.754101,-0.59961957,-0.049876407,0.27701637,-0.8682753,-0.18356122,0.02819061,-0.02004841,-0.100795306,0.012420351,0.008366833,0.016159654,0.03117154,0.013806076,0.010021835,0.015997304,-0.0051923255,-0.0099063385,0.016417813,-0.043992486,0.038985662
0.5682752,-0.21135996,2.466644,-0.10763473,2.1877015,-0.8415275,-0.26324457,-0.51155937,-0.80838615,-0.8689877,-0.07617073,-0.23913415,-0.89014304,-0.31796184,0.07094659,-0.55670196,-0.09568891,0.05476575,-0.037221182,0.017947815,0.052380722,-0.10684435,-0.0060441718,-0.014156334,0.055074587,-0.0051011792,0.013886138,-0.0005482542,0.007108399,-0.06778912,-0.048903406,0.025966877
0.5683411,-0.2110922,2.4668336,-0.10744355,2.1864705,-0.8438075,-0.26277938,-0.5115711,-0.8086293,-0.8691973,-0.075855285,-0.23896761,-0.88979876,-0.31849986,0.07135836,-0.5581563,-0.096034236,0.05475994,-0.037361708,0.020446673,0.051991753,-0.10675164,-0.006243657,-0.00864708,0.043300807,-0.0044845836,0.014366856,-0.00036956157,0.007086638,-0.06728494,-0.04350682,0.023078216
0.5685917,-0.21085319,2.4670405,-0.10730484,2.1852124,-0.8461176,-0.26229873,-0.51158637,-0.80887026,-0.8693781,-0.0755373,-0.2387987,-0.889453,-0.31902,0.07178384,-0.5596081,-0.09636828,0.054745898,-0.03749666,0.02295262,0.051601898,-0.10665741,-0.0064411093,-0.0031100402,0.031553283,-0.0038704544,0.014845688,-0.00019212623,0.0070663835,-0.066781245,-0.038113844,0.020196911
0.5697372,-0.2104747,2.467516,-0.107210495,2.182607,-0.85083896,-0.2612808,-0.51162857,-0.8093425,-0.86963946,-0.07489297,-0.23845339,-0.88875633,-0.31999376,0.072681606,-0.56249785,-0.09699623,0.054690287,-0.037746567,0.027982201,0.05081963,-0.10646407,-0.006831202,0.008044869,0.008148738,-0.0026504782,0.01579711,0.00015816992,0.0070312414,-0.06577653,-0.027339747,0.0144602945
0.5705711,-0.2103254,2.46778,-0.10723751,2.1812668,-0.8532416,-0.2607488,-0.5116547,-0.8095747,-0.86972904,-0.07456847,-0.23827714,-0.8884065,-0.3204535,0.07314863,-0.56393373,-0.09729277,0.05465114,-0.037863385,0.030507542,0.05042698,-0.10636528,-0.0070230393,0.013663792,-0.003514454,-0.002044158,0.016269961,0.00033146286,0.0070159202,-0.06527488,-0.021958655,0.011603108
0.44083315,2.2496333,1.2010598,-0.46168688,-1.4513277,1.5299883,0.64867055,-0.08684256,0.39905903,0.8119456,-0.12929887,0.7539324,-0.59996575,-0.049356926,0.27659044,-0.8668234,-0.18322723,0.028204761,-0.01991347,-0.103301235,0.012810079,0.008272484,0.016357357,0.025634907,0.025553266,0.009407732,0.015518401,-0.0053697256,-0.009886126,0.015914164,-0.049386237,0.041867264
0.44108358,2.2498722,1.2012666,-0.46154788,-1.4525858,1.5276787,0.6491517,-0.08685817,0.3988183,0.81176525,-0.12898082,0.75410134,-0.5996203,-0.049876526,0.2770169,-0.86827505,-0.18356162,0.02819127,-0.02004821,-0.1007953,0.012420333,0.008366838,0.016159547,0.031171806,0.013805819,0.01002183,0.015997289,-0.0051923855,-0.009906348,0.016417667,-0.043993212,0.03898583
0.44154862,2.2500782,1.2014941,-0.46147057,-1.453873,1.5253353,0.64965093,-0.08687699,0.39858052,0.8116182,-0.1286594,0.7542731,-0.59927213,-0.050375327,0.27745807,-0.8697247,-0.18388298,0.028168127,-0.020176765,-0.09828325,0.012029547,0.008462669,0.015963756,0.036736,0.0020892364,0.010633146,0.016474005,-0.0050164443,-0.009924817,0.016920477,-0.038603704,0.03611295
-0.5853443,-2.3921247,-0.18760405,-2.020995,-1.0455203,0.2877437,0.5834274,0.6023362,0.08324889,0.030139538,0.18832529,-0.6820935,-0.5084171,-0.077337556,0.26987365,-0.53569627,0.09883823,0.03434242,0.0011420059,0.007901146,0.00013334442,0.006090719,0.008593706,-0.031592857,0.02091388,-0.0040715723,0.006547189,0.0056792125,-0.00066282327,0.011657924,-0.042929918,0.042244118
-0.585094,-2.391886,-0.18739715,-2.0208561,-1.0467778,0.28543416,0.5839082,0.6023209,0.08300816,0.029958796,0.18864335,-0.6819245,-0.50807166,-0.07785736,0.27029973,-0.53714776,0.09850395,0.034328867,0.0010071425,0.01040716,-0.0002565299,0.0061850348,0.0083959345,-0.026055483,0.009166632,-0.0034574803,0.007026043,0.005856557,-0.00068303815,0.0121614,-0.03753692,0.039362688
-0.3778684,-1.6402775,0.9417759,-0.51317674,1.4616425,-0.55841523,1.8209628,-1.002288,0.48264498,1.6998714,-0.17786556,0.7363931,1.2175324,0.078032196,0.2912569,-0.41516984,-0.21843573,0.039590385,0.040933337,0.013842042,-0.002917697,-0.05517957,-0.05879434,0.058108322,0.016409677,-0.09015813,-0.025814565,0.008589159,-0.022362258,0.04159374,-0.2128791,0.049577825
-0.37780246,-1.6400101,0.94196546,-0.5129858,1.4604115,-0.5606955,1.8214277,-1.0022995,0.48240182,1.6996615,-0.17755002,0.7365593,1.2178767,0.07749405,0.2916683,-0.41662416,-0.21878089,0.039584033,0.040792793,0.01634092,-0.00330664,-0.055086914,-0.058993753,0.06361756,0.0046358714,-0.08954156,-0.02533386,0.008767891,-0.022384059,0.042098008,-0.2074824,0.046689164
-0.3775519,-1.6397712,0.9421725,-0.51284724,1.4591539,-0.56300545,1.8219088,-1.0023147,0.482161,1.6994807,-0.17723195,0.7367282,1.2182225,0.076974206,0.2920941,-0.41807574,-0.21911506,0.039570577,0.040657856,0.018846875,-0.0036963813,-0.05499258,-0.059191555,0.06915433,-0.0071116434,-0.08892741,-0.024854934,0.008945249,-0.022404261,0.042601578,-0.20208922,0.043807674
-0.3770869,-1.6395655,0.94240016,-0.5127695,1.4578667,-0.5653484,1.8224084,-1.0023341,0.48192334,1.6993334,-0.17691043,0.73689973,1.2185699,0.076475926,0.29253608,-0.41952533,-0.21943666,0.03954772,0.040529363,0.02135904,-0.0040871548,-0.05489667,-0.059387397,0.07471861,-0.018828431,-0.08831604,-0.024378227,0.009121115,-0.022422673,0.043104377,-0.19670044,0.040935073
-0.37320018,-1.6390545,0.9435071,-0.51303416,1.4524302,-0.57504654,1.8245834,-1.0024477,0.4810017,1.6990598,-0.17560226,0.7376103,1.2199756,0.074690886,0.2944454,-0.42526639,-0.22059116,0.039366886,0.04007854,0.03147013,-0.0056590727,-0.05449806,-0.060152367,0.0972488,-0.0654162,-0.08589677,-0.022491315,0.00981073,-0.02247984,0.04510855,-0.17518277,0.02952603
-0.3778684,-1.640278,0.9417766,-0.51317704,1.4616427,-0.5584155,1.8209634,-1.0022879,0.4826451,1.6998714,-0.17786546,0.73639274,1.2175328,0.07803202,0.29125634,-0.41516986,-0.21843553,0.03959001,0.04093318,0.013842053,-0.0029176027,-0.05517955,-0.058794454,0.05810805,0.016409693,-0.090158135,-0.025814522,0.008589159,-0.022362288,0.041593775,-0.21287875,0.04957766
-0.37780255,-1.6400102,0.9419656,-0.5129857,1.4604114,-0.5606955,1.8214277,-1.0022994,0.48240182,1.6996615,-0.17755002,0.7365593,1.2178767,0.07749405,0.2916683,-0.41662416,-0.21878089,0.039584033,0.040792793,0.01634092,-0.00330664,-0.055086914,-0.058993753,0.06361756,0.0046358714,-0.08954156,-0.02533386,0.008767891,-0.022384059,0.042098008,-0.2074824,0.046689164
-0.3775519,-1.6397713,0.9421725,-0.5128472,1.4591538,-0.56300545,1.8219088,-1.0023147,0.482161,1.6994807,-0.17723195,0.7367282,1.2182225,0.076974206,0.2920941,-0.41807574,-0.21911506,0.039570577,0.040657856,0.018846875,-0.0036963813,-0.05499258,-0.059191555,0.06915433,-0.0071116434,-0.08892741,-0.024854934,0.008945249,-0.022404263,0.042601578,-0.20208922,0.043807674
-0.3770869,-1.6395655,0.94240016,-0.5127695,1.4578667,-0.5653484,1.8224084,-1.0023341,0.48192334,1.6993334,-0.17691043,0.73689973,1.2185699,0.076475926,0.29253608,-0.41952533,-0.21943666,0.03954772,0.040529363,0.02135904,-0.0040871548,-0.05489667,-0.059387397,0.07471861,-0.018828431,-0.08831604,-0.024378227,0.009121115,-0.022422673,0.043104377,-0.19670044,0.040935073
0.7256277,1.1926392,-2.3813386,-0.9397638,1.5468817,-0.82528365,-0.053123448,0.9267282,0.44943702,-0.259729,-0.019243702,0.5652921,-0.29597172,0.3817663,0.17429487,-0.78053266,-0.08012906,-0.16379707,-0.014423631,0.0027220086,0.050197087,0.07160164,-0.054252043,-0.017980445,0.056621935,4.6344114e-05,-0.03989129,-0.008993619,0.030521337,-0.02369007,-0.051684894,0.022584965
0.7259443,1.1931459,-2.380943,-0.9394338,1.5443927,-0.82987356,-0.052177552,0.9267015,0.44895306,-0.2601197,-0.018610103,0.5656271,-0.29528162,0.38070837,0.17513205,-0.78343844,-0.08080844,-0.16381717,-0.014699012,0.007726814,0.049418267,0.071788706,-0.054649092,-0.006934001,0.03310095,0.0012771105,-0.038931724,-0.0086375335,0.030479368,-0.022682207,-0.0408949,0.016814781
0.7264094,1.1933516,-2.3807154,-0.9393563,1.5431055,-0.83221686,-0.0516782,0.9266822,0.4487151,-0.26026693,-0.018288659,0.5657986,-0.29493394,0.38020983,0.17557387,-0.7848879,-0.08112976,-0.16383997,-0.014827472,0.01023888,0.04902761,0.07188456,-0.054845072,-0.001370034,0.021383993,0.0018884339,-0.038454965,-0.008461659,0.030460922,-0.022179509,-0.03550594,0.013942021
0.72709,1.1935245,-2.3804672,-0.93933964,1.5417874,-0.834595,-0.0511597,0.9266589,0.44848073,-0.2603806,-0.017965784,0.5659728,-0.2945852,0.3797345,0.17602994,-0.7863281,-0.08143636,-0.16387242,-0.014949037,0.012756381,0.048636056,0.071981855,-0.05503901,0.004220739,0.00969589,0.002497116,-0.03798033,-0.008287191,0.030444194,-0.021677466,-0.030121751,0.011078505
0.72792417,1.1936738,-2.3802035,-0.93936676,1.5404475,-0.8369982,-0.050627846,0.92663306,0.44824842,-0.2604711,-0.017641053,0.56614846,-0.2942351,0.3792749,0.17649686,-0.7877643,-0.08173282,-0.16391198,-0.015065899,0.015281718,0.048243456,0.07208077,-0.05523119,0.009839449,-0.001966848,0.0031034292,-0.037507396,-0.00811395,0.030428918,-0.021175912,-0.024739407,0.008220817
0.39212933,-1.7455692,0.3436844,1.1400182,0.75997895,-0.1505132,1.4426951,-1.235645,1.9478136,0.39597943,0.14226402,0.13134696,0.63152325,-0.14837314,0.11524569,-0.44150013,-0.65915173,-0.14399777,-0.16831484,-0.054052427,-0.057165448,-0.04243021,-0.044003755,-0.07729682,0.21756749,-0.062404383,-0.011881691,-0.058265507,-0.0031502084,0.047179032,0.29646674,-0.09603888
0.39219525,-1.7453014,0.34387368,1.1402091,0.7587474,-0.15279303,1.4431599,-1.2356567,1.9475707,0.39577043,0.14257921,0.13151433,0.63186747,-0.14891091,0.11565781,-0.44295454,-0.65949714,-0.14400405,-0.16845533,-0.051553696,-0.05755437,-0.042337462,-0.044203255,-0.07178753,0.20579389,-0.06178782,-0.011400971,-0.05808685,-0.0031718852,0.04768332,0.3018635,-0.098927654
0.3924459,-1.7450624,0.34408075,1.1403478,0.75749,-0.15510295,1.443641,-1.2356721,1.9473293,0.39558944,0.14289731,0.13168287,0.63221323,-0.14943102,0.116083354,-0.4444061,-0.6598311,-0.14401762,-0.16859023,-0.049047608,-0.05794425,-0.04224318,-0.04440081,-0.06625043,0.19404618,-0.061173655,-0.01092213,-0.057909455,-0.0031921302,0.048186943,0.30725613,-0.10180883
0.39291105,-1.7448567,0.34430823,1.1404254,0.756203,-0.15744598,1.4441402,-1.2356911,1.9470913,0.39544204,0.14321887,0.1318542,0.63256115,-0.14992937,0.116524965,-0.44585547,-0.6601526,-0.14404063,-0.16871856,-0.04653565,-0.058334906,-0.04214729,-0.04459682,-0.060686443,0.1823296,-0.060562335,-0.010445395,-0.057733517,-0.0032106568,0.048689555,0.31264547,-0.10468174
0.3935913,-1.7446839,0.34455696,1.1404424,0.7548848,-0.15982436,1.444659,-1.2357143,1.946857,0.39532852,0.14354171,0.1320285,0.63290995,-0.15040474,0.11698109,-0.4472958,-0.6604595,-0.14407313,-0.1688404,-0.044018045,-0.05872655,-0.04204996,-0.04479066,-0.05509535,0.17064159,-0.059953675,-0.009970765,-0.057559106,-0.003227303,0.0491917,0.3180297,-0.10754529
0.39442524,-1.7445347,0.34482044,1.1404152,0.7535447,-0.1622273,1.4451905,-1.2357402,1.9466252,0.3952383,0.14386639,0.1322044,0.6332598,-0.15086435,0.117448255,-0.4487315,-0.66075563,-0.14411248,-0.16895701,-0.041492805,-0.059119012,-0.04195107,-0.04498305,-0.049477026,0.15897855,-0.05934737,-0.0094977915,-0.057385907,-0.003242587,0.049693193,0.32341185,-0.110403
-0.5854108,-2.3923914,-0.18779364,-2.021184,-1.0442894,0.2900246,0.58296144,0.6023473,0.08349168,0.030348599,0.18800962,-0.6822593,-0.50876176,-0.076799825,0.2694617,-0.53424186,0.09918283,0.034348894,0.0012825916,0.0054024416,0.0005222816,0.0059980503,0.008793111,-0.037101958,0.03268717,-0.004688205,0.0060664956,0.0055005113,-0.00064106093,0.011153611,-0.04832751,0.045133047
-0.5853443,-2.3921247,-0.18760405,-2.020995,-1.0455203,0.2877437,0.5834274,0.6023362,0.08324889,0.030139538,0.18832529,-0.6820935,-0.5084171,-0.077337556,0.26987365,-0.53569627,0.09883823,0.03434242,0.0011420059,0.007901146,0.00013334442,0.006090719,0.008593706,-0.031592857,0.02091388,-0.0040715723,0.006547189,0.0056792125,-0.00066282327,0.011657924,-0.042929918,0.042244118
-0.585094,-2.391886,-0.18739715,-2.0208561,-1.0467778,0.28543416,0.5839082,0.6023209,0.08300816,0.029958796,0.18864335,-0.6819245,-0.50807166,-0.07785736,0.27029973,-0.53714776,0.09850395,0.034328867,0.0010071425,0.01040716,-0.0002565299,0.0061850348,0.0083959345,-0.026055483,0.009166632,-0.0034574803,0.007026043,0.005856557,-0.00068303815,0.0121614,-0.03753692,0.039362688
-0.5846289,-2.3916793,-0.1871696,-2.020779,-1.048065,0.28309083,0.5844077,0.6023018,0.08277011,0.029811209,0.18896477,-0.6817534,-0.5077237,-0.078355886,0.27074113,-0.53859746,0.09818264,0.03430595,0.0008786533,0.012919149,-0.0006471414,0.006280941,0.008200101,-0.020491725,-0.0025504073,-0.00284612,0.0075028106,0.0060324804,-0.0007015033,0.012664217,-0.03214796,0.036489982
-0.5839482,-2.3915071,-0.1869209,-2.020762,-1.049383,0.2807127,0.5849262,0.60227865,0.082535684,0.029697344,0.18928777,-0.6815794,-0.50737464,-0.07883131,0.27119693,-0.5400375,0.0978761,0.034273203,0.0007570645,0.015436702,-0.0010387662,0.0063782036,0.008006196,-0.01490089,-0.014238349,-0.0022374506,0.007977424,0.0062069246,-0.00071823003,0.013166257,-0.0267634,0.03362635
-0.58311427,-2.3913584,-0.18665776,-2.0207894,-1.0507233,0.27830964,0.58545816,0.60225284,0.08230364,0.029607482,0.18961242,-0.68140334,-0.5070247,-0.07929103,0.27166376,-0.54147345,0.09757966,0.034233734,0.0006402048,0.01796203,-0.0014314762,0.006477039,0.0078141885,-0.009281864,-0.025901332,-0.0016311073,0.008450284,0.00638019,-0.0007335412,0.01366785,-0.021381876,0.030768935
0.5682754,-0.21136023,2.4666438,-0.10763449,2.1877012,-0.84152716,-0.2632442,-0.51155984,-0.808386,-0.86898667,-0.076170854,-0.23913342,-0.8901431,-0.31796196,0.07094669,-0.5567019,-0.09568911,0.05476575,-0.03722103,0.017947802,0.0523807,-0.10684432,-0.0060442025,-0.014156083,0.055074554,-0.0051012547,0.013886135,-0.00054825033,0.0071083955,-0.06778915,-0.048903685,0.02596696
0.5683411,-0.2110922,2.4668336,-0.10744355,2.1864705,-0.8438075,-0.26277938,-0.5115711,-0.8086293,-0.8691973,-0.075855285,-0.23896761,-0.88979876,-0.31849986,0.07135836,-0.5581563,-0.096034236,0.05475994,-0.037361708,0.020446673,0.051991753,-0.10675164,-0.006243657,-0.00864708,0.043300807,-0.0044845836,0.014366856,-0.00036956157,0.007086638,-0.06728494,-0.04350682,0.023078216
0.5685917,-0.21085319,2.4670405,-0.10730484,2.1852124,-0.8461176,-0.26229873,-0.51158637,-0.80887026,-0.8693781,-0.0755373,-0.2387987,-0.889453,-0.31902,0.07178384,-0.5596081,-0.09636828,0.054745898,-0.03749666,0.02295262,0.051601898,-0.10665741,-0.0064411093,-0.0031100402,0.031553283,-0.0038704544,0.014845688,-0.00019212623,0.0070663835,-0.066781245,-0.038113844,0.020196911
0.5690568,-0.2106472,2.4672675,-0.10722729,2.1839256,-0.84846073,-0.26179934,-0.51160544,-0.8091081,-0.86952573,-0.07521571,-0.23862751,-0.88910526,-0.31951827,0.072225824,-0.5610576,-0.096689746,0.054723207,-0.037625,0.02546462,0.051211037,-0.10656144,-0.0066370443,0.002454479,0.019836735,-0.0032590826,0.015322405,-1.6288053e-05,0.0070479047,-0.066278584,-0.032724913,0.017324181
0.5697372,-0.2104747,2.467516,-0.107210495,2.182607,-0.85083896,-0.2612808,-0.51162857,-0.8093425,-0.86963946,-0.07489297,-0.23845339,-0.88875633,-0.31999376,0.072681606,-0.56249785,-0.09699623,0.054690287,-0.037746567,0.027982201,0.05081963,-0.10646407,-0.006831202,0.008044869,0.008148738,-0.0026504782,0.01579711,0.00015816992,0.0070312414,-0.06577653,-0.027339747,0.0144602945
0.5705711,-0.2103254,2.46778,-0.10723751,2.1812668,-0.8532416,-0.2607488,-0.5116547,-0.8095747,-0.86972904,-0.07456847,-0.23827714,-0.8884065,-0.3204535,0.07314863,-0.56393373,-0.09729277,0.05465114,-0.037863385,0.030507542,0.05042698,-0.10636528,-0.0070230393,0.013663792,-0.003514454,-0.002044158,0.016269961,0.00033146286,0.0070159202,-0.06527488,-0.021958655,0.011603108
-0.5854108,-2.3923914,-0.18779364,-2.021184,-1.0442894,0.2900246,0.58296144,0.6023473,0.08349168,0.030348599,0.18800962,-0.6822593,-0.50876176,-0.076799825,0.2694617,-0.53424186,0.09918283,0.034348894,0.0012825916,0.0054024416,0.0005222816,0.0059980503,0.008793111,-0.037101958,0.03268717,-0.004688205,0.0060664956,0.0055005113,-0.00064106093,0.011153611,-0.04832751,0.045133047
-0.5853443,-2.3921247,-0.18760405,-2.020995,-1.0455203,0.2877437,0.5834274,0.6023362,0.08324889,0.030139538,0.18832529,-0.6820935,-0.5084171,-0.077337556,0.26987365,-0.53569627,0.09883823,0.03434242,0.0011420059,0.007901146,0.00013334442,0.006090719,0.008593706,-0.031592857,0.02091388,-0.0040715723,0.006547189,0.0056792125,-0.00066282327,0.011657924,-0.042929918,0.042244118
-0.585094,-2.391886,-0.18739715,-2.0208561,-1.0467778,0.28543416,0.5839082,0.6023209,0.08300816,0.029958796,0.18864335,-0.6819245,-0.50807166,-0.07785736,0.27029973,-0.53714776,0.09850395,0.034328867,0.0010071425,0.01040716,-0.0002565299,0.0061850348,0.0083959345,-0.026055483,0.009166632,-0.0034574803,0.007026043,0.005856557,-0.00068303815,0.0121614,-0.03753692,0.039362688
-0.5846289,-2.3916793,-0.1871696,-2.020779,-1.048065,0.28309083,0.5844077,0.6023018,0.08277011,0.029811209,0.18896477,-0.6817534,-0.5077237,-0.078355886,0.27074113,-0.53859746,0.09818264,0.03430595,0.0008786533,0.012919149,-0.0006471414,0.006280941,0.008200101,-0.020491725,-0.0025504073,-0.00284612,0.0075028106,0.0060324804,-0.0007015033,0.012664217,-0.03214796,0.036489982
0.28848127,0.005983472,-0.42748544,0.2836411,-0.25557658,-0.41404295,-2.2312827,-1.1093384,-0.5210974,2.246577,-0.059076916,-1.4387695,-0.17652902,0.4341104,-0.18976499,-0.84341174,-0.18769671,-1.2481763,0.07293078,0.017691879,9.821652e-05,0.03023215,0.07648869,0.018105159,-0.008067499,-0.0369871,-0.05416898,0.027038245,-0.09594403,-0.043161064,-0.18394506,0.0662664
0.28854737,0.0062510883,-0.42729643,0.28383222,-0.25680807,-0.41632316,-2.2308178,-1.1093506,-0.52134055,2.2463684,-0.058762114,-1.4386019,-0.17618537,0.43357208,-0.18935288,-0.84486604,-0.18804206,-1.2481819,0.07279038,0.020190729,-0.00029072879,0.030324904,0.076289274,0.023614528,-0.019841453,-0.03637046,-0.053688336,0.027216924,-0.095965825,-0.04265691,-0.178549,0.06337808
0.28994364,0.0068687373,-0.4266134,0.28406513,-0.26067087,-0.42335433,-2.2293189,-1.1094078,-0.52205336,2.2459257,-0.057799432,-1.4380879,-0.17514296,0.4320784,-0.18802969,-0.84920746,-0.18900406,-1.248251,0.07240535,0.027726244,-0.0014628508,0.030612392,0.07570181,0.040306475,-0.054993622,-0.034536365,-0.05225807,0.027744638,-0.09602116,-0.041148435,-0.1623821,0.05476019
0.29077703,0.0070181345,-0.42635018,0.2840379,-0.2620106,-0.42575732,-2.2287867,-1.1094339,-0.5222857,2.245836,-0.057474885,-1.4379126,-0.17479268,0.43161866,-0.18756284,-0.85064334,-0.18930042,-1.2482909,0.0722885,0.03025153,-0.0018554509,0.030711262,0.075509675,0.045925107,-0.066656366,-0.03393002,-0.051785175,0.027917879,-0.09603649,-0.040646914,-0.15699995,0.05190246
0.28854695,0.0062513063,-0.4272966,0.28383207,-0.2568079,-0.4163231,-2.2308176,-1.1093502,-0.52134037,2.2463682,-0.058762144,-1.4386019,-0.17618513,0.43357202,-0.18935314,-0.8448662,-0.18804207,-1.2481822,0.0727903,0.020190708,-0.00029072587,0.0303249,0.07628927,0.023614446,-0.019841297,-0.03637049,-0.05368832,0.027216943,-0.095965765,-0.042656854,-0.17854854,0.063377954
0.28879774,0.0064903833,-0.42708966,0.2839706,-0.2580653,-0.41863298,-2.2303367,-1.1093658,-0.5215813,2.246187,-0.058443718,-1.4384334,-0.17583933,0.43305248,-0.1889272,-0.846318,-0.18837604,-1.248196,0.072655305,0.022696674,-0.0006805949,0.030419208,0.07609157,0.029151628,-0.031588517,-0.03575637,-0.053209424,0.027394308,-0.09598599,-0.042153273,-0.17315517,0.060496356
0.28926277,0.0066962214,-0.42686215,0.28404832,-0.25935245,-0.420976,-2.2298374,-1.1093847,-0.5218194,2.2460394,-0.05812189,-1.4382627,-0.17549156,0.43255383,-0.18848573,-0.8477672,-0.18869753,-1.248219,0.07252688,0.025208738,-0.001071306,0.030515052,0.07589577,0.034715712,-0.043305516,-0.035144974,-0.05273269,0.027570203,-0.096004464,-0.04165046,-0.16776666,0.057623725
0.28994307,0.006868955,-0.42661354,0.28406492,-0.26067066,-0.4233544,-2.2293186,-1.1094078,-0.52205336,2.2459257,-0.057799313,-1.4380882,-0.1751427,0.4320783,-0.18802975,-0.84920764,-0.1890039,-1.2482513,0.07240528,0.027726265,-0.0014628477,0.030612377,0.07570184,0.040306404,-0.054993603,-0.034536324,-0.052258074,0.027744638,-0.09602117,-0.0411484,-0.16238195,0.054760106
0.6362309,-0.5267311,-0.43042472,0.48130566,-0.41940513,0.31176475,-1.472829,-1.7634346,1.0075741,-1.044102,-0.13711783,0.8491947,0.8000498,-0.40636122,1.3297067,-0.94526297,2.6240387,0.8670622,0.085211486,0.006012484,-0.040130842,0.027007055,0.07393219,-0.03730826,-0.019469185,-0.05814863,0.011238497,-0.07671105,0.031756386,-0.030690417,-0.14369208,-0.020947577
0.636482,-0.526492,-0.43021768,0.4814442,-0.42066303,0.30945516,-1.4723489,-1.7634503,1.0073332,-1.0442824,-0.13679978,0.84936404,0.8003954,-0.40688172,1.3301325,-0.94671416,2.6237042,0.86704844,0.08507673,0.008518495,-0.040520817,0.027101293,0.07373459,-0.03177079,-0.031216873,-0.057534594,0.011717326,-0.076533645,0.0317362,-0.030186819,-0.13830008,-0.023828708
0.6369468,-0.5262864,-0.4299901,0.481522,-0.42195037,0.3071119,-1.4718488,-1.7634691,1.007096,-1.0444294,-0.13647819,0.8495353,0.80074346,-0.4073799,1.3305739,-0.948164,2.6233838,0.86702555,0.084948115,0.0110304775,-0.040911533,0.027197165,0.07353876,-0.026206935,-0.042933285,-0.056923185,0.012194084,-0.07635777,0.031717755,-0.029683972,-0.13290988,-0.026701735
0.63762754,-0.52611357,-0.42974144,0.48153865,-0.42326832,0.30473363,-1.4713306,-1.7634921,1.0068611,-1.0445434,-0.1361554,0.8497095,0.80109197,-0.40785515,1.3310302,-0.949604,2.6230767,0.86699265,0.08482661,0.01354803,-0.04130305,0.027294502,0.07334479,-0.02061615,-0.054621637,-0.05631451,0.012668716,-0.07618332,0.031701025,-0.029181981,-0.1275262,-0.029565142
0.6384615,-0.5259643,-0.4294779,0.48151165,-0.4246086,0.30233064,-1.4707986,-1.7635177,1.0066291,-1.0446333,-0.13583076,0.8498854,0.8014418,-0.40831488,1.3314974,-0.95104015,2.6227798,0.8669534,0.084709816,0.01607334,-0.041695617,0.027393447,0.07315257,-0.014997376,-0.06628456,-0.055708237,0.013141617,-0.07601009,0.03168571,-0.028680464,-0.122144334,-0.032422703
0.3120939,-0.004207189,-0.13993299,0.25088593,-0.19627662,-0.24764822,-0.2946558,-0.0031420009,-0.5198295,0.03258041,-0.0121173095,-0.001803442,0.028954735,-0.1293117,2.5126379,0.12238965,-0.9812681,-0.08806746,3.423377,-0.061640296,0.002140202,0.010368455,0.009615766,-0.120032564,0.13197625,0.004365326,0.012533171,0.008055442,-0.0027236505,0.010443734,0.06907842,0.013105576
0.31216007,-0.003939518,-0.1397439,0.25107718,-0.19750805,-0.24992862,-0.29419085,-0.0031538135,-0.52007276,0.032370795,-0.011801928,-0.0016367802,0.02929911,-0.12984964,2.5130491,0.12093526,-0.9816133,-0.08807334,3.4232345,-0.059141472,0.0017512895,0.010461186,0.0094163325,-0.11452327,0.120202355,0.004981923,0.013013888,0.008234127,-0.002745451,0.010947923,0.074474916,0.01021691
0.31241053,-0.0037003288,-0.13953733,0.25121573,-0.19876564,-0.25223824,-0.29370984,-0.0031691268,-0.52031356,0.03219006,-0.011483753,-0.0014680829,0.029644847,-0.13036963,2.513475,0.11948348,-0.9819476,-0.08808768,3.4231012,-0.0566355,0.001361384,0.010555503,0.009218647,-0.108986065,0.10845515,0.0055960556,0.013492736,0.008411526,-0.0027656306,0.011451562,0.07986817,0.007335424
0.6089959,-0.3331587,-0.34206697,1.057084,-0.071328506,0.37450337,-0.07323539,0.76628435,-1.6096578,0.30336663,-0.24858938,0.20014763,0.15401497,-0.14177425,3.4404144,0.5986812,-0.5255477,-0.6423739,-1.0599989,-0.04529164,0.0060492777,0.005309925,0.006875955,-0.076893546,0.026721766,0.0041288133,0.008774029,0.006323358,-0.004193868,0.006119909,0.0004480747,0.018449374
0.6092467,-0.3329196,-0.34186003,1.0572225,-0.07258593,0.37219355,-0.072754495,0.7662689,-1.6098983,0.30318582,-0.24827123,0.20031616,0.15436067,-0.14229433,3.4408395,0.5972296,-0.52588165,-0.6423883,-1.0601342,-0.04278566,0.0056593996,0.0054042377,0.0066781915,-0.07135635,0.014974528,0.0047429176,0.009252893,0.0065007447,-0.004214031,0.0066234833,0.005841267,0.015567854
0.60971165,-0.33271378,-0.3416325,1.0573002,-0.07387312,0.36985034,-0.07225523,0.7662499,-1.6101365,0.30303848,-0.24794988,0.20048766,0.15470824,-0.14279222,3.4412818,0.5957801,-0.5262033,-0.64241064,-1.0602623,-0.04027363,0.005268676,0.0055000903,0.006482488,-0.065792285,0.0032576208,0.0053542815,0.0097296005,0.006676661,-0.004232484,0.007126316,0.011230096,0.012695363
-0.5854108,-2.3923914,-0.18779364,-2.021184,-1.0442894,0.2900246,0.58296144,0.6023473,0.08349168,0.030348599,0.18800962,-0.6822593,-0.50876176,-0.076799825,0.2694617,-0.53424186,0.09918283,0.034348894,0.0012825916,0.0054024416,0.0005222816,0.0059980503,0.008793111,-0.037101958,0.03268717,-0.004688205,0.0060664956,0.0055005113,-0.00064106093,0.011153611,-0.04832751,0.045133047
-0.58534485,-2.3921235,-0.18760465,-2.020993,-1.0455204,0.2877441,0.58342624,0.6023358,0.08324844,0.030138908,0.18832499,-0.68209285,-0.5084176,-0.07733773,0.26987365,-0.53569615,0.09883745,0.034342766,0.0011421662,0.007901232,0.0001333032,0.0060907537,0.008593739,-0.03159256,0.020913493,-0.004071561,0.006547194,0.005679206,-0.00066283095,0.0116578275,-0.042930804,0.04224435
-0.585094,-2.391886,-0.18739715,-2.0208561,-1.0467778,0.28543416,0.5839082,0.6023209,0.08300816,0.029958796,0.18864335,-0.6819245,-0.50807166,-0.07785736,0.27029973,-0.53714776,0.09850395,0.034328867,0.0010071425,0.01040716,-0.0002565299,0.0061850348,0.0083959345,-0.026055483,0.009166632,-0.0034574803,0.007026043,0.005856557,-0.00068303815,0.0121614,-0.03753692,0.039362688
-0.5846289,-2.3916793,-0.1871696,-2.020779,-1.048065,0.28309083,0.5844077,0.6023018,0.08277011,0.029811209,0.18896477,-0.6817534,-0.5077237,-0.078355886,0.27074113,-0.53859746,0.09818264,0.03430595,0.0008786533,0.012919149,-0.0006471414,0.006280941,0.008200101,-0.020491725,-0.0025504073,-0.00284612,0.0075028106,0.0060324804,-0.0007015033,0.012664217,-0.03214796,0.036489982
-0.58311427,-2.3913584,-0.18665776,-2.0207894,-1.0507233,0.27830964,0.58545816,0.60225284,0.08230364,0.029607482,0.18961242,-0.68140334,-0.5070247,-0.07929103,0.27166376,-0.54147345,0.09757966,0.034233734,0.0006402048,0.01796203,-0.0014314762,0.006477039,0.0078141885,-0.009281864,-0.025901332,-0.0016311073,0.008450284,0.00638019,-0.0007335412,0.01366785,-0.021381876,0.030768935
0.28848127,0.005983472,-0.42748544,0.2836411,-0.25557658,-0.41404295,-2.2312827,-1.1093384,-0.5210974,2.246577,-0.059076916,-1.4387695,-0.17652902,0.4341104,-0.18976499,-0.84341174,-0.18769671,-1.2481763,0.07293078,0.017691879,9.821652e-05,0.03023215,0.07648869,0.018105159,-0.008067499,-0.0369871,-0.05416898,0.027038245,-0.09594403,-0.043161064,-0.18394506,0.0662664
0.28879786,0.006490155,-0.4270895,0.28397083,-0.25806537,-0.41863295,-2.2303367,-1.1093659,-0.5215815,2.2461872,-0.05844381,-1.4384332,-0.17583969,0.4330521,-0.18892698,-0.8463177,-0.18837616,-1.2481959,0.072655484,0.022696711,-0.00068055576,0.030419191,0.07609156,0.029151604,-0.031588797,-0.035756364,-0.053209454,0.02739431,-0.09598597,-0.042153303,-0.17315587,0.0604965
0.28926283,0.0066960207,-0.42686197,0.28404853,-0.2593525,-0.42097613,-2.2298377,-1.1093849,-0.5218194,2.24604,-0.05812227,-1.4382619,-0.17549191,0.43255347,-0.1884854,-0.8477672,-0.18869771,-1.2482188,0.072527036,0.025208766,-0.0010713089,0.030515047,0.075895816,0.03471578,-0.04330578,-0.035145,-0.052732717,0.02757021,-0.096004464,-0.04165045,-0.1677672,0.05762396
0.28994307,0.006868955,-0.42661354,0.28406492,-0.26067066,-0.4233544,-2.2293186,-1.1094078,-0.52205354,2.2459252,-0.057799283,-1.4380884,-0.17514268,0.43207827,-0.18802977,-0.8492076,-0.18900388,-1.2482514,0.07240529,0.027726265,-0.0014628475,0.030612368,0.07570184,0.040306404,-0.05499359,-0.034536324,-0.052258078,0.027744638,-0.09602117,-0.041148406,-0.16238196,0.054760106
0.29077703,0.0070181345,-0.42635018,0.2840379,-0.2620106,-0.42575732,-2.2287867,-1.1094339,-0.52228576,2.2458358,-0.05747487,-1.4379126,-0.17479265,0.43161863,-0.18756285,-0.8506433,-0.18930042,-1.2482909,0.07228849,0.03025153,-0.0018554527,0.030711256,0.07550966,0.045925103,-0.06665636,-0.03393002,-0.051785167,0.027917882,-0.09603647,-0.040646914,-0.15699995,0.05190246
1.2144587,-0.92263144,-0.58388793,2.531637,-0.2902005,0.6746633,0.5838783,1.2104114,-1.2892689,0.09590005,-0.15272331,0.07945767,0.09401102,-0.21530142,-0.4195203,-0.766776,0.13041122,0.16352573,0.08368961,-0.03351536,-0.099971585,-0.0004529015,-0.022352481,0.0012947412,0.06570649,0.051562827,-0.0103354445,0.05114906,0.0053232736,-0.018866483,-0.049539946,0.0036764252
1.2145246,-0.9223638,-0.5836987,2.531828,-0.291432,0.67238307,0.584343,1.2103999,-1.2895119,0.09569018,-0.15240793,0.07962417,0.09435522,-0.21583956,-0.4191085,-0.7682305,0.13006583,0.16351973,0.08354911,-0.031016482,-0.10036053,-0.00036014008,-0.022551872,0.0068040267,0.053932726,0.052179445,-0.009854735,0.05132774,0.005301518,-0.018362237,-0.04414327,0.00078777294
1.2147754,-0.9221246,-0.58349186,2.5319672,-0.29268953,0.6700732,0.5848239,1.2103846,-1.289753,0.09550933,-0.1520896,0.07979295,0.094701044,-0.21635939,-0.41868302,-0.7696823,0.12973171,0.16350581,0.08341425,-0.028510518,-0.10075044,-0.00026584417,-0.022749603,0.012341284,0.042185564,0.05279358,-0.00937584,0.051505115,0.005281334,-0.017858626,-0.038749844,-0.0020938308
1.2167544,-0.92159724,-0.58275235,2.5320342,-0.29663485,0.6629488,0.5863738,1.2103164,-1.2904569,0.095158,-0.15112056,0.08031424,0.09574767,-0.21779275,-0.41731822,-0.77400786,0.1288073,0.16341099,0.083047174,-0.020955687,-0.10192521,2.6251082e-05,-0.023331571,0.029114598,0.007117896,0.054619923,-0.007951571,0.052028712,0.005230848,-0.01635227,-0.022593888,-0.01068787
-0.3778684,-1.6402775,0.9417759,-0.51317674,1.4616425,-0.55841523,1.8209628,-1.002288,0.48264498,1.6998714,-0.17786556,0.7363931,1.2175324,0.078032196,0.2912569,-0.41516984,-0.21843573,0.039590385,0.040933337,0.013842042,-0.002917697,-0.05517957,-0.05879434,0.058108322,0.016409677,-0.09015813,-0.025814565,0.008589159,-0.022362258,0.04159374,-0.2128791,0.049577825
-0.37780234,-1.6400104,0.9419652,-0.51298577,1.4604111,-0.5606954,1.8214273,-1.0022994,0.4824015,1.699661,-0.17754987,0.7365589,1.2178763,0.07749421,0.29166895,-0.41662392,-0.21878105,0.03958437,0.0407929,0.01634095,-0.003306488,-0.05508681,-0.05899405,0.063617274,0.0046356926,-0.089541525,-0.025333764,0.008767824,-0.022384018,0.042097833,-0.20748259,0.046689115
-0.37708703,-1.6395653,0.9423997,-0.5127696,1.4578663,-0.56534827,1.8224082,-1.002334,0.48192322,1.6993334,-0.17691043,0.73689973,1.21857,0.07647561,0.29253578,-0.41952536,-0.21943638,0.039547686,0.0405294,0.021358997,-0.0040871226,-0.05489665,-0.059387397,0.07471862,-0.018828731,-0.08831604,-0.024378255,0.0091211395,-0.022422753,0.043104276,-0.19670096,0.04093518
-0.3764063,-1.6393926,0.94264823,-0.51275295,1.4565482,-0.5677266,1.8229269,-1.0023571,0.48168886,1.6992202,-0.17658757,0.73707396,1.2189192,0.0760005,0.292992,-0.4209654,-0.21974301,0.039515104,0.040407892,0.023876423,-0.004478586,-0.054799322,-0.05958144,0.08030899,-0.030516539,-0.087707415,-0.023903562,0.00929557,-0.022439403,0.043606345,-0.19131584,0.038071338
-0.5854106,-2.3923929,-0.18779308,-2.021186,-1.0442892,0.29002425,0.5829621,0.602348,0.08349205,0.030349048,0.18800974,-0.68225986,-0.5087616,-0.0767997,0.26946202,-0.5342419,0.099183306,0.034348886,0.001282479,0.0054023946,0.0005222601,0.0059979963,0.008793144,-0.037101872,0.032687448,-0.0046882024,0.0060664727,0.0055005006,-0.0006410672,0.01115363,-0.0483272,0.045132995
-0.58462894,-2.3916802,-0.18716961,-2.0207787,-1.0480651,0.28309083,0.5844076,0.60230184,0.08277011,0.029811209,0.18896477,-0.6817534,-0.5077237,-0.078355886,0.27074113,-0.53859746,0.09818264,0.03430595,0.0008786533,0.012919149,-0.0006471414,0.006280941,0.008200101,-0.020491725,-0.0025504073,-0.00284612,0.0075028106,0.0060324804,-0.0007015033,0.012664217,-0.03214796,0.036489982
-0.5839488,-2.391506,-0.18692157,-2.0207603,-1.0493835,0.2807131,0.5849256,0.60227835,0.08253558,0.029697206,0.18928747,-0.68157834,-0.50737524,-0.07883146,0.27119684,-0.54003763,0.09787551,0.034273617,0.00075719925,0.015436765,-0.0010387888,0.0063782465,0.008006161,-0.014900647,-0.014238745,-0.002237455,0.007977415,0.006206913,-0.0007182352,0.013166184,-0.026764136,0.0336265
-0.5831148,-2.3913572,-0.18665811,-2.0207877,-1.0507234,0.27831012,0.58545715,0.6022524,0.08230326,0.0296069,0.18961222,-0.6814028,-0.50702536,-0.079291224,0.27166367,-0.5414734,0.097578876,0.034233857,0.000640379,0.017962128,-0.0014314137,0.0064771166,0.007814031,-0.0092818495,-0.025901783,-0.0016311102,0.008450329,0.006380173,-0.00073352846,0.013667734,-0.021382606,0.030769033
0.72594416,1.1931458,-2.3809426,-0.93943375,1.5443927,-0.8298736,-0.052177563,0.9267015,0.44895306,-0.26011968,-0.018610083,0.5656271,-0.29528162,0.38070825,0.17513207,-0.7834385,-0.08080834,-0.16381726,-0.014699021,0.007726844,0.04941829,0.07178871,-0.05464922,-0.00693407,0.033101045,0.0012771046,-0.03893169,-0.0086375475,0.030479388,-0.022682242,-0.040894683,0.01681467
0.72792375,1.193674,-2.3802032,-0.9393667,1.5404475,-0.8369981,-0.05062756,0.92663324,0.44824865,-0.26047084,-0.017641015,0.5661486,-0.29423502,0.37927476,0.17649661,-0.7877642,-0.08173276,-0.1639123,-0.015065896,0.015281688,0.048243426,0.07208077,-0.055231184,0.009839462,-0.00196676,0.00310344,-0.03750743,-0.00811394,0.030428924,-0.021175878,-0.024739264,0.008220719
1.2103965,-0.87671477,-0.5194688,2.1365604,-0.38100848,0.39248773,0.048174456,-0.80868745,2.185725,-1.0757455,0.37322426,-0.59655416,-0.3283607,-0.26729193,0.18487713,-0.46340528,-0.87164557,-0.07899304,-0.1374022,-0.042427808,-0.08587858,0.0003794924,0.00029798225,-0.014702947,0.05012122,0.00018143246,-0.0061922725,-0.09940902,0.0007655244,-0.01570416,-0.05339542,0.025724545
1.2104623,-0.87644696,-0.51927984,2.1367517,-0.3822397,0.39020735,0.04863966,-0.80869913,2.1854823,-1.0759554,0.3735397,-0.5963876,-0.32801616,-0.26783004,0.18528873,-0.46485975,-0.8719907,-0.078999214,-0.13754289,-0.039928988,-0.0862675,0.0004722277,9.8623656e-05,-0.009193731,0.038347546,0.000798073,-0.005711537,-0.099230334,0.00074378925,-0.015199892,-0.047998454,0.022835765
1.210713,-0.876208,-0.5190729,2.1368897,-0.38349718,0.38789752,0.04912028,-0.80871433,2.1852405,-1.0761362,0.37385798,-0.5962194,-0.3276707,-0.2683499,0.18571463,-0.46631113,-0.8723249,-0.07901305,-0.13767758,-0.03742297,-0.08665739,0.0005665318,-9.910559e-05,-0.0036565557,0.026600106,0.0014121993,-0.005232698,-0.09905288,0.00072356185,-0.014696335,-0.042605538,0.01995439
1.2111782,-0.87600225,-0.5188455,2.1369677,-0.3847844,0.3855545,0.049620017,-0.8087337,2.1850033,-1.0762835,0.37417942,-0.5960477,-0.32732275,-0.26884845,0.1861561,-0.46776083,-0.8726463,-0.079035915,-0.137806,-0.03491097,-0.08704813,0.000662365,-0.00029492175,0.0019074831,0.014883384,0.002023554,-0.004755936,-0.09887707,0.0007050968,-0.014193533,-0.037216347,0.017081603
1.214525,-0.92236364,-0.5836997,2.5318286,-0.2914312,0.67238224,0.5843439,1.2104003,-1.2895122,0.09568871,-0.15240748,0.07962332,0.09435565,-0.21583945,-0.4191094,-0.76823103,0.13006592,0.1635192,0.08354892,-0.031016525,-0.100360505,-0.00036012544,-0.022551913,0.00680385,0.053933185,0.05217947,-0.009854655,0.051327746,0.0053015505,-0.018362142,-0.044141836,0.0007872632
1.2152404,-0.9219187,-0.58326536,2.5320446,-0.29397565,0.6677293,0.58532417,1.2103655,-1.2899905,0.09536062,-0.151768,0.079963505,0.09504906,-0.21685776,-0.41824162,-0.7711321,0.12941045,0.16348268,0.08328548,-0.025998507,-0.101141095,-0.00016995824,-0.022945376,0.017905049,0.030469015,0.053404987,-0.008899077,0.051680997,0.0052628606,-0.017355831,-0.033359822,-0.004966833
1.215921,-0.921746,-0.5830167,2.5320613,-0.2952939,0.6653513,0.58584267,1.2103425,-1.2902253,0.09524712,-0.15144515,0.08013771,0.09539793,-0.21733332,-0.41778606,-0.77257216,0.1291038,0.16344994,0.08316389,-0.02348097,-0.10153263,-7.263128e-05,-0.023139417,0.023495762,0.018780937,0.05401363,-0.0084244525,0.051855452,0.0052461564,-0.016853811,-0.027975393,-0.007830436
0.31025824,-1.36338,-0.43572584,-1.2786449,-1.1447452,0.48369518,-1.6478499,-0.87183255,-0.9243339,-1.2521368,-0.5251984,1.8646678,0.72177434,-0.34193903,-0.37260494,-0.30158454,-0.9588078,0.11012653,-0.07938164,0.0043378244,-0.005333335,0.02859563,0.0790369,-0.026640242,0.04176762,-0.053839028,0.031457353,0.03237436,0.08469977,0.0072548706,-0.06485217,0.021866698
0.31103987,-1.3626676,-0.4351023,-1.2782378,-1.148521,0.47676167,-1.6464047,-0.8718784,-0.92505616,-1.2526754,-0.5242426,1.8651725,0.7228126,-0.34349546,-0.3713266,-0.30593997,-0.95980805,0.11008296,-0.07978553,0.011854648,-0.0065028565,0.028878503,0.07844389,-0.010029995,0.006530141,-0.051996835,0.03289372,0.032906353,0.08463936,0.008765584,-0.048672274,0.013223383
-0.23036316,-0.91548437,1.5560977,-1.689214,-0.6772777,0.38760144,-0.31114575,1.8087293,0.6107678,-0.41717893,0.38432333,-0.91385746,0.9451777,0.24333361,0.07633756,-0.5808766,0.048318822,-0.1628289,-0.0886492,-0.009290735,0.043912254,-0.035157014,0.03950783,-0.11381427,0.19527888,0.058724247,-0.0005866654,-0.011479526,0.01606717,0.07125438,0.34040943,-0.098113365
-0.2301129,-0.9152443,1.5563045,-1.6890743,-0.67853624,0.3852925,-0.31066546,1.8087143,0.6105272,-0.41736016,0.38464147,-0.9136884,0.9455233,0.24281368,0.07676287,-0.5823284,0.04798444,-0.16284281,-0.088784076,-0.0067847115,0.043522287,-0.03506271,0.039310206,-0.108277,0.18353173,0.059338395,-0.000107827436,-0.011302137,0.01604692,0.07175794,0.34580293,-0.10099488
-0.22896756,-0.91486573,1.5567805,-1.6889797,-0.68114114,0.3805708,-0.30964753,1.8086718,0.61005455,-0.41762143,0.38528576,-0.91334325,0.9462198,0.24183975,0.07766064,-0.58521813,0.047356356,-0.16289844,-0.08903404,-0.001755147,0.042740166,-0.03486949,0.03892026,-0.0971225,0.16012652,0.060558364,0.0008435677,-0.010951787,0.016011717,0.07276266,0.35657614,-0.10673123
-0.2281336,-0.9147165,1.5570439,-1.6890066,-0.68248135,0.378168,-0.30911574,1.8086461,0.6098225,-0.4177114,0.38561055,-0.91316706,0.9465698,0.24138024,0.0781278,-0.58665377,0.04705975,-0.16293761,-0.08915084,0.0007700949,0.04234751,-0.034770623,0.038728137,-0.09150358,0.14846376,0.0611647,0.0013164822,-0.010778563,0.015996475,0.07326428,0.3619581,-0.1095888
1.2144587,-0.92263156,-0.58388805,2.5316367,-0.29020056,0.6746633,0.5838781,1.2104114,-1.2892687,0.09589996,-0.15272331,0.07945767,0.094011016,-0.21530141,-0.41952035,-0.766776,0.13041124,0.16352573,0.0836896,-0.03351536,-0.09997158,-0.00045289693,-0.022352483,0.0012947402,0.065706484,0.051562823,-0.010335445,0.05114906,0.005323274,-0.018866483,-0.049539946,0.003676422
1.2145244,-0.9223639,-0.58369875,2.531828,-0.291432,0.67238295,0.5843427,1.2103999,-1.2895122,0.09569022,-0.15240791,0.079624176,0.09435522,-0.21583956,-0.41910854,-0.7682305,0.13006583,0.16351973,0.0835491,-0.031016491,-0.10036055,-0.00036014128,-0.022551872,0.0068040253,0.053932726,0.05217945,-0.009854735,0.051327743,0.0053015198,-0.018362239,-0.044143267,0.0007877709
1.2147754,-0.92212486,-0.5834919,2.531967,-0.29268956,0.6700732,0.58482414,1.2103846,-1.289753,0.09550933,-0.1520896,0.07979295,0.094701044,-0.21635939,-0.41868302,-0.7696823,0.12973171,0.16350581,0.08341425,-0.028510518,-0.10075044,-0.00026584417,-0.022749603,0.012341284,0.042185564,0.05279358,-0.00937584,0.051505115,0.005281334,-0.017858626,-0.038749844,-0.0020938308
1.2152404,-0.9219187,-0.58326536,2.5320446,-0.29397565,0.6677293,0.58532417,1.2103655,-1.2899905,0.09536062,-0.151768,0.079963505,0.09504906,-0.21685776,-0.41824162,-0.7711321,0.12941045,0.16348268,0.08328548,-0.025998507,-0.101141095,-0.00016995824,-0.022945376,0.017905049,0.030469015,0.053404987,-0.008899077,0.051680997,0.0052628606,-0.017355831,-0.033359822,-0.004966833
0.5682754,-0.21136019,2.4666438,-0.10763453,2.187701,-0.84152716,-0.26324424,-0.51155996,-0.808386,-0.86898667,-0.076170854,-0.23913342,-0.8901431,-0.31796196,0.07094669,-0.5567019,-0.09568911,0.05476575,-0.03722103,0.017947802,0.0523807,-0.10684432,-0.0060442025,-0.014156083,0.055074554,-0.0051012547,0.013886135,-0.00054825033,0.0071083955,-0.06778915,-0.048903685,0.02596696
0.5685919,-0.21085338,2.46704,-0.10730471,2.1852121,-0.8461174,-0.2622983,-0.51158696,-0.80887014,-0.8693772,-0.07553741,-0.23879807,-0.88945305,-0.3190199,0.07178419,-0.5596082,-0.096368514,0.054745782,-0.03749649,0.02295262,0.051601674,-0.106657386,-0.006441015,-0.003109455,0.031553466,-0.0038705084,0.014845642,-0.00019213777,0.007066407,-0.06678122,-0.03811403,0.02019705
0.56905687,-0.2106476,2.4672675,-0.1072271,2.1839247,-0.8484605,-0.2617989,-0.5116063,-0.8091079,-0.8695246,-0.07521607,-0.23862654,-0.8891054,-0.31951824,0.07222617,-0.56105775,-0.09669003,0.05472332,-0.03762493,0.0254647,0.051211048,-0.10656139,-0.006637009,0.0024546704,0.019836327,-0.0032591543,0.015322412,-1.6273098e-05,0.00704793,-0.06627855,-0.032725647,0.017324427
0.5375076,1.048938,2.324444,-0.35683915,0.0940773,0.30828178,-1.1947887,1.8920882,0.69435036,-0.55590683,0.34922644,-0.6562802,1.8410197,0.44225863,0.15106732,-0.53938365,-0.18826401,-0.10037334,0.015112371,0.025780763,0.05417679,-0.050643474,0.051096078,0.021074016,0.018971512,0.085141234,-0.022779645,-0.030407641,0.006252367,0.048070315,-0.1634395,0.031322353
0.53757375,1.0492055,2.3246334,-0.35664794,0.0928462,0.30600134,-1.1943238,1.8920764,0.69410723,-0.55611676,0.34954193,-0.6561141,1.8413641,0.4417203,0.15147857,-0.54083776,-0.18860914,-0.10037889,0.014971752,0.028279515,0.053787842,-0.0505507,0.05089654,0.026583567,0.007197993,0.08575782,-0.022298904,-0.030228969,0.006230653,0.048574477,-0.15804268,0.028433502
0.53782403,1.049445,2.3248408,-0.35650957,0.091589086,0.30369163,-1.1938428,1.8920617,0.69386667,-0.5562977,0.3498603,-0.65594524,1.8417102,0.44120064,0.15190434,-0.5422896,-0.18894306,-0.10039344,0.014836853,0.030785615,0.053398006,-0.05045641,0.05069891,0.032120213,-0.004548912,0.086371996,-0.021820022,-0.03005157,0.006210495,0.04907823,-0.15264824,0.025551787
0.5382891,1.0496507,2.325068,-0.356432,0.0903017,0.30134866,-1.1933436,1.8920425,0.6936288,-0.5564448,0.35018143,-0.6557737,1.842058,0.440702,0.1523456,-0.54373944,-0.18926443,-0.10041604,0.014708228,0.033297468,0.053007286,-0.05036054,0.050502833,0.03768459,-0.016265415,0.08698329,-0.021343276,-0.029875705,0.0061920695,0.049580872,-0.147259,0.022678781
0.7256935,1.1929067,-2.38115,-0.93957263,1.5456506,-0.8275639,-0.052658416,0.9267167,0.44919392,-0.2599389,-0.018928252,0.5654585,-0.2956274,0.38122818,0.1747065,-0.78198695,-0.08047422,-0.16380306,-0.014564163,0.005220859,0.04980818,0.07169439,-0.05445148,-0.012471262,0.044848084,0.000662978,-0.039410565,-0.008814932,0.030499572,-0.023185847,-0.046288326,0.019696284
0.72594416,1.1931458,-2.3809426,-0.93943375,1.5443927,-0.8298736,-0.052177563,0.9267015,0.44895306,-0.26011968,-0.018610083,0.5656271,-0.29528162,0.38070825,0.17513207,-0.7834385,-0.08080834,-0.16381726,-0.014699021,0.007726844,0.04941829,0.07178871,-0.05464922,-0.00693407,0.033101045,0.0012771046,-0.03893169,-0.0086375475,0.030479388,-0.022682242,-0.040894683,0.01681467
0.7264093,1.1933515,-2.3807154,-0.9393563,1.5431057,-0.8322167,-0.051678337,0.92668223,0.4487151,-0.26026702,-0.018288689,0.5657984,-0.294934,0.38020983,0.17557395,-0.7848879,-0.081129804,-0.16383995,-0.014827435,0.010238873,0.049027592,0.07188457,-0.05484501,-0.0013700807,0.021384073,0.0018884616,-0.038454976,-0.00846166,0.030460918,-0.022179486,-0.035506003,0.013942098
0.7270897,1.1935247,-2.380467,-0.93933994,1.5417877,-0.8345952,-0.051159423,0.9266592,0.44848087,-0.2603809,-0.017965736,0.5659726,-0.29458493,0.37973452,0.17602962,-0.78632826,-0.08143624,-0.16387261,-0.014949093,0.0127563635,0.048635993,0.07198184,-0.05503896,0.0042207413,0.009696157,0.0024971466,-0.037980344,-0.00828717,0.030444197,-0.021677414,-0.030121189,0.011078351
0.31025824,-1.36338,-0.43572584,-1.2786449,-1.1447452,0.48369518,-1.6478499,-0.87183255,-0.9243339,-1.2521368,-0.5251984,1.8646678,0.72177434,-0.34193903,-0.37260494,-0.30158454,-0.9588078,0.11012653,-0.07938164,0.0043378244,-0.005333335,0.02859563,0.0790369,-0.026640242,0.04176762,-0.053839028,0.031457353,0.03237436,0.08469977,0.0072548706,-0.06485217,0.021866698
0.72562784,1.1926391,-2.3813386,-0.93976384,1.5468817,-0.82528365,-0.053123392,0.92672825,0.44943702,-0.259729,-0.019243702,0.5652921,-0.29597172,0.3817663,0.17429487,-0.78053266,-0.08012906,-0.16379707,-0.014423631,0.0027220086,0.050197087,0.07160164,-0.054252043,-0.017980445,0.056621935,4.6344114e-05,-0.03989129,-0.008993619,0.030521337,-0.02369007,-0.051684894,0.022584965
0.725694,1.192907,-2.3811498,-0.93957275,1.5456504,-0.82756394,-0.052658573,0.9267165,0.4491939,-0.25993875,-0.018928288,0.5654586,-0.29562753,0.38122812,0.17470662,-0.78198683,-0.08047429,-0.16380315,-0.014564124,0.0052208495,0.04980818,0.07169437,-0.05445152,-0.012471232,0.044848107,0.00066297705,-0.039410558,-0.008814945,0.030499589,-0.023185845,-0.046288233,0.019696245
0.7259444,1.1931459,-2.380943,-0.93943405,1.5443927,-0.8298733,-0.05217768,0.92670137,0.44895306,-0.2601197,-0.018610103,0.5656271,-0.29528162,0.38070837,0.17513205,-0.78343844,-0.08080844,-0.16381717,-0.014699012,0.007726814,0.049418267,0.071788706,-0.054649092,-0.006934001,0.03310095,0.0012771105,-0.038931724,-0.0086375335,0.030479368,-0.022682207,-0.0408949,0.016814781
0.7264094,1.1933516,-2.3807154,-0.9393565,1.5431054,-0.832217,-0.051678255,0.92668205,0.4487151,-0.26026693,-0.018288659,0.5657986,-0.29493394,0.38020983,0.17557387,-0.7848879,-0.08112976,-0.16383997,-0.014827472,0.01023888,0.04902761,0.07188456,-0.054845072,-0.001370034,0.021383993,0.0018884339,-0.038454965,-0.008461659,0.030460922,-0.022179509,-0.03550594,0.013942021
0.72792417,1.1936738,-2.3802035,-0.93936676,1.5404475,-0.8369982,-0.050627846,0.92663306,0.44824842,-0.2604711,-0.017641053,0.56614846,-0.2942351,0.3792749,0.17649686,-0.7877643,-0.08173282,-0.16391198,-0.015065899,0.015281718,0.048243456,0.07208077,-0.05523119,0.009839449,-0.001966848,0.0031034292,-0.037507396,-0.00811395,0.030428918,-0.021175912,-0.024739407,0.008220817
0.5375075,1.048938,2.3244445,-0.35683936,0.09407754,0.3082818,-1.1947886,1.8920884,0.6943506,-0.5559071,0.34922665,-0.6562806,1.8410199,0.4422586,0.15106712,-0.5393836,-0.18826371,-0.10037322,0.015112245,0.025780715,0.054176856,-0.05064346,0.05109604,0.021073764,0.018971547,0.085141264,-0.022779588,-0.030407654,0.0062523955,0.048070334,-0.16343933,0.031322256
0.53782403,1.049445,2.3248408,-0.35650957,0.091589086,0.30369163,-1.1938428,1.8920617,0.69386667,-0.5562977,0.3498603,-0.65594524,1.8417102,0.44120064,0.15190434,-0.5422896,-0.18894306,-0.10039344,0.014836853,0.030785615,0.053398006,-0.05045641,0.05069891,0.032120213,-0.004548912,0.086371996,-0.021820022,-0.03005157,0.006210495,0.04907823,-0.15264824,0.025551787
0.5398034,1.0499725,2.3255806,-0.35644218,0.087643534,0.2965671,-1.1922933,1.8919935,0.6931617,-0.55664927,0.3508291,-0.65542376,1.8427563,0.43976703,0.153269,-0.54661524,-0.18986768,-0.100487754,0.014469944,0.03834038,0.05222315,-0.05016437,0.050116878,0.04889386,-0.039616585,0.08819833,-0.02039572,-0.029528007,0.006160034,0.050584488,-0.13649276,0.016957743
0.31229874,-0.015952587,-0.24021202,0.2663018,-0.27568737,-0.36965775,-1.1311673,-0.7948452,-0.6274993,1.0387965,0.6507762,-0.734222,-0.24535452,2.2791283,0.45095557,-0.52404356,-0.8086698,2.1584334,-0.20510803,-0.026186796,0.0056918636,0.02022563,0.035943188,-0.04468694,0.053375054,-0.009566204,-0.0006454172,0.010941726,-0.03744843,-0.0019452249,0.041158937,0.03434029
0.31276372,-0.015746783,-0.23998447,0.26637954,-0.27697444,-0.37200084,-1.130668,-0.7948644,-0.62773746,1.0386492,0.6510976,-0.73405075,-0.24500698,2.2786295,0.4513972,-0.5254927,-0.8089913,2.1584103,-0.20523658,-0.023674766,0.00530112,0.020321483,0.035747416,-0.039122757,0.04165797,-0.008954845,-0.00016866096,0.011117579,-0.037466902,-0.0014424645,0.04654724,0.031467874
0.31427804,-0.015424815,-0.23947237,0.26636916,-0.27963275,-0.3767823,-1.1296176,-0.7949134,-0.6282039,1.0384451,0.6517453,-0.73370063,-0.24430794,2.277694,0.45232028,-0.5283687,-0.8095938,2.1583385,-0.2054747,-0.018631918,0.0045170467,0.020517675,0.035361104,-0.027913496,0.018307108,-0.007739885,0.000778906,0.011465312,-0.037498884,-0.00043891824,0.057314195,0.025746346
0.44083315,2.2496333,1.2010598,-0.46168688,-1.4513277,1.5299883,0.64867055,-0.08684256,0.39905903,0.8119456,-0.12929887,0.7539324,-0.59996575,-0.049356926,0.27659044,-0.8668234,-0.18322723,0.028204761,-0.01991347,-0.103301235,0.012810079,0.008272484,0.016357357,0.025634907,0.025553266,0.009407732,0.015518401,-0.0053697256,-0.009886126,0.015914164,-0.049386237,0.041867264
0.44108358,2.2498722,1.2012666,-0.46154788,-1.4525858,1.5276787,0.6491517,-0.08685817,0.3988183,0.81176525,-0.12898082,0.75410134,-0.5996203,-0.049876526,0.2770169,-0.86827505,-0.18356162,0.02819127,-0.02004821,-0.1007953,0.012420333,0.008366838,0.016159547,0.031171806,0.013805819,0.01002183,0.015997289,-0.0051923855,-0.009906348,0.016417667,-0.043993212,0.03898583
0.44222936,2.250251,1.2017429,-0.46145377,-1.4551905,1.5229572,0.6501695,-0.08690024,0.39834607,0.8115041,-0.12833647,0.7544469,-0.5989232,-0.050850764,0.27791387,-0.8711649,-0.18418932,0.028135408,-0.020298354,-0.09576566,0.011638016,0.008559968,0.01576986,0.042326685,-0.009599072,0.011241846,0.016948616,-0.004842015,-0.009941537,0.017422512,-0.03321975,0.033249468
0.6361652,-0.52699894,-0.4306135,0.48111442,-0.4181744,0.31404516,-1.4732941,-1.7634231,1.0078175,-1.0438919,-0.1374333,0.8490286,0.7997053,-0.40582353,1.3292956,-0.94380814,2.6243834,0.8670682,0.08535217,0.0035136766,-0.039742015,0.026914293,0.07413171,-0.0428173,-0.0076956595,-0.058765303,0.010757783,-0.076889746,0.03177816,-0.031194631,-0.1490895,-0.018058646
0.6364819,-0.5264921,-0.43021768,0.48144427,-0.42066306,0.3094552,-1.4723489,-1.7634503,1.0073332,-1.0442824,-0.13679978,0.84936404,0.8003954,-0.40688172,1.3301325,-0.94671416,2.6237042,0.86704844,0.08507673,0.008518495,-0.040520817,0.027101293,0.07373459,-0.03177079,-0.031216873,-0.057534594,0.011717326,-0.076533645,0.0317362,-0.030186819,-0.13830008,-0.023828708
0.6369468,-0.5262864,-0.4299901,0.481522,-0.42195037,0.3071119,-1.4718488,-1.7634691,1.007096,-1.0444294,-0.13647819,0.8495353,0.80074346,-0.4073799,1.3305739,-0.948164,2.6233838,0.86702555,0.084948115,0.0110304775,-0.040911533,0.027197165,0.07353876,-0.026206935,-0.042933285,-0.056923185,0.012194084,-0.07635777,0.031717755,-0.029683972,-0.13290988,-0.026701735
1.2144587,-0.92263156,-0.58388805,2.5316367,-0.29020056,0.6746633,0.5838781,1.2104114,-1.2892687,0.09589996,-0.15272331,0.07945767,0.094011016,-0.21530141,-0.41952035,-0.766776,0.13041124,0.16352573,0.0836896,-0.03351536,-0.09997158,-0.00045289693,-0.022352483,0.0012947402,0.065706484,0.051562823,-0.010335445,0.05114906,0.005323274,-0.018866483,-0.049539946,0.003676422
1.2145244,-0.9223639,-0.58369875,2.531828,-0.291432,0.67238295,0.5843427,1.2103999,-1.2895122,0.09569022,-0.15240791,0.079624176,0.09435522,-0.21583956,-0.41910854,-0.7682305,0.13006583,0.16351973,0.0835491,-0.031016491,-0.10036055,-0.00036014128,-0.022551872,0.0068040253,0.053932726,0.05217945,-0.009854735,0.051327743,0.0053015198,-0.018362239,-0.044143267,0.0007877709
1.2159207,-0.9217464,-0.5830155,2.5320609,-0.29529476,0.6653519,0.5858421,1.2103424,-1.2902247,0.09524807,-0.15144528,0.08013831,0.09539775,-0.21733326,-0.41778535,-0.7725719,0.1291039,0.1634504,0.08316388,-0.023480983,-0.10153261,-7.2637886e-05,-0.023139384,0.023495812,0.018780684,0.054013625,-0.008424511,0.051855437,0.005246137,-0.016853824,-0.027976139,-0.007830173
1.2167544,-0.92159724,-0.58275235,2.5320342,-0.29663485,0.6629488,0.5863738,1.2103164,-1.2904569,0.095158,-0.15112056,0.08031424,0.09574767,-0.21779275,-0.41731822,-0.77400786,0.1288073,0.16341099,0.083047174,-0.020955687,-0.10192521,2.6251082e-05,-0.023331571,0.029114598,0.007117896,0.054619923,-0.007951571,0.052028712,0.005230848,-0.01635227,-0.022593888,-0.01068787
0.71425617,0.40822658,-1.0464723,-0.33612224,0.607652,-0.78306156,-1.7205884,0.6992496,0.5827316,1.991476,-0.17502141,-0.23660041,-0.43760115,-2.6572325,-0.020347811,0.2715219,-0.44414058,1.1879116,-0.100931875,-0.0069321366,0.034026857,0.03920182,0.02148368,-0.010130127,-0.029220209,0.009461388,-0.09459612,0.0031962262,-0.026973104,-0.017495729,-0.08199767,0.030168464
0.71493655,0.4083994,-1.0462238,-0.33610564,0.606334,-0.7854399,-1.7200699,0.6992266,0.5824978,1.9913623,-0.17469876,-0.236426,-0.43725234,-2.657708,-0.01989174,0.27008185,-0.4444472,1.1878797,-0.10105352,-0.0044145845,0.0336354,0.039299224,0.02128954,-0.004539603,-0.04090812,0.010070056,-0.09412149,0.0033705786,-0.026989752,-0.016993714,-0.07661273,0.027304683
0.7157709,0.40854827,-1.0459601,-0.3361325,0.6049937,-0.78784305,-1.7195383,0.6992007,0.582265,1.9912719,-0.17437382,-0.23625061,-0.4369024,-2.6581671,-0.019424884,0.26864573,-0.44474396,1.1878399,-0.1011702,-0.0018892295,0.03324279,0.03939804,0.021097375,0.0010793019,-0.0525712,0.010676367,-0.09364855,0.0035438733,-0.02700513,-0.016492212,-0.07123117,0.024447124
0.8123396,2.0595906,-1.2966695,-1.0293021,0.045582917,0.68960434,1.4467721,-1.3526683,-1.0564826,-0.6784152,0.23342425,-1.4318621,0.90085846,-0.57440823,-0.042178933,-0.22655807,-0.17416483,0.15081422,-0.047754254,-0.013322167,0.038139522,0.062390212,-0.03477028,-0.04005012,0.053807218,0.012521285,0.08192784,-0.009440129,-0.04121854,-0.0017913235,-0.014956233,-0.009585515
0.8124057,2.059858,-1.2964803,-1.0291108,0.044351317,0.6873241,1.4472371,-1.3526802,-1.0567261,-0.6786251,0.23373964,-1.4316957,0.9012027,-0.57494575,-0.041767303,-0.22801255,-0.17451002,0.15080798,-0.04789474,-0.010823301,0.037750617,0.062482968,-0.034969777,-0.034540873,0.042033445,0.013137926,0.08240857,-0.009261421,-0.0412403,-0.0012871289,-0.009559495,-0.012474241
0.81265616,2.0600972,-1.2962734,-1.0289723,0.043093864,0.6850145,1.4477179,-1.3526955,-1.0569667,-0.678806,0.23405768,-1.4315268,0.9015485,-0.5754657,-0.041341618,-0.22946426,-0.17484413,0.15079403,-0.04802964,-0.008317369,0.03736067,0.062577255,-0.035167396,-0.029003583,0.030286347,0.013752056,0.082887456,-0.009084078,-0.04126051,-0.000783512,-0.0041661016,-0.015355787
0.8131211,2.0603027,-1.2960457,-1.0288945,0.041806534,0.6826711,1.4482172,-1.3527144,-1.0572045,-0.6789531,0.23437911,-1.4313555,0.9018962,-0.5759644,-0.040899787,-0.23091374,-0.1751658,0.15077108,-0.048158105,-0.0058052996,0.036969975,0.0626731,-0.035363235,-0.023439506,0.018569224,0.014363369,0.08336416,-0.008908138,-0.04127898,-0.00028072903,0.0012226254,-0.018228387
0.81380165,2.0604753,-1.2957969,-1.0288775,0.04048842,0.680293,1.4487355,-1.3527375,-1.0574391,-0.67906725,0.2347021,-1.4311817,0.902245,-0.57643974,-0.04044375,-0.23235393,-0.17547221,0.15073831,-0.048279602,-0.0032877466,0.03657842,0.0627704,-0.035557173,-0.017848758,0.0068811127,0.014972075,0.0838388,-0.008733719,-0.04129572,0.00022128566,0.0066067665,-0.021091873
0.8123394,2.0595903,-1.2966692,-1.029302,0.045583006,0.6896044,1.446772,-1.3526689,-1.0564827,-0.67841524,0.23342422,-1.4318622,0.90085834,-0.57440835,-0.04217889,-0.22655798,-0.17416494,0.15081419,-0.0477542,-0.013322146,0.038139448,0.062390212,-0.034770202,-0.040049896,0.053807154,0.012521293,0.08192783,-0.009440122,-0.041218564,-0.0017913242,-0.014956484,-0.009585423
0.8124052,2.0598578,-1.2964807,-1.0291108,0.044351522,0.68732417,1.447237,-1.3526806,-1.0567261,-0.6786249,0.23373944,-1.4316956,0.9012026,-0.574946,-0.041767284,-0.22801249,-0.17451012,0.15080814,-0.047894746,-0.010823326,0.037750572,0.062482912,-0.034969784,-0.034540832,0.042033453,0.013137899,0.08240857,-0.00926142,-0.041240327,-0.0012871597,-0.009559581,-0.012474252
0.812656,2.060097,-1.2962736,-1.0289721,0.043094084,0.68501437,1.4477178,-1.3526958,-1.056967,-0.67880625,0.23405764,-1.4315271,0.90154845,-0.5754657,-0.04134155,-0.22946419,-0.17484415,0.1507941,-0.048029616,-0.00831736,0.03736066,0.06257721,-0.035167325,-0.029003607,0.030286208,0.013752061,0.082887456,-0.009084052,-0.04126054,-0.0007834775,-0.0041662627,-0.015355668
0.8146352,2.0606246,-1.295534,-1.0289044,0.039148882,0.6778899,1.4492679,-1.3527639,-1.0576712,-0.67915666,0.23502652,-1.4310046,0.9025946,-0.5768994,-0.0399769,-0.23378961,-0.17576876,0.1506995,-0.048396472,-0.00076247007,0.03618581,0.06286931,-0.035749365,-0.01223003,-0.0047815708,0.01557835,0.0843117,-0.008560461,-0.041310985,0.00072283176,0.011989,-0.023949547
-0.5854108,-2.392391,-0.18779364,-2.0211842,-1.0442892,0.29002464,0.58296144,0.6023473,0.08349168,0.030348599,0.18800962,-0.6822593,-0.50876176,-0.076799825,0.2694617,-0.53424186,0.09918283,0.034348894,0.0012825916,0.0054024416,0.0005222816,0.0059980503,0.008793111,-0.037101958,0.03268717,-0.004688205,0.0060664956,0.0055005113,-0.00064106093,0.011153611,-0.04832751,0.045133047
-0.58534485,-2.3921235,-0.18760465,-2.020993,-1.0455204,0.2877441,0.58342624,0.6023358,0.08324845,0.030138899,0.18832496,-0.6820929,-0.5084176,-0.07733774,0.26987368,-0.53569615,0.09883745,0.03434277,0.0011421661,0.007901233,0.00013330279,0.0060907523,0.008593737,-0.03159256,0.0209135,-0.00407156,0.006547193,0.0056792065,-0.0006628307,0.011657829,-0.042930804,0.042244345
-0.58394825,-2.3915074,-0.18692102,-2.020762,-1.0493832,0.2807127,0.5849262,0.6022788,0.0825357,0.02969734,0.18928774,-0.6815795,-0.50737464,-0.0788313,0.27119693,-0.54003745,0.09787611,0.034273196,0.0007570645,0.015436701,-0.0010387669,0.0063782036,0.008006195,-0.01490089,-0.014238349,-0.00223745,0.007977422,0.0062069255,-0.0007182301,0.013166258,-0.026763402,0.03362635
0.6089301,-0.33342677,-0.34225568,1.0568928,-0.070097335,0.37678373,-0.07370104,0.7662958,-1.609415,0.30357704,-0.24890506,0.19998124,0.15367034,-0.1412357,3.440004,0.60013616,-0.5252025,-0.6423679,-1.0598578,-0.04779052,0.006438185,0.005217181,0.0070754937,-0.08240269,0.038495477,0.0035121564,0.0082933,0.0061446647,-0.004172091,0.005615704,-0.004949037,0.021338332
0.60924673,-0.33292004,-0.34185967,1.0572222,-0.07258615,0.3721936,-0.07275512,0.7662689,-1.609899,0.3031863,-0.2482714,0.20031637,0.15436053,-0.14229475,3.440839,0.59722966,-0.5258816,-0.6423877,-1.0601336,-0.042785615,0.005659417,0.005404239,0.006678199,-0.07135618,0.014974205,0.0047429176,0.009252867,0.006500768,-0.004214073,0.006623412,0.005840439,0.015568094
0.6097119,-0.33271423,-0.3416321,1.0573,-0.07387345,0.3698503,-0.072255746,0.7662495,-1.6101369,0.303039,-0.24795,0.2004878,0.15470806,-0.14279301,3.441282,0.59578055,-0.526203,-0.6424104,-1.0602624,-0.040273525,0.005268707,0.0055000824,0.006482476,-0.06579205,0.00325708,0.0053542475,0.009729587,0.0066766506,-0.004232558,0.0071262214,0.01122882,0.01269566
0.6103925,-0.33254135,-0.34138346,1.0573165,-0.07519145,0.36747208,-0.071737364,0.76622665,-1.6103711,0.30292493,-0.24762714,0.20066203,0.15505704,-0.14326835,3.4417374,0.5943402,-0.5265096,-0.64244324,-1.0603838,-0.03775601,0.0048771533,0.0055974163,0.0062884926,-0.060201332,-0.008430925,0.005962918,0.01020422,0.0068510952,-0.004249257,0.007628236,0.016613338,0.009832051
0.61122626,-0.33239216,-0.34112,1.0572897,-0.07653154,0.36506912,-0.07120554,0.76620054,-1.6106038,0.30283505,-0.24730237,0.20083784,0.15540694,-0.14372735,3.4422054,0.5929043,-0.5268061,-0.64248246,-1.0605001,-0.035230804,0.0044845873,0.0056962925,0.006096273,-0.05458289,-0.020093461,0.0065692356,0.010677167,0.00702433,-0.0042645433,0.00812978,0.021996211,0.006974164
0.8123394,2.0595903,-1.2966695,-1.0293019,0.04558303,0.68960434,1.4467721,-1.3526686,-1.0564827,-0.67841524,0.23342422,-1.4318622,0.90085834,-0.57440835,-0.04217889,-0.22655798,-0.17416494,0.15081419,-0.0477542,-0.013322146,0.038139448,0.062390212,-0.034770202,-0.040049896,0.053807154,0.012521293,0.08192783,-0.009440122,-0.041218564,-0.0017913242,-0.014956484,-0.009585423
0.81312096,2.0603027,-1.296046,-1.0288945,0.041807022,0.6826712,1.448217,-1.3527148,-1.0572048,-0.6789533,0.23437887,-1.4313555,0.901896,-0.5759647,-0.040899597,-0.23091353,-0.17516585,0.15077122,-0.04815801,-0.005805271,0.036970012,0.06267312,-0.035363223,-0.023439525,0.018569052,0.014363387,0.083364144,-0.008908149,-0.04127901,-0.000280768,0.0012220696,-0.018228209
0.72562766,1.1926388,-2.3813386,-0.93976384,1.5468818,-0.8252836,-0.05312313,0.9267284,0.44943717,-0.25972906,-0.019243661,0.5652921,-0.2959717,0.3817664,0.17429492,-0.7805327,-0.080129035,-0.16379698,-0.014423647,0.0027219784,0.050197054,0.0716016,-0.054252036,-0.017980458,0.056622054,4.637385e-05,-0.039891303,-0.008993638,0.03052133,-0.023690056,-0.05168471,0.022584913
0.7264093,1.1933515,-2.3807154,-0.9393565,1.5431056,-0.8322168,-0.05167841,0.92668223,0.4487151,-0.26026702,-0.018288689,0.5657984,-0.294934,0.38020983,0.17557395,-0.7848879,-0.081129804,-0.16383995,-0.014827435,0.010238873,0.049027592,0.07188457,-0.05484501,-0.0013700807,0.021384073,0.0018884616,-0.038454976,-0.00846166,0.030460918,-0.022179486,-0.035506003,0.013942098
0.7270897,1.1935247,-2.380467,-0.93933994,1.5417877,-0.8345952,-0.051159423,0.9266592,0.44848087,-0.2603809,-0.017965736,0.5659726,-0.29458493,0.37973452,0.17602962,-0.78632826,-0.08143624,-0.16387261,-0.014949093,0.0127563635,0.048635993,0.07198184,-0.05503896,0.0042207413,0.009696157,0.0024971466,-0.037980344,-0.00828717,0.030444197,-0.021677414,-0.030121189,0.011078351
0.72792375,1.193674,-2.3802032,-0.9393667,1.5404475,-0.8369981,-0.05062756,0.92663324,0.44824865,-0.26047084,-0.017641015,0.5661486,-0.29423502,0.37927476,0.17649661,-0.7877642,-0.08173276,-0.1639123,-0.015065896,0.015281688,0.048243426,0.07208077,-0.055231184,0.009839462,-0.00196676,0.00310344,-0.03750743,-0.00811394,0.030428924,-0.021175878,-0.024739264,0.008220719
-0.5854108,-2.392391,-0.18779364,-2.0211842,-1.0442892,0.29002464,0.58296144,0.6023473,0.08349168,0.030348599,0.18800962,-0.6822593,-0.50876176,-0.076799825,0.2694617,-0.53424186,0.09918283,0.034348894,0.0012825916,0.0054024416,0.0005222816,0.0059980503,0.008793111,-0.037101958,0.03268717,-0.004688205,0.0060664956,0.0055005113,-0.00064106076,0.011153613,-0.04832751,0.045133047
-0.58534485,-2.3921235,-0.1876047,-2.020993,-1.0455204,0.2877441,0.58342624,0.6023358,0.08324844,0.030138908,0.18832499,-0.68209285,-0.5084176,-0.07733773,0.26987365,-0.53569615,0.09883745,0.034342766,0.0011421662,0.007901232,0.0001333032,0.0060907537,0.008593739,-0.03159256,0.020913493,-0.004071561,0.006547194,0.005679206,-0.00066283066,0.0116578275,-0.042930804,0.042244352
-0.585094,-2.391886,-0.18739715,-2.0208561,-1.0467778,0.28543416,0.5839082,0.6023209,0.08300816,0.029958796,0.18864335,-0.6819245,-0.50807166,-0.07785736,0.27029973,-0.53714776,0.09850395,0.034328867,0.0010071425,0.01040716,-0.0002565299,0.0061850348,0.0083959345,-0.026055483,0.009166632,-0.0034574803,0.007026043,0.005856557,-0.00068303815,0.0121614,-0.03753692,0.039362688
-0.5839482,-2.3915071,-0.1869209,-2.020762,-1.049383,0.2807127,0.5849262,0.60227865,0.082535684,0.029697344,0.18928777,-0.6815794,-0.50737464,-0.07883131,0.27119693,-0.5400375,0.0978761,0.034273203,0.0007570645,0.015436702,-0.0010387662,0.0063782036,0.008006196,-0.01490089,-0.014238349,-0.0022374506,0.007977424,0.0062069246,-0.00071823003,0.013166257,-0.0267634,0.03362635
-0.58311427,-2.3913584,-0.18665776,-2.0207894,-1.0507233,0.27830964,0.58545816,0.60225284,0.08230364,0.029607482,0.18961242,-0.68140334,-0.5070247,-0.07929103,0.27166376,-0.54147345,0.09757966,0.034233734,0.0006402048,0.01796203,-0.0014314762,0.006477039,0.0078141885,-0.009281864,-0.025901332,-0.0016311073,0.008450284,0.00638019,-0.0007335412,0.01366785,-0.021381876,0.030768935
0.44076693,2.2493658,1.2008705,-0.46187803,-1.4500965,1.5322688,0.64820594,-0.08683101,0.3993023,0.81215554,-0.12961413,0.75376594,-0.60031,-0.048818834,0.27617902,-0.8653688,-0.18288204,0.028210688,-0.019772843,-0.10580005,0.013198996,0.008179734,0.01655684,0.020125622,0.037326913,0.008791089,0.015037675,-0.00554841,-0.009864408,0.015409904,-0.054783218,0.044755977
0.44083315,2.2496333,1.2010598,-0.46168688,-1.4513277,1.5299883,0.64867055,-0.08684256,0.39905903,0.8119456,-0.12929887,0.7539324,-0.59996575,-0.049356926,0.27659044,-0.8668234,-0.18322723,0.028204761,-0.01991347,-0.103301235,0.012810079,0.008272484,0.016357357,0.025634907,0.025553266,0.009407732,0.015518401,-0.0053697256,-0.009886126,0.015914164,-0.049386237,0.041867264
0.44108358,2.2498722,1.2012666,-0.46154788,-1.4525858,1.5276787,0.6491517,-0.08685817,0.3988183,0.81176525,-0.12898082,0.75410134,-0.5996203,-0.049876526,0.2770169,-0.86827505,-0.18356162,0.02819127,-0.02004821,-0.1007953,0.012420333,0.008366838,0.016159547,0.031171806,0.013805819,0.01002183,0.015997289,-0.0051923855,-0.009906348,0.016417667,-0.043993212,0.03898583
0.44222882,2.2502513,1.2017429,-0.4614546,-1.4551903,1.5229572,0.65016955,-0.08689969,0.39834616,0.81150347,-0.1283362,0.75444627,-0.598923,-0.050850436,0.27791405,-0.8711648,-0.18418916,0.028135294,-0.020298451,-0.09576568,0.011638037,0.008559991,0.015769823,0.042326603,-0.009598886,0.01124186,0.016948646,-0.004842019,-0.009941534,0.017422557,-0.033219267,0.03324936
0.312048,-0.016191643,-0.24041884,0.26616326,-0.27443,-0.367348,-1.1316482,-0.7948301,-0.6272585,1.0389775,0.65045774,-0.73439026,-0.2457006,2.279647,0.4505303,-0.52259177,-0.80833584,2.1584473,-0.20497292,-0.028692724,0.0060817627,0.020131318,0.036140874,-0.050223924,0.065121815,-0.010180375,-0.0011242745,0.010764318,-0.037428252,-0.0024488836,0.03576452,0.037222162
0.31229874,-0.01595254,-0.24021198,0.2663018,-0.27568746,-0.36965778,-1.1311673,-0.7948452,-0.6274993,1.0387965,0.6507762,-0.734222,-0.24535452,2.2791283,0.45095557,-0.52404356,-0.8086698,2.1584334,-0.20510803,-0.026186796,0.0056918636,0.02022563,0.035943188,-0.04468694,0.053375054,-0.009566204,-0.0006454172,0.010941726,-0.03744843,-0.0019452249,0.041158937,0.03434029
0.31276372,-0.015746783,-0.23998447,0.26637954,-0.27697444,-0.37200084,-1.130668,-0.7948644,-0.62773746,1.0386492,0.6510976,-0.73405075,-0.24500698,2.2786295,0.4513972,-0.5254927,-0.8089913,2.1584103,-0.20523658,-0.023674766,0.00530112,0.020321483,0.035747416,-0.039122757,0.04165797,-0.008954845,-0.00016866096,0.011117579,-0.037466902,-0.0014424645,0.04654724,0.031467874
0.31344408,-0.0155740045,-0.23973586,0.26639614,-0.27829266,-0.37437928,-1.1301494,-0.79488766,-0.62797177,1.0385354,0.6514206,-0.73387647,-0.24465826,2.2781537,0.45185372,-0.52693284,-0.8092976,2.158378,-0.20535788,-0.021157164,0.004909648,0.020418804,0.035553318,-0.033531986,0.029969618,-0.00834621,0.00030595865,0.011292074,-0.03748362,-0.0009405138,0.051931325,0.028604267
0.8124052,2.0598578,-1.2964807,-1.0291108,0.044351522,0.68732417,1.447237,-1.3526806,-1.0567261,-0.6786249,0.23373944,-1.4316956,0.9012026,-0.574946,-0.041767284,-0.22801249,-0.17451012,0.15080814,-0.047894746,-0.010823326,0.037750572,0.062482912,-0.034969784,-0.034540832,0.042033453,0.013137899,0.08240857,-0.00926142,-0.041240327,-0.0012871597,-0.009559581,-0.012474252
0.81380165,2.0604753,-1.2957969,-1.0288775,0.04048842,0.680293,1.4487355,-1.3527375,-1.0574391,-0.67906725,0.2347021,-1.4311817,0.902245,-0.57643974,-0.04044375,-0.23235393,-0.17547221,0.15073831,-0.048279602,-0.0032877466,0.03657842,0.0627704,-0.035557173,-0.017848758,0.0068811127,0.014972075,0.0838388,-0.008733719,-0.04129572,0.00022128566,0.0066067665,-0.021091873
0.8146357,2.0606246,-1.2955335,-1.0289044,0.039148465,0.67788994,1.4492677,-1.3527635,-1.0576712,-0.6791568,0.2350266,-1.4310052,0.9025948,-0.5768993,-0.039976917,-0.23378976,-0.17576875,0.15069918,-0.048396446,-0.00076250226,0.03618583,0.062869295,-0.03574933,-0.01223009,-0.00478166,0.015578356,0.084311716,-0.008560458,-0.041310992,0.000722849,0.011988973,-0.023949545
-0.5853443,-2.3921247,-0.18760405,-2.020995,-1.0455203,0.2877437,0.5834274,0.6023362,0.08324889,0.030139538,0.18832529,-0.6820935,-0.5084171,-0.077337556,0.26987365,-0.53569627,0.09883823,0.03434242,0.0011420059,0.007901146,0.00013334442,0.006090719,0.008593706,-0.031592857,0.02091388,-0.0040715723,0.006547189,0.0056792125,-0.00066282327,0.011657924,-0.042929918,0.042244118
-0.585094,-2.3918858,-0.18739718,-2.0208561,-1.0467778,0.28543416,0.58390826,0.6023209,0.08300816,0.029958796,0.18864335,-0.6819245,-0.50807166,-0.07785736,0.27029973,-0.53714776,0.09850395,0.034328867,0.0010071425,0.01040716,-0.0002565299,0.0061850348,0.0083959345,-0.026055483,0.009166632,-0.0034574803,0.007026043,0.005856557,-0.00068303815,0.0121614,-0.03753692,0.039362688
-0.58462894,-2.3916802,-0.18716961,-2.0207787,-1.0480651,0.28309083,0.5844076,0.60230184,0.08277011,0.029811209,0.18896477,-0.6817534,-0.5077237,-0.078355886,0.27074113,-0.53859746,0.09818264,0.03430595,0.0008786533,0.012919149,-0.0006471414,0.006280941,0.008200101,-0.020491725,-0.0025504073,-0.00284612,0.0075028106,0.0060324804,-0.0007015033,0.012664217,-0.03214796,0.036489982
-0.58394825,-2.3915074,-0.18692102,-2.020762,-1.0493832,0.2807127,0.5849262,0.6022788,0.082535684,0.029697344,0.18928777,-0.6815794,-0.50737464,-0.07883131,0.27119693,-0.5400375,0.0978761,0.034273203,0.0007570645,0.015436702,-0.0010387662,0.0063782036,0.008006196,-0.01490089,-0.014238349,-0.0022374506,0.007977424,0.0062069246,-0.00071823003,0.013166257,-0.0267634,0.03362635
0.22713263,-0.92510366,-0.5649183,-0.71113163,-0.99681085,0.011477012,-2.6209993,-1.356018,-0.96156484,0.65743995,-0.40838656,0.3339567,0.3890208,0.04957055,-0.6182503,-0.63279456,-0.69972676,-0.9208791,-0.10493836,-0.013257258,0.001142163,0.038103748,0.10693583,-0.10297783,0.1708325,-0.06177423,-0.004349479,0.04832091,0.004128173,0.004490974,0.31961653,-0.09273673
0.22827788,-0.9247251,-0.56444246,-0.71103734,-0.9994164,0.006755546,-2.6199818,-1.3560605,-0.9620377,0.65717834,-0.40774202,0.33430156,0.3897172,0.048596833,-0.6173522,-0.6356841,-0.70035493,-0.9209343,-0.10518833,-0.008227612,0.00035992538,0.038296923,0.10654608,-0.091822915,0.14742711,-0.060554106,-0.0033981088,0.04867122,0.0040929904,0.0054957364,0.33038914,-0.09847278
0.22911191,-0.924576,-0.5641788,-0.7110643,-1.0007563,0.004352681,-2.6194499,-1.3560865,-0.9622695,0.6570884,-0.4074174,0.3344777,0.39006728,0.048137326,-0.61688536,-0.6371202,-0.7006516,-0.92097425,-0.10530533,-0.0057023903,-3.2689906e-05,0.03839581,0.10635388,-0.08620434,0.13576472,-0.059947826,-0.0029251997,0.048844468,0.004077745,0.0059972997,0.335772,-0.1013307
0.51700956,1.4755694,2.6385825,-0.4104024,0.5161891,0.45296308,0.39368883,-0.37822935,-0.22851674,-0.085740976,-0.14107192,0.39653215,-1.0507811,-0.27443716,0.024435356,-0.82726413,-0.0856717,-0.057468742,-0.14054267,-0.09346153,0.051605903,-0.07335454,0.0045939405,-0.09825882,0.22408655,0.004444583,0.03168341,0.0018215533,0.010150355,-0.0076610176,0.41682953,-0.10216533
0.5172604,1.4758079,2.6387892,-0.41026378,0.5149315,0.45065328,0.39416984,-0.37824464,-0.22875756,-0.08592203,-0.14075369,0.3967007,-1.0504353,-0.2749569,0.024861148,-0.8287159,-0.086005755,-0.057483017,-0.14067757,-0.09095558,0.05121594,-0.073260255,0.0043964214,-0.0927217,0.21233937,0.0050586867,0.03216228,0.0019989412,0.010130172,-0.007157241,0.42222294,-0.10504681
0.5177253,1.476014,2.639017,-0.41018605,0.51364434,0.4483102,0.39466918,-0.37826383,-0.22899537,-0.086069055,-0.14043236,0.3968724,-1.0500873,-0.27545577,0.025302308,-0.8301657,-0.08632716,-0.057505846,-0.1408061,-0.08844355,0.050825134,-0.07316432,0.004200657,-0.08715761,0.20062275,0.0056700786,0.032639,0.0021748235,0.010111765,-0.0066544143,0.42761245,-0.107919656
0.51840615,1.4761865,2.639265,-0.41016933,0.5123255,0.445932,0.3951877,-0.3782868,-0.22922961,-0.086182415,-0.14010946,0.39704674,-1.0497389,-0.27593076,0.025758902,-0.83160573,-0.08663378,-0.05753833,-0.1409275,-0.08592597,0.0504338,-0.07306698,0.0040064473,-0.08156714,0.18893434,0.0062786937,0.033113655,0.0023492635,0.010094974,-0.0061526173,0.43299627,-0.11078313
0.5192401,1.4763358,2.6395285,-0.41019624,0.5109854,0.4435291,0.39571956,-0.37831283,-0.22946197,-0.086272754,-0.13978471,0.39722228,-1.0493889,-0.27639034,0.026226081,-0.83304155,-0.08693036,-0.05757777,-0.14104427,-0.083400674,0.050041094,-0.072968125,0.0038144202,-0.07594847,0.17727157,0.006885004,0.033586558,0.0025225324,0.010079723,-0.005650961,0.4383788,-0.11364079
1.2103965,-0.8767144,-0.5194698,2.1365604,-0.38100713,0.39248708,0.04817464,-0.8086878,2.1857245,-1.0757464,0.37322435,-0.5965546,-0.3283605,-0.267292,0.18487686,-0.4634053,-0.8716454,-0.07899339,-0.13740228,-0.042427815,-0.085878536,0.00037950563,0.0002980204,-0.014703095,0.050121278,0.00018143166,-0.0061922376,-0.09940901,0.0007655279,-0.015704136,-0.053395115,0.025724422
1.2104627,-0.8764468,-0.5192806,2.136751,-0.38223857,0.39020675,0.048639644,-0.8086997,2.1854813,-1.075956,0.37353972,-0.59638804,-0.3280163,-0.26783007,0.18528883,-0.46485958,-0.8719908,-0.0789993,-0.13754284,-0.039928973,-0.08626748,0.00047224908,9.8588185e-05,-0.009193766,0.038347483,0.00079807284,-0.005711528,-0.09923032,0.0007437675,-0.015199944,-0.047998678,0.022835825
1.2107131,-0.8762079,-0.51907384,2.1368897,-0.38349593,0.38789707,0.049120385,-0.80871487,2.1852398,-1.0761368,0.3738579,-0.59621966,-0.32767066,-0.26834995,0.1857143,-0.466311,-0.8723244,-0.07901311,-0.13767762,-0.037422944,-0.08665734,0.00056655274,-9.916345e-05,-0.0036566344,0.026600255,0.0014121718,-0.0052326703,-0.099052906,0.00072356866,-0.014696377,-0.042605396,0.019954296
1.2111783,-0.8760019,-0.51884645,2.1369672,-0.38478324,0.38555384,0.049620017,-0.80873406,2.1850026,-1.0762844,0.37417942,-0.596048,-0.32732278,-0.26884827,0.18615623,-0.46776083,-0.87264633,-0.07903598,-0.13780615,-0.03491094,-0.08704813,0.0006623741,-0.00029489162,0.0019073947,0.014883372,0.0020235637,-0.0047559533,-0.09887702,0.00070509437,-0.014193538,-0.03721628,0.01708163
1.2118586,-0.8758294,-0.51859677,2.136984,-0.38610238,0.38317624,0.050138302,-0.8087567,2.1847684,-1.0763973,0.3745022,-0.5958734,-0.32697394,-0.26932374,0.18661216,-0.4692009,-0.8729525,-0.07906832,-0.13792759,-0.032393422,-0.08743963,0.0007597269,-0.00048888836,0.0074981786,0.0031951754,0.002632211,-0.0042813118,-0.0987026,0.000688372,-0.013691518,-0.031832144,0.014218078
1.2126924,-0.8756803,-0.5183334,2.1369576,-0.3874426,0.38077328,0.050669808,-0.80878264,2.184536,-1.0764871,0.3748267,-0.5956971,-0.3266242,-0.26978356,0.18707937,-0.47063673,-0.87324953,-0.079107545,-0.13804421,-0.02986812,-0.08783222,0.00085860665,-0.0006811013,0.013117042,-0.008467773,0.003238507,-0.003808425,-0.0985293,0.0006730925,-0.013190016,-0.026450379,0.011360538
0.5375075,1.0489382,2.3244445,-0.35683936,0.094077565,0.30828166,-1.1947887,1.8920885,0.6943506,-0.5559071,0.34922665,-0.6562806,1.8410199,0.4422586,0.15106712,-0.5393836,-0.18826371,-0.10037322,0.015112245,0.025780715,0.054176856,-0.05064346,0.05109604,0.021073764,0.018971547,0.085141264,-0.022779588,-0.030407654,0.0062523955,0.048070334,-0.16343933,0.031322256
0.53757334,1.0492057,2.3246338,-0.35664818,0.092846595,0.30600134,-1.1943243,1.8920771,0.6941073,-0.5561172,0.3495419,-0.6561143,1.8413643,0.4417203,0.15147826,-0.5408378,-0.1886089,-0.10037925,0.01497167,0.028279528,0.053787958,-0.0505507,0.050896447,0.026583204,0.0071980325,0.08575786,-0.02229889,-0.030228963,0.0062306584,0.04857448,-0.15804237,0.028433371
0.53782403,1.049445,2.3248408,-0.35650957,0.091589086,0.30369163,-1.1938428,1.8920617,0.69386667,-0.5562977,0.3498603,-0.65594524,1.8417102,0.44120064,0.15190434,-0.5422896,-0.18894306,-0.10039344,0.014836853,0.030785615,0.053398006,-0.05045641,0.05069891,0.032120213,-0.004548912,0.086371996,-0.021820022,-0.03005157,0.006210495,0.04907823,-0.15264824,0.025551787
0.5389694,1.0498235,2.325317,-0.35641533,0.08898352,0.29897016,-1.1928253,1.8920195,0.6933941,-0.556559,0.35050422,-0.6555996,1.8424066,0.4402267,0.15280178,-0.54517937,-0.189571,-0.10044877,0.014586782,0.03581508,0.052615505,-0.050263338,0.050309367,0.043275908,-0.027954072,0.08759203,-0.020868775,-0.029701233,0.006175275,0.050083052,-0.14187591,0.019815767
0.5398038,1.0499724,2.32558,-0.35644194,0.08764309,0.2965672,-1.1922932,1.8919929,0.6931617,-0.55664855,0.35082892,-0.65542305,1.8427563,0.43976703,0.15326898,-0.54661524,-0.18986788,-0.10048747,0.014469987,0.0383404,0.052223247,-0.050164275,0.05011672,0.04889375,-0.039616965,0.08819828,-0.020395707,-0.02952803,0.006160015,0.05058439,-0.13649333,0.0169579
1.2144587,-0.9226309,-0.58388895,2.5316367,-0.29019922,0.6746627,0.5838786,1.2104117,-1.2892692,0.09589822,-0.15272292,0.07945679,0.09401128,-0.21530153,-0.41952133,-0.76677626,0.13041118,0.16352515,0.0836895,-0.03351535,-0.099971585,-0.00045288142,-0.02235244,0.0012946744,0.065706864,0.05156287,-0.010335374,0.05114904,0.005323291,-0.018866425,-0.04953895,0.0036760594
1.2145249,-0.92236364,-0.5836996,2.5318282,-0.29143122,0.67238224,0.58434373,1.2104003,-1.2895122,0.09568871,-0.15240748,0.07962332,0.09435565,-0.21583945,-0.4191094,-0.76823103,0.13006592,0.1635192,0.08354892,-0.031016525,-0.100360505,-0.00036012544,-0.022551913,0.00680385,0.053933185,0.05217947,-0.009854655,0.051327746,0.0053015505,-0.018362142,-0.044141836,0.0007872632
1.215921,-0.921746,-0.5830167,2.5320613,-0.2952939,0.6653513,0.58584267,1.2103425,-1.2902253,0.09524712,-0.15144515,0.08013771,0.09539793,-0.21733332,-0.41778606,-0.77257216,0.1291038,0.16344994,0.08316389,-0.02348097,-0.10153263,-7.263128e-05,-0.023139417,0.023495762,0.018780937,0.05401363,-0.0084244525,0.051855452,0.0052461564,-0.016853811,-0.027975393,-0.007830436
0.8123396,2.0595906,-1.2966695,-1.0293021,0.045582917,0.68960434,1.4467721,-1.3526683,-1.0564826,-0.6784152,0.23342425,-1.4318621,0.90085846,-0.57440823,-0.042178933,-0.22655807,-0.17416483,0.15081422,-0.047754254,-0.013322167,0.038139522,0.062390212,-0.03477028,-0.04005012,0.053807218,0.012521285,0.08192784,-0.009440129,-0.04121854,-0.0017913235,-0.014956233,-0.009585515
0.8124057,2.059858,-1.2964803,-1.0291108,0.044351317,0.6873241,1.4472371,-1.3526802,-1.0567261,-0.6786251,0.23373964,-1.4316957,0.9012027,-0.57494575,-0.041767303,-0.22801255,-0.17451002,0.15080798,-0.04789474,-0.010823301,0.037750617,0.062482968,-0.034969777,-0.034540873,0.042033445,0.013137926,0.08240857,-0.009261421,-0.0412403,-0.0012871289,-0.009559495,-0.012474241
0.81380117,2.0604753,-1.2957972,-1.0288775,0.04048873,0.68029284,1.4487356,-1.3527378,-1.0574394,-0.6790672,0.234702,-1.4311819,0.902245,-0.57643974,-0.04044381,-0.23235387,-0.17547214,0.15073854,-0.048279602,-0.003287739,0.03657845,0.06277041,-0.03555729,-0.017848758,0.0068811285,0.014972044,0.08383881,-0.008733739,-0.041295715,0.00022121379,0.0066068666,-0.021091962
0.8146353,2.0606246,-1.295534,-1.0289047,0.039148886,0.67788994,1.4492679,-1.3527638,-1.0576712,-0.67915666,0.23502652,-1.4310046,0.9025946,-0.5768994,-0.0399769,-0.23378961,-0.17576876,0.1506995,-0.048396472,-0.00076247007,0.03618581,0.06286931,-0.035749365,-0.01223003,-0.0047815708,0.01557835,0.0843117,-0.008560461,-0.041310985,0.00072283176,0.011989,-0.023949547
0.4407668,2.2493663,1.2008703,-0.46187896,-1.4500967,1.5322689,0.64820594,-0.08683027,0.3993025,0.81215507,-0.12961392,0.75376534,-0.6003095,-0.048818443,0.276179,-0.865369,-0.18288173,0.028210543,-0.019772988,-0.10580013,0.013199009,0.008179723,0.016556922,0.020125574,0.037327137,0.008791107,0.015037658,-0.005548395,-0.009864391,0.015410017,-0.05478279,0.04475592
0.44083267,2.249634,1.2010593,-0.46168745,-1.4513276,1.5299884,0.6486706,-0.08684217,0.39905903,0.81194514,-0.12929872,0.75393176,-0.5999657,-0.04935661,0.27659068,-0.8668234,-0.18322726,0.028204575,-0.01991352,-0.103301294,0.012810122,0.008272499,0.01635725,0.02563476,0.025553465,0.009407714,0.015518426,-0.0053697405,-0.009886159,0.01591409,-0.0493859,0.041867107
0.4410835,2.2498727,1.2012666,-0.46154886,-1.4525858,1.527679,0.64915216,-0.086857416,0.39881867,0.811765,-0.12898058,0.754101,-0.59961957,-0.049876407,0.27701637,-0.8682753,-0.18356122,0.02819061,-0.02004841,-0.100795306,0.012420351,0.008366833,0.016159654,0.03117154,0.013806076,0.010021835,0.015997304,-0.0051923255,-0.0099063385,0.016417813,-0.043992486,0.038985662
0.4422288,2.2502515,1.2017426,-0.4614546,-1.4551904,1.5229573,0.65016955,-0.086899646,0.39834616,0.81150347,-0.1283362,0.75444627,-0.598923,-0.050850436,0.27791405,-0.8711648,-0.18418916,0.028135294,-0.020298451,-0.09576568,0.011638037,0.008559991,0.015769823,0.042326603,-0.009598886,0.01124186,0.016948646,-0.004842019,-0.009941534,0.017422557,-0.033219267,0.03324936
0.4430632,2.2504,1.2020067,-0.4614811,-1.4565309,1.5205541,0.6507014,-0.08692587,0.3981139,0.8114137,-0.1280116,0.75462264,-0.59857345,-0.051310144,0.27838105,-0.87260056,-0.18448581,0.028095946,-0.020415138,-0.09324045,0.011245421,0.0086588515,0.015577656,0.047945242,-0.021261929,0.0118481675,0.017421544,-0.0046687257,-0.009956834,0.017924083,-0.027837561,0.03039184
0.45733312,-0.33393195,-0.56151056,0.53306776,-0.48179036,-0.106173985,-2.4980514,-1.9864533,0.40491077,0.8048745,-0.13451466,-0.38437495,0.44377956,0.004917354,0.5847496,-1.0854634,1.8343045,-0.38562584,0.0116814105,-0.016345864,-0.022798363,0.03682061,0.10366492,-0.1199539,0.14760259,-0.0658718,-0.019465206,-0.02911777,-0.0332729,-0.02320078,0.25465584,-0.118085824
0.45758367,-0.33369303,-0.5613036,0.5332063,-0.48304754,-0.10848367,-2.4975703,-1.9864676,0.40467027,0.8046934,-0.13419658,-0.38420635,0.44412538,0.004397688,0.58517534,-1.086915,1.8339704,-0.38563946,0.011546402,-0.013839924,-0.023188233,0.036914963,0.10346722,-0.11441681,0.13585559,-0.06525769,-0.01898634,-0.028940381,-0.033293102,-0.02269716,0.2600497,-0.12096743
0.4587293,-0.33331442,-0.5608272,0.5333006,-0.48565307,-0.113205075,-2.496552,-1.9865098,0.40419817,0.8044321,-0.1335519,-0.3838612,0.44482222,0.0034238545,0.58607256,-1.0898051,1.8333423,-0.38569525,0.011296302,-0.008810348,-0.02397051,0.03710814,0.10307742,-0.103261895,0.11245075,-0.06403761,-0.018034954,-0.0285901,-0.03332823,-0.02169236,0.2708234,-0.12670395
0.45956326,-0.33316517,-0.5605638,0.5332737,-0.48699299,-0.11560807,-2.4960208,-1.9865363,0.4039656,0.80434203,-0.1332272,-0.38368547,0.445172,0.0029640738,0.58653986,-1.0912403,1.833046,-0.3857344,0.011179556,-0.0062850267,-0.024363162,0.037206963,0.102885336,-0.09764307,0.10078761,-0.063431315,-0.01756207,-0.028416784,-0.03334354,-0.021190802,0.2762046,-0.12956126
0.46064135,-0.33305407,-0.5602769,0.53317726,-0.48836696,-0.11804935,-2.4954677,-1.9865665,0.4037368,0.80429053,-0.13289884,-0.383506,0.44552425,0.002528266,0.5870249,-1.0926741,1.8327636,-0.38578418,0.011070158,-0.0037539694,-0.024756487,0.03730744,0.10269489,-0.09199688,0.08915529,-0.06282789,-0.017091306,-0.02824516,-0.033356916,-0.020690124,0.28158224,-0.13240944
-0.3778684,-1.640278,0.9417766,-0.51317704,1.4616427,-0.5584155,1.8209634,-1.0022879,0.4826451,1.6998714,-0.17786546,0.73639274,1.2175328,0.07803202,0.29125634,-0.41516986,-0.21843553,0.03959001,0.04093318,0.013842053,-0.0029176027,-0.05517955,-0.058794454,0.05810805,0.016409693,-0.090158135,-0.025814522,0.008589159,-0.022362288,0.041593775,-0.21287875,0.04957766
-0.3770869,-1.6395655,0.94240016,-0.5127695,1.4578667,-0.5653484,1.8224084,-1.0023341,0.48192334,1.6993334,-0.17691043,0.73689973,1.2185699,0.076475926,0.29253608,-0.41952533,-0.21943666,0.03954772,0.040529363,0.02135904,-0.0040871548,-0.05489667,-0.059387397,0.07471861,-0.018828431,-0.08831604,-0.024378227,0.009121115,-0.022422673,0.043104377,-0.19670044,0.040935073
-0.37640652,-1.6393927,0.94264877,-0.51275283,1.4565482,-0.56772673,1.8229269,-1.0023571,0.48168913,1.6992204,-0.17658769,0.737074,1.2189192,0.07599997,0.29299146,-0.4209655,-0.21974288,0.03951496,0.040407743,0.023876514,-0.0044786935,-0.054799363,-0.05958151,0.080309466,-0.030516528,-0.0877074,-0.023903575,0.0092955595,-0.022439376,0.04360635,-0.19131598,0.038071293
-0.37557253,-1.6392435,0.94291216,-0.51277995,1.4552088,-0.5701299,1.8234583,-1.0023829,0.4814564,1.6991291,-0.17626268,0.73724955,1.2192686,0.07554067,0.29345906,-0.42240134,-0.22003964,0.03947587,0.040291045,0.026401792,-0.0048712264,-0.054700427,-0.059773743,0.08592813,-0.042179387,-0.08710109,-0.02343064,0.009468776,-0.022454673,0.04410778,-0.18593407,0.035213728
-0.5854108,-2.392391,-0.18779364,-2.0211842,-1.0442892,0.29002464,0.58296144,0.6023473,0.08349168,0.030348599,0.18800962,-0.6822593,-0.50876176,-0.076799825,0.2694617,-0.53424186,0.09918283,0.034348894,0.0012825916,0.0054024416,0.0005222816,0.0059980503,0.008793111,-0.037101958,0.03268717,-0.004688205,0.0060664956,0.0055005113,-0.00064106093,0.011153611,-0.04832751,0.045133047
-0.58534485,-2.3921235,-0.1876047,-2.020993,-1.0455204,0.2877441,0.58342624,0.6023358,0.08324844,0.030138908,0.18832499,-0.68209285,-0.5084176,-0.07733773,0.26987365,-0.53569615,0.09883745,0.034342766,0.0011421662,0.007901232,0.0001333032,0.0060907537,0.008593739,-0.03159256,0.020913493,-0.004071561,0.006547194,0.005679206,-0.00066283095,0.0116578275,-0.042930804,0.04224435
-0.585094,-2.391886,-0.18739715,-2.0208561,-1.0467778,0.28543416,0.5839082,0.6023209,0.08300816,0.029958796,0.18864335,-0.6819245,-0.50807166,-0.07785736,0.27029973,-0.53714776,0.09850395,0.034328867,0.0010071425,0.01040716,-0.0002565299,0.0061850348,0.0083959345,-0.026055483,0.009166632,-0.0034574803,0.007026043,0.005856557,-0.00068303815,0.0121614,-0.03753692,0.039362688
0.5682754,-0.21136023,2.4666438,-0.10763449,2.1877012,-0.84152716,-0.2632442,-0.51155984,-0.808386,-0.86898667,-0.076170854,-0.23913342,-0.8901431,-0.31796196,0.07094669,-0.5567019,-0.09568911,0.05476575,-0.03722103,0.017947802,0.0523807,-0.10684432,-0.0060442025,-0.014156083,0.055074554,-0.0051012547,0.013886135,-0.00054825033,0.0071083955,-0.06778915,-0.048903685,0.02596696
0.5685919,-0.2108533,2.46704,-0.10730471,2.1852124,-0.8461173,-0.2622983,-0.51158696,-0.80887014,-0.8693772,-0.07553741,-0.23879807,-0.88945305,-0.3190199,0.07178419,-0.5596082,-0.096368514,0.054745782,-0.03749649,0.02295262,0.051601674,-0.106657386,-0.006441015,-0.003109455,0.031553466,-0.0038705084,0.014845642,-0.00019213777,0.007066407,-0.06678122,-0.03811403,0.02019705
0.56905687,-0.2106476,2.4672675,-0.1072271,2.1839247,-0.8484605,-0.2617989,-0.5116063,-0.80910784,-0.8695245,-0.075216055,-0.23862645,-0.8891054,-0.31951827,0.07222613,-0.5610577,-0.09669003,0.05472332,-0.03762493,0.025464699,0.05121106,-0.10656142,-0.0066370093,0.00245467,0.01983633,-0.0032591545,0.015322414,-1.6273287e-05,0.007047927,-0.06627856,-0.032725647,0.017324427
0.5697377,-0.21047491,2.467516,-0.10721048,2.1826062,-0.8508388,-0.26128012,-0.5116291,-0.80934215,-0.86963826,-0.07489306,-0.23845245,-0.8887564,-0.31999367,0.07268183,-0.5624979,-0.09699646,0.05469056,-0.037746526,0.027982142,0.050819576,-0.10646412,-0.006831092,0.008045236,0.008148584,-0.002650524,0.015797038,0.00015816525,0.0070312135,-0.06577646,-0.027340297,0.0144604985
0.57057154,-0.21032567,2.46778,-0.10723749,2.181266,-0.8532415,-0.26074845,-0.5116551,-0.80957454,-0.8697282,-0.0745685,-0.23827651,-0.8884064,-0.32045355,0.0731487,-0.5639336,-0.09729287,0.054651234,-0.03786335,0.030507542,0.050426975,-0.1063653,-0.0070231496,0.013663656,-0.0035145837,-0.0020441932,0.016269956,0.00033145677,0.0070159235,-0.06527491,-0.02195873,0.011603108
0.68808717,1.0643482,0.9484789,-0.49798182,0.49349207,-0.36628273,-1.9410249,1.877282,0.96429294,0.96992576,0.1269462,-0.5990877,0.99476165,-1.5802072,-0.1294928,-0.008035299,-0.33516148,0.65289444,-0.16063997,-0.02332793,0.06843058,-0.011878278,0.048900295,-0.106487595,0.1764217,0.06742689,-0.07278136,-0.013485179,-0.002509523,0.049927905,0.30516282,-0.10258429
0.6883377,1.0645875,0.948686,-0.49784327,0.49223486,-0.36859256,-1.9405444,1.8772669,0.9640521,0.9697444,0.12726457,-0.5989196,0.9951073,-1.5807263,-0.12906672,-0.0094868075,-0.3354954,0.65288097,-0.16077492,-0.02082192,0.06804073,-0.011784004,0.04870277,-0.100950666,0.164674,0.068041086,-0.07230258,-0.013307785,-0.0025298658,0.050431475,0.31055555,-0.10546546
0.6888028,1.0647931,0.94891334,-0.49776566,0.49094748,-0.3709356,-1.940045,1.8772477,0.96381444,0.96959764,0.12758559,-0.59874755,0.995455,-1.5812256,-0.12862542,-0.0109364195,-0.33581692,0.65285766,-0.16090335,-0.018309837,0.06764985,-0.01168815,0.048506938,-0.09538597,0.1529576,0.06865246,-0.0718259,-0.013131889,-0.0025482355,0.050934307,0.31594464,-0.10833821
0.6894831,1.0649661,0.94916195,-0.49774897,0.4896294,-0.37331396,-1.9395261,1.8772243,0.96357995,0.96948355,0.12790874,-0.5985739,0.9958044,-1.5817008,-0.12816964,-0.012376723,-0.3361234,0.6528246,-0.161025,-0.015792353,0.06725837,-0.0115908515,0.04831303,-0.08979567,0.14126918,0.0692611,-0.07135115,-0.012957425,-0.002565008,0.051436402,0.32132897,-0.11120188
-0.58534485,-2.3921235,-0.18760465,-2.020993,-1.0455204,0.2877441,0.58342624,0.6023358,0.08324844,0.030138908,0.18832499,-0.68209285,-0.5084176,-0.07733773,0.26987365,-0.53569615,0.09883745,0.034342766,0.0011421662,0.007901232,0.0001333032,0.0060907537,0.008593739,-0.03159256,0.020913493,-0.004071561,0.006547194,0.005679206,-0.00066283095,0.0116578275,-0.042930804,0.04224435
-0.5839488,-2.391506,-0.18692157,-2.0207603,-1.0493835,0.2807131,0.5849256,0.60227835,0.08253558,0.029697206,0.18928747,-0.68157834,-0.50737524,-0.07883146,0.27119684,-0.54003763,0.09787551,0.034273617,0.00075719925,0.015436765,-0.0010387888,0.0063782465,0.008006161,-0.014900647,-0.014238745,-0.002237455,0.007977415,0.006206913,-0.0007182352,0.013166184,-0.026764136,0.0336265
-0.5831148,-2.3913567,-0.18665811,-2.0207875,-1.0507234,0.27831015,0.58545715,0.60225254,0.08230326,0.0296069,0.18961222,-0.6814028,-0.50702536,-0.079291224,0.27166367,-0.5414734,0.097578876,0.034233857,0.000640379,0.017962128,-0.0014314137,0.0064771166,0.007814031,-0.0092818495,-0.025901783,-0.0016311102,0.00845033,0.006380173,-0.0007335277,0.013667737,-0.021382604,0.030769045
0.72562766,1.1926388,-2.3813386,-0.93976384,1.5468818,-0.8252836,-0.05312313,0.9267284,0.44943717,-0.25972906,-0.019243661,0.5652921,-0.2959717,0.3817664,0.17429492,-0.7805327,-0.080129035,-0.16379698,-0.014423647,0.0027219784,0.050197054,0.0716016,-0.054252036,-0.017980458,0.056622054,4.6373847e-05,-0.039891303,-0.008993638,0.03052133,-0.023690056,-0.05168471,0.022584917
0.725694,1.192907,-2.3811498,-0.93957275,1.5456504,-0.82756394,-0.052658573,0.9267165,0.4491939,-0.25993875,-0.018928288,0.5654586,-0.29562753,0.38122812,0.17470662,-0.78198683,-0.08047429,-0.16380315,-0.014564124,0.0052208495,0.04980818,0.07169437,-0.05445152,-0.012471232,0.044848107,0.00066297705,-0.039410558,-0.008814945,0.030499589,-0.023185845,-0.046288233,0.019696245
0.7259444,1.1931459,-2.380943,-0.93943405,1.5443927,-0.8298733,-0.05217768,0.92670137,0.44895306,-0.2601197,-0.018610103,0.5656271,-0.29528162,0.38070837,0.17513205,-0.78343844,-0.08080844,-0.16381717,-0.014699012,0.007726814,0.049418267,0.071788706,-0.054649092,-0.006934001,0.03310095,0.0012771105,-0.038931724,-0.0086375335,0.030479368,-0.022682207,-0.0408949,0.016814781
0.72709,1.1935245,-2.3804672,-0.93933964,1.5417874,-0.834595,-0.0511597,0.9266589,0.44848073,-0.2603806,-0.017965784,0.5659728,-0.2945852,0.3797345,0.17602994,-0.7863281,-0.08143636,-0.16387242,-0.014949037,0.012756381,0.048636056,0.071981855,-0.05503901,0.004220739,0.00969589,0.002497116,-0.03798033,-0.008287191,0.030444194,-0.021677466,-0.030121751,0.011078505
0.44076693,2.2493658,1.2008704,-0.46187812,-1.4500966,1.5322685,0.64820594,-0.08683097,0.3993023,0.81215554,-0.12961413,0.75376594,-0.60031,-0.048818834,0.27617902,-0.8653688,-0.18288204,0.028210688,-0.019772843,-0.10580005,0.013198996,0.008179734,0.01655684,0.020125622,0.037326913,0.008791089,0.015037675,-0.00554841,-0.009864408,0.015409904,-0.054783218,0.044755977
0.44083312,2.2496336,1.20106,-0.46168685,-1.4513278,1.5299883,0.64867055,-0.08684253,0.39905903,0.8119456,-0.12929887,0.7539324,-0.59996575,-0.049356926,0.27659044,-0.8668234,-0.18322723,0.028204761,-0.01991347,-0.103301235,0.012810079,0.008272484,0.016357357,0.025634907,0.025553266,0.009407732,0.015518401,-0.0053697256,-0.009886126,0.015914164,-0.049386237,0.041867264
0.44154862,2.2500782,1.2014941,-0.46147057,-1.453873,1.5253353,0.64965093,-0.08687699,0.39858052,0.8116182,-0.1286594,0.7542731,-0.59927213,-0.050375327,0.27745807,-0.8697247,-0.18388298,0.028168127,-0.020176765,-0.09828325,0.012029547,0.008462669,0.015963756,0.036736,0.0020892364,0.010633146,0.016474005,-0.0050164443,-0.009924817,0.016920477,-0.038603704,0.03611295
0.4422288,2.2502515,1.2017426,-0.4614546,-1.4551904,1.5229573,0.65016955,-0.086899646,0.39834616,0.81150347,-0.1283362,0.75444627,-0.598923,-0.050850436,0.27791405,-0.8711648,-0.18418916,0.028135294,-0.020298451,-0.09576568,0.011638037,0.008559991,0.015769823,0.042326603,-0.009598886,0.01124186,0.016948646,-0.004842019,-0.009941534,0.017422557,-0.033219267,0.03324936
0.5375075,1.048938,2.3244445,-0.35683936,0.09407754,0.3082818,-1.1947886,1.8920884,0.6943506,-0.5559071,0.34922665,-0.6562806,1.8410199,0.4422586,0.15106712,-0.5393836,-0.18826371,-0.10037322,0.015112245,0.025780715,0.054176856,-0.05064346,0.05109604,0.021073764,0.018971547,0.085141264,-0.022779588,-0.030407654,0.0062523955,0.048070334,-0.16343933,0.031322256
0.53828907,1.0496507,2.325068,-0.356432,0.09030163,0.3013486,-1.1933436,1.8920425,0.6936288,-0.5564448,0.35018143,-0.6557737,1.842058,0.440702,0.1523456,-0.54373944,-0.18926443,-0.10041604,0.014708228,0.033297468,0.053007286,-0.05036054,0.050502833,0.03768459,-0.016265415,0.08698329,-0.021343276,-0.029875705,0.0061920695,0.049580872,-0.147259,0.022678781
0.5389694,1.0498235,2.325317,-0.3564154,0.088983476,0.29897022,-1.1928252,1.8920196,0.6933941,-0.556559,0.35050422,-0.6555996,1.8424066,0.4402267,0.15280178,-0.54517937,-0.189571,-0.10044877,0.014586782,0.03581508,0.052615505,-0.050263338,0.050309367,0.043275908,-0.027954072,0.08759203,-0.020868775,-0.029701233,0.006175275,0.050083052,-0.14187591,0.019815767
0.53980345,1.0499724,2.3255801,-0.3564422,0.08764359,0.2965671,-1.1922932,1.8919935,0.6931617,-0.55664927,0.3508291,-0.65542376,1.8427563,0.43976703,0.153269,-0.54661524,-0.18986768,-0.100487754,0.014469944,0.03834038,0.05222315,-0.05016437,0.050116878,0.04889386,-0.039616585,0.08819833,-0.02039572,-0.029528007,0.006160034,0.050584488,-0.13649276,0.016957743
1.2104623,-0.87644696,-0.5192799,2.1367514,-0.38223967,0.3902073,0.04863967,-0.80869913,2.1854823,-1.0759554,0.3735397,-0.5963876,-0.32801616,-0.26783004,0.18528873,-0.46485975,-0.8719907,-0.078999214,-0.13754289,-0.039928988,-0.0862675,0.0004722277,9.8623656e-05,-0.009193731,0.038347546,0.000798073,-0.005711537,-0.099230334,0.00074378925,-0.015199892,-0.047998454,0.022835765
1.2107131,-0.8762079,-0.51907384,2.1368897,-0.38349593,0.38789707,0.049120385,-0.80871487,2.1852398,-1.0761368,0.3738579,-0.59621966,-0.32767066,-0.26834995,0.1857143,-0.466311,-0.8723244,-0.07901311,-0.13767762,-0.037422944,-0.08665734,0.00056655274,-9.916345e-05,-0.0036566344,0.026600255,0.0014121718,-0.0052326703,-0.099052906,0.00072356866,-0.014696377,-0.042605396,0.019954296
1.2111783,-0.8760019,-0.51884645,2.1369672,-0.38478324,0.38555384,0.049620017,-0.80873406,2.1850026,-1.0762844,0.37417942,-0.596048,-0.32732278,-0.26884827,0.18615623,-0.46776083,-0.87264633,-0.07903598,-0.13780615,-0.03491094,-0.08704813,0.0006623741,-0.00029489162,0.0019073947,0.014883372,0.0020235637,-0.0047559533,-0.09887702,0.00070509437,-0.014193538,-0.03721628,0.01708163
1.2118589,-0.8758291,-0.51859766,2.1369839,-0.38610113,0.38317546,0.050138142,-0.80875725,2.1847677,-1.0763981,0.3745022,-0.5958737,-0.32697415,-0.2693238,0.18661225,-0.4692008,-0.8729528,-0.07906852,-0.13792759,-0.032393422,-0.08743962,0.0007597309,-0.0004889211,0.007498156,0.0031951612,0.0026322068,-0.0042813085,-0.09870257,0.00068837253,-0.013691579,-0.031832185,0.014218091
1.2126927,-0.87567997,-0.51833415,2.136957,-0.3874413,0.3807725,0.05067005,-0.80878294,2.184536,-1.076488,0.37482685,-0.5956977,-0.32662398,-0.26978344,0.18707895,-0.47063676,-0.87324923,-0.079107866,-0.13804458,-0.029868118,-0.08783217,0.00085864274,-0.0006811311,0.013116779,-0.008467558,0.003238494,-0.0038083706,-0.09852935,0.00067309866,-0.013190006,-0.026449682,0.011360304
0.049346186,-0.2823146,-0.9728566,-1.0352716,2.1232035,-1.0116076,1.3710669,-0.008520416,0.7200742,0.9729895,-0.13525239,0.9528962,0.6544263,0.3105807,0.10776299,-0.66574323,-0.09946388,-0.20396449,-0.0813562,-0.02212696,0.03905464,0.007931467,-0.08257658,-0.0796148,0.22216508,-0.062499944,-0.035710476,0.0056677847,0.017890409,0.041532293,0.29767847,-0.09825972
0.05012779,-0.28160205,-0.9722328,-1.0348642,2.1194267,-1.0185409,1.3725125,-0.008566639,0.71935254,0.9724519,-0.13429768,0.9534034,0.6554642,0.3090241,0.109041736,-0.67009884,-0.10046465,-0.20400709,-0.08176012,-0.014610129,0.037885163,0.008214405,-0.083169654,-0.0630044,0.18692717,-0.060657844,-0.034274124,0.0061997296,0.017830016,0.043042865,0.31385735,-0.1069027
0.050807834,-0.281429,-0.97198415,-1.0348469,2.1181087,-1.0209186,1.37303,-0.008589269,0.7191178,0.97233725,-0.13397448,0.9535768,0.65581274,0.30854875,0.10949794,-0.6715387,-0.10077139,-0.20403968,-0.081881545,-0.012092531,0.037493568,0.008311694,-0.08336349,-0.05741354,0.175239,-0.060049124,-0.033799514,0.006374192,0.017813267,0.043544896,0.31924152,-0.109766155
0.051641826,-0.28127998,-0.9717206,-1.0348738,2.116768,-1.0233214,1.3735622,-0.008614938,0.7188861,0.972248,-0.1336499,0.953753,0.6561626,0.30808923,0.10996516,-0.67297477,-0.10106786,-0.20407891,-0.0819984,-0.009567269,0.037101086,0.008410583,-0.083555765,-0.051795196,0.16357596,-0.05944287,-0.03332659,0.0065474138,0.017797977,0.04404643,0.32462344,-0.11262373
0.3102582,-1.3633801,-0.43572587,-1.2786452,-1.144745,0.48369482,-1.6478499,-0.87183374,-0.92433447,-1.2521365,-0.5251983,1.8646678,0.7217742,-0.34193894,-0.37260437,-0.30158418,-0.9588078,0.11012659,-0.07938158,0.004337876,-0.00533332,0.02859565,0.07903685,-0.026640095,0.041767463,-0.053839028,0.031457383,0.032374352,0.08469977,0.007254815,-0.06485273,0.021866767
0.31032404,-1.3631123,-0.43553683,-1.278454,-1.1459765,0.48141447,-1.6473852,-0.871845,-0.9245778,-1.252346,-0.524883,1.8648344,0.72211844,-0.3424773,-0.3721929,-0.30303845,-0.95915323,0.11012054,-0.07952199,0.006836716,-0.005722242,0.02868837,0.07883741,-0.021130925,0.02999353,-0.053222403,0.031938087,0.032553088,0.08467802,0.007759073,-0.05945626,0.01897815
0.3117202,-1.3624946,-0.43485373,-1.2782212,-1.1498394,0.4743834,-1.6458857,-0.8719025,-0.9252905,-1.2527878,-0.5239204,1.8653489,0.72316116,-0.34397104,-0.37087005,-0.30738017,-0.9601151,0.110050984,-0.079907045,0.014372208,-0.006894392,0.028975854,0.078249946,-0.00443907,-0.0051583895,-0.051388256,0.033368334,0.033080783,0.08462268,0.009267581,-0.043288756,0.010360106
0.7134745,0.40751404,-1.047096,-0.33652985,0.61142814,-0.77612835,-1.7220339,0.6992958,0.5834532,1.9920127,-0.17597637,-0.23710768,-0.43863884,-2.6556756,-0.02162678,0.27587733,-0.44313985,1.1879541,-0.10052803,-0.014448922,0.03519637,0.038918905,0.022076601,-0.02674049,0.0060177185,0.007619282,-0.096032426,0.0026641828,-0.026912617,-0.01900625,-0.098176494,0.038811367
0.71354085,0.40778127,-1.0469066,-0.3363386,0.61019665,-0.77840894,-1.7215691,0.6992842,0.5832101,1.9918038,-0.17566085,-0.23694086,-0.4382948,-2.6562142,-0.021215249,0.27442306,-0.44348508,1.187949,-0.10066851,-0.011950075,0.034807492,0.039011646,0.021877028,-0.021231344,-0.0057560527,0.008235901,-0.09555162,0.00284288,-0.026934423,-0.018502137,-0.0927798,0.035922606
0.7142563,0.40822613,-1.0464721,-0.3361222,0.60765195,-0.7830617,-1.7205884,0.6992496,0.5827312,1.9914759,-0.17502114,-0.23660082,-0.43760127,-2.657233,-0.020347605,0.27152207,-0.4441408,1.1879114,-0.10093177,-0.0069319946,0.03402683,0.039201826,0.02148367,-0.010129897,-0.029220467,0.009461384,-0.09459609,0.0031962167,-0.026973117,-0.017495694,-0.081998125,0.030168634
1.2144587,-0.9226309,-0.58388895,2.5316367,-0.29019922,0.6746627,0.5838786,1.2104117,-1.2892692,0.09589822,-0.15272292,0.07945679,0.09401128,-0.21530153,-0.41952133,-0.76677626,0.13041118,0.16352515,0.0836895,-0.03351535,-0.099971585,-0.00045288142,-0.02235244,0.0012946744,0.065706864,0.05156287,-0.010335374,0.05114904,0.005323291,-0.018866425,-0.04953895,0.0036760594
1.2145249,-0.92236364,-0.5836996,2.5318282,-0.29143122,0.67238224,0.58434373,1.2104003,-1.2895122,0.09568871,-0.15240748,0.07962332,0.09435565,-0.21583945,-0.4191094,-0.76823103,0.13006592,0.1635192,0.08354892,-0.031016525,-0.100360505,-0.00036012544,-0.022551913,0.00680385,0.053933185,0.05217947,-0.009854655,0.051327746,0.0053015505,-0.018362142,-0.044141836,0.0007872632
1.2147754,-0.9221245,-0.58349276,2.5319672,-0.29268852,0.67007273,0.5848247,1.2103848,-1.289753,0.09550815,-0.15208945,0.07979209,0.09470143,-0.21635924,-0.4186837,-0.76968247,0.12973197,0.16350532,0.08341396,-0.028510585,-0.10075042,-0.00026581628,-0.022749636,0.012340971,0.042186104,0.052793615,-0.009375814,0.05150511,0.005281367,-0.017858561,-0.03874842,-0.002094286
1.2152404,-0.92191863,-0.58326536,2.5320446,-0.2939757,0.66772926,0.585324,1.2103655,-1.2899905,0.09536062,-0.151768,0.079963505,0.09504906,-0.21685776,-0.41824162,-0.7711321,0.12941045,0.16348268,0.08328548,-0.025998507,-0.101141095,-0.00016995824,-0.022945376,0.017905049,0.030469015,0.053404987,-0.008899077,0.051680997,0.0052628606,-0.017355831,-0.033359822,-0.004966833
1.2159207,-0.9217464,-0.5830155,2.5320609,-0.29529476,0.6653519,0.5858421,1.2103424,-1.2902247,0.09524807,-0.15144528,0.08013831,0.09539775,-0.21733326,-0.41778535,-0.7725719,0.1291039,0.1634504,0.08316388,-0.023480983,-0.10153261,-7.2637886e-05,-0.023139384,0.023495812,0.018780684,0.054013625,-0.008424511,0.051855437,0.005246137,-0.016853824,-0.027976139,-0.007830173
0.5682752,-0.21135996,2.466644,-0.10763473,2.1877015,-0.8415275,-0.26324457,-0.51155937,-0.80838615,-0.8689877,-0.07617073,-0.23913415,-0.89014304,-0.31796184,0.07094659,-0.55670196,-0.09568891,0.05476575,-0.037221182,0.017947815,0.052380722,-0.10684435,-0.0060441718,-0.014156334,0.055074587,-0.0051011792,0.013886138,-0.0005482542,0.007108399,-0.06778912,-0.048903406,0.025966877
0.5690568,-0.2106472,2.4672675,-0.10722729,2.1839256,-0.84846073,-0.26179934,-0.51160544,-0.8091081,-0.86952573,-0.07521571,-0.23862751,-0.88910526,-0.31951827,0.072225824,-0.5610576,-0.096689746,0.054723207,-0.037625,0.02546462,0.051211037,-0.10656144,-0.0066370443,0.002454479,0.019836735,-0.0032590826,0.015322405,-1.6288053e-05,0.0070479047,-0.066278584,-0.032724913,0.017324181
0.5697372,-0.2104747,2.467516,-0.107210495,2.182607,-0.85083896,-0.2612808,-0.51162857,-0.8093425,-0.86963946,-0.07489297,-0.23845339,-0.88875633,-0.31999376,0.072681606,-0.56249785,-0.09699623,0.054690287,-0.037746567,0.027982201,0.05081963,-0.10646407,-0.006831202,0.008044869,0.008148738,-0.0026504782,0.01579711,0.00015816992,0.0070312414,-0.06577653,-0.027339747,0.0144602945
0.5705711,-0.2103254,2.46778,-0.10723751,2.1812668,-0.8532416,-0.2607488,-0.5116547,-0.8095747,-0.86972904,-0.07456847,-0.23827714,-0.8884065,-0.3204535,0.07314863,-0.56393373,-0.09729277,0.05465114,-0.037863385,0.030507542,0.05042698,-0.10636528,-0.0070230393,0.013663792,-0.003514454,-0.002044158,0.016269961,0.00033146286,0.0070159202,-0.06527488,-0.021958655,0.011603108
0.5682752,-0.21135986,2.466644,-0.1076347,2.1877015,-0.8415276,-0.26324457,-0.5115594,-0.80838615,-0.8689877,-0.07617073,-0.23913415,-0.89014304,-0.31796184,0.07094659,-0.55670196,-0.09568891,0.05476575,-0.037221182,0.017947815,0.052380722,-0.10684435,-0.0060441718,-0.014156334,0.055074587,-0.0051011792,0.013886138,-0.0005482542,0.007108399,-0.06778912,-0.048903406,0.025966877
0.56834143,-0.21109253,2.466833,-0.107443415,2.1864693,-0.8438074,-0.26277897,-0.51157194,-0.80862904,-0.869196,-0.075855814,-0.23896642,-0.8897988,-0.31849995,0.07135859,-0.5581564,-0.09603434,0.05475994,-0.037361562,0.020446632,0.051991712,-0.106751665,-0.0062436913,-0.008646851,0.043300755,-0.0044846553,0.014366813,-0.0003695517,0.0070865867,-0.067284964,-0.043507,0.023078281
0.5685919,-0.21085338,2.46704,-0.10730471,2.1852121,-0.8461174,-0.2622983,-0.51158696,-0.80887014,-0.8693772,-0.07553741,-0.23879807,-0.88945305,-0.3190199,0.07178419,-0.5596082,-0.096368514,0.054745782,-0.03749649,0.02295262,0.051601674,-0.106657386,-0.006441015,-0.003109455,0.031553466,-0.0038705084,0.014845642,-0.00019213777,0.007066407,-0.06678122,-0.03811403,0.02019705
0.5690569,-0.21064758,2.4672675,-0.10722712,2.1839247,-0.84846044,-0.2617989,-0.5116062,-0.8091079,-0.8695246,-0.07521607,-0.23862654,-0.8891054,-0.31951824,0.07222617,-0.56105775,-0.09669003,0.05472332,-0.03762493,0.0254647,0.051211048,-0.10656139,-0.006637009,0.0024546704,0.019836327,-0.0032591543,0.015322412,-1.6273098e-05,0.00704793,-0.06627855,-0.032725647,0.017324427
0.56973773,-0.21047485,2.4675157,-0.1072105,2.1826062,-0.8508387,-0.2612801,-0.51162905,-0.8093421,-0.8696382,-0.07489308,-0.23845252,-0.8887564,-0.31999362,0.07268184,-0.562498,-0.096996464,0.05469056,-0.037746526,0.027982144,0.05081957,-0.10646412,-0.0068310914,0.008045234,0.008148583,-0.0026505236,0.015797038,0.00015816498,0.0070312135,-0.06577645,-0.027340299,0.0144605
1.2144587,-0.9226309,-0.58388895,2.5316367,-0.29019922,0.6746627,0.5838786,1.2104117,-1.2892692,0.09589822,-0.15272292,0.07945679,0.09401128,-0.21530153,-0.41952133,-0.76677626,0.13041118,0.16352515,0.0836895,-0.03351535,-0.099971585,-0.00045288142,-0.02235244,0.0012946744,0.065706864,0.05156287,-0.010335374,0.05114904,0.005323291,-0.018866425,-0.04953895,0.0036760594
1.2145249,-0.92236364,-0.5836996,2.5318282,-0.29143122,0.67238224,0.58434373,1.2104003,-1.2895122,0.09568871,-0.15240748,0.07962332,0.09435565,-0.21583945,-0.4191094,-0.76823103,0.13006592,0.1635192,0.08354892,-0.031016525,-0.100360505,-0.00036012544,-0.022551913,0.00680385,0.053933185,0.05217947,-0.009854655,0.051327746,0.0053015505,-0.018362142,-0.044141836,0.0007872632
1.2147754,-0.9221246,-0.58349186,2.5319672,-0.29268953,0.6700732,0.5848239,1.2103846,-1.289753,0.09550933,-0.1520896,0.07979295,0.094701044,-0.21635939,-0.41868302,-0.7696823,0.12973171,0.16350581,0.08341425,-0.028510518,-0.10075044,-0.00026584417,-0.022749603,0.012341284,0.042185564,0.05279358,-0.00937584,0.051505115,0.005281334,-0.017858626,-0.038749844,-0.0020938308
1.2152402,-0.9219191,-0.58326435,2.5320446,-0.29397672,0.66773003,0.5853229,1.2103649,-1.2899908,0.09536203,-0.15176824,0.07996436,0.09504863,-0.21685815,-0.4182411,-0.7711317,0.12941027,0.16348319,0.08328572,-0.025998445,-0.10114117,-0.00017001368,-0.022945296,0.017905448,0.0304684,0.05340497,-0.008899152,0.051681023,0.0052628233,-0.017355856,-0.03336164,-0.004966205
1.2159208,-0.9217464,-0.5830154,2.532061,-0.29529473,0.6653519,0.585842,1.2103426,-1.2902248,0.09524798,-0.15144521,0.08013823,0.09539781,-0.21733326,-0.41778553,-0.772572,0.12910393,0.16345033,0.08316401,-0.02348097,-0.101532586,-7.264096e-05,-0.023139436,0.023495728,0.01878071,0.054013602,-0.008424466,0.051855445,0.005246151,-0.016853819,-0.02797596,-0.007830267
1.2167546,-0.92159706,-0.5827524,2.5320344,-0.29663494,0.6629488,0.5863739,1.2103164,-1.2904569,0.095158115,-0.15112059,0.08031422,0.09574764,-0.21779267,-0.4173181,-0.7740078,0.12880722,0.16341098,0.083047174,-0.020955699,-0.10192521,2.6258876e-05,-0.023331597,0.029114585,0.007117918,0.054619934,-0.007951566,0.052028697,0.0052308673,-0.016352277,-0.022593852,-0.010687915
1.2103965,-0.8767147,-0.5194687,2.1365607,-0.38100848,0.3924878,0.048174255,-0.8086874,2.185725,-1.0757455,0.37322423,-0.59655416,-0.32836074,-0.26729196,0.18487717,-0.4634053,-0.87164557,-0.07899306,-0.13740207,-0.04242781,-0.0858786,0.0003794704,0.00029804997,-0.0147028435,0.050121125,0.00018144069,-0.0061922837,-0.099409014,0.00076552446,-0.015704166,-0.053395707,0.025724618
1.2118586,-0.8758294,-0.51859677,2.136984,-0.3861024,0.38317618,0.050138276,-0.8087567,2.1847684,-1.0763974,0.37450227,-0.5958734,-0.32697394,-0.2693237,0.18661216,-0.4692009,-0.8729525,-0.07906838,-0.13792756,-0.032393448,-0.08743963,0.0007597213,-0.000488877,0.0074982094,0.0031952052,0.0026322005,-0.0042813066,-0.09870262,0.000688367,-0.0136915315,-0.031832073,0.014218044
1.2126929,-0.87567997,-0.51833415,2.1369574,-0.3874413,0.38077253,0.05067007,-0.80878305,2.184536,-1.0764881,0.37482685,-0.5956978,-0.3266241,-0.26978338,0.18707904,-0.47063676,-0.87324935,-0.07910786,-0.13804452,-0.029868139,-0.08783217,0.0008586363,-0.0006811369,0.013116818,-0.008467573,0.0032385015,-0.0038083596,-0.098529354,0.0006731029,-0.01319001,-0.02644983,0.011360344
0.3950018,-1.7780371,0.2981332,1.4193792,0.82418984,0.049014907,1.8214965,0.1920742,-0.5093766,1.2244568,-0.22963639,0.6093587,0.93018544,-0.11160889,-0.31212714,-0.65601575,0.049410596,0.027488297,-0.011979166,-0.04775049,-0.067130685,-0.043018755,-0.060020097,-0.06598526,0.22858872,-0.02607222,-0.014811271,0.04819507,7.263631e-05,0.044943087,0.29919502,-0.11162987
0.3953184,-1.7775301,0.29852915,1.4197094,0.8217013,0.04442488,1.8224419,0.1920471,-0.50986075,1.2240663,-0.229003,0.6096941,0.93087566,-0.11266674,-0.31128967,-0.6589224,0.048730943,0.027468588,-0.012254601,-0.042745672,-0.0679095,-0.042831715,-0.06041719,-0.054938596,0.20506774,-0.024841506,-0.013851731,0.048551135,3.07126e-05,0.045950934,0.30998483,-0.11740001
0.39578336,-1.7773248,0.29875654,1.4197869,0.8204142,0.042081602,1.8229413,0.19202797,-0.5100989,1.2239184,-0.22868145,0.60986507,0.93122303,-0.11316525,-0.3108481,-0.66037154,0.04840974,0.027445761,-0.012383061,-0.040233653,-0.068300106,-0.04273578,-0.060613316,-0.049374837,0.19335093,-0.024230164,-0.013374937,0.04872701,1.2216431e-05,0.04645359,0.31537402,-0.12027287
0.39646414,-1.777152,0.29900545,1.4198036,0.8190957,0.039703514,1.8234597,0.19200504,-0.5103329,1.2238052,-0.2283586,0.61003953,0.9315723,-0.113640755,-0.31039217,-0.66181153,0.048103295,0.027413076,-0.012504621,-0.037716124,-0.068691775,-0.042638566,-0.060806982,-0.043783803,0.18166277,-0.023621475,-0.012900387,0.04890147,-4.473507e-06,0.046955757,0.3207581,-0.12313631
0.39729798,-1.777003,0.29926878,1.4197766,0.81775576,0.037300397,1.8239917,0.19197899,-0.5105654,1.2237151,-0.22803402,0.6102156,0.931922,-0.114100516,-0.30992517,-0.6632475,0.0478067,0.02737362,-0.012621425,-0.035190824,-0.06908429,-0.042539675,-0.06099922,-0.038165282,0.16999957,-0.023015182,-0.01242742,0.049074713,-1.9771454e-05,0.04745726,0.3261398,-0.12599386
0.44076678,2.2493663,1.2008703,-0.46187896,-1.4500967,1.5322689,0.64820606,-0.08683034,0.3993026,0.8121551,-0.129614,0.7537654,-0.60030943,-0.048818547,0.2761787,-0.8653691,-0.18288167,0.028210277,-0.01977303,-0.10580013,0.013199021,0.00817972,0.016556866,0.02012552,0.03732727,0.008791108,0.015037686,-0.0055484027,-0.009864371,0.015410005,-0.05478251,0.044755794
0.44083267,2.249634,1.2010595,-0.46168745,-1.4513276,1.5299884,0.6486707,-0.086842194,0.39905906,0.81194514,-0.12929873,0.7539319,-0.5999657,-0.04935678,0.27659035,-0.86682314,-0.18322702,0.028204504,-0.019913502,-0.10330129,0.012810097,0.00827246,0.016357305,0.025634827,0.025553307,0.009407734,0.015518417,-0.005369732,-0.009886144,0.01591415,-0.049386285,0.041867204
0.44306278,2.2504005,1.2020061,-0.4614815,-1.4565308,1.5205544,0.65070164,-0.0869257,0.39811411,0.8114138,-0.12801169,0.75462264,-0.5985731,-0.051310275,0.2783807,-0.8726007,-0.18448563,0.02809599,-0.020415304,-0.09324043,0.0112454165,0.008658845,0.015577738,0.04794532,-0.021261891,0.011848181,0.017421504,-0.0046687215,-0.00995684,0.017924115,-0.027837679,0.030391926
0.31032404,-1.3631123,-0.43553683,-1.278454,-1.1459765,0.48141447,-1.6473851,-0.8718452,-0.92457765,-1.2523459,-0.524883,1.8648345,0.7221185,-0.34247735,-0.37219286,-0.30303848,-0.95915335,0.11012062,-0.07952211,0.0068367003,-0.005722274,0.028688356,0.07883752,-0.021130763,0.029993389,-0.0532224,0.03193808,0.03255307,0.084678,0.007759123,-0.059456687,0.018978333
0.31057486,-1.3628734,-0.43533,-1.2783155,-1.147234,0.47910482,-1.6469041,-0.87186044,-0.92481846,-1.2525275,-0.5245644,1.8650023,0.7224647,-0.34299725,-0.37176782,-0.30449057,-0.9594873,0.11010582,-0.07965704,0.009342649,-0.0061121094,0.02878267,0.07863972,-0.0155939385,0.018246736,-0.0526083,0.03241699,0.03273046,0.08465781,0.008262757,-0.05406174,0.016096251
0.31103987,-1.3626678,-0.43510255,-1.2782378,-1.1485208,0.4767616,-1.6464046,-0.8718796,-0.9250565,-1.2526748,-0.5242427,1.865173,0.7228124,-0.34349567,-0.37132624,-0.3059398,-0.95980823,0.1100831,-0.07978546,0.011854683,-0.0065028626,0.028878495,0.0784439,-0.010029834,0.0065298583,-0.051996917,0.032893717,0.03290636,0.084639356,0.008765526,-0.048672948,0.013223529
0.31172064,-1.3624945,-0.4348536,-1.2782209,-1.1498394,0.47438356,-1.6458856,-0.87190163,-0.92529047,-1.2527889,-0.5239199,1.8653479,0.7231615,-0.34397078,-0.37087044,-0.30738035,-0.960115,0.110050455,-0.07990709,0.014372171,-0.0068943617,0.028975852,0.078249894,-0.0044392087,-0.0051581347,-0.051388185,0.03336837,0.03308078,0.08462268,0.0092675965,-0.043288223,0.010359905
0.5682754,-0.21136019,2.4666438,-0.10763451,2.187701,-0.8415272,-0.2632442,-0.5115599,-0.8083859,-0.86898667,-0.076170914,-0.23913334,-0.89014316,-0.3179619,0.07094671,-0.556702,-0.09568913,0.054765917,-0.03722105,0.01794783,0.052380607,-0.10684435,-0.0060441406,-0.014155933,0.055074513,-0.0051012146,0.013886108,-0.0005482594,0.0071083917,-0.06778917,-0.04890382,0.025967026
0.56834143,-0.21109243,2.466833,-0.107443444,2.1864696,-0.84380734,-0.26277897,-0.5115718,-0.80862904,-0.869196,-0.07585578,-0.23896651,-0.88979894,-0.31849998,0.07135875,-0.5581564,-0.096034385,0.054759923,-0.03736151,0.020446628,0.051991723,-0.106751695,-0.006243744,-0.008646859,0.043300584,-0.0044846716,0.014366833,-0.00036955997,0.007086596,-0.067284994,-0.04350735,0.02307835
0.5685919,-0.21085325,2.46704,-0.107304685,2.1852121,-0.8461172,-0.2622982,-0.51158684,-0.8088701,-0.86937726,-0.075537376,-0.2387981,-0.889453,-0.31901976,0.07178428,-0.5596081,-0.09636853,0.054745734,-0.037496448,0.022952609,0.051601734,-0.106657386,-0.006441105,-0.0031096025,0.03155348,-0.0038704865,0.01484565,-0.00019215212,0.007066377,-0.066781275,-0.038113978,0.020196974
0.5690569,-0.21064758,2.4672675,-0.107227094,2.1839247,-0.8484604,-0.2617989,-0.51160616,-0.8091079,-0.86952466,-0.07521602,-0.23862673,-0.8891054,-0.3195181,0.072226256,-0.56105757,-0.09668992,0.05472334,-0.037624877,0.025464654,0.051211018,-0.10656142,-0.0066369483,0.002454722,0.019836433,-0.003259105,0.015322372,-1.6265636e-05,0.0070479102,-0.06627853,-0.032725476,0.017324353
0.56973773,-0.21047486,2.4675157,-0.10721052,2.1826062,-0.8508387,-0.26128006,-0.51162905,-0.8093421,-0.8696382,-0.07489306,-0.23845255,-0.8887564,-0.31999364,0.072681785,-0.5624979,-0.09699639,0.054690514,-0.037746534,0.02798216,0.05081961,-0.10646406,-0.0068310653,0.008045155,0.008148534,-0.002650491,0.015797062,0.00015817043,0.0070312237,-0.06577642,-0.027340394,0.014460545
0.5705712,-0.21032535,2.4677804,-0.10723754,2.1812668,-0.8532416,-0.26074874,-0.5116547,-0.80957466,-0.869729,-0.07456854,-0.23827699,-0.88840634,-0.32045358,0.073148355,-0.56393373,-0.09729271,0.05465107,-0.03786346,0.030507496,0.05042699,-0.10636526,-0.007023066,0.01366367,-0.0035143578,-0.0020441832,0.016269974,0.00033146638,0.0070159226,-0.06527485,-0.021958306,0.011602992
0.7256276,1.1926391,-2.3813386,-0.9397639,1.5468817,-0.8252836,-0.05312325,0.9267284,0.44943726,-0.25972894,-0.019243622,0.5652922,-0.29597166,0.3817664,0.17429492,-0.78053266,-0.080128916,-0.16379714,-0.014423639,0.0027219784,0.050197065,0.07160163,-0.054252043,-0.01798052,0.05662214,4.6365636e-05,-0.039891317,-0.008993627,0.030521361,-0.023690043,-0.051684506,0.022584856
0.7256935,1.192907,-2.3811498,-0.9395729,1.5456504,-0.8275638,-0.052658416,0.9267167,0.44919392,-0.25993884,-0.018928194,0.5654584,-0.29562742,0.3812283,0.17470662,-0.781987,-0.08047419,-0.16380306,-0.014564141,0.005220836,0.049808156,0.071694374,-0.054451395,-0.012471162,0.044848133,0.00066299975,-0.039410595,-0.008814941,0.03049956,-0.023185823,-0.046288393,0.019696327
0.7270897,1.1935247,-2.380467,-0.93933994,1.5417879,-0.8345952,-0.05115968,0.9266592,0.44848073,-0.2603808,-0.017965842,0.56597286,-0.29458505,0.37973455,0.1760298,-0.7863282,-0.08143621,-0.16387258,-0.014949038,0.012756384,0.048635986,0.07198185,-0.055038948,0.0042207935,0.009696153,0.0024971417,-0.037980363,-0.008287202,0.030444205,-0.02167742,-0.030121254,0.011078374
0.7279235,1.1936738,-2.3802035,-0.9393668,1.5404476,-0.8369981,-0.050627526,0.92663324,0.4482487,-0.2604708,-0.017640995,0.5661486,-0.29423508,0.37927485,0.17649661,-0.7877643,-0.0817328,-0.16391215,-0.015065886,0.015281681,0.048243437,0.07208076,-0.055231147,0.009839434,-0.0019667556,0.0031034243,-0.03750744,-0.008113931,0.030428926,-0.021175869,-0.024739282,0.008220768
1.2103965,-0.8767147,-0.5194687,2.1365607,-0.38100848,0.3924878,0.048174255,-0.8086874,2.185725,-1.0757455,0.37322426,-0.59655434,-0.3283608,-0.26729196,0.18487725,-0.46340525,-0.8716457,-0.07899303,-0.13740206,-0.04242781,-0.085878655,0.0003794468,0.00029810375,-0.014702741,0.050121162,0.00018144818,-0.006192289,-0.099409014,0.00076551473,-0.015704142,-0.053395677,0.025724655
1.2118585,-0.8758293,-0.51859677,2.136984,-0.38610238,0.38317606,0.0501383,-0.8087567,2.1847684,-1.0763973,0.37450227,-0.5958736,-0.32697394,-0.2693237,0.18661217,-0.4692009,-0.8729525,-0.079068355,-0.13792762,-0.032393433,-0.087439604,0.0007597361,-0.00048890786,0.0074981414,0.0031952488,0.0026322126,-0.0042813052,-0.09870261,0.0006883779,-0.013691524,-0.031831965,0.014218014
0.47686258,-0.0682919,-0.09903065,0.029429348,-0.05331048,-0.03653607,-0.26818484,-0.10887966,-0.15862626,0.09841587,0.0027098872,-0.06978756,0.009522953,0.010805238,0.5520803,-0.4975361,-0.28365254,0.27915555,0.23365869,0.21177994,-0.0338795,0.013840107,-0.00382441,0.5498263,-1.021856,0.028924696,-0.0010562204,-0.0050686197,-0.030455876,-0.04353004,-0.8905718,0.20970827
