time_mean,time_std,time_l2,time_maxabs,space_mean,space_std,space_l2,space_maxabs,force_mean,force_std,force_l2,force_maxabs,time_deviation,space_deviation,force_deviation,time_space_relation,space_force_relation,time_force_relation,total_deviation_l1,total_deviation_l2,balance_t_minus_s,balance_s_minus_f,balance_t_minus_f
1233.9071,1810.2473,5051.746,3737.0,13.163399,162.57822,2011.0012,2011.0,0.0,0.0,0.0,0.0,-28.0802,-0.046809196,-0.0046320735,1.3144116,0.00021682364,0.13006955,28.131643,28.080238,-28.03339,-0.042177122,-28.075567
1239.7797,1806.5735,5053.7964,3737.0,13.163399,162.57822,2011.0012,2011.0,0.0,0.0,0.0,0.0,-22.207642,-0.046809196,-0.0046320735,1.0395218,0.00021682364,0.102867424,22.259085,22.207691,-22.160831,-0.042177122,-22.203009
1228.0234,1814.035,5049.937,3737.0,13.163399,162.57822,2011.0012,2011.0,0.0,0.0,0.0,0.0,-33.963867,-0.046809196,-0.0046320735,1.5898213,0.00021682364,0.15732312,34.01531,33.9639,-33.917057,-0.042177122,-33.959236
1216.9012,1821.4852,5047.191,3737.0,13.163399,162.57822,2011.0012,2011.0,0.0,0.0,0.0,0.0,-45.08606,-0.046809196,-0.0046320735,2.1104422,0.00021682364,0.20884193,45.1375,45.086086,-45.03925,-0.042177122,-45.08143
1220.655,1818.9286,5048.019,3737.0,13.163399,162.57822,2011.0012,2011.0,0.0,0.0,0.0,0.0,-41.332275,-0.046809196,-0.0046320735,1.9347306,0.00021682364,0.19145414,41.383717,41.332302,-41.285465,-0.042177122,-41.327644
1210.9175,1825.6492,5046.0776,3737.0,13.163399,162.57822,2011.0012,2011.0,0.0,0.0,0.0,0.0,-51.069824,-0.046809196,-0.0046320735,2.3905375,0.00021682364,0.23655918,51.121265,51.069847,-51.023014,-0.042177122,-51.065193
1230.2648,1812.5796,5050.597,3737.0,13.163399,162.57822,2011.0012,2011.0,0.0,0.0,0.0,0.0,-31.722534,-0.046809196,-0.0046320735,1.4849063,0.00021682364,0.14694111,31.773977,31.722569,-31.675724,-0.042177122,-31.717901
1213.1753,1824.0653,5046.468,3737.0,13.163399,162.57822,2011.0012,2011.0,0.0,0.0,0.0,0.0,-48.81201,-0.046809196,-0.0046320735,2.284851,0.00021682364,0.22610082,48.863453,48.812035,-48.7652,-0.042177122,-48.80738
1219.4928,1819.7156,5047.752,3737.0,13.176471,162.73991,2013.0012,2013.0,0.0625,0.3507362,2.828427,2.0,-42.494507,-0.033737183,0.057867926,1.4336449,-0.0019523008,-2.459069,42.586113,42.494556,-42.46077,-0.09160511,-42.552376
1225.9658,1815.3848,5049.363,3737.0,13.176471,162.73991,2013.0012,2013.0,0.03125,0.25,2.0,2.0,-36.021484,-0.033737183,0.026617926,1.2152634,-0.0008980138,-0.9588172,36.08184,36.02151,-35.987747,-0.06035511,-36.048103
1224.5035,1816.352,5048.9727,3737.0,13.176471,162.73991,2013.0012,2013.0,0.0,0.0,0.0,0.0,-37.483765,-0.033737183,-0.0046320735,1.2645966,0.0001562731,0.17362756,37.522133,37.48378,-37.450027,-0.029105108,-37.479134
1230.4537,1812.4576,5050.655,3737.0,13.176471,162.73991,2013.0012,2013.0,0.0,0.0,0.0,0.0,-31.53357,-0.033737183,-0.0046320735,1.0638537,0.0001562731,0.14606582,31.57194,31.533587,-31.499832,-0.029105108,-31.528936
1254.1385,1798.0437,5059.8403,3737.0,13.176471,162.73991,2013.0012,2013.0,0.0,0.0,0.0,0.0,-7.848755,-0.033737183,-0.0046320735,0.2647949,0.0001562731,0.03635601,7.887124,7.848829,-7.8150177,-0.029105108,-7.844123
1232.8727,1810.9055,5051.41,3737.0,13.176471,162.73991,2013.0012,2013.0,0.0,0.0,0.0,0.0,-29.114624,-0.033737183,-0.0046320735,0.9822454,0.0001562731,0.13486108,29.152994,29.114643,-29.080887,-0.029105108,-29.109991
1269.3926,1789.695,5067.858,3737.0,13.176471,162.73991,2013.0012,2013.0,0.0,0.0,0.0,0.0,7.4052734,-0.033737183,-0.0046320735,-0.24983306,0.0001562731,-0.03430177,7.4436426,7.4053516,7.4390106,-0.029105108,7.4099054
1240.3247,1806.2379,5053.999,3737.0,13.176471,162.73991,2013.0012,2013.0,0.0,0.0,0.0,0.0,-21.662598,-0.033737183,-0.0046320735,0.730835,0.0001562731,0.10034274,21.700968,21.662624,-21.62886,-0.029105108,-21.657965
1222.7738,1817.5045,5048.5312,3737.0,13.176471,162.73991,2013.0012,2013.0,0.0,0.0,0.0,0.0,-39.2135,-0.033737183,-0.0046320735,1.322953,0.0001562731,0.18163982,39.25187,39.213516,-39.179764,-0.029105108,-39.20887
1228.98,1813.412,5050.215,3737.0,13.176471,162.73991,2013.0012,2013.0,0.0,0.0,0.0,0.0,-33.007324,-0.033737183,-0.0046320735,1.1135741,0.0001562731,0.15289235,33.045692,33.00734,-32.973587,-0.029105108,-33.002693
1250.3402,1800.2372,5058.0996,3737.0,13.176471,162.73991,2013.0012,2013.0,0.0,0.0,0.0,0.0,-11.647095,-0.033737183,-0.0046320735,0.39294016,0.0001562731,0.053950198,11.685464,11.647144,-11.613358,-0.029105108,-11.642463
1224.9204,1816.0757,5049.0825,3737.0,13.176471,162.73991,2013.0012,2013.0,0.0,0.0,0.0,0.0,-37.066895,-0.033737183,-0.0046320735,1.2505326,0.0001562731,0.17169657,37.105263,37.06691,-37.033157,-0.029105108,-37.062263
1230.3036,1812.5546,5050.609,3737.0,13.176471,162.73991,2013.0012,2013.0,0.0,0.0,0.0,0.0,-31.683716,-0.033737183,-0.0046320735,1.0689193,0.0001562731,0.1467613,31.722086,31.683735,-31.649979,-0.029105108,-31.679083
1222.8795,1817.4338,5048.5576,3737.0,13.176471,162.73991,2013.0012,2013.0,0.0,0.0,0.0,0.0,-39.107788,-0.033737183,-0.0046320735,1.3193866,0.0001562731,0.18115015,39.146156,39.107803,-39.07405,-0.029105108,-39.103157
1223.75,1816.8529,5048.778,3737.0,13.176471,162.73991,2013.0012,2013.0,0.0,0.0,0.0,0.0,-38.237305,-0.033737183,-0.0046320735,1.2900189,0.0001562731,0.177118,38.275673,38.23732,-38.203568,-0.029105108,-38.232674
1222.3867,1817.7637,5048.4355,3737.0,13.183006,162.82076,2014.0012,2014.0,0.03125,0.1753681,1.4142135,1.0,-39.600586,-0.027201653,0.026617926,1.0772014,-0.00072405156,-1.0540855,39.654408,39.600605,-39.573383,-0.05381958,-39.627205
1223.3734,1817.104,5048.6816,3737.0,13.183006,162.82076,2014.0012,2014.0,0.015625,0.125,1.0,1.0,-38.61389,-0.027201653,0.010992927,1.0503616,-0.00029902576,-0.42447966,38.65209,38.613903,-38.58669,-0.03819458,-38.624886
1227.1333,1814.6174,5049.685,3737.0,13.183006,162.82076,2014.0012,2014.0,0.0,0.0,0.0,0.0,-34.854004,-0.027201653,-0.0046320735,0.9480865,0.00012600006,0.1614463,34.885838,34.854015,-34.8268,-0.022569578,-34.849373
1238.26,1807.5139,5053.2427,3737.0,13.183006,162.82076,2014.0012,2014.0,0.0,0.0,0.0,0.0,-23.727295,-0.027201653,-0.0046320735,0.6454216,0.00012600006,0.10990658,23.75913,23.72731,-23.700092,-0.022569578,-23.722662
1248.1934,1801.4971,5057.1606,3737.0,13.183006,162.82076,2014.0012,2014.0,0.0,0.0,0.0,0.0,-13.793945,-0.027201653,-0.0046320735,0.3752181,0.00012600006,0.06389457,13.825779,13.793973,-13.766744,-0.022569578,-13.789313
1226.0867,1815.3052,5049.3955,3737.0,13.183006,162.82076,2014.0012,2014.0,0.0,0.0,0.0,0.0,-35.900635,-0.027201653,-0.0046320735,0.9765566,0.00012600006,0.16629438,35.93247,35.900646,-35.873432,-0.022569578,-35.896004
1239.1,1806.9932,5053.547,3737.0,13.183006,162.82076,2014.0012,2014.0,0.0,0.0,0.0,0.0,-22.88733,-0.027201653,-0.0046320735,0.6225732,0.00012600006,0.10601579,22.919165,22.887344,-22.860126,-0.022569578,-22.882696
1222.8534,1817.4513,5048.5513,3737.0,13.183006,162.82076,2014.0012,2014.0,0.0,0.0,0.0,0.0,-39.13391,-0.027201653,-0.0046320735,1.064507,0.00012600006,0.18127115,39.165745,39.13392,-39.10671,-0.022569578,-39.12928
1227.08,1814.6523,5049.67,3737.0,13.183006,162.82076,2014.0012,2014.0,0.0,0.0,0.0,0.0,-34.90735,-0.027201653,-0.0046320735,0.9495376,0.00012600006,0.16169341,34.939182,34.90736,-34.880146,-0.022569578,-34.902718
1244.8334,1803.4978,5055.7573,3737.0,13.183006,162.82076,2014.0012,2014.0,0.0,0.0,0.0,0.0,-17.15393,-0.027201653,-0.0046320735,0.46661526,0.00012600006,0.07945827,17.185766,17.153952,-17.126728,-0.022569578,-17.149298
1230.8467,1812.2042,5050.7744,3737.0,13.183006,162.82076,2014.0012,2014.0,0.0,0.0,0.0,0.0,-31.140625,-0.027201653,-0.0046320735,0.8470765,0.00012600006,0.14424567,31.17246,31.140636,-31.113422,-0.022569578,-31.135992
1272.5267,1788.0715,5069.7085,3737.0,13.183006,162.82076,2014.0012,2014.0,0.0,0.0,0.0,0.0,10.539429,-0.027201653,-0.0046320735,-0.28668988,0.00012600006,-0.048819408,10.571262,10.539465,10.56663,-0.022569578,10.544061
1229.0934,1813.3384,5050.248,3737.0,13.183006,162.82076,2014.0012,2014.0,0.0,0.0,0.0,0.0,-32.89392,-0.027201653,-0.0046320735,0.894769,0.00012600006,0.15236706,32.925755,32.893932,-32.86672,-0.022569578,-32.88929
1222.48,1817.7012,5048.4585,3737.0,13.183006,162.82076,2014.0012,2014.0,0.0,0.0,0.0,0.0,-39.507324,-0.027201653,-0.0046320735,1.0746645,0.00012600006,0.18300083,39.539158,39.50733,-39.48012,-0.022569578,-39.502693
1238.2134,1807.5428,5053.2256,3737.0,13.202615,163.0633,2017.0012,2017.0,0.09375,0.5261043,4.2426405,3.0,-23.773926,-0.007593155,0.08911793,0.1805191,-0.00067668624,-2.118683,23.870636,23.774094,-23.766333,-0.096711084,-23.863043
1232.32,1811.2585,5051.234,3737.0,13.202615,163.0633,2017.0012,2017.0,0.046875,0.375,3.0,3.0,-29.667358,-0.007593155,0.042242926,0.22526884,-0.00032075707,-1.253236,29.717194,29.667389,-29.659765,-0.04983608,-29.7096
1241.0133,1805.8153,5054.2583,3737.0,13.202615,163.0633,2017.0012,2017.0,0.0,0.0,0.0,0.0,-20.973999,-0.007593155,-0.0046320735,0.15925883,3.5172052e-05,0.097153105,20.986225,20.974,-20.966406,-0.0029610815,-20.969366
1234.2267,1810.0447,5051.851,3737.0,13.202615,163.0633,2017.0012,2017.0,0.0,0.0,0.0,0.0,-27.76062,-0.007593155,-0.0046320735,0.2107907,3.5172052e-05,0.12858923,27.772846,27.760622,-27.753027,-0.0029610815,-27.755987
1236.3867,1808.6831,5052.582,3737.0,13.202615,163.0633,2017.0012,2017.0,0.0,0.0,0.0,0.0,-25.600586,-0.007593155,-0.0046320735,0.19438921,3.5172052e-05,0.11858379,25.612812,25.600588,-25.592993,-0.0029610815,-25.595953
1234.84,1809.6566,5052.0557,3737.0,13.202615,163.0633,2017.0012,2017.0,0.0,0.0,0.0,0.0,-27.147339,-0.007593155,-0.0046320735,0.20613395,3.5172052e-05,0.12574847,27.159565,27.14734,-27.139746,-0.0029610815,-27.142706
1240.9,1805.8848,5054.216,3737.0,13.202615,163.0633,2017.0012,2017.0,0.0,0.0,0.0,0.0,-21.08728,-0.007593155,-0.0046320735,0.16011898,3.5172052e-05,0.097677834,21.099506,21.087282,-21.079687,-0.0029610815,-21.082647
1264.7799,1792.1415,5065.2607,3737.0,13.202615,163.0633,2017.0012,2017.0,0.0,0.0,0.0,0.0,2.7926025,-0.007593155,-0.0046320735,-0.021204663,3.5172052e-05,-0.01293554,2.8048277,2.7926166,2.8001957,-0.0029610815,2.7972345
1239.6733,1806.639,5053.7573,3737.0,13.202615,163.0633,2017.0012,2017.0,0.0,0.0,0.0,0.0,-22.313965,-0.007593155,-0.0046320735,0.16943339,3.5172052e-05,0.10335992,22.32619,22.313967,-22.306372,-0.0029610815,-22.309332
1233.6934,1810.383,5051.676,3737.0,13.202615,163.0633,2017.0012,2017.0,0.0,0.0,0.0,0.0,-28.293945,-0.007593155,-0.0046320735,0.21484031,3.5172052e-05,0.13105963,28.306171,28.293947,-28.286352,-0.0029610815,-28.289312
1240.38,1806.204,5054.02,3737.0,13.202615,163.0633,2017.0012,2017.0,0.0,0.0,0.0,0.0,-21.6073,-0.007593155,-0.0046320735,0.16406758,3.5172052e-05,0.1000866,21.619526,21.607302,-21.599707,-0.0029610815,-21.602667
1247.0133,1802.1956,5056.659,3737.0,13.202615,163.0633,2017.0012,2017.0,0.0,0.0,0.0,0.0,-14.973999,-0.007593155,-0.0046320735,0.11369989,3.5172052e-05,0.069360666,14.986224,14.974002,-14.966406,-0.0029610815,-14.969367
1242.0934,1805.1555,5054.672,3737.0,13.202615,163.0633,2017.0012,2017.0,0.0,0.0,0.0,0.0,-19.89392,-0.007593155,-0.0046320735,0.15105762,3.5172052e-05,0.0921501,19.906147,19.893923,-19.886328,-0.0029610815,-19.889288
1251.64,1799.4814,5058.684,3737.0,13.202615,163.0633,2017.0012,2017.0,0.0,0.0,0.0,0.0,-10.34729,-0.007593155,-0.0046320735,0.07856858,3.5172052e-05,0.047929406,10.359515,10.347294,-10.339697,-0.0029610815,-10.342658
1236.2533,1808.7667,5052.536,3737.0,13.202615,163.0633,2017.0012,2017.0,0.0,0.0,0.0,0.0,-25.734009,-0.007593155,-0.0046320735,0.19540231,3.5172052e-05,0.11920182,25.746235,25.73401,-25.726416,-0.0029610815,-25.729376
1235.7134,1809.106,5052.3506,3737.0,13.20915,163.14413,2018.0012,2018.0,0.03125,0.1753681,1.4142135,1.0,-26.273926,-0.0010576248,0.026617926,0.027787955,-2.8151779e-05,-0.6993574,26.3016,26.27394,-26.27287,-0.02767555,-26.300543
1229.7733,1812.8975,5050.4497,3737.0,13.20915,163.14413,2018.0012,2018.0,0.015625,0.125,1.0,1.0,-32.21399,-0.0010576248,0.010992927,0.034070313,-1.1626392e-05,-0.354126,32.22604,32.21399,-32.212933,-0.012050551,-32.224983
1254.4667,1797.8563,5059.9956,3737.0,13.20915,163.14413,2018.0012,2018.0,0.0,0.0,0.0,0.0,-7.52063,-0.0010576248,-0.0046320735,0.007954005,4.898996e-06,0.03483611,7.5263195,7.5206313,-7.5195723,0.0035744486,-7.515998
1223.62,1816.9396,5048.7446,3737.0,13.20915,163.14413,2018.0012,2018.0,0.0,0.0,0.0,0.0,-38.36731,-0.0010576248,-0.0046320735,0.04057822,4.898996e-06,0.17772019,38.372997,38.36731,-38.366253,0.0035744486,-38.36268
1253.1133,1798.6312,5059.361,3737.0,13.20915,163.14413,2018.0012,2018.0,0.0,0.0,0.0,0.0,-8.874023,-0.0010576248,-0.0046320735,0.009385387,4.898996e-06,0.04110513,8.879713,8.874024,-8.872966,0.0035744486,-8.869391
1276.5867,1786.0154,5072.208,3737.0,13.20915,163.14413,2018.0012,2018.0,0.0,0.0,0.0,0.0,14.599365,-0.0010576248,-0.0046320735,-0.015440651,4.898996e-06,-0.06762533,14.605055,14.599366,14.600423,0.0035744486,14.603997
1254.2467,1797.9819,5059.8916,3737.0,13.20915,163.14413,2018.0012,2018.0,0.0,0.0,0.0,0.0,-7.7406006,-0.0010576248,-0.0046320735,0.008186651,4.898996e-06,0.03585503,7.74629,7.740602,-7.739543,0.0035744486,-7.7359686
1228.8934,1813.4684,5050.189,3737.0,13.20915,163.14413,2018.0012,2018.0,0.0,0.0,0.0,0.0,-33.093872,-0.0010576248,-0.0046320735,0.0350009,4.898996e-06,0.15329325,33.09956,33.093872,-33.092815,0.0035744486,-33.08924
1223.8334,1816.7975,5048.799,3737.0,13.20915,163.14413,2018.0012,2018.0,0.0,0.0,0.0,0.0,-38.15393,-0.0010576248,-0.0046320735,0.040352546,4.898996e-06,0.17673181,38.15962,38.15393,-38.152874,0.0035744486,-38.1493
1244.9733,1803.4137,5055.814,3737.0,13.20915,163.14413,2018.0012,2018.0,0.0,0.0,0.0,0.0,-17.014038,-0.0010576248,-0.0046320735,0.017994469,4.898996e-06,0.078810275,17.019728,17.014038,-17.012981,0.0035744486,-17.009405
1229.8934,1812.8198,5050.4854,3737.0,13.20915,163.14413,2018.0012,2018.0,0.0,0.0,0.0,0.0,-32.093872,-0.0010576248,-0.0046320735,0.033943277,4.898996e-06,0.14866117,32.09956,32.093872,-32.092815,0.0035744486,-32.08924
1231.6533,1811.6857,5051.024,3737.0,13.20915,163.14413,2018.0012,2018.0,0.0,0.0,0.0,0.0,-30.333984,-0.0010576248,-0.0046320735,0.032081977,4.898996e-06,0.14050925,30.339674,30.333984,-30.332928,0.0035744486,-30.329351
1255.7201,1797.1438,5060.5957,3737.0,13.20915,163.14413,2018.0012,2018.0,0.0,0.0,0.0,0.0,-6.267212,-0.0010576248,-0.0046320735,0.0066283587,4.898996e-06,0.029030185,6.2729015,6.267214,-6.2661543,0.0035744486,-6.26258
1236.1333,1808.842,5052.4946,3737.0,13.20915,163.14413,2018.0012,2018.0,0.0,0.0,0.0,0.0,-25.854004,-0.0010576248,-0.0046320735,0.027343836,4.898996e-06,0.119757645,25.859694,25.854004,-25.852947,0.0035744486,-25.849371
1250.4933,1800.1478,5058.168,3737.0,13.20915,163.14413,2018.0012,2018.0,0.0,0.0,0.0,0.0,-11.494019,-0.0010576248,-0.0046320735,0.012156359,4.898996e-06,0.053241137,11.499708,11.494019,-11.492961,0.0035744486,-11.489387
1232.1133,1811.3909,5051.1685,3737.0,13.222222,163.30583,2020.0012,2020.0,0.0625,0.3507362,2.828427,2.0,-29.874023,0.012014389,0.057867926,-0.35891813,0.0006952478,-1.7287477,29.943905,29.874083,-29.886038,-0.045853537,-29.93189
1244.1934,1803.8828,5055.499,3737.0,13.222222,163.30583,2020.0012,2020.0,0.03125,0.25,2.0,2.0,-17.793945,0.012014389,0.026617926,-0.21378338,0.00031979813,-0.4736379,17.832577,17.793968,-17.80596,-0.014603537,-17.820562
1233.6866,1810.3873,5051.674,3737.0,13.222222,163.30583,2020.0012,2020.0,0.0,0.0,0.0,0.0,-28.30066,0.012014389,-0.0046320735,-0.34001514,-5.5651533e-05,0.13109073,28.317307,28.300661,-28.312674,0.016646463,-28.296026
1230.3467,1812.5267,5050.622,3737.0,13.222222,163.30583,2020.0012,2020.0,0.0,0.0,0.0,0.0,-31.640625,0.012014389,-0.0046320735,-0.38014278,-5.5651533e-05,0.1465617,31.657272,31.640627,-31.65264,0.016646463,-31.635992
1236.2533,1808.7667,5052.536,3737.0,13.222222,163.30583,2020.0012,2020.0,0.0,0.0,0.0,0.0,-25.734009,0.012014389,-0.0046320735,-0.30917838,-5.5651533e-05,0.11920182,25.750656,25.73401,-25.746023,0.016646463,-25.729376
1233.5,1810.506,5051.613,3737.0,13.222222,163.30583,2020.0012,2020.0,0.0,0.0,0.0,0.0,-28.487305,0.012014389,-0.0046320735,-0.34225756,-5.5651533e-05,0.13195528,28.503952,28.487307,-28.49932,0.016646463,-28.482672
1237.96,1807.7004,5053.1353,3737.0,13.222222,163.30583,2020.0012,2020.0,0.0,0.0,0.0,0.0,-24.027344,0.012014389,-0.0046320735,-0.28867385,-5.5651533e-05,0.11129642,24.043991,24.027346,-24.039358,0.016646463,-24.02271
1235.5867,1809.1857,5052.3076,3737.0,13.222222,163.30583,2020.0012,2020.0,0.0,0.0,0.0,0.0,-26.400635,0.012014389,-0.0046320735,-0.3171875,-5.5651533e-05,0.12228968,26.417282,26.400637,-26.41265,0.016646463,-26.396002
1225.2267,1815.8729,5049.1636,3737.0,13.222222,163.30583,2020.0012,2020.0,0.0,0.0,0.0,0.0,-36.76062,0.012014389,-0.0046320735,-0.44165638,-5.5651533e-05,0.1702779,36.777267,36.76062,-36.772636,0.016646463,-36.75599
1227.74,1814.2202,5049.8564,3737.0,13.222222,163.30583,2020.0012,2020.0,0.0,0.0,0.0,0.0,-34.247314,0.012014389,-0.0046320735,-0.41146055,-5.5651533e-05,0.15863608,34.26396,34.247314,-34.25933,0.016646463,-34.242683
1233.4066,1810.5654,5051.5825,3737.0,13.222222,163.30583,2020.0012,2020.0,0.0,0.0,0.0,0.0,-28.580688,0.012014389,-0.0046320735,-0.3433795,-5.5651533e-05,0.13238785,28.597336,28.58069,-28.592703,0.016646463,-28.576056
1228.3134,1813.846,5050.0205,3737.0,13.222222,163.30583,2020.0012,2020.0,0.0,0.0,0.0,0.0,-33.67395,0.012014389,-0.0046320735,-0.40457195,-5.5651533e-05,0.15598021,33.690598,33.673954,-33.685966,0.016646463,-33.66932
1244.36,1803.7825,5055.566,3737.0,13.222222,163.30583,2020.0012,2020.0,0.0,0.0,0.0,0.0,-17.62732,0.012014389,-0.0046320735,-0.21178147,-5.5651533e-05,0.08165104,17.643967,17.627325,-17.639334,0.016646463,-17.622686
1237.0934,1808.2408,5052.828,3737.0,13.222222,163.30583,2020.0012,2020.0,0.0,0.0,0.0,0.0,-24.89392,0.012014389,-0.0046320735,-0.29908526,-5.5651533e-05,0.11531047,24.910568,24.893923,-24.905935,0.016646463,-24.889288
1233.8534,1810.2511,5051.674,3737.0,13.849673,163.01125,2017.0258,2017.0,1.0625,0.3507362,8.944272,3.0,-28.133911,0.63946533,1.0578679,-17.990662,0.67646986,-29.761961,29.831244,28.161055,-28.773376,-0.41840255,-29.191778
1234.02,1810.1149,5051.6743,3737.0,14.496732,162.9606,2017.0994,2017.0,0.53125,0.59009683,6.3245554,3.0,-27.967285,1.2865238,0.52661794,-35.98058,0.6775065,-14.728074,29.780426,28.001814,-29.253809,0.7599059,-28.493902
1234.1866,1809.9788,5051.675,3737.0,15.143791,162.91136,2017.222,2017.0,0.484375,0.5037065,5.5677643,1.0,-27.80066,1.9335833,0.4797429,-53.75489,0.92762285,-13.33717,30.213984,27.87195,-29.734241,1.4538404,-28.280401
1234.3534,1809.8428,5051.6753,3737.0,15.79085,162.86351,2017.3939,2017.0,0.484375,0.5037065,5.5677643,1.0,-27.633911,2.5806417,0.4797429,-71.313225,1.2380446,-13.257174,30.694296,27.758295,-30.214554,2.1008987,-28.113653
391.18668,523.94104,1513.5167,1221.0,13.150327,162.5792,2011.0002,2011.0,4.546875,0.56145185,36.646965,6.0,-870.80066,-0.05988121,4.542243,52.144596,-0.271995,-3955.3882,875.4028,870.8125,-870.7408,-4.602124,-875.3429
473.18668,636.22534,1835.0332,1330.0,13.163399,162.57822,2011.0012,2011.0,2.03125,2.0622745,23.065125,6.0,-788.80066,-0.046809196,2.026618,36.923126,-0.09486436,-1598.5977,790.8741,788.8033,-788.75385,-2.0734272,-790.8273
529.6867,724.9017,2076.2515,1555.0,13.176471,162.57732,2011.0032,2011.0,0.0,0.0,0.0,0.0,-732.3006,-0.033737183,-0.0046320735,24.70576,0.0001562731,3.39207,732.339,732.3006,-732.26685,-0.029105108,-732.29596
581.85333,802.30133,2291.2349,1645.0,13.163399,162.57822,2011.0012,2011.0,0.0,0.0,0.0,0.0,-680.134,-0.046809196,-0.0046320735,31.836525,0.00021682364,3.1504304,680.1854,680.134,-680.08716,-0.042177122,-680.12933
685.35333,966.5053,2736.5889,2085.0,13.156863,162.57869,2011.0005,2011.0,0.0,0.0,0.0,0.0,-576.634,-0.053344727,-0.0046320735,30.760382,0.0002470967,2.671011,576.69196,576.634,-576.5806,-0.048712652,-576.62933
847.85333,1227.9724,3442.7769,2725.0,13.169934,162.5777,2011.0015,2011.0,0.0,0.0,0.0,0.0,-414.13397,-0.040273666,-0.0046320735,16.678694,0.00018655058,1.918299,414.1789,414.13397,-414.0937,-0.035641592,-414.12933
986.52,1426.5742,4001.8623,2915.0,13.183006,162.5768,2011.0035,2011.0,0.0,0.0,0.0,0.0,-275.4673,-0.027201653,-0.0046320735,7.4931655,0.00012600006,1.2759846,275.4991,275.4673,-275.4401,-0.022569578,-275.46265
1075.8534,1563.754,4378.515,3166.0,13.163399,162.57822,2011.0012,2011.0,0.0,0.0,0.0,0.0,-186.13391,-0.046809196,-0.0046320735,8.712779,0.00021682364,0.86218596,186.18536,186.13393,-186.0871,-0.042177122,-186.12927
1125.6866,1640.5498,4589.122,3304.0,13.176471,162.57724,2011.0022,2011.0,0.0,0.0,0.0,0.0,-136.30066,-0.033737183,-0.0046320735,4.5984,0.0001562731,0.6313547,136.33904,136.30066,-136.26692,-0.029105108,-136.29602
1200.02,1757.4012,4907.401,3608.0,13.189543,162.57632,2011.0043,2011.0,0.0,0.0,0.0,0.0,-61.967285,-0.020665169,-0.0046320735,1.2805644,9.572258e-05,0.28703701,61.99258,61.96729,-61.94662,-0.016033094,-61.962654
1277.3534,1875.0857,5231.589,3764.0,13.176471,162.57724,2011.0022,2011.0,0.0,0.0,0.0,0.0,15.366089,-0.033737183,-0.0046320735,-0.51840854,0.0001562731,-0.07117685,15.404458,15.366126,15.399826,-0.029105108,15.370721
1343.52,1976.6764,5510.583,3932.0,13.169934,162.57779,2011.0024,2011.0,0.0,0.0,0.0,0.0,81.532715,-0.040273666,-0.0046320735,-3.2836213,0.00018655058,-0.37766552,81.57762,81.53272,81.57299,-0.035641592,81.537346
1400.6866,2066.231,5754.8315,4178.0,13.183006,162.5768,2011.0035,2011.0,0.0,0.0,0.0,0.0,138.69934,-0.027201653,-0.0046320735,-3.7728512,0.00012600006,-0.64246553,138.73119,138.69934,138.72655,-0.022569578,138.70398
1495.02,2212.9448,6155.9834,4496.0,13.196078,162.5759,2011.0055,2011.0,0.0,0.0,0.0,0.0,233.03271,-0.014129639,-0.0046320735,-3.292668,6.544952e-05,-1.0794246,233.05148,233.03271,233.04684,-0.009497565,233.03735
359.18668,467.45325,1366.2551,1049.0,13.150327,162.5792,2011.0002,2011.0,0.0,0.0,0.0,0.0,-902.80066,-0.05988121,-0.0046320735,54.060795,0.00027737417,4.181839,902.8652,902.80066,-902.7408,-0.055249136,-902.796
412.52002,543.9953,1581.3573,1150.0,13.176471,162.57732,2011.0032,2011.0,0.0,0.0,0.0,0.0,-849.4673,-0.033737183,-0.0046320735,28.658632,0.0001562731,3.934795,849.5057,849.4673,-849.43353,-0.029105108,-849.46265
463.68668,624.05066,1799.2299,1351.0,13.163399,162.57822,2011.0012,2011.0,0.0,0.0,0.0,0.0,-798.30066,-0.046809196,-0.0046320735,37.367813,0.00021682364,3.6977873,798.3521,798.30066,-798.25385,-0.042177122,-798.296
569.1867,784.4917,2240.7537,1666.0,13.156863,162.57869,2011.0005,2011.0,0.0,0.0,0.0,0.0,-692.8006,-0.053344727,-0.0046320735,36.95726,0.0002470967,3.2091033,692.8586,692.8006,-692.74725,-0.048712652,-692.79596
619.02,858.9635,2447.081,1755.0,13.169934,162.5777,2011.0015,2011.0,0.0,0.0,0.0,0.0,-642.9673,-0.040273666,-0.0046320735,25.89465,0.00018655058,2.9782717,643.0122,642.9673,-642.927,-0.035641592,-642.96265
668.52,936.55444,2658.4177,1958.0,13.156863,162.57869,2011.0005,2011.0,0.0,0.0,0.0,0.0,-593.4673,-0.053344727,-0.0046320735,31.65835,0.0002470967,2.748984,593.52527,593.4673,-593.41394,-0.048712652,-593.46265
774.6867,1107.4656,3119.8135,2410.0,13.169934,162.5777,2011.0015,2011.0,0.0,0.0,0.0,0.0,-487.3006,-0.040273666,-0.0046320735,19.625381,0.00018655058,2.2572122,487.34552,487.3006,-487.2603,-0.035641592,-487.29596
910.52,1308.2993,3678.6567,2662.0,13.163399,162.57822,2011.0012,2011.0,0.0,0.0,0.0,0.0,-351.4673,-0.046809196,-0.0046320735,16.4519,0.00021682364,1.6280223,351.51874,351.4673,-351.42047,-0.042177122,-351.46265
947.6867,1365.2074,3835.051,2745.0,13.176471,162.57724,2011.0022,2011.0,0.0,0.0,0.0,0.0,-314.3006,-0.033737183,-0.0046320735,10.603617,0.0001562731,1.4558635,314.339,314.3006,-314.26685,-0.029105108,-314.29596
1006.85333,1458.3102,4088.504,3001.0,13.189543,162.57632,2011.0043,2011.0,0.0,0.0,0.0,0.0,-255.13397,-0.020665169,-0.0046320735,5.2723866,9.572258e-05,1.1817993,255.15927,255.13397,-255.11331,-0.016033094,-255.12933
1103.02,1608.3147,4498.144,3334.0,13.176471,162.57724,2011.0022,2011.0,0.0,0.0,0.0,0.0,-158.96729,-0.033737183,-0.0046320735,5.363108,0.0001562731,0.73634815,159.00566,158.96729,-158.93355,-0.029105108,-158.96265
1248.3534,1830.6074,5109.3965,3715.0,13.169934,162.57779,2011.0024,2011.0,0.0,0.0,0.0,0.0,-13.633911,-0.040273666,-0.0046320735,0.5490876,0.00018655058,0.063153274,13.678817,13.633971,-13.593637,-0.035641592,-13.629279
1394.8534,2061.2678,5737.4053,4280.0,13.183006,162.5768,2011.0035,2011.0,0.0,0.0,0.0,0.0,132.86609,-0.027201653,-0.0046320735,-3.6141772,0.00012600006,-0.6154455,132.89793,132.86609,132.8933,-0.022569578,132.87073
471.02002,647.25464,1850.9058,1495.0,13.176471,162.57732,2011.0032,2011.0,0.0,0.0,0.0,0.0,-790.9673,-0.033737183,-0.0046320735,26.685007,0.0001562731,3.6638186,791.0057,790.9673,-790.93353,-0.029105108,-790.96265
656.85333,920.4446,2612.4373,1961.0,13.169934,162.5777,2011.0015,2011.0,0.0,0.0,0.0,0.0,-605.134,-0.040273666,-0.0046320735,24.370964,0.00018655058,2.803025,605.1789,605.134,-605.0937,-0.035641592,-605.12933
744.35333,1053.8627,2979.5142,2204.0,13.183006,162.5768,2011.0035,2011.0,0.0,0.0,0.0,0.0,-517.634,-0.027201653,-0.0046320735,14.0805,0.00012600006,2.3977187,517.66583,517.634,-517.60675,-0.022569578,-517.62933
805.85333,1146.9695,3236.3704,2335.0,13.169934,162.5777,2011.0015,2011.0,0.0,0.0,0.0,0.0,-456.13397,-0.040273666,-0.0046320735,18.370188,0.00018655058,2.1128461,456.1789,456.13397,-456.0937,-0.035641592,-456.12933
835.6867,1192.599,3361.7996,2398.0,13.183006,162.5768,2011.0035,2011.0,0.0,0.0,0.0,0.0,-426.3006,-0.027201653,-0.0046320735,11.596081,0.00012600006,1.9746556,426.33243,426.3006,-426.2734,-0.022569578,-426.29596
954.35333,1382.2528,3875.2878,2944.0,13.163399,162.57822,2011.0012,2011.0,0.0,0.0,0.0,0.0,-307.63397,-0.046809196,-0.0046320735,14.400099,0.00021682364,1.4249831,307.68542,307.63397,-307.58716,-0.042177122,-307.62933
1069.52,1555.1854,4353.8774,3194.0,13.176471,162.57724,2011.0022,2011.0,0.0,0.0,0.0,0.0,-192.46729,-0.033737183,-0.0046320735,6.493304,0.0001562731,0.8915226,192.50566,192.46729,-192.43355,-0.029105108,-192.46265
1151.1866,1680.8384,4698.667,3423.0,13.189543,162.57632,2011.0043,2011.0,0.0,0.0,0.0,0.0,-110.80066,-0.020665169,-0.0046320735,2.2897143,9.572258e-05,0.5132368,110.82596,110.80066,-110.77999,-0.016033094,-110.79603
1257.6866,1845.411,5149.5986,3758.0,13.169934,162.57779,2011.0024,2011.0,0.0,0.0,0.0,0.0,-4.300659,-0.040273666,-0.0046320735,0.17320332,0.00018655058,0.01992097,4.345565,4.3008504,-4.2603855,-0.035641592,-4.296027
1363.1866,2010.0367,5599.188,4127.0,13.183006,162.5768,2011.0035,2011.0,0.0,0.0,0.0,0.0,101.19934,-0.027201653,-0.0046320735,-2.7527893,0.00012600006,-0.4687628,101.23117,101.19935,101.22654,-0.022569578,101.20397
1475.8534,2181.2234,6071.0405,4351.0,13.176471,162.5774,2011.0043,2011.0,0.0,0.0,0.0,0.0,213.86609,-0.033737183,-0.0046320735,-7.2152395,0.0001562731,-0.99064344,213.90446,213.86609,213.89983,-0.029105108,213.87073
1532.6866,2269.559,6312.6274,4551.0,13.189543,162.5764,2011.0052,2011.0,0.0,0.0,0.0,0.0,270.69934,-0.020665169,-0.0046320735,-5.5940475,9.572258e-05,-1.2538992,270.72464,270.69934,270.72,-0.016033094,270.70398
1602.6866,2378.054,6609.639,4773.0,13.202615,162.5755,2011.0072,2011.0,0.0,0.0,0.0,0.0,340.69934,-0.007593155,-0.0046320735,-2.586983,3.5172052e-05,-1.5781444,340.71158,340.69934,340.70694,-0.0029610815,340.70398
1705.02,2535.404,7041.5854,5034.0,13.183006,162.57704,2011.0065,2011.0,0.0,0.0,0.0,0.0,443.0327,-0.027201653,-0.0046320735,-12.051222,0.00012600006,-2.05216,443.06454,443.0327,443.0599,-0.022569578,443.03735
1797.1866,2680.707,7437.085,5449.0,13.196078,162.57607,2011.0074,2011.0,0.0,0.0,0.0,0.0,535.19934,-0.014129639,-0.0046320735,-7.5621734,6.544952e-05,-2.4790826,535.21814,535.19934,535.2135,-0.009497565,535.204
174.68666,202.63634,623.21747,470.0,13.150327,162.5792,2011.0002,2011.0,0.0,0.0,0.0,0.0,-1087.3007,-0.05988121,-0.0046320735,65.10888,0.00027737417,5.0364566,1087.3652,1087.3007,-1087.2407,-0.055249136,-1087.296
243.35333,298.5267,894.9391,700.0,13.163399,162.57822,2011.0012,2011.0,0.0,0.0,0.0,0.0,-1018.634,-0.046809196,-0.0046320735,47.68144,0.00021682364,4.7183876,1018.6854,1018.634,-1018.58716,-0.042177122,-1018.62933
298.18668,372.37006,1107.6051,807.0,13.150327,162.5792,2011.0002,2011.0,0.0,0.0,0.0,0.0,-963.80066,-0.05988121,-0.0046320735,57.71355,0.00027737417,4.4643955,963.8652,963.80066,-963.7408,-0.055249136,-963.796
351.52002,454.6962,1332.3441,1011.0,13.163399,162.57822,2011.0012,2011.0,0.0,0.0,0.0,0.0,-910.4673,-0.046809196,-0.0046320735,42.61824,0.00021682364,4.2173514,910.51874,910.4673,-910.4205,-0.042177122,-910.46265
403.18668,529.73956,1542.2312,1119.0,13.176471,162.57732,2011.0032,2011.0,0.0,0.0,0.0,0.0,-858.80066,-0.033737183,-0.0046320735,28.973515,0.0001562731,3.9780278,858.83905,858.80066,-858.7669,-0.029105108,-858.796
500.52002,678.10846,1949.9429,1428.0,13.156863,162.57869,2011.0005,2011.0,0.0,0.0,0.0,0.0,-761.4673,-0.053344727,-0.0046320735,40.620266,0.0002470967,3.5271723,761.52527,761.4673,-761.41394,-0.048712652,-761.46265
556.1867,763.6611,2184.48,1606.0,13.169934,162.5777,2011.0015,2011.0,0.0,0.0,0.0,0.0,-705.8006,-0.040273666,-0.0046320735,28.425179,0.00018655058,3.2693202,705.8455,705.8006,-705.7603,-0.035641592,-705.79596
640.35333,897.55286,2547.218,1948.0,13.183006,162.5768,2011.0035,2011.0,0.0,0.0,0.0,0.0,-621.634,-0.027201653,-0.0046320735,16.909472,0.00012600006,2.8794541,621.66583,621.634,-621.60675,-0.022569578,-621.62933
734.6867,1038.7131,2938.233,2168.0,13.169934,162.5777,2011.0015,2011.0,0.0,0.0,0.0,0.0,-527.3006,-0.040273666,-0.0046320735,21.236328,0.00018655058,2.442495,527.3455,527.3006,-527.2603,-0.035641592,-527.29596
822.85333,1172.5065,3307.0203,2368.0,13.163399,162.57822,2011.0012,2011.0,0.0,0.0,0.0,0.0,-439.13397,-0.046809196,-0.0046320735,20.555508,0.00021682364,2.0341008,439.18542,439.13397,-439.08716,-0.042177122,-439.12933
880.35333,1263.2229,3553.7012,2621.0,13.176471,162.57724,2011.0022,2011.0,0.0,0.0,0.0,0.0,-381.63397,-0.033737183,-0.0046320735,12.875255,0.0001562731,1.7677566,381.67236,381.63397,-381.60022,-0.029105108,-381.62933
933.85333,1343.8291,3776.4897,2702.0,13.189543,162.57632,2011.0043,2011.0,0.0,0.0,0.0,0.0,-328.13397,-0.020665169,-0.0046320735,6.780944,9.572258e-05,1.5199406,328.15927,328.13397,-328.1133,-0.016033094,-328.12933
985.02,1423.9167,3994.9067,2912.0,13.176471,162.57724,2011.0022,2011.0,0.0,0.0,0.0,0.0,-276.9673,-0.033737183,-0.0046320735,9.344096,0.0001562731,1.2829328,277.00568,276.9673,-276.93353,-0.029105108,-276.96265
1034.8534,1499.856,4203.9707,3007.0,13.189543,162.57632,2011.0043,2011.0,0.0,0.0,0.0,0.0,-227.13391,-0.020665169,-0.0046320735,4.6937604,9.572258e-05,1.052101,227.15921,227.13391,-227.11325,-0.016033094,-227.12927
1128.8534,1646.2633,4603.995,3367.0,13.183006,162.5768,2011.0035,2011.0,0.0,0.0,0.0,0.0,-133.13391,-0.027201653,-0.0046320735,3.6214623,0.00012600006,0.61668605,133.16576,133.13391,-133.1067,-0.022569578,-133.12927
1187.52,1735.379,4849.6313,3459.0,13.196078,162.5759,2011.0055,2011.0,0.0,0.0,0.0,0.0,-74.467285,-0.014129639,-0.0046320735,1.0521958,6.544952e-05,0.34493792,74.486046,74.467285,-74.453156,-0.009497565,-74.462654
1229.02,1800.051,5026.317,3624.0,13.183006,162.5768,2011.0035,2011.0,0.0,0.0,0.0,0.0,-32.967285,-0.027201653,-0.0046320735,0.89676464,0.00012600006,0.15270689,32.99912,32.967297,-32.940083,-0.022569578,-32.962654
450.18668,626.1538,1782.232,1494.0,13.150327,162.5792,2011.0002,2011.0,0.0,0.0,0.0,0.0,-811.80066,-0.05988121,-0.0046320735,48.611607,0.00027737417,3.7603202,811.8652,811.80066,-811.7408,-0.055249136,-811.796
569.85333,784.519,2241.8179,1634.0,13.163399,162.57822,2011.0012,2011.0,0.0,0.0,0.0,0.0,-692.134,-0.046809196,-0.0046320735,32.398235,0.00021682364,3.2060153,692.1854,692.134,-692.08716,-0.042177122,-692.12933
687.52,979.45276,2762.7415,2195.0,13.176471,162.57732,2011.0032,2011.0,0.0,0.0,0.0,0.0,-574.4673,-0.033737183,-0.0046320735,19.380907,0.0001562731,2.6609747,574.5057,574.4673,-574.43353,-0.029105108,-574.46265
839.1867,1198.2196,3376.9893,2426.0,13.156863,162.57869,2011.0005,2011.0,0.0,0.0,0.0,0.0,-422.8006,-0.053344727,-0.0046320735,22.554182,0.0002470967,1.9584434,422.85858,422.8006,-422.74725,-0.048712652,-422.79596
972.85333,1421.724,3973.054,3132.0,13.169934,162.5777,2011.0015,2011.0,0.0,0.0,0.0,0.0,-289.13397,-0.040273666,-0.0046320735,11.644485,0.00018655058,1.3392898,289.1789,289.13397,-289.0937,-0.035641592,-289.12933
1200.6866,1757.9265,4909.32,3594.0,13.163399,162.57822,2011.0012,2011.0,0.0,0.0,0.0,0.0,-61.30066,-0.046809196,-0.0046320735,2.8694346,0.00021682364,0.28394917,61.3521,61.30068,-61.25385,-0.042177122,-61.29603
1339.8534,1978.344,5508.2183,4146.0,13.189543,162.57632,2011.0043,2011.0,0.0,0.0,0.0,0.0,77.86609,-0.020665169,-0.0046320735,-1.6091158,9.572258e-05,-0.36068144,77.89139,77.8661,77.88676,-0.016033094,77.87072
1486.52,2198.249,6117.184,4394.0,13.169934,162.57779,2011.0024,2011.0,0.0,0.0,0.0,0.0,224.53271,-0.040273666,-0.0046320735,-9.042756,0.00018655058,-1.040052,224.57762,224.53271,224.57298,-0.035641592,224.53735
1550.52,2297.8198,6389.4097,4621.0,13.196078,162.5759,2011.0055,2011.0,0.0,0.0,0.0,0.0,288.5327,-0.014129639,-0.0046320735,-4.076863,6.544952e-05,-1.3365047,288.55148,288.5327,288.54684,-0.009497565,288.53735
1628.8534,2419.072,6721.497,4860.0,13.183006,162.5768,2011.0035,2011.0,0.0,0.0,0.0,0.0,366.8661,-0.027201653,-0.0046320735,-9.979363,0.00012600006,-1.6993507,366.89792,366.8661,366.89328,-0.022569578,366.87073
192.85333,249.27518,730.647,627.0,13.150327,162.5792,2011.0002,2011.0,0.0,0.0,0.0,0.0,-1069.134,-0.05988121,-0.0046320735,64.02104,0.00027737417,4.952307,1069.1986,1069.134,-1069.0741,-0.055249136,-1069.1294
280.02,346.0118,1033.9672,759.0,13.176471,162.57732,2011.0032,2011.0,0.0,0.0,0.0,0.0,-981.9673,-0.033737183,-0.0046320735,33.12881,0.0001562731,4.5485444,982.0057,981.9673,-981.93353,-0.029105108,-981.96265
312.18668,392.54755,1164.1439,836.0,13.150327,162.5792,2011.0002,2011.0,0.0,0.0,0.0,0.0,-949.80066,-0.05988121,-0.0046320735,56.875214,0.00027737417,4.3995466,949.8652,949.80066,-949.7408,-0.055249136,-949.796
374.35336,489.8019,1428.4159,1091.0,13.176471,162.57732,2011.0032,2011.0,0.0,0.0,0.0,0.0,-887.6339,-0.033737183,-0.0046320735,29.946268,0.0001562731,4.1115856,887.6723,887.6339,-887.60016,-0.029105108,-887.6293
441.52002,589.159,1704.4591,1263.0,13.163399,162.57822,2011.0012,2011.0,0.0,0.0,0.0,0.0,-820.4673,-0.046809196,-0.0046320735,38.405415,0.00021682364,3.8004646,820.51874,820.4673,-820.4205,-0.042177122,-820.46265
528.52,722.72107,2070.6592,1551.0,13.156863,162.57869,2011.0005,2011.0,0.0,0.0,0.0,0.0,-733.4673,-0.053344727,-0.0046320735,39.126614,0.0002470967,3.3974743,733.52527,733.4673,-733.41394,-0.048712652,-733.46265
626.52,877.40356,2490.853,1919.0,13.169934,162.5777,2011.0015,2011.0,0.0,0.0,0.0,0.0,-635.4673,-0.040273666,-0.0046320735,25.592598,0.00018655058,2.943531,635.5122,635.4673,-635.427,-0.035641592,-635.46265
771.52,1093.6396,3090.582,2231.0,13.163399,162.57822,2011.0012,2011.0,0.0,0.0,0.0,0.0,-490.4673,-0.046809196,-0.0046320735,22.95838,0.00021682364,2.2718804,490.51874,490.4673,-490.42047,-0.042177122,-490.46265
839.6867,1201.029,3382.7202,2510.0,13.176471,162.57724,2011.0022,2011.0,0.0,0.0,0.0,0.0,-422.3006,-0.033737183,-0.0046320735,14.247232,0.0001562731,1.9561274,422.339,422.3006,-422.26685,-0.029105108,-422.29596
920.6867,1324.9193,3723.3103,2728.0,13.189543,162.57632,2011.0043,2011.0,0.0,0.0,0.0,0.0,-341.3006,-0.020665169,-0.0046320735,7.0530343,9.572258e-05,1.5809294,341.3259,341.3006,-341.27994,-0.016033094,-341.29596
1016.52,1471.7029,4126.6724,2987.0,13.183006,162.5768,2011.0035,2011.0,0.0,0.0,0.0,0.0,-245.46729,-0.027201653,-0.0046320735,6.677116,0.00012600006,1.1370225,245.49913,245.46729,-245.44008,-0.022569578,-245.46265
1060.3534,1538.896,4311.276,3086.0,13.169934,162.57779,2011.0024,2011.0,0.0,0.0,0.0,0.0,-201.63391,-0.040273666,-0.0046320735,8.120537,0.00018655058,0.9339831,201.67882,201.63391,-201.59364,-0.035641592,-201.62927
1113.02,1621.3094,4536.089,3301.0,13.183006,162.5768,2011.0035,2011.0,0.0,0.0,0.0,0.0,-148.96729,-0.027201653,-0.0046320735,4.0521564,0.00012600006,0.6900274,148.99913,148.96729,-148.94008,-0.022569578,-148.96265
1232.6866,1808.431,5046.703,3733.0,13.196078,162.5759,2011.0055,2011.0,0.0,0.0,0.0,0.0,-29.30066,-0.014129639,-0.0046320735,0.41400772,6.544952e-05,0.1357228,29.319422,29.300663,-29.28653,-0.009497565,-29.296026
1352.52,1991.3917,5550.141,4034.0,13.176471,162.5774,2011.0043,2011.0,0.0,0.0,0.0,0.0,90.532715,-0.033737183,-0.0046320735,-3.0543187,0.0001562731,-0.41935417,90.57108,90.53272,90.56645,-0.029105108,90.537346
1414.02,2085.4116,5808.737,4151.0,13.202615,162.5755,2011.0072,2011.0,0.0,0.0,0.0,0.0,152.03271,-0.007593155,-0.0046320735,-1.154408,3.5172052e-05,-0.70422673,152.04495,152.03271,152.04031,-0.0029610815,152.03735
1453.1866,2146.0103,5974.7227,4269.0,13.176471,162.5774,2011.0043,2011.0,0.0,0.0,0.0,0.0,191.19934,-0.033737183,-0.0046320735,-6.450527,0.0001562731,-0.8856494,191.23772,191.19934,191.23308,-0.029105108,191.20398
1505.6866,2227.2092,6197.1655,4423.0,13.189543,162.5764,2011.0052,2011.0,0.0,0.0,0.0,0.0,243.69934,-0.020665169,-0.0046320735,-5.036088,9.572258e-05,-1.1288333,243.72464,243.69934,243.72,-0.016033094,243.70398
1587.52,2356.3538,6548.5366,4801.0,13.202615,162.5755,2011.0072,2011.0,0.0,0.0,0.0,0.0,325.5327,-0.007593155,-0.0046320735,-2.4718204,3.5172052e-05,-1.5078914,325.54495,325.5327,325.5403,-0.0029610815,325.53735
1748.02,2602.4114,7224.6914,5201.0,13.183006,162.57704,2011.0065,2011.0,0.0,0.0,0.0,0.0,486.0327,-0.027201653,-0.0046320735,-13.220893,0.00012600006,-2.2513392,486.06454,486.0327,486.0599,-0.022569578,486.03735
1859.52,2777.697,7702.2656,5656.0,13.196078,162.57607,2011.0074,2011.0,0.0,0.0,0.0,0.0,597.5327,-0.014129639,-0.0046320735,-8.442922,6.544952e-05,-2.7678154,597.5515,597.5327,597.5469,-0.009497565,597.53735
2109.3533,3161.939,8757.027,6328.0,13.202615,162.57574,2011.0103,2011.0,0.0,0.0,0.0,0.0,847.36597,-0.007593155,-0.0046320735,-6.434181,3.5172052e-05,-3.9250615,847.3782,847.36597,847.37354,-0.0029610815,847.3706
2196.8533,3296.0571,9125.621,6517.0,13.20915,162.57547,2011.0134,2011.0,0.0,0.0,0.0,0.0,934.86597,-0.0010576248,-0.0046320735,-0.98873746,4.898996e-06,-4.330368,934.87164,934.86597,934.867,0.0035744486,934.8706
983.52,1424.3572,3993.4744,2965.0,13.150327,162.5792,2011.0002,2011.0,0.0,0.0,0.0,0.0,-278.4673,-0.05988121,-0.0046320735,16.674957,0.00027737417,1.2898809,278.5318,278.4673,-278.4074,-0.055249136,-278.46265
1073.1866,1560.9205,4369.524,3181.0,13.163399,162.57822,2011.0012,2011.0,0.0,0.0,0.0,0.0,-188.80066,-0.046809196,-0.0046320735,8.837607,0.00021682364,0.87453854,188.85211,188.80066,-188.75385,-0.042177122,-188.79602
1141.52,1666.355,4658.5513,3381.0,13.176471,162.57732,2011.0032,2011.0,0.0,0.0,0.0,0.0,-120.467285,-0.033737183,-0.0046320735,4.0642266,0.0001562731,0.5580133,120.50565,120.46729,-120.43355,-0.029105108,-120.462654
1208.02,1769.2137,4940.2896,3585.0,13.163399,162.57822,2011.0012,2011.0,0.0,0.0,0.0,0.0,-53.967285,-0.046809196,-0.0046320735,2.5261652,0.00021682364,0.24998043,54.018726,53.967304,-53.920475,-0.042177122,-53.962654
1326.02,1953.5834,5443.5664,4021.0,13.156863,162.57869,2011.0005,2011.0,0.0,0.0,0.0,0.0,64.032715,-0.053344727,-0.0046320735,-3.4158077,0.0002470967,-0.29660425,64.09069,64.03274,64.08606,-0.048712652,64.037346
1423.8534,2102.7205,5854.171,4243.0,13.169934,162.5777,2011.0015,2011.0,0.0,0.0,0.0,0.0,161.86609,-0.040273666,-0.0046320735,-6.518941,0.00018655058,-0.7497756,161.911,161.86609,161.90636,-0.035641592,161.87073
1512.1866,2239.7124,6229.11,4526.0,13.183006,162.5768,2011.0035,2011.0,0.0,0.0,0.0,0.0,250.19934,-0.027201653,-0.0046320735,-6.8058357,0.00012600006,-1.1589417,250.23119,250.19934,250.22655,-0.022569578,250.20398
1641.52,2439.9922,6777.561,4941.0,13.163399,162.57822,2011.0012,2011.0,0.0,0.0,0.0,0.0,379.5327,-0.046809196,-0.0046320735,-17.765621,0.00021682364,-1.7580234,379.58417,379.5327,379.57953,-0.042177122,379.53735
1761.52,2625.5918,7286.04,5301.0,13.176471,162.57724,2011.0022,2011.0,0.0,0.0,0.0,0.0,499.5327,-0.033737183,-0.0046320735,-16.852827,0.0001562731,-2.3138723,499.5711,499.5327,499.56647,-0.029105108,499.53735
1844.3534,2752.136,7634.2056,5440.0,13.189543,162.57632,2011.0043,2011.0,0.0,0.0,0.0,0.0,582.3661,-0.020665169,-0.0046320735,-12.034694,9.572258e-05,-2.6975625,582.3914,582.3661,582.3868,-0.016033094,582.3707
1930.1866,2884.76,7997.6826,5716.0,13.169934,162.57779,2011.0024,2011.0,0.0,0.0,0.0,0.0,668.19934,-0.040273666,-0.0046320735,-26.910837,0.00018655058,-3.0951483,668.24426,668.19934,668.2396,-0.035641592,668.204
1971.6866,2948.864,8173.3887,5822.0,13.183006,162.5768,2011.0035,2011.0,0.0,0.0,0.0,0.0,709.69934,-0.027201653,-0.0046320735,-19.304995,0.00012600006,-3.2873795,709.7312,709.69934,709.72656,-0.022569578,709.704
2004.52,2999.6235,8312.4795,5907.0,13.169934,162.57779,2011.0024,2011.0,0.0,0.0,0.0,0.0,742.5327,-0.040273666,-0.0046320735,-29.904514,0.00018655058,-3.439466,742.57764,742.5327,742.573,-0.035641592,742.53735
2065.52,3095.2185,8573.222,6195.0,13.183006,162.5768,2011.0035,2011.0,0.0,0.0,0.0,0.0,803.5327,-0.027201653,-0.0046320735,-21.857418,0.00012600006,-3.7220225,803.5646,803.5327,803.55994,-0.022569578,803.53735
2133.3533,3199.156,8858.903,6307.0,13.169934,162.57779,2011.0024,2011.0,0.0,0.0,0.0,0.0,871.36597,-0.040273666,-0.0046320735,-35.0931,0.00018655058,-4.036231,871.4109,871.36597,871.40625,-0.035641592,871.3706
2169.1868,3254.6228,9010.831,6412.0,13.183006,162.5768,2011.0035,2011.0,0.0,0.0,0.0,0.0,907.19946,-0.027201653,-0.0046320735,-24.677324,0.00012600006,-4.2022147,907.2313,907.19946,907.2267,-0.022569578,907.2041
831.35333,1193.9016,3357.6624,2571.0,13.163399,162.57822,2011.0012,2011.0,0.0,0.0,0.0,0.0,-430.63397,-0.046809196,-0.0046320735,20.15763,0.00021682364,1.9947282,430.68542,430.63397,-430.58716,-0.042177122,-430.62933
1001.35333,1449.4331,4064.5457,2958.0,13.156863,162.57869,2011.0005,2011.0,0.0,0.0,0.0,0.0,-260.63397,-0.053344727,-0.0046320735,13.903448,0.0002470967,1.2072757,260.69196,260.63397,-260.58063,-0.048712652,-260.62933
1059.6866,1538.888,4310.278,3102.0,13.183006,162.5768,2011.0035,2011.0,0.0,0.0,0.0,0.0,-202.30066,-0.027201653,-0.0046320735,5.502912,0.00012600006,0.9370715,202.3325,202.30066,-202.27345,-0.022569578,-202.29602
1131.3534,1651.4896,4617.0176,3394.0,13.169934,162.5777,2011.0015,2011.0,0.0,0.0,0.0,0.0,-130.63391,-0.040273666,-0.0046320735,5.2611065,0.00018655058,0.6051059,130.67882,130.63391,-130.59364,-0.035641592,-130.62927
1248.6866,1830.5549,5109.7915,3663.0,13.163399,162.57822,2011.0012,2011.0,0.0,0.0,0.0,0.0,-13.300659,-0.046809196,-0.0046320735,0.62259316,0.00021682364,0.06160963,13.3521,13.300742,-13.25385,-0.042177122,-13.296027
1278.6866,1876.687,5236.4116,3723.0,13.176471,162.57724,2011.0022,2011.0,0.0,0.0,0.0,0.0,16.69934,-0.033737183,-0.0046320735,-0.5633887,0.0001562731,-0.077352576,16.73771,16.699375,16.733078,-0.029105108,16.703974
1311.02,1926.9382,5373.8345,3849.0,13.163399,162.57822,2011.0012,2011.0,0.0,0.0,0.0,0.0,49.032715,-0.046809196,-0.0046320735,-2.295182,0.00021682364,-0.22712314,49.084156,49.032738,49.079525,-0.042177122,49.037346
1436.3534,2128.7466,5919.1616,4466.0,13.176471,162.57724,2011.0022,2011.0,0.0,0.0,0.0,0.0,174.36609,-0.033737183,-0.0046320735,-5.882621,0.0001562731,-0.80767655,174.40446,174.36609,174.39983,-0.029105108,174.37073
1576.1866,2336.7703,6496.8193,4644.0,13.169934,162.57779,2011.0024,2011.0,0.0,0.0,0.0,0.0,314.19934,-0.040273666,-0.0046320735,-12.653959,0.00018655058,-1.4553944,314.24426,314.19934,314.23962,-0.035641592,314.20398
1623.52,2410.1604,6697.706,4800.0,13.183006,162.5768,2011.0035,2011.0,0.0,0.0,0.0,0.0,361.5327,-0.027201653,-0.0046320735,-9.834288,0.00012600006,-1.6746461,361.56454,361.5327,361.5599,-0.022569578,361.53735
1684.3534,2504.6616,6956.215,5010.0,13.169934,162.57779,2011.0024,2011.0,0.0,0.0,0.0,0.0,422.3661,-0.040273666,-0.0046320735,-17.010231,0.00018655058,-1.9564308,422.411,422.3661,422.40637,-0.035641592,422.37073
1775.3534,2646.8152,7344.3467,5351.0,13.196078,162.5759,2011.0055,2011.0,0.0,0.0,0.0,0.0,513.3661,-0.014129639,-0.0046320735,-7.2536774,6.544952e-05,-2.3779495,513.3849,513.3661,513.38025,-0.009497565,513.3707
1934.8534,2892.4202,8018.2554,5792.0,13.176471,162.5774,2011.0043,2011.0,0.0,0.0,0.0,0.0,672.8661,-0.033737183,-0.0046320735,-22.700605,0.0001562731,-3.1167653,672.9045,672.8661,672.89984,-0.029105108,672.8707
2007.8534,3004.838,8326.711,5972.0,13.189543,162.5764,2011.0052,2011.0,0.0,0.0,0.0,0.0,745.8661,-0.020665169,-0.0046320735,-15.413448,9.572258e-05,-3.4549065,745.8914,745.8661,745.8868,-0.016033094,745.8707
2069.52,3099.8774,8587.414,6104.0,13.176471,162.5774,2011.0043,2011.0,0.0,0.0,0.0,0.0,807.5327,-0.033737183,-0.0046320735,-27.24388,0.0001562731,-3.7405508,807.5711,807.5327,807.56647,-0.029105108,807.53735
2138.02,3207.2708,8880.299,6425.0,13.202615,162.5755,2011.0072,2011.0,0.0,0.0,0.0,0.0,876.0327,-0.007593155,-0.0046320735,-6.651852,3.5172052e-05,-4.057848,876.0449,876.0327,876.0403,-0.0029610815,876.03735
2264.1868,3401.004,9412.406,6708.0,13.183006,162.57704,2011.0065,2011.0,0.0,0.0,0.0,0.0,1002.19946,-0.027201653,-0.0046320735,-27.261482,0.00012600006,-4.6422615,1002.2313,1002.19946,1002.2267,-0.022569578,1002.2041
2362.6868,3556.1204,9834.82,7170.0,13.20915,162.57515,2011.0094,2011.0,0.0,0.0,0.0,0.0,1100.6995,-0.0010576248,-0.0046320735,-1.1641271,4.898996e-06,-5.0985208,1100.7052,1100.6995,1100.7006,0.0035744486,1100.7041
2463.52,3709.6343,10257.705,7302.0,13.183006,162.57704,2011.0065,2011.0,0.0,0.0,0.0,0.0,1201.5327,-0.027201653,-0.0046320735,-32.683674,0.00012600006,-5.565588,1201.5646,1201.5327,1201.5599,-0.022569578,1201.5374
2511.3533,3783.8865,10460.896,7472.0,13.196078,162.57607,2011.0074,2011.0,0.0,0.0,0.0,0.0,1249.366,-0.014129639,-0.0046320735,-17.65309,6.544952e-05,-5.787155,1249.3848,1249.366,1249.3801,-0.009497565,1249.3706
272.52,339.68753,1011.2077,785.0,13.163399,162.74089,2013.0002,2013.0,0.0625,0.3507362,2.828427,2.0,-989.4673,-0.046809196,0.057867926,46.31617,-0.002708751,-57.25842,989.57196,989.4673,-989.4205,-0.104677126,-989.52515
328.68668,418.49887,1234.47,913.0,13.189543,162.73901,2013.0032,2013.0,0.03125,0.25,2.0,2.0,-933.30066,-0.020665169,0.026617926,19.286816,-0.0005500639,-24.842527,933.34796,933.30066,-933.27997,-0.047283094,-933.3273
371.35336,482.43057,1411.0691,1041.0,13.176471,162.73991,2013.0012,2013.0,0.0,0.0,0.0,0.0,-890.6339,-0.033737183,-0.0046320735,30.04748,0.0001562731,4.1254816,890.6723,890.6339,-890.60016,-0.029105108,-890.6293
514.35333,699.376,2008.2306,1473.0,13.169934,162.74039,2013.0005,2013.0,0.0,0.0,0.0,0.0,-747.634,-0.040273666,-0.0046320735,30.10996,0.00018655058,3.4630954,747.6789,747.634,-747.5937,-0.035641592,-747.62933
567.6867,782.02704,2234.153,1658.0,13.196078,162.7385,2013.0034,2013.0,0.0,0.0,0.0,0.0,-694.3006,-0.014129639,-0.0046320735,9.810217,6.544952e-05,3.2160513,694.31934,694.3006,-694.2865,-0.009497565,-694.29596
632.6867,882.0834,2508.408,1863.0,13.183006,162.7394,2013.0015,2013.0,0.0,0.0,0.0,0.0,-629.3006,-0.027201653,-0.0046320735,17.118015,0.00012600006,2.9149666,629.33246,629.3006,-629.2734,-0.022569578,-629.29596
788.35333,1132.5276,3184.6665,2502.0,13.189543,162.73892,2013.0022,2013.0,0.0,0.0,0.0,0.0,-473.63397,-0.020665169,-0.0046320735,9.787726,9.572258e-05,2.1939073,473.65927,473.63397,-473.6133,-0.016033094,-473.62933
1028.52,1490.2151,4177.4185,3022.0,13.183006,162.73947,2013.0024,2013.0,0.0,0.0,0.0,0.0,-233.46729,-0.027201653,-0.0046320735,6.350696,0.00012600006,1.0814376,233.49913,233.46729,-233.44008,-0.022569578,-233.46265
1137.1866,1665.0259,4649.808,3524.0,13.196078,162.7385,2013.0034,2013.0,0.0,0.0,0.0,0.0,-124.80066,-0.014129639,-0.0046320735,1.7633883,6.544952e-05,0.57808584,124.81942,124.80066,-124.78653,-0.009497565,-124.79603
1321.8534,1943.2107,5418.8667,3903.0,13.189543,162.73909,2013.0043,2013.0,0.0,0.0,0.0,0.0,59.86609,-0.020665169,-0.0046320735,-1.2371428,9.572258e-05,-0.2773041,59.891384,59.866093,59.886753,-0.016033094,59.87072
1355.02,1993.9626,5558.409,3949.0,13.202615,162.7381,2013.0052,2013.0,0.0,0.0,0.0,0.0,93.032715,-0.007593155,-0.0046320735,-0.70641184,3.5172052e-05,-0.43093437,93.04494,93.032715,93.040306,-0.0029610815,93.037346
1374.8534,2024.7255,5642.5967,4022.0,13.189543,162.73909,2013.0043,2013.0,0.0,0.0,0.0,0.0,112.86609,-0.020665169,-0.0046320735,-2.3323967,9.572258e-05,-0.522804,112.89139,112.86609,112.88676,-0.016033094,112.87072
1406.1866,2073.391,5775.718,4137.0,13.215686,162.7372,2013.0072,2013.0,0.0,0.0,0.0,0.0,144.19934,0.0054779053,-0.0046320735,0.7899103,-2.537406e-05,-0.6679419,144.20946,144.19934,144.19386,0.010109979,144.20398
1452.02,2144.5857,5970.4614,4297.0,13.189543,162.73909,2013.0043,2013.0,0.0,0.0,0.0,0.0,190.03271,-0.020665169,-0.0046320735,-3.9270582,9.572258e-05,-0.8802455,190.05801,190.03271,190.05338,-0.016033094,190.03735
1495.8534,2212.0515,6155.593,4400.0,13.215686,162.7372,2013.0072,2013.0,0.0,0.0,0.0,0.0,233.86609,0.0054779053,-0.0046320735,1.2810963,-2.537406e-05,-1.0832849,233.8762,233.86609,233.86061,0.010109979,233.87073
1691.02,2514.9749,6984.4673,5071.0,13.196078,162.73874,2013.0065,2013.0,0.0,0.0,0.0,0.0,429.0327,-0.014129639,-0.0046320735,-6.062077,6.544952e-05,-1.987311,429.05148,429.0327,429.04684,-0.009497565,429.03735
1821.1866,2719.6772,7542.118,5577.0,13.20915,162.73775,2013.0074,2013.0,0.0,0.0,0.0,0.0,559.19934,-0.0010576248,-0.0046320735,-0.5914231,4.898996e-06,-2.5902524,559.205,559.19934,559.2004,0.0035744486,559.204
341.68668,440.2566,1292.1409,984.0,13.163399,162.74089,2013.0002,2013.0,0.0,0.0,0.0,0.0,-920.30066,-0.046809196,-0.0046320735,43.078533,0.00021682364,4.2629004,920.3521,920.30066,-920.25385,-0.042177122,-920.296
380.52002,494.73877,1446.5839,1025.0,13.189543,162.73901,2013.0032,2013.0,0.0,0.0,0.0,0.0,-881.4673,-0.020665169,-0.0046320735,18.21567,9.572258e-05,4.083021,881.4926,881.4673,-881.4466,-0.016033094,-881.46265
455.85336,622.0414,1783.6735,1430.0,13.176471,162.73991,2013.0012,2013.0,0.0,0.0,0.0,0.0,-806.1339,-0.033737183,-0.0046320735,27.196688,0.0001562731,3.7340715,806.1723,806.1339,-806.10016,-0.029105108,-806.1293
549.35333,753.8516,2156.895,1592.0,13.163399,162.74089,2013.0002,2013.0,0.0,0.0,0.0,0.0,-712.634,-0.046809196,-0.0046320735,33.357822,0.00021682364,3.300973,712.6854,712.634,-712.58716,-0.042177122,-712.62933
636.6867,893.6295,2534.7756,1954.0,13.189543,162.73901,2013.0032,2013.0,0.0,0.0,0.0,0.0,-625.3006,-0.020665169,-0.0046320735,12.921943,9.572258e-05,2.8964384,625.3259,625.3006,-625.2799,-0.016033094,-625.29596
806.6867,1148.1709,3239.7441,2333.0,13.169934,162.74039,2013.0005,2013.0,0.0,0.0,0.0,0.0,-455.3006,-0.040273666,-0.0046320735,18.336624,0.00018655058,2.108986,455.34552,455.3006,-455.2603,-0.035641592,-455.29596
883.02,1270.4524,3570.517,2688.0,13.183006,162.7394,2013.0015,2013.0,0.0,0.0,0.0,0.0,-378.9673,-0.027201653,-0.0046320735,10.308537,0.00012600006,1.7554044,378.9991,378.9673,-378.9401,-0.022569578,-378.96265
993.6867,1439.6332,4035.74,2995.0,13.196078,162.7385,2013.0034,2013.0,0.0,0.0,0.0,0.0,-268.3006,-0.014129639,-0.0046320735,3.7909906,6.544952e-05,1.2427881,268.31937,268.3006,-268.28647,-0.009497565,-268.29596
1182.1866,1727.5398,4827.7695,3445.0,13.176471,162.73991,2013.0012,2013.0,0.0,0.0,0.0,0.0,-79.80066,-0.033737183,-0.0046320735,2.6922493,0.0001562731,0.36964253,79.83903,79.80067,-79.76692,-0.029105108,-79.79603
1249.3534,1834.2385,5117.368,3775.0,13.202615,162.73802,2013.0043,2013.0,0.0,0.0,0.0,0.0,-12.633911,-0.007593155,-0.0046320735,0.09593125,3.5172052e-05,0.058521204,12.646136,12.633914,-12.626318,-0.0029610815,-12.629279
1349.8534,1988.5353,5541.118,4046.0,13.189543,162.73892,2013.0022,2013.0,0.0,0.0,0.0,0.0,87.86609,-0.020665169,-0.0046320735,-1.8157675,9.572258e-05,-0.40700218,87.89139,87.86609,87.88676,-0.016033094,87.87072
1451.02,2145.868,5971.306,4383.0,13.202615,162.73802,2013.0043,2013.0,0.0,0.0,0.0,0.0,189.03271,-0.007593155,-0.0046320735,-1.4353547,3.5172052e-05,-0.8756134,189.04495,189.03271,189.04031,-0.0029610815,189.03735
1538.52,2278.376,6336.9746,4518.0,13.196078,162.7385,2013.0034,2013.0,0.0,0.0,0.0,0.0,276.5327,-0.014129639,-0.0046320735,-3.9073074,6.544952e-05,-1.2809198,276.55148,276.5327,276.54684,-0.009497565,276.53735
1589.8534,2358.759,6556.2583,4744.0,13.183006,162.73947,2013.0024,2013.0,0.0,0.0,0.0,0.0,327.8661,-0.027201653,-0.0046320735,-8.918499,0.00012600006,-1.5186998,327.89792,327.8661,327.89328,-0.022569578,327.87073
1693.6866,2521.5146,7000.116,5141.0,13.196078,162.7385,2013.0034,2013.0,0.0,0.0,0.0,0.0,431.69934,-0.014129639,-0.0046320735,-6.099756,6.544952e-05,-1.9996631,431.7181,431.69934,431.71347,-0.009497565,431.70398
1892.02,2825.0508,7834.73,5565.0,13.189543,162.73909,2013.0043,2013.0,0.0,0.0,0.0,0.0,630.0327,-0.020665169,-0.0046320735,-13.019732,9.572258e-05,-2.9183578,630.05804,630.0327,630.0534,-0.016033094,630.03735
2012.6866,3019.2266,8359.671,6233.0,13.215686,162.7372,2013.0072,2013.0,0.0,0.0,0.0,0.0,750.69934,0.0054779053,-0.0046320735,4.11226,-2.537406e-05,-3.4772944,750.7095,750.69934,750.69385,0.010109979,750.704
2183.02,3275.1846,9067.945,6435.0,13.196078,162.73874,2013.0065,2013.0,0.0,0.0,0.0,0.0,921.0327,-0.014129639,-0.0046320735,-13.01386,6.544952e-05,-4.266291,921.0515,921.0327,921.0469,-0.009497565,921.03735
2257.6868,3393.093,9388.732,6832.0,13.222222,162.73685,2013.0094,2013.0,0.0,0.0,0.0,0.0,995.69946,0.012014389,-0.0046320735,11.962721,-5.5651533e-05,-4.612153,995.7161,995.69946,995.68744,0.016646463,995.7041
471.35336,653.1671,1861.768,1533.0,13.189543,162.73901,2013.0032,2013.0,0.0,0.0,0.0,0.0,-790.6339,-0.020665169,-0.0046320735,16.338583,9.572258e-05,3.6622744,790.65924,790.6339,-790.6132,-0.016033094,-790.6293
738.6867,1058.3347,2978.978,2363.0,13.196078,162.7385,2013.0034,2013.0,0.0,0.0,0.0,0.0,-523.3006,-0.014129639,-0.0046320735,7.394048,6.544952e-05,2.423967,523.31934,523.3006,-523.2865,-0.009497565,-523.29596
934.52,1350.2186,3788.8542,2859.0,13.202615,162.73802,2013.0043,2013.0,0.0,0.0,0.0,0.0,-327.4673,-0.007593155,-0.0046320735,2.4865098,3.5172052e-05,1.5168525,327.47952,327.4673,-327.4597,-0.0029610815,-327.46265
1196.3534,1758.9514,4904.8057,3747.0,13.196078,162.7385,2013.0034,2013.0,0.0,0.0,0.0,0.0,-65.63391,-0.014129639,-0.0046320735,0.9273834,6.544952e-05,0.3040211,65.65267,65.63391,-65.61978,-0.009497565,-65.62928
1458.3534,2157.1836,6002.3306,4427.0,13.215686,162.7372,2013.0072,2013.0,0.0,0.0,0.0,0.0,196.36609,0.0054779053,-0.0046320735,1.0756749,-2.537406e-05,-0.90958214,196.3762,196.36609,196.36061,0.010109979,196.37073
1604.6866,2380.274,6616.5425,4746.0,13.196078,162.73874,2013.0065,2013.0,0.0,0.0,0.0,0.0,342.69934,-0.014129639,-0.0046320735,-4.842218,6.544952e-05,-1.5874085,342.7181,342.69934,342.71347,-0.009497565,342.70398
1713.8534,2553.9595,7087.8276,5258.0,13.20915,162.73775,2013.0074,2013.0,0.0,0.0,0.0,0.0,451.8661,-0.0010576248,-0.0046320735,-0.4779048,4.898996e-06,-2.093077,451.8718,451.8661,451.86716,0.0035744486,451.87073
155.68666,191.61523,573.5957,464.0,13.163399,162.74089,2013.0002,2013.0,0.0,0.0,0.0,0.0,-1106.3007,-0.046809196,-0.0046320735,51.785046,0.00021682364,5.124466,1106.352,1106.3007,-1106.2539,-0.042177122,-1106.296
248.68666,312.2517,926.59375,754.0,13.176471,162.73991,2013.0012,2013.0,0.0,0.0,0.0,0.0,-1013.30066,-0.033737183,-0.0046320735,34.18591,0.0001562731,4.693683,1013.33905,1013.30066,-1013.2669,-0.029105108,-1013.296
360.68668,480.13055,1390.3942,1136.0,13.189543,162.73901,2013.0032,2013.0,0.0,0.0,0.0,0.0,-901.30066,-0.020665169,-0.0046320735,18.62553,9.572258e-05,4.174891,901.326,901.30066,-901.27997,-0.016033094,-901.296
523.52,713.8193,2047.4689,1511.0,13.169934,162.74039,2013.0005,2013.0,0.0,0.0,0.0,0.0,-738.4673,-0.040273666,-0.0046320735,29.740786,0.00018655058,3.4206347,738.5122,738.4673,-738.427,-0.035641592,-738.46265
601.02,836.7606,2380.7964,1820.0,13.183006,162.7394,2013.0015,2013.0,0.0,0.0,0.0,0.0,-660.9673,-0.027201653,-0.0046320735,17.979403,0.00012600006,3.061649,660.99915,660.9673,-660.94006,-0.022569578,-660.96265
696.6867,981.67084,2780.3997,2083.0,13.196078,162.7385,2013.0034,2013.0,0.0,0.0,0.0,0.0,-565.3006,-0.014129639,-0.0046320735,7.987493,6.544952e-05,2.6185138,565.31934,565.3006,-565.2865,-0.009497565,-565.29596
833.85333,1190.335,3355.049,2444.0,13.176471,162.73991,2013.0012,2013.0,0.0,0.0,0.0,0.0,-428.13397,-0.033737183,-0.0046320735,14.444034,0.0001562731,1.983148,428.17236,428.13397,-428.10022,-0.029105108,-428.12933
936.35333,1355.1238,3800.3088,2898.0,13.189543,162.73892,2013.0022,2013.0,0.0,0.0,0.0,0.0,-325.63397,-0.020665169,-0.0046320735,6.729281,9.572258e-05,1.5083605,325.65927,325.63397,-325.6133,-0.016033094,-325.62933
1104.6866,1608.2913,4500.5557,3270.0,13.183006,162.73947,2013.0024,2013.0,0.0,0.0,0.0,0.0,-157.30066,-0.027201653,-0.0046320735,4.2788377,0.00012600006,0.7286282,157.3325,157.30066,-157.27345,-0.022569578,-157.29602
1157.6866,1689.6053,4723.9033,3399.0,13.196078,162.7385,2013.0034,2013.0,0.0,0.0,0.0,0.0,-104.30066,-0.014129639,-0.0046320735,1.4737307,6.544952e-05,0.4831283,104.31942,104.30066,-104.28653,-0.009497565,-104.29603
1247.1866,1832.0756,5110.3184,3807.0,13.20915,162.73758,2013.0055,2013.0,0.0,0.0,0.0,0.0,-14.800659,-0.0010576248,-0.0046320735,0.015653545,4.898996e-06,0.06855774,14.806349,14.800659,-14.799602,0.0035744486,-14.796027
1405.6866,2074.0642,5776.196,4213.0,13.189543,162.73909,2013.0043,2013.0,0.0,0.0,0.0,0.0,143.69934,-0.020665169,-0.0046320735,-2.969571,9.572258e-05,-0.66562593,143.72464,143.69934,143.72,-0.016033094,143.70398
1521.52,2255.5513,6271.1797,4638.0,13.202615,162.7381,2013.0052,2013.0,0.0,0.0,0.0,0.0,259.5327,-0.007593155,-0.0046320735,-1.9706721,3.5172052e-05,-1.2021745,259.54495,259.5327,259.5403,-0.0029610815,259.53735
1671.8534,2484.3284,6901.449,4957.0,13.196078,162.73874,2013.0065,2013.0,0.0,0.0,0.0,0.0,409.8661,-0.014129639,-0.0046320735,-5.79126,6.544952e-05,-1.8985299,409.88486,409.8661,409.88022,-0.009497565,409.87073
1716.8534,2553.6782,7091.677,5065.0,13.20915,162.73775,2013.0074,2013.0,0.0,0.0,0.0,0.0,454.8661,-0.0010576248,-0.0046320735,-0.48107767,4.898996e-06,-2.1069732,454.8718,454.8661,454.86716,0.0035744486,454.87073
1800.1866,2685.3167,7449.742,5457.0,13.222222,162.73685,2013.0094,2013.0,0.0,0.0,0.0,0.0,538.19934,0.012014389,-0.0046320735,6.4661365,-5.5651533e-05,-2.4929788,538.216,538.19934,538.1873,0.016646463,538.204
906.6867,1304.319,3665.8865,2693.0,13.163399,162.74089,2013.0002,2013.0,0.0,0.0,0.0,0.0,-355.3006,-0.046809196,-0.0046320735,16.631336,0.00021682364,1.6457784,355.35205,355.3006,-355.25378,-0.042177122,-355.29596
1022.85333,1489.5691,4167.9077,3170.0,13.176471,162.73991,2013.0012,2013.0,0.0,0.0,0.0,0.0,-239.13397,-0.033737183,-0.0046320735,8.067706,0.0001562731,1.1076862,239.17235,239.13397,-239.10023,-0.029105108,-239.12933
1155.6866,1687.6992,4717.5537,3416.0,13.169934,162.74039,2013.0005,2013.0,0.0,0.0,0.0,0.0,-106.30066,-0.040273666,-0.0046320735,4.2811174,0.00018655058,0.49239245,106.345566,106.30067,-106.26038,-0.035641592,-106.29603
1222.1866,1791.069,5000.208,3642.0,13.196078,162.7385,2013.0034,2013.0,0.0,0.0,0.0,0.0,-39.80066,-0.014129639,-0.0046320735,0.5623689,6.544952e-05,0.18435958,39.81942,39.800663,-39.78653,-0.009497565,-39.79603
1279.02,1877.8855,5239.048,3757.0,13.183006,162.7394,2013.0015,2013.0,0.0,0.0,0.0,0.0,17.032715,-0.027201653,-0.0046320735,-0.463318,0.00012600006,-0.07889678,17.06455,17.032738,17.059917,-0.022569578,17.037348
1379.8534,2039.4247,5676.287,4247.0,13.196078,162.7385,2013.0034,2013.0,0.0,0.0,0.0,0.0,117.86609,-0.014129639,-0.0046320735,-1.6654053,6.544952e-05,-0.54596436,117.88485,117.86609,117.88022,-0.009497565,117.87072
1555.8534,2305.7966,6411.5186,4593.0,13.176471,162.73991,2013.0012,2013.0,0.0,0.0,0.0,0.0,293.8661,-0.033737183,-0.0046320735,-9.914214,0.0001562731,-1.3612093,293.90448,293.8661,293.89984,-0.029105108,293.87073
1630.8534,2423.68,6732.6978,4916.0,13.202615,162.73802,2013.0043,2013.0,0.0,0.0,0.0,0.0,368.8661,-0.007593155,-0.0046320735,-2.8008573,3.5172052e-05,-1.7086148,368.87833,368.8661,368.8737,-0.0029610815,368.87073
1787.02,2670.1418,7403.3057,5526.0,13.189543,162.73892,2013.0022,2013.0,0.0,0.0,0.0,0.0,525.0327,-0.020665169,-0.0046320735,-10.84989,9.572258e-05,-2.4319901,525.05804,525.0327,525.0534,-0.016033094,525.03735
2058.3533,3091.3904,8555.956,6398.0,13.196078,162.7385,2013.0034,2013.0,0.0,0.0,0.0,0.0,796.36597,-0.014129639,-0.0046320735,-11.252363,6.544952e-05,-3.6888256,796.38477,796.36597,796.3801,-0.009497565,796.3706
2251.6868,3382.4556,9360.854,6716.0,13.189543,162.73909,2013.0043,2013.0,0.0,0.0,0.0,0.0,989.69946,-0.020665169,-0.0046320735,-20.452307,9.572258e-05,-4.5843606,989.7248,989.69946,989.72015,-0.016033094,989.7041
2358.8533,3550.5796,9819.277,7159.0,13.215686,162.7372,2013.0072,2013.0,0.0,0.0,0.0,0.0,1096.866,0.0054779053,-0.0046320735,6.0085278,-2.537406e-05,-5.080764,1096.8761,1096.866,1096.8605,0.010109979,1096.8706
2461.52,3707.1934,10250.409,7332.0,13.202615,162.7381,2013.0052,2013.0,0.0,0.0,0.0,0.0,1199.5327,-0.007593155,-0.0046320735,-9.108237,3.5172052e-05,-5.5563235,1199.5449,1199.5327,1199.5403,-0.0029610815,1199.5374
2584.02,3896.134,10768.577,7639.0,13.196078,162.73874,2013.0065,2013.0,0.0,0.0,0.0,0.0,1322.0327,-0.014129639,-0.0046320735,-18.679844,6.544952e-05,-6.1237526,1322.0515,1322.0327,1322.0469,-0.009497565,1322.0374
2669.52,4031.1423,11135.913,8099.0,13.20915,162.73775,2013.0074,2013.0,0.0,0.0,0.0,0.0,1407.5327,-0.0010576248,-0.0046320735,-1.4886415,4.898996e-06,-6.519795,1407.5385,1407.5327,1407.5338,0.0035744486,1407.5374
2765.0203,4176.5596,11536.476,8212.0,13.222222,162.73685,2013.0094,2013.0,0.0,0.0,0.0,0.0,1503.033,0.012014389,-0.0046320735,18.058023,-5.5651533e-05,-6.962159,1503.0496,1503.033,1503.021,0.016646463,1503.0376
2826.5203,4272.4224,11798.443,8468.0,13.20915,162.73775,2013.0074,2013.0,0.0,0.0,0.0,0.0,1564.533,-0.0010576248,-0.0046320735,-1.6546888,4.898996e-06,-7.2470317,1564.5387,1564.533,1564.534,0.0035744486,1564.5376
217.35333,268.33606,802.16956,653.0,13.163399,162.74089,2013.0002,2013.0,0.0,0.0,0.0,0.0,-1044.634,-0.046809196,-0.0046320735,48.89848,0.00021682364,4.8388214,1044.6854,1044.634,-1044.5873,-0.042177122,-1044.6294
312.52,402.49384,1181.5325,942.0,13.176471,162.73991,2013.0012,2013.0,0.0,0.0,0.0,0.0,-949.4673,-0.033737183,-0.0046320735,32.032352,0.0001562731,4.398002,949.5057,949.4673,-949.43353,-0.029105108,-949.46265
399.68668,523.95026,1526.7993,1092.0,13.189543,162.73901,2013.0032,2013.0,0.0,0.0,0.0,0.0,-862.30066,-0.020665169,-0.0046320735,17.819588,9.572258e-05,3.99424,862.326,862.30066,-862.27997,-0.016033094,-862.296
505.18668,686.0565,1970.9513,1461.0,13.169934,162.74039,2013.0005,2013.0,0.0,0.0,0.0,0.0,-756.80066,-0.040273666,-0.0046320735,30.479137,0.00018655058,3.5055563,756.8456,756.80066,-756.7604,-0.035641592,-756.796
550.1867,753.48956,2157.5369,1557.0,13.183006,162.7394,2013.0015,2013.0,0.0,0.0,0.0,0.0,-711.8006,-0.027201653,-0.0046320735,19.362152,0.00012600006,3.2971127,711.83246,711.8006,-711.7734,-0.022569578,-711.79596
602.35333,835.947,2381.3892,1779.0,13.196078,162.7385,2013.0034,2013.0,0.0,0.0,0.0,0.0,-659.634,-0.014129639,-0.0046320735,9.32039,6.544952e-05,3.055473,659.6527,659.634,-659.6199,-0.009497565,-659.62933
688.52,969.7309,2747.0437,2069.0,13.183006,162.7394,2013.0015,2013.0,0.0,0.0,0.0,0.0,-573.4673,-0.027201653,-0.0046320735,15.599257,0.00012600006,2.6563425,573.49915,573.4673,-573.44006,-0.022569578,-573.46265
875.02,1255.7795,3532.5447,2624.0,13.176471,162.73991,2013.0012,2013.0,0.0,0.0,0.0,0.0,-386.9673,-0.033737183,-0.0046320735,13.055186,0.0001562731,1.7924609,387.00568,386.9673,-386.93353,-0.029105108,-386.96265
974.02,1408.9473,3951.9556,2936.0,13.202615,162.73802,2013.0043,2013.0,0.0,0.0,0.0,0.0,-287.9673,-0.007593155,-0.0046320735,2.1865802,3.5172052e-05,1.3338857,287.97952,287.9673,-287.9597,-0.0029610815,-287.96265
1052.3534,1527.4224,4278.9927,3094.0,13.189543,162.73892,2013.0022,2013.0,0.0,0.0,0.0,0.0,-209.63391,-0.020665169,-0.0046320735,4.33212,9.572258e-05,0.97103965,209.65921,209.63391,-209.61325,-0.016033094,-209.62927
1227.3534,1806.1683,5034.8384,3833.0,13.20915,162.73758,2013.0055,2013.0,0.0,0.0,0.0,0.0,-34.63391,-0.0010576248,-0.0046320735,0.036629684,4.898996e-06,0.16042683,34.6396,34.63391,-34.632854,0.0035744486,-34.62928
1448.3534,2141.421,5959.4277,4388.0,13.189543,162.73909,2013.0043,2013.0,0.0,0.0,0.0,0.0,186.36609,-0.020665169,-0.0046320735,-3.8512866,9.572258e-05,-0.8632614,186.39139,186.36609,186.38675,-0.016033094,186.37073
1534.52,2272.0984,6319.863,4536.0,13.202615,162.7381,2013.0052,2013.0,0.0,0.0,0.0,0.0,272.5327,-0.007593155,-0.0046320735,-2.0693831,3.5172052e-05,-1.2623916,272.54495,272.5327,272.5403,-0.0029610815,272.53735
1671.02,2490.65,6911.623,5184.0,13.215686,162.7372,2013.0072,2013.0,0.0,0.0,0.0,0.0,409.0327,0.0054779053,-0.0046320735,2.2406425,-2.537406e-05,-1.8946695,409.04285,409.0327,409.02722,0.010109979,409.03735
1873.3534,2795.7559,7754.8677,5507.0,13.196078,162.73874,2013.0065,2013.0,0.0,0.0,0.0,0.0,611.3661,-0.014129639,-0.0046320735,-8.638382,6.544952e-05,-2.8318927,611.3849,611.3661,611.38025,-0.009497565,611.3707
1902.6866,2841.3435,7879.5596,5625.0,13.20915,162.73775,2013.0074,2013.0,0.0,0.0,0.0,0.0,640.69934,-0.0010576248,-0.0046320735,-0.6776195,4.898996e-06,-2.9677665,640.705,640.69934,640.7004,0.0035744486,640.704
1973.8534,2952.8882,8183.784,5935.0,13.222222,162.73685,2013.0094,2013.0,0.0,0.0,0.0,0.0,711.8661,0.012014389,-0.0046320735,8.552636,-5.5651533e-05,-3.297416,711.88275,711.8661,711.85406,0.016646463,711.8707
2074.6868,3108.545,8610.528,6217.0,13.20915,162.73775,2013.0074,2013.0,0.0,0.0,0.0,0.0,812.69946,-0.0010576248,-0.0046320735,-0.8595311,4.898996e-06,-3.7644837,812.70514,812.69946,812.7005,0.0035744486,812.7041
389.18668,509.09595,1484.8202,1090.0,13.163399,162.74089,2013.0002,2013.0,0.0,0.0,0.0,0.0,-872.80066,-0.046809196,-0.0046320735,40.8551,0.00021682364,4.0428767,872.8521,872.80066,-872.75385,-0.042177122,-872.796
455.68668,614.70483,1770.653,1364.0,13.176471,162.73991,2013.0012,2013.0,0.0,0.0,0.0,0.0,-806.30066,-0.033737183,-0.0046320735,27.202312,0.0001562731,3.734844,806.33905,806.30066,-806.2669,-0.029105108,-806.296
531.85333,727.49036,2084.0872,1548.0,13.189543,162.73901,2013.0032,2013.0,0.0,0.0,0.0,0.0,-730.134,-0.020665169,-0.0046320735,15.088342,9.572258e-05,3.3820343,730.1593,730.134,-730.1133,-0.016033094,-730.12933
703.52,993.02435,2810.7168,2119.0,13.183006,162.7394,2013.0015,2013.0,0.0,0.0,0.0,0.0,-558.4673,-0.027201653,-0.0046320735,15.191233,0.00012600006,2.5868614,558.49915,558.4673,-558.44006,-0.022569578,-558.46265
818.35333,1171.5092,3298.5425,2501.0,13.196078,162.7385,2013.0034,2013.0,0.0,0.0,0.0,0.0,-443.63397,-0.014129639,-0.0046320735,6.268388,6.544952e-05,2.0549452,443.65274,443.63397,-443.61984,-0.009497565,-443.62933
969.6867,1401.1272,3931.608,2894.0,13.202615,162.73802,2013.0043,2013.0,0.0,0.0,0.0,0.0,-292.3006,-0.007593155,-0.0046320735,2.2194836,3.5172052e-05,1.3539579,292.31284,292.3006,-292.293,-0.0029610815,-292.29596
1051.6866,1527.2744,4277.745,3128.0,13.189543,162.73892,2013.0022,2013.0,0.0,0.0,0.0,0.0,-210.30066,-0.020665169,-0.0046320735,4.3458986,9.572258e-05,0.9741281,210.32596,210.30066,-210.28,-0.016033094,-210.29602
1166.1866,1702.5964,4759.6343,3414.0,13.196078,162.7385,2013.0034,2013.0,0.0,0.0,0.0,0.0,-95.80066,-0.014129639,-0.0046320735,1.3536288,6.544952e-05,0.4437557,95.81942,95.80066,-95.78653,-0.009497565,-95.79603
1306.6866,1932.9895,5378.3657,4141.0,13.20915,162.73758,2013.0055,2013.0,0.0,0.0,0.0,0.0,44.69934,-0.0010576248,-0.0046320735,-0.047275133,4.898996e-06,-0.20705064,44.70503,44.69934,44.700397,0.0035744486,44.70397
1536.8534,2275.9648,6330.2124,4561.0,13.189543,162.73909,2013.0043,2013.0,0.0,0.0,0.0,0.0,274.8661,-0.020665169,-0.0046320735,-5.6801543,9.572258e-05,-1.2731999,274.8914,274.8661,274.88675,-0.016033094,274.87073
1651.52,2457.6846,6823.9414,5062.0,13.215686,162.7372,2013.0072,2013.0,0.0,0.0,0.0,0.0,389.5327,0.0054779053,-0.0046320735,2.1338234,-2.537406e-05,-1.8043442,389.54285,389.5327,389.52722,0.010109979,389.53735
1947.8534,2911.5066,8071.5024,5786.0,13.196078,162.73874,2013.0065,2013.0,0.0,0.0,0.0,0.0,685.8661,-0.014129639,-0.0046320735,-9.69104,6.544952e-05,-3.1769822,685.8849,685.8661,685.88025,-0.009497565,685.8707
2036.52,3050.3804,8450.36,6147.0,13.20915,162.73775,2013.0074,2013.0,0.0,0.0,0.0,0.0,774.5327,-0.0010576248,-0.0046320735,-0.819165,4.898996e-06,-3.5876925,774.5384,774.5327,774.53375,0.0035744486,774.53735
2149.02,3224.0088,8926.415,6463.0,13.222222,162.73685,2013.0094,2013.0,0.0,0.0,0.0,0.0,887.0327,0.012014389,-0.0046320735,10.657156,-5.5651533e-05,-4.108801,887.0494,887.0327,887.0207,0.016646463,887.03735
166.18666,248.58116,688.9637,624.0,13.163399,162.74089,2013.0002,2013.0,0.0,0.0,0.0,0.0,-1095.8007,-0.046809196,-0.0046320735,51.29355,0.00021682364,5.075829,1095.852,1095.8007,-1095.7539,-0.042177122,-1095.796
425.02002,646.63934,1781.7306,1643.0,13.189543,162.73901,2013.0032,2013.0,0.0,0.0,0.0,0.0,-836.9673,-0.020665169,-0.0046320735,17.29607,9.572258e-05,3.876894,836.9926,836.9673,-836.9466,-0.016033094,-836.96265
660.6867,926.9868,2629.746,1984.0,13.169934,162.74039,2013.0005,2013.0,0.0,0.0,0.0,0.0,-601.3006,-0.040273666,-0.0046320735,24.21658,0.00018655058,2.7852685,601.3455,601.3006,-601.2603,-0.035641592,-601.29596
719.35333,1013.2718,2870.2637,2051.0,13.183006,162.7394,2013.0015,2013.0,0.0,0.0,0.0,0.0,-542.634,-0.027201653,-0.0046320735,14.760541,0.00012600006,2.5135205,542.66583,542.634,-542.60675,-0.022569578,-542.62933
854.85333,1243.8243,3481.3992,2793.0,13.196078,162.7385,2013.0034,2013.0,0.0,0.0,0.0,0.0,-407.13397,-0.014129639,-0.0046320735,5.752656,6.544952e-05,1.8858745,407.15274,407.13397,-407.11984,-0.009497565,-407.12933
1142.8534,1666.689,4661.11,3322.0,13.176471,162.73991,2013.0012,2013.0,0.0,0.0,0.0,0.0,-119.13391,-0.033737183,-0.0046320735,4.0192423,0.0001562731,0.551837,119.17228,119.13391,-119.100174,-0.029105108,-119.12928
1182.1866,1728.1787,4828.913,3491.0,13.202615,162.73802,2013.0043,2013.0,0.0,0.0,0.0,0.0,-79.80066,-0.007593155,-0.0046320735,0.6059388,3.5172052e-05,0.36964253,79.81288,79.80066,-79.79307,-0.0029610815,-79.79603
1256.52,1842.0046,5141.7856,3655.0,13.183006,162.73947,2013.0024,2013.0,0.0,0.0,0.0,0.0,-5.467285,-0.027201653,-0.0046320735,0.14871919,0.00012600006,0.025324866,5.499119,5.467355,-5.4400835,-0.022569578,-5.462653
1324.02,1946.4786,5427.8975,3869.0,13.196078,162.7385,2013.0034,2013.0,0.0,0.0,0.0,0.0,62.032715,-0.014129639,-0.0046320735,-0.87649983,6.544952e-05,-0.2873401,62.051476,62.032715,62.046844,-0.009497565,62.037346
1430.6866,2118.674,5892.7993,4431.0,13.20915,162.73758,2013.0055,2013.0,0.0,0.0,0.0,0.0,168.69934,-0.0010576248,-0.0046320735,-0.1784206,4.898996e-06,-0.78142774,168.70503,168.69934,168.7004,0.0035744486,168.70398
1610.3534,2389.206,6640.855,4741.0,13.189543,162.73909,2013.0043,2013.0,0.0,0.0,0.0,0.0,348.3661,-0.020665169,-0.0046320735,-7.199044,9.572258e-05,-1.6136574,348.3914,348.3661,348.38675,-0.016033094,348.37073
1689.02,2513.3792,6978.6895,5109.0,13.215686,162.7372,2013.0072,2013.0,0.0,0.0,0.0,0.0,427.0327,0.0054779053,-0.0046320735,2.3392448,-2.537406e-05,-1.9780469,427.04285,427.0327,427.02722,0.010109979,427.03735
1949.8534,2922.0352,8093.3936,6049.0,13.222222,162.73685,2013.0094,2013.0,0.0,0.0,0.0,0.0,687.8661,0.012014389,-0.0046320735,8.264291,-5.5651533e-05,-3.1862462,687.88275,687.8661,687.85406,0.016646463,687.8707
135.18666,174.53848,511.83102,414.0,13.163399,162.74089,2013.0002,2013.0,0.0,0.0,0.0,0.0,-1126.8007,-0.046809196,-0.0046320735,52.744633,0.00021682364,5.2194233,1126.852,1126.8007,-1126.7539,-0.042177122,-1126.796
284.68668,400.09525,1134.3103,1020.0,13.176471,162.73991,2013.0012,2013.0,0.0,0.0,0.0,0.0,-977.30066,-0.033737183,-0.0046320735,32.97137,0.0001562731,4.5269284,977.33905,977.30066,-977.2669,-0.029105108,-977.296
456.52002,616.4696,1775.0034,1376.0,13.169934,162.74039,2013.0005,2013.0,0.0,0.0,0.0,0.0,-805.4673,-0.040273666,-0.0046320735,32.43912,0.00018655058,3.7309837,805.5122,805.4673,-805.427,-0.035641592,-805.46265
578.85333,809.3916,2299.1304,1822.0,13.183006,162.7394,2013.0015,2013.0,0.0,0.0,0.0,0.0,-683.134,-0.027201653,-0.0046320735,18.582373,0.00012600006,3.1643267,683.16583,683.134,-683.10675,-0.022569578,-683.12933
781.6867,1110.3726,3135.417,2301.0,13.176471,162.73991,2013.0012,2013.0,0.0,0.0,0.0,0.0,-480.3006,-0.033737183,-0.0046320735,16.203989,0.0001562731,2.2247877,480.339,480.3006,-480.26685,-0.029105108,-480.29596
895.02,1293.0723,3628.5732,2793.0,13.189543,162.73892,2013.0022,2013.0,0.0,0.0,0.0,0.0,-366.9673,-0.020665169,-0.0046320735,7.583441,9.572258e-05,1.6998194,366.99258,366.9673,-366.94662,-0.016033094,-366.96265
1168.6866,1719.3746,4793.351,3704.0,13.196078,162.7385,2013.0034,2013.0,0.0,0.0,0.0,0.0,-93.30066,-0.014129639,-0.0046320735,1.3183047,6.544952e-05,0.43217552,93.31942,93.30066,-93.28653,-0.009497565,-93.29603
1411.8534,2083.082,5801.3906,4210.0,13.189543,162.73909,2013.0043,2013.0,0.0,0.0,0.0,0.0,149.86609,-0.020665169,-0.0046320735,-3.097008,9.572258e-05,-0.69419074,149.89139,149.86609,149.88675,-0.016033094,149.87073
1483.8534,2194.2053,6106.031,4415.0,13.202615,162.7381,2013.0052,2013.0,0.0,0.0,0.0,0.0,221.86609,-0.007593155,-0.0046320735,-1.6846635,3.5172052e-05,-1.0277001,221.87833,221.86609,221.87369,-0.0029610815,221.87073
1542.52,2284.5017,6353.8135,4562.0,13.215686,162.7372,2013.0072,2013.0,0.0,0.0,0.0,0.0,280.5327,0.0054779053,-0.0046320735,1.5367316,-2.537406e-05,-1.2994481,280.54285,280.5327,280.52722,0.010109979,280.53735
1740.3534,2589.8518,7190.9414,5101.0,13.196078,162.73874,2013.0065,2013.0,0.0,0.0,0.0,0.0,478.3661,-0.014129639,-0.0046320735,-6.75914,6.544952e-05,-2.2158267,478.38486,478.3661,478.38022,-0.009497565,478.37073
1780.1866,2652.2417,7361.1357,5301.0,13.20915,162.73775,2013.0074,2013.0,0.0,0.0,0.0,0.0,518.19934,-0.0010576248,-0.0046320735,-0.5480605,4.898996e-06,-2.4003375,518.205,518.19934,518.2004,0.0035744486,518.204
1893.3534,2830.7383,7846.9175,5780.0,13.222222,162.73685,2013.0094,2013.0,0.0,0.0,0.0,0.0,631.3661,0.012014389,-0.0046320735,7.585478,-5.5651533e-05,-2.924534,631.38275,631.3661,631.35406,0.016646463,631.3707
782.6867,1111.6749,3139.219,2267.0,13.163399,162.74089,2013.0002,2013.0,0.0,0.0,0.0,0.0,-479.3006,-0.046809196,-0.0046320735,22.435677,0.00021682364,2.2201555,479.35205,479.3006,-479.25378,-0.042177122,-479.29596
883.52,1269.8591,3570.204,2655.0,13.189543,162.73901,2013.0032,2013.0,0.0,0.0,0.0,0.0,-378.4673,-0.020665169,-0.0046320735,7.82109,9.572258e-05,1.7530882,378.49258,378.4673,-378.44662,-0.016033094,-378.46265
983.85333,1425.2213,3995.5078,2974.0,13.176471,162.73991,2013.0012,2013.0,0.0,0.0,0.0,0.0,-278.13397,-0.033737183,-0.0046320735,9.383456,0.0001562731,1.288337,278.17236,278.13397,-278.10022,-0.029105108,-278.12933
1221.1866,1798.9039,5012.789,3837.0,13.183006,162.7394,2013.0015,2013.0,0.0,0.0,0.0,0.0,-40.80066,-0.027201653,-0.0046320735,1.1098454,0.00012600006,0.18899165,40.832493,40.80067,-40.773457,-0.022569578,-40.79603
1457.02,2157.6072,6001.149,4467.0,13.202615,162.73802,2013.0043,2013.0,0.0,0.0,0.0,0.0,195.03271,-0.007593155,-0.0046320735,-1.4809136,3.5172052e-05,-0.90340585,195.04495,195.03271,195.04031,-0.0029610815,195.03735
1689.6866,2521.2058,6993.757,5267.0,13.196078,162.7385,2013.0034,2013.0,0.0,0.0,0.0,0.0,427.69934,-0.014129639,-0.0046320735,-6.043237,6.544952e-05,-1.9811348,427.7181,427.69934,427.71347,-0.009497565,427.70398
1944.3534,2906.094,8056.6724,5728.0,13.189543,162.73909,2013.0043,2013.0,0.0,0.0,0.0,0.0,682.3661,-0.020665169,-0.0046320735,-14.101211,9.572258e-05,-3.16077,682.3914,682.3661,682.3868,-0.016033094,682.3707
2009.02,3007.842,8333.819,6048.0,13.215686,162.7372,2013.0072,2013.0,0.0,0.0,0.0,0.0,747.0327,0.0054779053,-0.0046320735,4.0921745,-2.537406e-05,-3.4603105,747.04285,747.0327,747.0272,0.010109979,747.03735
2101.8533,3150.759,8726.004,6285.0,13.202615,162.7381,2013.0052,2013.0,0.0,0.0,0.0,0.0,839.86597,-0.007593155,-0.0046320735,-6.3772326,3.5172052e-05,-3.8903208,839.8782,839.86597,839.87354,-0.0029610815,839.8706
2223.02,3338.0007,9239.164,6653.0,13.196078,162.73874,2013.0065,2013.0,0.0,0.0,0.0,0.0,961.0327,-0.014129639,-0.0046320735,-13.579045,6.544952e-05,-4.4515743,961.0515,961.0327,961.0469,-0.009497565,961.03735
2316.02,3482.4827,9634.423,6964.0,13.20915,162.73775,2013.0074,2013.0,0.0,0.0,0.0,0.0,1054.0327,-0.0010576248,-0.0046320735,-1.1147711,4.898996e-06,-4.882357,1054.0385,1054.0327,1054.0338,0.0035744486,1054.0374
2378.02,3577.145,9894.934,7025.0,13.196078,162.73874,2013.0065,2013.0,0.0,0.0,0.0,0.0,1116.0327,-0.014129639,-0.0046320735,-15.769139,6.544952e-05,-5.1695457,1116.0515,1116.0327,1116.0469,-0.009497565,1116.0374
2441.8533,3677.3582,10168.122,7347.0,13.222222,162.73685,2013.0094,2013.0,0.0,0.0,0.0,0.0,1179.866,0.012014389,-0.0046320735,14.175368,-5.5651533e-05,-5.4652257,1179.8826,1179.866,1179.854,0.016646463,1179.8706
396.85336,524.81494,1523.8468,1173.0,13.163399,162.74089,2013.0002,2013.0,0.0,0.0,0.0,0.0,-865.1339,-0.046809196,-0.0046320735,40.496223,0.00021682364,4.007364,865.18536,865.1339,-865.0871,-0.042177122,-865.1293
538.1867,759.85913,2150.5347,1782.0,13.176471,162.73991,2013.0012,2013.0,0.0,0.0,0.0,0.0,-723.8006,-0.033737183,-0.0046320735,24.418993,0.0001562731,3.3526976,723.839,723.8006,-723.76685,-0.029105108,-723.79596
704.85333,991.2404,2809.5723,2026.0,13.183006,162.7394,2013.0015,2013.0,0.0,0.0,0.0,0.0,-557.134,-0.027201653,-0.0046320735,15.154964,0.00012600006,2.5806854,557.16583,557.134,-557.10675,-0.022569578,-557.12933
751.35333,1063.9525,3007.8508,2207.0,13.169934,162.74039,2013.0005,2013.0,0.0,0.0,0.0,0.0,-510.63397,-0.040273666,-0.0046320735,20.565102,0.00018655058,2.365294,510.6789,510.63397,-510.5937,-0.035641592,-510.62933
847.35333,1216.9213,3422.3577,2602.0,13.183006,162.7394,2013.0015,2013.0,0.0,0.0,0.0,0.0,-414.63397,-0.027201653,-0.0046320735,11.278729,0.00012600006,1.920615,414.6658,414.63397,-414.60678,-0.022569578,-414.62933
1007.1867,1466.2749,4103.2134,3145.0,13.189543,162.73892,2013.0022,2013.0,0.0,0.0,0.0,0.0,-254.8006,-0.020665169,-0.0046320735,5.265497,9.572258e-05,1.180255,254.8259,254.8006,-254.77994,-0.016033094,-254.79596
1217.1866,1786.2683,4984.2783,3727.0,13.196078,162.7385,2013.0034,2013.0,0.0,0.0,0.0,0.0,-44.80066,-0.014129639,-0.0046320735,0.6330171,6.544952e-05,0.20751995,44.81942,44.800663,-44.78653,-0.009497565,-44.79603
1453.1866,2146.5247,5975.6465,4309.0,13.215686,162.7372,2013.0072,2013.0,0.0,0.0,0.0,0.0,191.19934,0.0054779053,-0.0046320735,1.0473719,-2.537406e-05,-0.8856494,191.20946,191.19934,191.19386,0.010109979,191.20398
1609.3534,2391.2986,6643.166,4913.0,13.20915,162.73775,2013.0074,2013.0,0.0,0.0,0.0,0.0,347.3661,-0.0010576248,-0.0046320735,-0.367383,4.898996e-06,-1.6090252,347.3718,347.3661,347.36716,0.0035744486,347.37073
869.85333,1250.2698,3515.0735,2643.0,13.163399,162.74089,2013.0002,2013.0,0.0,0.0,0.0,0.0,-392.13397,-0.046809196,-0.0046320735,18.355476,0.00021682364,1.8163934,392.18542,392.13397,-392.08716,-0.042177122,-392.12933
990.52,1436.7474,4025.9155,3020.0,13.176471,162.73991,2013.0012,2013.0,0.0,0.0,0.0,0.0,-271.4673,-0.033737183,-0.0046320735,9.158542,0.0001562731,1.2574564,271.50568,271.4673,-271.43353,-0.029105108,-271.46265
1139.6866,1664.0662,4651.7627,3410.0,13.169934,162.74039,2013.0005,2013.0,0.0,0.0,0.0,0.0,-122.30066,-0.040273666,-0.0046320735,4.925496,0.00018655058,0.5665056,122.345566,122.30067,-122.26038,-0.035641592,-122.29603
1285.8534,1897.8925,5284.9307,4024.0,13.183006,162.7394,2013.0015,2013.0,0.0,0.0,0.0,0.0,23.866089,-0.027201653,-0.0046320735,-0.64919704,0.00012600006,-0.11054948,23.897924,23.866104,23.893291,-0.022569578,23.870722
1447.8534,2138.4932,5953.4395,4248.0,13.176471,162.73991,2013.0012,2013.0,0.0,0.0,0.0,0.0,185.86609,-0.033737183,-0.0046320735,-6.2705984,0.0001562731,-0.8609454,185.90446,185.86609,185.89983,-0.029105108,185.87073
1482.8534,2192.7837,6102.018,4368.0,13.189543,162.73892,2013.0022,2013.0,0.0,0.0,0.0,0.0,220.86609,-0.020665169,-0.0046320735,-4.564235,9.572258e-05,-1.023068,220.89139,220.86609,220.88675,-0.016033094,220.87073
1563.8534,2320.373,6449.3784,4725.0,13.202615,162.73802,2013.0043,2013.0,0.0,0.0,0.0,0.0,301.8661,-0.007593155,-0.0046320735,-2.292116,3.5172052e-05,-1.3982658,301.87833,301.8661,301.8737,-0.0029610815,301.87073
1684.8534,2506.165,6959.648,5051.0,13.183006,162.73947,2013.0024,2013.0,0.0,0.0,0.0,0.0,422.8661,-0.027201653,-0.0046320735,-11.502656,0.00012600006,-1.9587468,422.89792,422.8661,422.89328,-0.022569578,422.87073
1800.52,2686.7632,7452.8325,5464.0,13.196078,162.7385,2013.0034,2013.0,0.0,0.0,0.0,0.0,538.5327,-0.014129639,-0.0046320735,-7.6092725,6.544952e-05,-2.494523,538.5515,538.5327,538.5469,-0.009497565,538.53735
1900.02,2838.3533,7870.305,5652.0,13.20915,162.73758,2013.0055,2013.0,0.0,0.0,0.0,0.0,638.0327,-0.0010576248,-0.0046320735,-0.6747992,4.898996e-06,-2.9554143,638.0384,638.0327,638.03375,0.0035744486,638.03735
1993.8534,2983.2913,8267.578,5940.0,13.189543,162.73909,2013.0043,2013.0,0.0,0.0,0.0,0.0,731.8661,-0.020665169,-0.0046320735,-15.124136,9.572258e-05,-3.3900576,731.8914,731.8661,731.8868,-0.016033094,731.8707
2094.3533,3140.8342,8697.246,6345.0,13.215686,162.7372,2013.0072,2013.0,0.0,0.0,0.0,0.0,832.36597,0.0054779053,-0.0046320735,4.559622,-2.537406e-05,-3.8555803,832.3761,832.36597,832.3605,0.010109979,832.3706
2251.52,3381.495,9358.878,6684.0,13.196078,162.73874,2013.0065,2013.0,0.0,0.0,0.0,0.0,989.5327,-0.014129639,-0.0046320735,-13.98174,6.544952e-05,-4.583588,989.5515,989.5327,989.5469,-0.009497565,989.53735
2388.3533,3598.9312,9949.217,7349.0,13.222222,162.73685,2013.0094,2013.0,0.0,0.0,0.0,0.0,1126.366,0.012014389,-0.0046320735,13.5325985,-5.5651533e-05,-5.21741,1126.3826,1126.366,1126.354,0.016646463,1126.3706
938.52,1354.1779,3801.8293,2810.0,13.163399,162.74089,2013.0002,2013.0,0.0,0.0,0.0,0.0,-323.4673,-0.046809196,-0.0046320735,15.141244,0.00021682364,1.4983243,323.51874,323.4673,-323.42047,-0.042177122,-323.46265
1051.6866,1531.7994,4285.827,3220.0,13.176471,162.73991,2013.0012,2013.0,0.0,0.0,0.0,0.0,-210.30066,-0.033737183,-0.0046320735,7.0949516,0.0001562731,0.9741281,210.33904,210.30066,-210.26692,-0.029105108,-210.29602
1177.02,1721.093,4808.6445,3499.0,13.169934,162.74039,2013.0005,2013.0,0.0,0.0,0.0,0.0,-84.967285,-0.040273666,-0.0046320735,3.4219441,0.00018655058,0.3935747,85.01219,84.96729,-84.92701,-0.035641592,-84.962654
1226.6866,1796.7498,5016.982,3580.0,13.196078,162.7385,2013.0034,2013.0,0.0,0.0,0.0,0.0,-35.30066,-0.014129639,-0.0046320735,0.49878556,6.544952e-05,0.16351524,35.31942,35.300663,-35.28653,-0.009497565,-35.29603
1282.6866,1884.857,5256.9136,3835.0,13.183006,162.7394,2013.0015,2013.0,0.0,0.0,0.0,0.0,20.69934,-0.027201653,-0.0046320735,-0.5630563,0.00012600006,-0.095880866,20.731176,20.69936,20.726543,-0.022569578,20.703974
1387.8534,2048.4304,5704.135,4187.0,13.196078,162.7385,2013.0034,2013.0,0.0,0.0,0.0,0.0,125.86609,-0.014129639,-0.0046320735,-1.7784424,6.544952e-05,-0.583021,125.88485,125.86609,125.88022,-0.009497565,125.87072
1477.52,2185.334,6080.8564,4383.0,13.183006,162.7394,2013.0015,2013.0,0.0,0.0,0.0,0.0,215.53271,-0.027201653,-0.0046320735,-5.862846,0.00012600006,-0.9983634,215.56456,215.53271,215.55992,-0.022569578,215.53735
1518.6866,2247.9597,6253.4043,4437.0,13.189543,162.73892,2013.0022,2013.0,0.0,0.0,0.0,0.0,256.69934,-0.020665169,-0.0046320735,-5.304735,9.572258e-05,-1.1890502,256.72464,256.69934,256.72,-0.016033094,256.70398
1558.3534,2309.9885,6422.696,4625.0,13.176471,162.73991,2013.0012,2013.0,0.0,0.0,0.0,0.0,296.3661,-0.033737183,-0.0046320735,-9.998557,0.0001562731,-1.3727895,296.40448,296.3661,296.39984,-0.029105108,296.37073
1662.52,2474.369,6869.9595,5067.0,13.202615,162.73802,2013.0043,2013.0,0.0,0.0,0.0,0.0,400.5327,-0.007593155,-0.0046320735,-3.041307,3.5172052e-05,-1.855297,400.54495,400.5327,400.5403,-0.0029610815,400.53735
1834.02,2740.5352,7598.318,5623.0,13.20915,162.73758,2013.0055,2013.0,0.0,0.0,0.0,0.0,572.0327,-0.0010576248,-0.0046320735,-0.60499597,4.898996e-06,-2.6496975,572.0384,572.0327,572.03375,0.0035744486,572.03735
2091.1868,3134.4067,8681.065,6263.0,13.189543,162.73909,2013.0043,2013.0,0.0,0.0,0.0,0.0,829.19946,-0.020665169,-0.0046320735,-17.135548,9.572258e-05,-3.8409128,829.2248,829.19946,829.22015,-0.016033094,829.2041
2216.6868,3331.2546,9217.835,6755.0,13.215686,162.7372,2013.0072,2013.0,0.0,0.0,0.0,0.0,954.69946,0.0054779053,-0.0046320735,5.229753,-2.537406e-05,-4.422238,954.7096,954.69946,954.694,0.010109979,954.7041
2439.52,3672.9553,10156.798,7286.0,13.196078,162.73874,2013.0065,2013.0,0.0,0.0,0.0,0.0,1177.5327,-0.014129639,-0.0046320735,-16.638111,6.544952e-05,-5.454418,1177.5515,1177.5327,1177.5469,-0.009497565,1177.5374
2564.1868,3868.9192,10690.79,7814.0,13.222222,162.73685,2013.0094,2013.0,0.0,0.0,0.0,0.0,1302.1995,0.012014389,-0.0046320735,15.645131,-5.5651533e-05,-6.0318837,1302.2161,1302.1995,1302.1875,0.016646463,1302.2041
2677.3533,4040.9224,11164.882,7968.0,13.20915,162.73775,2013.0074,2013.0,0.0,0.0,0.0,0.0,1415.366,-0.0010576248,-0.0046320735,-1.4969262,4.898996e-06,-6.556079,1415.3717,1415.366,1415.3671,0.0035744486,1415.3706
342.85336,447.00348,1305.5079,1034.0,13.163399,162.74089,2013.0002,2013.0,0.0,0.0,0.0,0.0,-919.1339,-0.046809196,-0.0046320735,43.02392,0.00021682364,4.257496,919.18536,919.1339,-919.0871,-0.042177122,-919.1293
470.68668,649.0048,1853.4595,1510.0,13.176471,162.73991,2013.0012,2013.0,0.0,0.0,0.0,0.0,-791.30066,-0.033737183,-0.0046320735,26.696255,0.0001562731,3.6653628,791.33905,791.30066,-791.2669,-0.029105108,-791.296
629.52,883.2364,2505.6545,1943.0,13.169934,162.74039,2013.0005,2013.0,0.0,0.0,0.0,0.0,-632.4673,-0.040273666,-0.0046320735,25.471777,0.00018655058,2.9296348,632.5122,632.4673,-632.427,-0.035641592,-632.46265
810.85333,1174.6484,3293.0066,2640.0,13.196078,162.7385,2013.0034,2013.0,0.0,0.0,0.0,0.0,-451.13397,-0.014129639,-0.0046320735,6.37436,6.544952e-05,2.0896857,451.15274,451.13397,-451.11984,-0.009497565,-451.12933
1049.3534,1525.4207,4270.9946,3170.0,13.176471,162.73991,2013.0012,2013.0,0.0,0.0,0.0,0.0,-212.63391,-0.033737183,-0.0046320735,7.173669,0.0001562731,0.9849359,212.67229,212.63391,-212.60017,-0.029105108,-212.62927
1134.8534,1655.1128,4628.644,3353.0,13.189543,162.73892,2013.0022,2013.0,0.0,0.0,0.0,0.0,-127.13391,-0.020665169,-0.0046320735,2.6272438,9.572258e-05,0.5888936,127.15921,127.13391,-127.11324,-0.016033094,-127.12928
1226.3534,1796.8951,5016.7534,3645.0,13.189543,162.73892,2013.0022,2013.0,0.0,0.0,0.0,0.0,-35.63391,-0.020665169,-0.0046320735,0.7363808,9.572258e-05,0.1650589,35.659206,35.633915,-35.613247,-0.016033094,-35.62928
1361.6866,2005.8209,5589.43,4056.0,13.183006,162.73947,2013.0024,2013.0,0.0,0.0,0.0,0.0,99.69934,-0.027201653,-0.0046320735,-2.7119868,0.00012600006,-0.46181467,99.73117,99.69935,99.72654,-0.022569578,99.70397
1418.02,2092.0466,5826.4897,4169.0,13.196078,162.7385,2013.0034,2013.0,0.0,0.0,0.0,0.0,156.03271,-0.014129639,-0.0046320735,-2.204686,6.544952e-05,-0.722755,156.05148,156.03271,156.04684,-0.009497565,156.03735
1527.02,2266.7747,6299.371,4710.0,13.20915,162.73758,2013.0055,2013.0,0.0,0.0,0.0,0.0,265.0327,-0.0010576248,-0.0046320735,-0.28030518,4.898996e-06,-1.227651,265.03842,265.0327,265.03378,0.0035744486,265.03735
1725.8534,2572.103,7137.9263,5274.0,13.215686,162.7372,2013.0072,2013.0,0.0,0.0,0.0,0.0,463.8661,0.0054779053,-0.0046320735,2.5410144,-2.537406e-05,-2.1486619,463.87622,463.8661,463.8606,0.010109979,463.87073
1955.02,2922.1843,8101.137,5752.0,13.196078,162.73874,2013.0065,2013.0,0.0,0.0,0.0,0.0,693.0327,-0.014129639,-0.0046320735,-9.792302,6.544952e-05,-3.2101784,693.0515,693.0327,693.0469,-0.009497565,693.03735
2017.52,3020.2612,8368.524,6056.0,13.222222,162.73685,2013.0094,2013.0,0.0,0.0,0.0,0.0,755.5327,0.012014389,-0.0046320735,9.077264,-5.5651533e-05,-3.4996831,755.5494,755.5327,755.5207,0.016646463,755.53735
146.18666,162.92316,510.8258,346.0,13.163399,162.74089,2013.0002,2013.0,0.0,0.0,0.0,0.0,-1115.8007,-0.046809196,-0.0046320735,52.229733,0.00021682364,5.1684704,1115.852,1115.8007,-1115.7539,-0.042177122,-1115.796
203.18666,244.20978,738.85114,583.0,13.176471,162.73991,2013.0012,2013.0,0.0,0.0,0.0,0.0,-1058.8007,-0.033737183,-0.0046320735,35.72095,0.0001562731,4.9044423,1058.839,1058.8007,-1058.767,-0.029105108,-1058.796
307.35333,400.51956,1169.9897,961.0,13.189543,162.73901,2013.0032,2013.0,0.0,0.0,0.0,0.0,-954.634,-0.020665169,-0.0046320735,19.727673,9.572258e-05,4.4219346,954.6593,954.634,-954.6133,-0.016033094,-954.62933
432.35336,574.89746,1665.5665,1236.0,13.169934,162.74039,2013.0005,2013.0,0.0,0.0,0.0,0.0,-829.6339,-0.040273666,-0.0046320735,33.4124,0.00018655058,3.8429253,829.67883,829.6339,-829.5936,-0.035641592,-829.6293
594.52,838.2626,2373.6355,1913.0,13.196078,162.7385,2013.0034,2013.0,0.0,0.0,0.0,0.0,-667.4673,-0.014129639,-0.0046320735,9.431071,6.544952e-05,3.0917575,667.4861,667.4673,-667.4531,-0.009497565,-667.46265
751.85333,1066.2936,3012.7415,2254.0,13.176471,162.73991,2013.0012,2013.0,0.0,0.0,0.0,0.0,-510.13397,-0.033737183,-0.0046320735,17.210484,0.0001562731,2.362978,510.17236,510.13397,-510.10022,-0.029105108,-510.12933
818.1867,1165.6182,3287.842,2373.0,13.189543,162.73892,2013.0022,2013.0,0.0,0.0,0.0,0.0,-443.8006,-0.020665169,-0.0046320735,9.171214,9.572258e-05,2.055717,443.8259,443.8006,-443.77994,-0.016033094,-443.79596
891.02,1280.0068,3599.3872,2662.0,13.202615,162.73802,2013.0043,2013.0,0.0,0.0,0.0,0.0,-370.9673,-0.007593155,-0.0046320735,2.816812,3.5172052e-05,1.7183477,370.97952,370.9673,-370.9597,-0.0029610815,-370.96265
1063.3534,1544.131,4325.046,3132.0,13.196078,162.7385,2013.0034,2013.0,0.0,0.0,0.0,0.0,-198.63391,-0.014129639,-0.0046320735,2.8066254,6.544952e-05,0.92008686,198.65268,198.63391,-198.61978,-0.009497565,-198.62927
1129.6866,1647.2589,4607.0015,3359.0,13.20915,162.73758,2013.0055,2013.0,0.0,0.0,0.0,0.0,-132.30066,-0.0010576248,-0.0046320735,0.13992447,4.898996e-06,0.61282635,132.30635,132.30066,-132.2996,0.0035744486,-132.29602
1334.1866,1968.5061,5482.2812,4122.0,13.215686,162.7372,2013.0072,2013.0,0.0,0.0,0.0,0.0,72.19934,0.0054779053,-0.0046320735,0.39550114,-2.537406e-05,-0.33443266,72.20945,72.19934,72.19386,0.010109979,72.20397
1539.02,2281.1194,6342.6353,4659.0,13.196078,162.73874,2013.0065,2013.0,0.0,0.0,0.0,0.0,277.0327,-0.014129639,-0.0046320735,-3.9143722,6.544952e-05,-1.2832359,277.05148,277.0327,277.04684,-0.009497565,277.03735
1696.52,2528.4739,7016.764,5236.0,13.222222,162.73685,2013.0094,2013.0,0.0,0.0,0.0,0.0,434.5327,0.012014389,-0.0046320735,5.220645,-5.5651533e-05,-2.0127873,434.54938,434.5327,434.5207,0.016646463,434.53735
583.35333,804.9747,2298.201,1666.0,13.169934,162.82173,2014.0002,2014.0,0.03125,0.1753681,1.4142135,1.0,-678.634,-0.040273666,0.026617926,27.331078,-0.0010720014,-18.06383,678.70087,678.634,-678.5937,-0.066891596,-678.6606
625.52,870.31415,2476.87,1813.0,13.196078,162.81985,2014.0032,2014.0,0.015625,0.125,1.0,1.0,-636.4673,-0.014129639,0.010992927,8.9930525,-0.00015532608,-6.9966383,636.49243,636.4673,-636.4531,-0.025122564,-636.4783
712.35333,1009.6851,2853.4197,2187.0,13.183006,162.82076,2014.0012,2014.0,0.0,0.0,0.0,0.0,-549.634,-0.027201653,-0.0046320735,14.950953,0.00012600006,2.545945,549.66583,549.634,-549.60675,-0.022569578,-549.62933
851.6867,1218.6934,3431.951,2514.0,13.176471,162.82123,2014.0005,2014.0,0.0,0.0,0.0,0.0,-410.3006,-0.033737183,-0.0046320735,13.842386,0.0001562731,1.9005425,410.339,410.3006,-410.26685,-0.029105108,-410.29596
1150.02,1678.2411,4692.3066,3353.0,13.202615,162.81934,2014.0034,2014.0,0.0,0.0,0.0,0.0,-111.967285,-0.007593155,-0.0046320735,0.8501849,3.5172052e-05,0.5186407,111.97951,111.967285,-111.959694,-0.0029610815,-111.962654
1037.3534,1511.2793,4228.053,3210.0,13.189543,162.82024,2014.0015,2014.0,0.0,0.0,0.0,0.0,-224.63391,-0.020665169,-0.0046320735,4.6420975,9.572258e-05,1.0405208,224.65921,224.63391,-224.61325,-0.016033094,-224.62927
921.35333,1326.6221,3727.329,2739.0,13.202615,162.81934,2014.0034,2014.0,0.0,0.0,0.0,0.0,-340.63397,-0.007593155,-0.0046320735,2.5864866,3.5172052e-05,1.5778416,340.6462,340.63397,-340.62637,-0.0029610815,-340.62933
1126.1866,1641.3153,4591.226,3272.0,13.176471,162.82123,2014.0005,2014.0,0.0,0.0,0.0,0.0,-135.80066,-0.033737183,-0.0046320735,4.5815315,0.0001562731,0.62903863,135.83904,135.80066,-135.76692,-0.029105108,-135.79602
1374.8534,2028.5383,5649.4395,4165.0,13.196078,162.81976,2014.0022,2014.0,0.0,0.0,0.0,0.0,112.86609,-0.014129639,-0.0046320735,-1.5947571,6.544952e-05,-0.522804,112.88485,112.86609,112.88022,-0.009497565,112.87072
1485.6866,2196.508,6112.8413,4339.0,13.189543,162.82033,2014.0024,2014.0,0.0,0.0,0.0,0.0,223.69934,-0.020665169,-0.0046320735,-4.6227846,9.572258e-05,-1.0361918,223.72464,223.69934,223.72,-0.016033094,223.70398
1550.6866,2299.718,6393.0654,4688.0,13.202615,162.81934,2014.0034,2014.0,0.0,0.0,0.0,0.0,288.69934,-0.007593155,-0.0046320735,-2.192139,3.5172052e-05,-1.3372766,288.71158,288.69934,288.70694,-0.0029610815,288.70398
256.02,316.2779,945.2174,737.0,13.169934,162.82173,2014.0002,2014.0,0.0,0.0,0.0,0.0,-1005.9673,-0.040273666,-0.0046320735,40.513992,0.00018655058,4.659714,1006.0122,1005.9673,-1005.927,-0.035641592,-1005.96265
371.85336,505.20047,1451.133,1220.0,13.183006,162.82076,2014.0012,2014.0,0.0,0.0,0.0,0.0,-890.1339,-0.027201653,-0.0046320735,24.213114,0.00012600006,4.1231656,890.1658,890.1339,-890.1067,-0.022569578,-890.1293
534.6867,731.5686,2095.5435,1559.0,13.176471,162.82123,2014.0005,2014.0,0.0,0.0,0.0,0.0,-727.3006,-0.033737183,-0.0046320735,24.537073,0.0001562731,3.3689098,727.339,727.3006,-727.26685,-0.029105108,-727.29596
610.85333,850.5018,2419.8381,1831.0,13.189543,162.82024,2014.0015,2014.0,0.0,0.0,0.0,0.0,-651.134,-0.020665169,-0.0046320735,13.455793,9.572258e-05,3.0161004,651.1593,651.134,-651.1133,-0.016033094,-651.12933
668.02,934.3117,2653.7136,1902.0,13.176471,162.82123,2014.0005,2014.0,0.0,0.0,0.0,0.0,-593.9673,-0.033737183,-0.0046320735,20.038782,0.0001562731,2.7513,594.0057,593.9673,-593.93353,-0.029105108,-593.96265
716.6867,1011.4132,2862.9744,2123.0,13.202615,162.81934,2014.0034,2014.0,0.0,0.0,0.0,0.0,-545.3006,-0.007593155,-0.0046320735,4.140552,3.5172052e-05,2.5258725,545.3128,545.3006,-545.293,-0.0029610815,-545.29596
921.52,1328.1328,3730.2654,2780.0,13.183006,162.82076,2014.0012,2014.0,0.0,0.0,0.0,0.0,-340.4673,-0.027201653,-0.0046320735,9.261272,0.00012600006,1.5770695,340.4991,340.4673,-340.4401,-0.022569578,-340.46265
1045.02,1521.5736,4257.738,3214.0,13.20915,162.81886,2014.0043,2014.0,0.0,0.0,0.0,0.0,-216.96729,-0.0010576248,-0.0046320735,0.22946998,4.898996e-06,1.0050085,216.97298,216.96729,-216.96623,0.0035744486,-216.96265
1184.02,1730.9546,4836.573,3512.0,13.189543,162.82033,2014.0024,2014.0,0.0,0.0,0.0,0.0,-77.967285,-0.020665169,-0.0046320735,1.6112071,9.572258e-05,0.3611502,77.992584,77.967285,-77.94662,-0.016033094,-77.962654
1256.52,1843.4894,5144.4453,3750.0,13.202615,162.81934,2014.0034,2014.0,0.0,0.0,0.0,0.0,-5.467285,-0.007593155,-0.0046320735,0.041513942,3.5172052e-05,0.025324866,5.4795103,5.4672923,-5.459692,-0.0029610815,-5.462653
1314.02,1931.1788,5385.8286,3857.0,13.189543,162.82033,2014.0024,2014.0,0.0,0.0,0.0,0.0,52.032715,-0.020665169,-0.0046320735,-1.0752648,9.572258e-05,-0.24101935,52.05801,52.03272,52.05338,-0.016033094,52.037346
1390.6866,2052.534,5715.6396,4210.0,13.202615,162.81934,2014.0034,2014.0,0.0,0.0,0.0,0.0,128.69934,-0.007593155,-0.0046320735,-0.977234,3.5172052e-05,-0.5961448,128.71158,128.69934,128.70694,-0.0029610815,128.70398
1633.52,2425.4656,6739.7876,4847.0,13.196078,162.81993,2014.0043,2014.0,0.0,0.0,0.0,0.0,371.5327,-0.014129639,-0.0046320735,-5.249623,6.544952e-05,-1.7209668,371.55148,371.5327,371.54684,-0.009497565,371.53735
1731.1866,2579.3806,7158.7754,5262.0,13.222222,162.81804,2014.0072,2014.0,0.0,0.0,0.0,0.0,469.19934,0.012014389,-0.0046320735,5.6371436,-5.5651533e-05,-2.1733658,469.216,469.19934,469.18732,0.016646463,469.20398
1901.3534,2839.857,7874.9478,5671.0,13.215686,162.81859,2014.0074,2014.0,0.0,0.0,0.0,0.0,639.3661,0.0054779053,-0.0046320735,3.5023868,-2.537406e-05,-2.9615908,639.3762,639.3661,639.3606,0.010109979,639.3707
1967.02,2941.2756,8152.9453,5852.0,13.228758,162.81769,2014.0094,2014.0,0.0,0.0,0.0,0.0,705.0327,0.01854992,-0.0046320735,13.0782995,-8.5924585e-05,-3.2657633,705.0559,705.0327,705.01416,0.023181994,705.03735
440.18668,592.3062,1707.8405,1328.0,13.169934,162.82173,2014.0002,2014.0,0.0,0.0,0.0,0.0,-821.80066,-0.040273666,-0.0046320735,33.096924,0.00018655058,3.806641,821.8456,821.80066,-821.7604,-0.035641592,-821.796
506.02002,686.53314,1973.0626,1434.0,13.183006,162.82076,2014.0012,2014.0,0.0,0.0,0.0,0.0,-755.9673,-0.027201653,-0.0046320735,20.563559,0.00012600006,3.501696,755.99915,755.9673,-755.94006,-0.022569578,-755.96265
531.85333,725.43243,2080.4973,1483.0,13.169934,162.82173,2014.0002,2014.0,0.0,0.0,0.0,0.0,-730.134,-0.040273666,-0.0046320735,29.405172,0.00018655058,3.3820343,730.1789,730.134,-730.0937,-0.035641592,-730.12933
556.85333,764.27185,2186.566,1584.0,13.196078,162.81985,2014.0032,2014.0,0.0,0.0,0.0,0.0,-705.134,-0.014129639,-0.0046320735,9.963288,6.544952e-05,3.2662323,705.1527,705.134,-705.1199,-0.009497565,-705.12933
584.6867,806.589,2303.0588,1650.0,13.169934,162.82173,2014.0002,2014.0,0.0,0.0,0.0,0.0,-677.3006,-0.040273666,-0.0046320735,27.277378,0.00018655058,3.1373062,677.3455,677.3006,-677.2603,-0.035641592,-677.29596
651.35333,914.94055,2594.4456,1984.0,13.183006,162.82076,2014.0012,2014.0,0.0,0.0,0.0,0.0,-610.634,-0.027201653,-0.0046320735,16.610252,0.00012600006,2.8285015,610.66583,610.634,-610.60675,-0.022569578,-610.62933
744.1867,1054.1296,2979.7363,2207.0,13.196078,162.81985,2014.0032,2014.0,0.0,0.0,0.0,0.0,-517.8006,-0.014129639,-0.0046320735,7.316335,6.544952e-05,2.3984904,517.81934,517.8006,-517.7865,-0.009497565,-517.79596
840.1867,1200.3519,3382.2632,2458.0,13.176471,162.82123,2014.0005,2014.0,0.0,0.0,0.0,0.0,-421.8006,-0.033737183,-0.0046320735,14.230364,0.0001562731,1.9538114,421.839,421.8006,-421.76685,-0.029105108,-421.79596
938.52,1358.3833,3809.3235,2898.0,13.189543,162.82024,2014.0015,2014.0,0.0,0.0,0.0,0.0,-323.4673,-0.020665169,-0.0046320735,6.684506,9.572258e-05,1.4983243,323.49258,323.4673,-323.44662,-0.016033094,-323.46265
1038.02,1505.7498,4219.1616,3055.0,13.202615,162.81934,2014.0034,2014.0,0.0,0.0,0.0,0.0,-223.96729,-0.007593155,-0.0046320735,1.7006183,3.5172052e-05,1.0374329,223.97952,223.96729,-223.95969,-0.0029610815,-223.96265
1107.1866,1613.9023,4514.2637,3313.0,13.189543,162.82024,2014.0015,2014.0,0.0,0.0,0.0,0.0,-154.80066,-0.020665169,-0.0046320735,3.1989818,9.572258e-05,0.71704805,154.82596,154.80066,-154.78,-0.016033094,-154.79602
1277.02,1874.2512,5229.605,3737.0,13.20915,162.81886,2014.0043,2014.0,0.0,0.0,0.0,0.0,15.032715,-0.0010576248,-0.0046320735,-0.015898973,4.898996e-06,-0.06963264,15.038404,15.032715,15.033772,0.0035744486,15.037347
1305.02,1917.52,5348.166,3817.0,13.183006,162.82076,2014.0012,2014.0,0.0,0.0,0.0,0.0,43.032715,-0.027201653,-0.0046320735,-1.170561,0.00012600006,-0.1993307,43.06455,43.032722,43.059917,-0.022569578,43.037346
1362.8534,2008.6011,5596.1245,4084.0,13.196078,162.81976,2014.0022,2014.0,0.0,0.0,0.0,0.0,100.86609,-0.014129639,-0.0046320735,-1.4252014,6.544952e-05,-0.46721914,100.88485,100.86609,100.88022,-0.009497565,100.87072
1460.8534,2160.8357,6012.5376,4405.0,13.20915,162.81886,2014.0043,2014.0,0.0,0.0,0.0,0.0,198.86609,-0.0010576248,-0.0046320735,-0.21032572,4.898996e-06,-0.9211623,198.87178,198.86609,198.86714,0.0035744486,198.87073
1641.6866,2441.7834,6781.028,5004.0,13.202615,162.81934,2014.0034,2014.0,0.0,0.0,0.0,0.0,379.69934,-0.007593155,-0.0046320735,-2.883116,3.5172052e-05,-1.7587953,379.71158,379.69934,379.70694,-0.0029610815,379.70398
1750.02,2606.4631,7234.8926,5219.0,13.215686,162.81844,2014.0055,2014.0,0.0,0.0,0.0,0.0,488.0327,0.0054779053,-0.0046320735,2.673397,-2.537406e-05,-2.2606034,488.04285,488.0327,488.02722,0.010109979,488.03735
364.35336,485.64264,1405.6188,1148.0,13.169934,162.82173,2014.0002,2014.0,0.0,0.0,0.0,0.0,-897.6339,-0.040273666,-0.0046320735,36.15101,0.00018655058,4.157906,897.67883,897.6339,-897.5936,-0.035641592,-897.6293
464.35336,625.7878,1803.2737,1364.0,13.183006,162.82076,2014.0012,2014.0,0.0,0.0,0.0,0.0,-797.6339,-0.027201653,-0.0046320735,21.69696,0.00012600006,3.6946988,797.6658,797.6339,-797.6067,-0.022569578,-797.6293
568.6867,792.4782,2254.0044,1774.0,13.196078,162.81985,2014.0032,2014.0,0.0,0.0,0.0,0.0,-693.3006,-0.014129639,-0.0046320735,9.796087,6.544952e-05,3.2114193,693.31934,693.3006,-693.2865,-0.009497565,-693.29596
768.85333,1098.3431,3094.9314,2390.0,13.176471,162.82123,2014.0005,2014.0,0.0,0.0,0.0,0.0,-493.13397,-0.033737183,-0.0046320735,16.636951,0.0001562731,2.2842329,493.17236,493.13397,-493.10022,-0.029105108,-493.12933
885.1867,1271.4556,3575.518,2646.0,13.202615,162.81934,2014.0034,2014.0,0.0,0.0,0.0,0.0,-376.8006,-0.007593155,-0.0046320735,2.8611052,3.5172052e-05,1.745368,376.81284,376.8006,-376.793,-0.0029610815,-376.79596
961.6867,1388.4863,3897.2449,2849.0,13.189543,162.82024,2014.0015,2014.0,0.0,0.0,0.0,0.0,-300.3006,-0.020665169,-0.0046320735,6.2057624,9.572258e-05,1.3910145,300.3259,300.3006,-300.27994,-0.016033094,-300.29596
1263.1866,1859.3254,5182.5957,3900.0,13.20915,162.81886,2014.0043,2014.0,0.0,0.0,0.0,0.0,1.1993408,-0.0010576248,-0.0046320735,-0.0012684526,4.898996e-06,-0.0055554346,1.2050306,1.1993502,1.2003984,0.0035744486,1.2039729
1454.02,2148.2742,5980.005,4316.0,13.189543,162.82033,2014.0024,2014.0,0.0,0.0,0.0,0.0,192.03271,-0.020665169,-0.0046320735,-3.9683886,9.572258e-05,-0.8895096,192.05801,192.03271,192.05338,-0.016033094,192.03735
1536.02,2276.4407,6329.854,4623.0,13.202615,162.81934,2014.0034,2014.0,0.0,0.0,0.0,0.0,274.0327,-0.007593155,-0.0046320735,-2.0807729,3.5172052e-05,-1.2693397,274.04495,274.0327,274.0403,-0.0029610815,274.03735
1615.8534,2398.5295,6665.629,4795.0,13.215686,162.81844,2014.0055,2014.0,0.0,0.0,0.0,0.0,353.8661,0.0054779053,-0.0046320735,1.938445,-2.537406e-05,-1.6391337,353.87622,353.8661,353.8606,0.010109979,353.87073
1838.6866,2742.7424,7609.06,5442.0,13.196078,162.81993,2014.0043,2014.0,0.0,0.0,0.0,0.0,576.69934,-0.014129639,-0.0046320735,-8.148553,6.544952e-05,-2.6713138,576.71814,576.69934,576.7135,-0.009497565,576.704
1880.1866,2806.9307,7784.9155,5561.0,13.222222,162.81804,2014.0072,2014.0,0.0,0.0,0.0,0.0,618.19934,0.012014389,-0.0046320735,7.4272876,-5.5651533e-05,-2.8635447,618.216,618.19934,618.1873,0.016646463,618.204
1921.52,2870.957,7960.2393,5690.0,13.20915,162.81894,2014.0052,2014.0,0.0,0.0,0.0,0.0,659.5327,-0.0010576248,-0.0046320735,-0.69753814,4.898996e-06,-3.055004,659.5384,659.5327,659.53375,0.0035744486,659.53735
1984.8534,2969.783,8230.183,5941.0,13.222222,162.81804,2014.0072,2014.0,0.0,0.0,0.0,0.0,722.8661,0.012014389,-0.0046320735,8.684794,-5.5651533e-05,-3.348369,722.88275,722.8661,722.85406,0.016646463,722.8707
2149.02,3222.7942,8924.222,6376.0,13.202615,162.81958,2014.0065,2014.0,0.0,0.0,0.0,0.0,887.0327,-0.007593155,-0.0046320735,-6.735377,3.5172052e-05,-4.108801,887.0449,887.0327,887.0403,-0.0029610815,887.03735
2236.3533,3359.9658,9298.092,6763.0,13.228758,162.81769,2014.0094,2014.0,0.0,0.0,0.0,0.0,974.36597,0.01854992,-0.0046320735,18.07441,-8.5924585e-05,-4.5133348,974.38916,974.36597,974.3474,0.023181994,974.3706
496.35336,671.15125,1931.4296,1380.0,13.169934,162.82173,2014.0002,2014.0,0.0,0.0,0.0,0.0,-765.6339,-0.040273666,-0.0046320735,30.834885,0.00018655058,3.5464725,765.67883,765.6339,-765.5936,-0.035641592,-765.6293
560.52,776.26245,2213.1455,1709.0,13.183006,162.82076,2014.0012,2014.0,0.0,0.0,0.0,0.0,-701.4673,-0.027201653,-0.0046320735,19.08107,0.00012600006,3.249248,701.49915,701.4673,-701.44006,-0.022569578,-701.46265
624.52,867.69806,2470.7593,1764.0,13.169934,162.82173,2014.0002,2014.0,0.0,0.0,0.0,0.0,-637.4673,-0.040273666,-0.0046320735,25.673145,0.00018655058,2.9527953,637.5122,637.4673,-637.427,-0.035641592,-637.46265
674.35333,947.3552,2686.2473,2008.0,13.183006,162.82076,2014.0012,2014.0,0.0,0.0,0.0,0.0,-587.634,-0.027201653,-0.0046320735,15.984615,0.00012600006,2.7219636,587.66583,587.634,-587.60675,-0.022569578,-587.62933
849.1867,1215.1936,3422.0146,2517.0,13.176471,162.82123,2014.0005,2014.0,0.0,0.0,0.0,0.0,-412.8006,-0.033737183,-0.0046320735,13.926729,0.0001562731,1.9121227,412.839,412.8006,-412.76685,-0.029105108,-412.79596
899.1867,1290.7623,3630.6414,2603.0,13.202615,162.81934,2014.0034,2014.0,0.0,0.0,0.0,0.0,-362.8006,-0.007593155,-0.0046320735,2.754801,3.5172052e-05,1.680519,362.81284,362.8006,-362.793,-0.0029610815,-362.79596
944.02,1359.7378,3819.8792,2710.0,13.176471,162.82123,2014.0005,2014.0,0.0,0.0,0.0,0.0,-317.9673,-0.033737183,-0.0046320735,10.727321,0.0001562731,1.4728478,318.00568,317.9673,-317.93353,-0.029105108,-317.96265
979.02,1414.9072,3969.974,2889.0,13.202615,162.81934,2014.0034,2014.0,0.0,0.0,0.0,0.0,-282.9673,-0.007593155,-0.0046320735,2.1486144,3.5172052e-05,1.3107252,282.97952,282.9673,-282.9597,-0.0029610815,-282.96265
1025.3534,1485.684,4164.6587,2988.0,13.189543,162.82024,2014.0015,2014.0,0.0,0.0,0.0,0.0,-236.63391,-0.020665169,-0.0046320735,4.8900795,9.572258e-05,1.0961057,236.65921,236.63391,-236.61325,-0.016033094,-236.62927
1253.52,1842.2172,5137.7715,3826.0,13.196078,162.81976,2014.0022,2014.0,0.0,0.0,0.0,0.0,-8.467285,-0.014129639,-0.0046320735,0.11963968,6.544952e-05,0.039221086,8.486047,8.4672985,-8.4531555,-0.009497565,-8.462653
1373.1866,2022.4596,5636.0947,4004.0,13.189543,162.82033,2014.0024,2014.0,0.0,0.0,0.0,0.0,111.19934,-0.020665169,-0.0046320735,-2.2979531,9.572258e-05,-0.5150835,111.22464,111.19934,111.22001,-0.016033094,111.20397
1400.1866,2064.5083,5751.0093,4120.0,13.202615,162.81934,2014.0034,2014.0,0.0,0.0,0.0,0.0,138.19934,-0.007593155,-0.0046320735,-1.049369,3.5172052e-05,-0.6401495,138.21158,138.19934,138.20694,-0.0029610815,138.20398
1458.8534,2156.2502,6001.383,4356.0,13.215686,162.81844,2014.0055,2014.0,0.0,0.0,0.0,0.0,196.86609,0.0054779053,-0.0046320735,1.0784138,-2.537406e-05,-0.9118982,196.8762,196.86609,196.86061,0.010109979,196.87073
1523.3534,2255.2668,6273.3384,4507.0,13.202615,162.81934,2014.0034,2014.0,0.0,0.0,0.0,0.0,261.3661,-0.007593155,-0.0046320735,-1.9845932,3.5172052e-05,-1.2106669,261.37833,261.3661,261.3737,-0.0029610815,261.37073
740.1867,1046.0228,2959.4048,2131.0,13.169934,162.82173,2014.0002,2014.0,0.0,0.0,0.0,0.0,-521.8006,-0.040273666,-0.0046320735,21.014824,0.00018655058,2.4170187,521.8455,521.8006,-521.7603,-0.035641592,-521.79596
811.6867,1160.6726,3269.3755,2465.0,13.183006,162.82076,2014.0012,2014.0,0.0,0.0,0.0,0.0,-450.3006,-0.027201653,-0.0046320735,12.24892,0.00012600006,2.0858254,450.33243,450.3006,-450.2734,-0.022569578,-450.29596
881.52,1263.8846,3556.6118,2550.0,13.196078,162.81985,2014.0032,2014.0,0.0,0.0,0.0,0.0,-380.4673,-0.014129639,-0.0046320735,5.3758655,6.544952e-05,1.7623525,380.48605,380.4673,-380.45316,-0.009497565,-380.46265
921.6867,1326.5361,3727.6707,2706.0,13.183006,162.82076,2014.0012,2014.0,0.0,0.0,0.0,0.0,-340.3006,-0.027201653,-0.0046320735,9.256739,0.00012600006,1.5762974,340.33243,340.3006,-340.2734,-0.022569578,-340.29596
1024.6866,1484.869,4162.22,3000.0,13.176471,162.82123,2014.0005,2014.0,0.0,0.0,0.0,0.0,-237.30066,-0.033737183,-0.0046320735,8.005856,0.0001562731,1.099194,237.33904,237.30066,-237.26692,-0.029105108,-237.29602
1060.52,1539.9495,4313.402,3088.0,13.202615,162.81934,2014.0034,2014.0,0.0,0.0,0.0,0.0,-201.46729,-0.007593155,-0.0046320735,1.5297723,3.5172052e-05,0.93321127,201.47952,201.46729,-201.45969,-0.0029610815,-201.46265
1091.1866,1587.387,4443.3228,3184.0,13.176471,162.82123,2014.0005,2014.0,0.0,0.0,0.0,0.0,-170.80066,-0.033737183,-0.0046320735,5.762333,0.0001562731,0.7911612,170.83904,170.80066,-170.76692,-0.029105108,-170.79602
1187.52,1742.7286,4862.791,3666.0,13.189543,162.82024,2014.0015,2014.0,0.0,0.0,0.0,0.0,-74.467285,-0.020665169,-0.0046320735,1.538879,9.572258e-05,0.34493792,74.492584,74.467285,-74.44662,-0.016033094,-74.462654
1473.3534,2182.9075,6070.424,4518.0,13.196078,162.81976,2014.0022,2014.0,0.0,0.0,0.0,0.0,211.36609,-0.014129639,-0.0046320735,-2.9865265,6.544952e-05,-0.9790633,211.38486,211.36609,211.38022,-0.009497565,211.37073
1649.52,2450.1326,6807.4404,4848.0,13.189543,162.82033,2014.0024,2014.0,0.0,0.0,0.0,0.0,387.5327,-0.020665169,-0.0046320735,-8.008429,9.572258e-05,-1.79508,387.558,387.5327,387.55338,-0.016033094,387.53735
1673.8534,2487.775,6910.5596,4918.0,13.202615,162.81934,2014.0034,2014.0,0.0,0.0,0.0,0.0,411.8661,-0.007593155,-0.0046320735,-3.127363,3.5172052e-05,-1.907794,411.87833,411.8661,411.8737,-0.0029610815,411.87073
1700.02,2528.3276,7021.582,5005.0,13.215686,162.81844,2014.0055,2014.0,0.0,0.0,0.0,0.0,438.0327,0.0054779053,-0.0046320735,2.3995018,-2.537406e-05,-2.0289998,438.04285,438.0327,438.02722,0.010109979,438.03735
1724.52,2566.1694,7125.3027,5065.0,13.189543,162.82033,2014.0024,2014.0,0.0,0.0,0.0,0.0,462.5327,-0.020665169,-0.0046320735,-9.558316,9.572258e-05,-2.1424856,462.558,462.5327,462.55338,-0.016033094,462.53735
1745.8534,2599.21,7215.7803,5133.0,13.215686,162.81844,2014.0055,2014.0,0.0,0.0,0.0,0.0,483.8661,0.0054779053,-0.0046320735,2.6505725,-2.537406e-05,-2.2413032,483.87622,483.8661,483.8606,0.010109979,483.87073
1807.1866,2695.74,7478.6772,5433.0,13.202615,162.81934,2014.0034,2014.0,0.0,0.0,0.0,0.0,545.19934,-0.007593155,-0.0046320735,-4.139783,3.5172052e-05,-2.5254035,545.21155,545.19934,545.2069,-0.0029610815,545.204
284.85333,365.74924,1075.04,878.0,13.169934,162.82173,2014.0002,2014.0,0.0,0.0,0.0,0.0,-977.134,-0.040273666,-0.0046320735,39.352768,0.00018655058,4.5261564,977.1789,977.134,-977.0937,-0.035641592,-977.12933
410.52002,556.5862,1600.0316,1307.0,13.183006,162.82076,2014.0012,2014.0,0.0,0.0,0.0,0.0,-851.4673,-0.027201653,-0.0046320735,23.161318,0.00012600006,3.944059,851.49915,851.4673,-851.44006,-0.022569578,-851.46265
514.6867,701.56995,2012.5646,1502.0,13.196078,162.81985,2014.0032,2014.0,0.0,0.0,0.0,0.0,-747.3006,-0.014129639,-0.0046320735,10.559088,6.544952e-05,3.4615512,747.31934,747.3006,-747.2865,-0.009497565,-747.29596
632.6867,886.7689,2516.6545,1937.0,13.176471,162.82123,2014.0005,2014.0,0.0,0.0,0.0,0.0,-629.3006,-0.033737183,-0.0046320735,21.23083,0.0001562731,2.9149666,629.339,629.3006,-629.26685,-0.029105108,-629.29596
771.02,1102.7748,3106.0251,2410.0,13.189543,162.82024,2014.0015,2014.0,0.0,0.0,0.0,0.0,-490.9673,-0.020665169,-0.0046320735,10.145922,9.572258e-05,2.2741966,490.99258,490.9673,-490.94662,-0.016033094,-490.96265
886.1867,1272.1503,3578.2388,2626.0,13.202615,162.81934,2014.0034,2014.0,0.0,0.0,0.0,0.0,-375.8006,-0.007593155,-0.0046320735,2.853512,3.5172052e-05,1.740736,375.81284,375.8006,-375.793,-0.0029610815,-375.79596
1114.3534,1623.5157,4541.9946,3295.0,13.183006,162.82076,2014.0012,2014.0,0.0,0.0,0.0,0.0,-147.63391,-0.027201653,-0.0046320735,4.0158863,0.00012600006,0.6838511,147.66576,147.63391,-147.6067,-0.022569578,-147.62927
1187.52,1737.515,4853.454,3552.0,13.20915,162.81886,2014.0043,2014.0,0.0,0.0,0.0,0.0,-74.467285,-0.0010576248,-0.0046320735,0.07875845,4.898996e-06,0.34493792,74.47298,74.467285,-74.466225,0.0035744486,-74.462654
1271.02,1866.2906,5206.5493,3794.0,13.196078,162.81976,2014.0022,2014.0,0.0,0.0,0.0,0.0,9.032715,-0.014129639,-0.0046320735,-0.127629,6.544952e-05,-0.0418402,9.0514765,9.032727,9.0468445,-0.009497565,9.037347
1438.02,2124.6116,5914.159,4317.0,13.189543,162.82033,2014.0024,2014.0,0.0,0.0,0.0,0.0,176.03271,-0.020665169,-0.0046320735,-3.6377459,9.572258e-05,-0.8153965,176.05801,176.03271,176.05338,-0.016033094,176.03735
1499.8534,2218.5447,6173.092,4402.0,13.202615,162.81934,2014.0034,2014.0,0.0,0.0,0.0,0.0,237.86609,-0.007593155,-0.0046320735,-1.806154,3.5172052e-05,-1.1018132,237.87833,237.86609,237.87369,-0.0029610815,237.87073
1591.1866,2364.1125,6567.83,4862.0,13.215686,162.81844,2014.0055,2014.0,0.0,0.0,0.0,0.0,329.19934,0.0054779053,-0.0046320735,1.8033228,-2.537406e-05,-1.5248755,329.20947,329.19934,329.19385,0.010109979,329.20398
274.02,347.40015,1026.6235,828.0,13.169934,162.82173,2014.0002,2014.0,0.0,0.0,0.0,0.0,-987.9673,-0.040273666,-0.0046320735,39.789066,0.00018655058,4.576337,988.0122,987.9673,-987.927,-0.035641592,-987.96265
371.18668,488.7727,1421.679,1118.0,13.183006,162.82076,2014.0012,2014.0,0.0,0.0,0.0,0.0,-890.80066,-0.027201653,-0.0046320735,24.23125,0.00012600006,4.126254,890.8325,890.80066,-890.77344,-0.022569578,-890.796
495.52002,684.98474,1954.293,1577.0,13.196078,162.81985,2014.0032,2014.0,0.0,0.0,0.0,0.0,-766.4673,-0.014129639,-0.0046320735,10.8299055,6.544952e-05,3.5503328,766.4861,766.4673,-766.4531,-0.009497565,-766.46265
621.6867,863.31757,2458.7705,1776.0,13.176471,162.82123,2014.0005,2014.0,0.0,0.0,0.0,0.0,-640.3006,-0.033737183,-0.0046320735,21.601938,0.0001562731,2.9659195,640.339,640.3006,-640.26685,-0.029105108,-640.29596
689.1867,971.23254,2750.6968,2079.0,13.189543,162.82024,2014.0015,2014.0,0.0,0.0,0.0,0.0,-572.8006,-0.020665169,-0.0046320735,11.837021,9.572258e-05,2.6532545,572.8259,572.8006,-572.7799,-0.016033094,-572.79596
764.02,1082.8007,3060.171,2223.0,13.202615,162.81934,2014.0034,2014.0,0.0,0.0,0.0,0.0,-497.9673,-0.007593155,-0.0046320735,3.7811427,3.5172052e-05,2.306621,497.97952,497.9673,-497.9597,-0.0029610815,-497.96265
821.1867,1171.6768,3303.0618,2422.0,13.189543,162.82024,2014.0015,2014.0,0.0,0.0,0.0,0.0,-440.8006,-0.020665169,-0.0046320735,9.109219,9.572258e-05,2.0418208,440.8259,440.8006,-440.77994,-0.016033094,-440.79596
870.02,1245.7546,3507.2969,2516.0,13.202615,162.81934,2014.0034,2014.0,0.0,0.0,0.0,0.0,-391.9673,-0.007593155,-0.0046320735,2.9762683,3.5172052e-05,1.8156213,391.97952,391.9673,-391.9597,-0.0029610815,-391.96265
1008.02,1458.227,4090.08,2906.0,13.183006,162.82076,2014.0012,2014.0,0.0,0.0,0.0,0.0,-253.96729,-0.027201653,-0.0046320735,6.90833,0.00012600006,1.1763952,253.99913,253.96729,-253.94008,-0.022569578,-253.96265
1133.6866,1667.1134,4648.42,3612.0,13.20915,162.81886,2014.0043,2014.0,0.0,0.0,0.0,0.0,-128.30066,-0.0010576248,-0.0046320735,0.13569397,4.898996e-06,0.59429806,128.30635,128.30066,-128.2996,0.0035744486,-128.29602
1295.1866,1901.7852,5305.5615,3766.0,13.189543,162.82033,2014.0024,2014.0,0.0,0.0,0.0,0.0,33.19934,-0.020665169,-0.0046320735,-0.68606997,9.572258e-05,-0.15378179,33.224636,33.19935,33.220005,-0.016033094,33.20397
1363.3534,2009.8706,5599.1333,4115.0,13.215686,162.81844,2014.0055,2014.0,0.0,0.0,0.0,0.0,101.36609,0.0054779053,-0.0046320735,0.55527383,-2.537406e-05,-0.46953517,101.3762,101.36609,101.36061,0.010109979,101.37072
1575.8534,2335.6611,6494.3394,4613.0,13.196078,162.81993,2014.0043,2014.0,0.0,0.0,0.0,0.0,313.8661,-0.014129639,-0.0046320735,-4.4348145,6.544952e-05,-1.4538507,313.88486,313.8661,313.88022,-0.009497565,313.87073
1685.8534,2512.9802,6973.375,5217.0,13.222222,162.81804,2014.0072,2014.0,0.0,0.0,0.0,0.0,423.8661,0.012014389,-0.0046320735,5.092492,-5.5651533e-05,-1.9633789,423.88275,423.8661,423.85406,0.016646463,423.87073
1836.52,2738.9783,7599.1343,5433.0,13.228758,162.81769,2014.0094,2014.0,0.0,0.0,0.0,0.0,574.5327,0.01854992,-0.0046320735,10.657536,-8.5924585e-05,-2.6612778,574.5559,574.5327,574.51416,0.023181994,574.53735
1906.02,2847.6323,7895.728,5717.0,13.215686,162.81859,2014.0074,2014.0,0.0,0.0,0.0,0.0,644.0327,0.0054779053,-0.0046320735,3.5279503,-2.537406e-05,-2.9832067,644.04285,644.0327,644.0272,0.010109979,644.03735
590.35333,818.62787,2332.7795,1755.0,13.169934,162.82173,2014.0002,2014.0,0.0,0.0,0.0,0.0,-671.634,-0.040273666,-0.0046320735,27.049162,0.00018655058,3.111058,671.6789,671.634,-671.5937,-0.035641592,-671.62933
670.52,938.85767,2665.4927,1926.0,13.196078,162.81985,2014.0032,2014.0,0.0,0.0,0.0,0.0,-591.4673,-0.014129639,-0.0046320735,8.357219,6.544952e-05,2.7397199,591.4861,591.4673,-591.4531,-0.009497565,-591.46265
740.35333,1050.2192,2967.076,2235.0,13.183006,162.82076,2014.0012,2014.0,0.0,0.0,0.0,0.0,-521.634,-0.027201653,-0.0046320735,14.189306,0.00012600006,2.416247,521.66583,521.634,-521.60675,-0.022569578,-521.62933
807.85333,1150.2516,3245.174,2330.0,13.196078,162.81985,2014.0032,2014.0,0.0,0.0,0.0,0.0,-454.13397,-0.014129639,-0.0046320735,6.416749,6.544952e-05,2.103582,454.15274,454.13397,-454.11984,-0.009497565,-454.12933
922.35333,1327.7169,3730.7607,2728.0,13.189543,162.82024,2014.0015,2014.0,0.0,0.0,0.0,0.0,-339.63397,-0.020665169,-0.0046320735,7.0185933,9.572258e-05,1.5732095,339.65927,339.63397,-339.6133,-0.016033094,-339.62933
1021.6867,1480.0905,4149.265,2982.0,13.176471,162.82123,2014.0005,2014.0,0.0,0.0,0.0,0.0,-240.3006,-0.033737183,-0.0046320735,8.107065,0.0001562731,1.11309,240.33897,240.3006,-240.26686,-0.029105108,-240.29596
1095.8534,1596.6396,4466.7275,3286.0,13.202615,162.81934,2014.0034,2014.0,0.0,0.0,0.0,0.0,-166.13391,-0.007593155,-0.0046320735,1.2614806,3.5172052e-05,0.7695445,166.14615,166.13391,-166.12631,-0.0029610815,-166.12927
1289.52,1893.8623,5283.062,3798.0,13.183006,162.82076,2014.0012,2014.0,0.0,0.0,0.0,0.0,27.532715,-0.027201653,-0.0046320735,-0.74893534,0.00012600006,-0.12753356,27.56455,27.532728,27.559917,-0.022569578,27.537348
1429.52,2116.802,5887.7344,4419.0,13.20915,162.81886,2014.0043,2014.0,0.0,0.0,0.0,0.0,167.53271,-0.0010576248,-0.0046320735,-0.17718676,4.898996e-06,-0.77602386,167.5384,167.53271,167.53377,0.0035744486,167.53735
1619.52,2403.9053,6680.6343,4782.0,13.189543,162.82033,2014.0024,2014.0,0.0,0.0,0.0,0.0,357.5327,-0.020665169,-0.0046320735,-7.388474,9.572258e-05,-1.6561178,357.558,357.5327,357.55338,-0.016033094,357.53735
1685.02,2506.2246,6959.9976,5042.0,13.202615,162.81934,2014.0034,2014.0,0.0,0.0,0.0,0.0,423.0327,-0.007593155,-0.0046320735,-3.212153,3.5172052e-05,-1.9595186,423.04495,423.0327,423.0403,-0.0029610815,423.03735
1748.52,2603.5366,7227.444,5168.0,13.215686,162.81844,2014.0055,2014.0,0.0,0.0,0.0,0.0,486.5327,0.0054779053,-0.0046320735,2.6651802,-2.537406e-05,-2.2536552,486.54285,486.5327,486.52722,0.010109979,486.53735
549.35333,754.9858,2158.8774,1615.0,13.169934,162.82173,2014.0002,2014.0,0.0,0.0,0.0,0.0,-712.634,-0.040273666,-0.0046320735,28.700382,0.00018655058,3.300973,712.6789,712.634,-712.5937,-0.035641592,-712.62933
689.02,986.129,2776.8228,2237.0,13.196078,162.81985,2014.0032,2014.0,0.0,0.0,0.0,0.0,-572.9673,-0.014129639,-0.0046320735,8.09582,6.544952e-05,2.6540265,572.9861,572.9673,-572.9531,-0.009497565,-572.96265
884.02,1268.7936,3569.0522,2619.0,13.176471,162.82123,2014.0005,2014.0,0.0,0.0,0.0,0.0,-377.9673,-0.033737183,-0.0046320735,12.751552,0.0001562731,1.7507722,378.00568,377.9673,-377.93353,-0.029105108,-377.96265
930.85333,1339.4788,3764.2988,2682.0,13.189543,162.82024,2014.0015,2014.0,0.0,0.0,0.0,0.0,-331.13397,-0.020665169,-0.0046320735,6.8429394,9.572258e-05,1.5338368,331.15927,331.13397,-331.1133,-0.016033094,-331.12933
977.85333,1413.5353,3965.803,2901.0,13.202615,162.81934,2014.0034,2014.0,0.0,0.0,0.0,0.0,-284.13397,-0.007593155,-0.0046320735,2.1574733,3.5172052e-05,1.3161294,284.1462,284.13397,-284.12637,-0.0029610815,-284.12933
1031.3534,1494.9667,4190.0796,3007.0,13.189543,162.82024,2014.0015,2014.0,0.0,0.0,0.0,0.0,-230.63391,-0.020665169,-0.0046320735,4.7660885,9.572258e-05,1.0683132,230.65921,230.63391,-230.61325,-0.016033094,-230.62927
1068.1866,1551.924,4346.0874,3121.0,13.202615,162.81934,2014.0034,2014.0,0.0,0.0,0.0,0.0,-193.80066,-0.007593155,-0.0046320735,1.4715585,3.5172052e-05,0.8976989,193.8129,193.80066,-193.79306,-0.0029610815,-193.79602
1254.6866,1840.7775,5136.9,3734.0,13.183006,162.82076,2014.0012,2014.0,0.0,0.0,0.0,0.0,-7.300659,-0.027201653,-0.0046320735,0.19859,0.00012600006,0.03381719,7.332493,7.3007116,-7.2734575,-0.022569578,-7.296027
1338.1866,1970.6439,5491.962,4016.0,13.196078,162.81976,2014.0022,2014.0,0.0,0.0,0.0,0.0,76.19934,-0.014129639,-0.0046320735,-1.0766691,6.544952e-05,-0.35296094,76.2181,76.19934,76.21347,-0.009497565,76.20397
1446.1866,2138.74,5951.4517,4379.0,13.20915,162.81886,2014.0043,2014.0,0.0,0.0,0.0,0.0,184.19934,-0.0010576248,-0.0046320735,-0.19481379,4.898996e-06,-0.8532249,184.20503,184.19934,184.2004,0.0035744486,184.20398
1585.8534,2352.1726,6538.5903,4709.0,13.189543,162.82033,2014.0024,2014.0,0.0,0.0,0.0,0.0,323.8661,-0.020665169,-0.0046320735,-6.6927476,9.572258e-05,-1.5001715,323.8914,323.8661,323.88675,-0.016033094,323.87073
1631.6866,2422.578,6731.9253,4801.0,13.202615,162.81934,2014.0034,2014.0,0.0,0.0,0.0,0.0,369.69934,-0.007593155,-0.0046320735,-2.8071845,3.5172052e-05,-1.7124745,369.71158,369.69934,369.70694,-0.0029610815,369.70398
1687.52,2509.965,6970.3633,5043.0,13.215686,162.81844,2014.0055,2014.0,0.0,0.0,0.0,0.0,425.5327,0.0054779053,-0.0046320735,2.331028,-2.537406e-05,-1.9710988,425.54285,425.5327,425.52722,0.010109979,425.53735
1763.52,2626.6667,7290.8784,5203.0,13.215686,162.81844,2014.0055,2014.0,0.0,0.0,0.0,0.0,501.5327,0.0054779053,-0.0046320735,2.7473488,-2.537406e-05,-2.3231363,501.54285,501.5327,501.52722,0.010109979,501.53735
1909.1866,2851.7375,7907.7173,5637.0,13.20915,162.81894,2014.0052,2014.0,0.0,0.0,0.0,0.0,647.19934,-0.0010576248,-0.0046320735,-0.6844941,4.898996e-06,-2.997875,647.205,647.19934,647.2004,0.0035744486,647.204
1970.8534,2948.2031,8170.9907,5904.0,13.196078,162.81993,2014.0043,2014.0,0.0,0.0,0.0,0.0,708.8661,-0.014129639,-0.0046320735,-10.016022,6.544952e-05,-3.2835197,708.8849,708.8661,708.88025,-0.009497565,708.8707
2087.3533,3130.4058,8668.303,6339.0,13.222222,162.81804,2014.0072,2014.0,0.0,0.0,0.0,0.0,825.36597,0.012014389,-0.0046320735,9.916267,-5.5651533e-05,-3.8231559,825.3826,825.36597,825.35394,0.016646463,825.3706
2244.52,3371.4436,9330.615,6728.0,13.202615,162.81958,2014.0065,2014.0,0.0,0.0,0.0,0.0,982.5327,-0.007593155,-0.0046320735,-7.460523,3.5172052e-05,-4.5511637,982.5449,982.5327,982.5403,-0.0029610815,982.53735
2305.8533,3465.456,9588.988,6822.0,13.228758,162.81769,2014.0094,2014.0,0.0,0.0,0.0,0.0,1043.866,0.01854992,-0.0046320735,19.363628,-8.5924585e-05,-4.8352637,1043.8892,1043.866,1043.8474,0.023181994,1043.8706
2363.6868,3555.761,9835.612,7075.0,13.215686,162.81859,2014.0074,2014.0,0.0,0.0,0.0,0.0,1101.6995,0.0054779053,-0.0046320735,6.035005,-2.537406e-05,-5.1031528,1101.7096,1101.6995,1101.694,0.010109979,1101.7041
1043.3534,1515.1127,4243.742,3101.0,13.169934,162.82173,2014.0002,2014.0,0.0,0.0,0.0,0.0,-218.63391,-0.040273666,-0.0046320735,8.805189,0.00018655058,1.0127283,218.67882,218.63391,-218.59364,-0.035641592,-218.62927
1126.3534,1644.2839,4596.7793,3383.0,13.196078,162.81985,2014.0032,2014.0,0.0,0.0,0.0,0.0,-135.63391,-0.014129639,-0.0046320735,1.9164581,6.544952e-05,0.6282662,135.65268,135.63391,-135.61978,-0.009497565,-135.62927
1230.02,1805.3615,5037.2954,3723.0,13.183006,162.82076,2014.0012,2014.0,0.0,0.0,0.0,0.0,-31.967285,-0.027201653,-0.0046320735,0.869563,0.00012600006,0.1480748,31.99912,31.967297,-31.940083,-0.022569578,-31.962652
1396.8534,2059.9985,5738.0454,4097.0,13.176471,162.82123,2014.0005,2014.0,0.0,0.0,0.0,0.0,134.86609,-0.033737183,-0.0046320735,-4.550002,0.0001562731,-0.6247096,134.90446,134.86609,134.89983,-0.029105108,134.87073
1461.6866,2162.2278,6016.254,4398.0,13.189543,162.82024,2014.0015,2014.0,0.0,0.0,0.0,0.0,199.69934,-0.020665169,-0.0046320735,-4.1268206,9.572258e-05,-0.925022,199.72464,199.69934,199.72,-0.016033094,199.70398
1539.02,2280.374,6341.295,4561.0,13.202615,162.81934,2014.0034,2014.0,0.0,0.0,0.0,0.0,277.0327,-0.007593155,-0.0046320735,-2.1035523,3.5172052e-05,-1.2832359,277.04495,277.0327,277.0403,-0.0029610815,277.03735
1698.8534,2526.9214,7017.355,5003.0,13.183006,162.82076,2014.0012,2014.0,0.0,0.0,0.0,0.0,436.8661,-0.027201653,-0.0046320735,-11.883479,0.00012600006,-2.0235958,436.89792,436.8661,436.89328,-0.022569578,436.87073
1787.3534,2667.4307,7398.9004,5445.0,13.196078,162.81976,2014.0022,2014.0,0.0,0.0,0.0,0.0,525.3661,-0.014129639,-0.0046320735,-7.423233,6.544952e-05,-2.4335344,525.3849,525.3661,525.38025,-0.009497565,525.3707
2034.02,3047.237,8441.071,6138.0,13.189543,162.82033,2014.0024,2014.0,0.0,0.0,0.0,0.0,772.0327,-0.020665169,-0.0046320735,-15.954186,9.572258e-05,-3.5761123,772.05804,772.0327,772.0534,-0.016033094,772.03735
2162.6868,3247.2114,8988.058,6561.0,13.215686,162.81844,2014.0055,2014.0,0.0,0.0,0.0,0.0,900.69946,0.0054779053,-0.0046320735,4.933946,-2.537406e-05,-4.1721063,900.7096,900.69946,900.694,0.010109979,900.7041
2350.8533,3535.7158,9780.874,6986.0,13.196078,162.81993,2014.0043,2014.0,0.0,0.0,0.0,0.0,1088.866,-0.014129639,-0.0046320735,-15.3852825,6.544952e-05,-5.0437074,1088.8848,1088.866,1088.8801,-0.009497565,1088.8706
2447.3533,3687.4138,10194.23,7420.0,13.20915,162.81894,2014.0052,2014.0,0.0,0.0,0.0,0.0,1185.366,-0.0010576248,-0.0046320735,-1.2536725,4.898996e-06,-5.490702,1185.3717,1185.366,1185.3671,0.0035744486,1185.3706
2727.1868,4117.8545,11375.803,8071.0,13.202615,162.81958,2014.0065,2014.0,0.0,0.0,0.0,0.0,1465.1995,-0.007593155,-0.0046320735,-11.125486,3.5172052e-05,-6.7869115,1465.2117,1465.1995,1465.207,-0.0029610815,1465.2041
2762.5203,4172.8203,11526.111,8225.0,13.215686,162.81859,2014.0074,2014.0,0.0,0.0,0.0,0.0,1500.533,0.0054779053,-0.0046320735,8.219777,-2.537406e-05,-6.9505787,1500.5431,1500.533,1500.5275,0.010109979,1500.5376
2821.3535,4263.871,11775.534,8393.0,13.215686,162.81859,2014.0074,2014.0,0.0,0.0,0.0,0.0,1559.3662,0.0054779053,-0.0046320735,8.542061,-2.537406e-05,-7.2230988,1559.3763,1559.3662,1559.3607,0.010109979,1559.3708
999.52,1446.7352,4057.0254,2942.0,13.169934,162.82173,2014.0002,2014.0,0.0,0.0,0.0,0.0,-262.4673,-0.040273666,-0.0046320735,10.570519,0.00018655058,1.2157677,262.5122,262.4673,-262.427,-0.035641592,-262.46265
1057.02,1535.6086,4300.49,3118.0,13.196078,162.81985,2014.0032,2014.0,0.0,0.0,0.0,0.0,-204.96729,-0.014129639,-0.0046320735,2.8961136,6.544952e-05,0.9494235,204.98605,204.96729,-204.95316,-0.009497565,-204.96265
1117.3534,1629.0073,4556.226,3308.0,13.183006,162.82076,2014.0012,2014.0,0.0,0.0,0.0,0.0,-144.63391,-0.027201653,-0.0046320735,3.9342813,0.00012600006,0.6699549,144.66576,144.63391,-144.6067,-0.022569578,-144.62927
1191.8534,1744.7416,4872.751,3557.0,13.196078,162.81985,2014.0032,2014.0,0.0,0.0,0.0,0.0,-70.13391,-0.014129639,-0.0046320735,0.9909668,6.544952e-05,0.32486543,70.15267,70.13391,-70.11978,-0.009497565,-70.12928
1293.1866,1900.1558,5299.712,3824.0,13.176471,162.82123,2014.0005,2014.0,0.0,0.0,0.0,0.0,31.19934,-0.033737183,-0.0046320735,-1.0525779,0.0001562731,-0.14451765,31.23771,31.19936,31.233078,-0.029105108,31.203974
1354.3534,1994.209,5557.876,3964.0,13.176471,162.82123,2014.0005,2014.0,0.0,0.0,0.0,0.0,92.36609,-0.033737183,-0.0046320735,-3.1161716,0.0001562731,-0.42784652,92.40446,92.3661,92.399826,-0.029105108,92.37072
1394.8534,2057.2961,5730.273,4124.0,13.189543,162.82024,2014.0015,2014.0,0.0,0.0,0.0,0.0,132.86609,-0.020665169,-0.0046320735,-2.7457001,9.572258e-05,-0.6154455,132.89139,132.86609,132.88675,-0.016033094,132.87073
1469.8534,2174.5706,6050.3384,4412.0,13.202615,162.81934,2014.0034,2014.0,0.0,0.0,0.0,0.0,207.86609,-0.007593155,-0.0046320735,-1.5783594,3.5172052e-05,-0.962851,207.87833,207.86609,207.87369,-0.0029610815,207.87073
1637.02,2431.0854,6754.99,4791.0,13.183006,162.82076,2014.0012,2014.0,0.0,0.0,0.0,0.0,375.0327,-0.027201653,-0.0046320735,-10.201509,0.00012600006,-1.737179,375.06454,375.0327,375.0599,-0.022569578,375.03735
1651.3534,2453.2637,6815.7407,4832.0,13.196078,162.81976,2014.0022,2014.0,0.0,0.0,0.0,0.0,389.3661,-0.014129639,-0.0046320735,-5.501602,6.544952e-05,-1.8035723,389.38486,389.3661,389.38022,-0.009497565,389.37073
1672.1866,2485.6284,6904.2734,4920.0,13.183006,162.82076,2014.0012,2014.0,0.0,0.0,0.0,0.0,410.19934,-0.027201653,-0.0046320735,-11.1581,0.00012600006,-1.9000735,410.23117,410.19934,410.22653,-0.022569578,410.20398
1758.6866,2622.4124,7276.2017,5337.0,13.20915,162.81886,2014.0043,2014.0,0.0,0.0,0.0,0.0,496.69934,-0.0010576248,-0.0046320735,-0.52532154,4.898996e-06,-2.3007479,496.70505,496.69934,496.7004,0.0035744486,496.70398
1925.52,2877.7432,7978.27,5722.0,13.189543,162.82033,2014.0024,2014.0,0.0,0.0,0.0,0.0,663.5327,-0.020665169,-0.0046320735,-13.712015,9.572258e-05,-3.0735323,663.55804,663.5327,663.5534,-0.016033094,663.53735
2028.8534,3040.485,8421.415,6170.0,13.215686,162.81844,2014.0055,2014.0,0.0,0.0,0.0,0.0,766.8661,0.0054779053,-0.0046320735,4.20082,-2.537406e-05,-3.55218,766.8762,766.8661,766.8606,0.010109979,766.8707
2261.1868,3397.1692,9401.148,6745.0,13.196078,162.81993,2014.0043,2014.0,0.0,0.0,0.0,0.0,999.19946,-0.014129639,-0.0046320735,-14.118327,6.544952e-05,-4.6283655,999.21826,999.19946,999.2136,-0.009497565,999.2041
2378.02,3580.8228,9901.582,7239.0,13.222222,162.81804,2014.0072,2014.0,0.0,0.0,0.0,0.0,1116.0327,0.012014389,-0.0046320735,13.408451,-5.5651533e-05,-5.1695457,1116.0493,1116.0327,1116.0208,0.016646463,1116.0374
2571.6868,3877.3696,10716.875,7660.0,13.202615,162.81958,2014.0065,2014.0,0.0,0.0,0.0,0.0,1309.6995,-0.007593155,-0.0046320735,-9.944751,3.5172052e-05,-6.066624,1309.7117,1309.6995,1309.707,-0.0029610815,1309.7041
2636.3533,3977.6963,10991.474,7874.0,13.215686,162.81859,2014.0074,2014.0,0.0,0.0,0.0,0.0,1374.366,0.0054779053,-0.0046320735,7.5286465,-2.537406e-05,-6.366164,1374.3761,1374.366,1374.3605,0.010109979,1374.3706
2697.02,4071.3628,11248.266,8025.0,13.228758,162.81769,2014.0094,2014.0,0.0,0.0,0.0,0.0,1435.0327,0.01854992,-0.0046320735,26.619741,-8.5924585e-05,-6.6471767,1435.0559,1435.0327,1435.0142,0.023181994,1435.0374
2755.6868,4164.278,11500.821,8218.0,13.169934,162.82173,2014.0002,2014.0,0.0,0.0,0.0,0.0,1493.6995,-0.040273666,-0.0046320735,-60.156754,0.00018655058,-6.918926,1493.7444,1493.6995,1493.7397,-0.035641592,1493.7041
2801.1868,4234.45,11693.277,8308.0,13.183006,162.82076,2014.0012,2014.0,0.0,0.0,0.0,0.0,1539.1995,-0.027201653,-0.0046320735,-41.86877,0.00012600006,-7.129685,1539.2313,1539.1995,1539.2267,-0.022569578,1539.2041
2821.6868,4266.13,11780.103,8345.0,13.196078,162.81985,2014.0032,2014.0,0.0,0.0,0.0,0.0,1559.6995,-0.014129639,-0.0046320735,-22.03799,6.544952e-05,-7.2246423,1559.7183,1559.6995,1559.7136,-0.009497565,1559.7041
2877.3535,4353.287,12017.924,8639.0,13.183006,162.82076,2014.0012,2014.0,0.0,0.0,0.0,0.0,1615.3662,-0.027201653,-0.0046320735,-43.94063,0.00012600006,-7.482495,1615.3981,1615.3662,1615.3934,-0.022569578,1615.3708
2973.1868,4500.799,12422.761,8881.0,13.176471,162.82123,2014.0005,2014.0,0.0,0.0,0.0,0.0,1711.1995,-0.033737183,-0.0046320735,-57.73105,0.0001562731,-7.9264016,1711.2378,1711.1995,1711.2332,-0.029105108,1711.2041
3059.5203,4635.047,12789.929,9191.0,13.189543,162.82024,2014.0015,2014.0,0.0,0.0,0.0,0.0,1797.533,-0.020665169,-0.0046320735,-37.14632,9.572258e-05,-8.326304,1797.5582,1797.533,1797.5536,-0.016033094,1797.5376
3149.0203,4773.2407,13168.793,9424.0,13.202615,162.81934,2014.0034,2014.0,0.0,0.0,0.0,0.0,1887.033,-0.007593155,-0.0046320735,-14.328533,3.5172052e-05,-8.740875,1887.0452,1887.033,1887.0405,-0.0029610815,1887.0376
3219.6868,4881.798,13466.924,9556.0,13.183006,162.82076,2014.0012,2014.0,0.0,0.0,0.0,0.0,1957.6995,-0.027201653,-0.0046320735,-53.25266,0.00012600006,-9.068208,1957.7313,1957.6995,1957.7267,-0.022569578,1957.7041
3275.1868,4968.366,13703.444,9815.0,13.196078,162.81976,2014.0022,2014.0,0.0,0.0,0.0,0.0,2013.1995,-0.014129639,-0.0046320735,-28.445782,6.544952e-05,-9.325288,2013.2183,2013.1995,2013.2136,-0.009497565,2013.2041
3365.3535,5108.1016,14086.062,10095.0,13.20915,162.81886,2014.0043,2014.0,0.0,0.0,0.0,0.0,2103.3662,-0.0010576248,-0.0046320735,-2.2245724,4.898996e-06,-9.742947,2103.3718,2103.3662,2103.3672,0.0035744486,2103.3708
3506.0203,5326.955,14684.526,10616.0,13.215686,162.81844,2014.0055,2014.0,0.0,0.0,0.0,0.0,2244.033,0.0054779053,-0.0046320735,12.2926,-2.537406e-05,-10.394526,2244.043,2244.033,2244.0276,0.010109979,2244.0376
3729.8535,5671.221,15629.605,11094.0,13.196078,162.81993,2014.0043,2014.0,0.0,0.0,0.0,0.0,2467.8662,-0.014129639,-0.0046320735,-34.870056,6.544952e-05,-11.431337,2467.885,2467.8662,2467.8804,-0.009497565,2467.8708
3749.5203,5701.621,15712.919,11122.0,13.20915,162.81894,2014.0052,2014.0,0.0,0.0,0.0,0.0,2487.533,-0.0010576248,-0.0046320735,-2.6308765,4.898996e-06,-11.522435,2487.5386,2487.533,2487.534,0.0035744486,2487.5376
3835.0203,5836.0146,16079.167,11605.0,13.222222,162.81804,2014.0072,2014.0,0.0,0.0,0.0,0.0,2573.033,0.012014389,-0.0046320735,30.91342,-5.5651533e-05,-11.918478,2573.0496,2573.033,2573.021,0.016646463,2573.0376
3971.3535,6045.177,16653.848,11876.0,13.202615,162.81958,2014.0065,2014.0,0.0,0.0,0.0,0.0,2709.3662,-0.007593155,-0.0046320735,-20.572638,3.5172052e-05,-12.549983,2709.3784,2709.3662,2709.3738,-0.0029610815,2709.3708
4063.8535,6189.0615,17047.342,12223.0,13.228758,162.81769,2014.0094,2014.0,0.0,0.0,0.0,0.0,2801.8662,0.01854992,-0.0046320735,51.974392,-8.5924585e-05,-12.97845,2801.8894,2801.8662,2801.8477,0.023181994,2801.8708
491.02002,670.38617,1921.8981,1495.0,13.169934,162.82173,2014.0002,2014.0,0.0,0.0,0.0,0.0,-770.9673,-0.040273666,-0.0046320735,31.049679,0.00018655058,3.571177,771.0122,770.9673,-770.927,-0.035641592,-770.96265
709.1867,1002.6232,2836.1843,2145.0,13.196078,162.81985,2014.0032,2014.0,0.0,0.0,0.0,0.0,-552.8006,-0.014129639,-0.0046320735,7.8108726,6.544952e-05,2.560613,552.81934,552.8006,-552.7865,-0.009497565,-552.79596
612.02,852.1264,2424.4604,1826.0,13.183006,162.82076,2014.0012,2014.0,0.0,0.0,0.0,0.0,-649.9673,-0.027201653,-0.0046320735,17.680183,0.00012600006,3.0106962,649.99915,649.9673,-649.94006,-0.022569578,-649.96265
844.52,1207.2443,3400.9524,2479.0,13.176471,162.82123,2014.0005,2014.0,0.0,0.0,0.0,0.0,-417.4673,-0.033737183,-0.0046320735,14.08417,0.0001562731,1.9337392,417.50568,417.4673,-417.43353,-0.029105108,-417.46265
935.6867,1352.013,3793.778,2856.0,13.189543,162.82024,2014.0015,2014.0,0.0,0.0,0.0,0.0,-326.3006,-0.020665169,-0.0046320735,6.743057,9.572258e-05,1.5114484,326.3259,326.3006,-326.27994,-0.016033094,-326.29596
1039.1866,1508.3729,4225.5645,3091.0,13.202615,162.81934,2014.0034,2014.0,0.0,0.0,0.0,0.0,-222.80066,-0.007593155,-0.0046320735,1.69176,3.5172052e-05,1.032029,222.8129,222.80066,-222.79306,-0.0029610815,-222.79602
1252.8534,1837.1085,5127.6396,3684.0,13.183006,162.82076,2014.0012,2014.0,0.0,0.0,0.0,0.0,-9.133911,-0.027201653,-0.0046320735,0.24845748,0.00012600006,0.04230895,9.165745,9.133953,-9.1067095,-0.022569578,-9.129279
1328.8534,1955.7887,5451.6655,3972.0,13.196078,162.81976,2014.0022,2014.0,0.0,0.0,0.0,0.0,66.86609,-0.014129639,-0.0046320735,-0.9447937,6.544952e-05,-0.30972862,66.88485,66.86609,66.88022,-0.009497565,66.87072
1408.02,2077.8862,5786.4653,4197.0,13.20915,162.81886,2014.0043,2014.0,0.0,0.0,0.0,0.0,146.03271,-0.0010576248,-0.0046320735,-0.15444782,4.898996e-06,-0.6764343,146.0384,146.03271,146.03377,0.0035744486,146.03735
1589.1866,2362.7908,6562.544,4898.0,13.202615,162.81934,2014.0034,2014.0,0.0,0.0,0.0,0.0,327.19934,-0.007593155,-0.0046320735,-2.4844754,3.5172052e-05,-1.5156114,327.21158,327.19934,327.20694,-0.0029610815,327.20398
503.35336,695.865,1985.2778,1594.0,13.189543,163.06427,2017.0002,2017.0,0.09375,0.5261043,4.2426405,3.0,-758.6339,-0.020665169,0.08911793,15.677298,-0.0018416371,-67.60788,758.7437,758.6339,-758.6132,-0.1097831,-758.723
640.85333,900.8564,2553.795,1977.0,13.202615,163.0633,2017.0012,2017.0,0.046875,0.375,3.0,3.0,-621.134,-0.007593155,0.042242926,4.7163663,-0.00032075707,-26.238516,621.1838,621.134,-621.1264,-0.04983608,-621.1762
782.85333,1117.5421,3149.8662,2402.0,13.196078,163.06377,2017.0005,2017.0,0.0,0.0,0.0,0.0,-479.13397,-0.014129639,-0.0046320735,6.76999,6.544952e-05,2.2193837,479.15274,479.13397,-479.11984,-0.009497565,-479.12933
868.6867,1244.1077,3502.3875,2535.0,13.20915,163.06277,2017.0015,2017.0,0.0,0.0,0.0,0.0,-393.3006,-0.0010576248,-0.0046320735,0.41596448,4.898996e-06,1.8217973,393.3063,393.3006,-393.29953,0.0035744486,-393.29596
917.02,1318.9509,3707.2512,2692.0,13.222222,163.06187,2017.0034,2017.0,0.0,0.0,0.0,0.0,-344.9673,0.012014389,-0.0046320735,-4.1445713,-5.5651533e-05,1.5979139,344.98395,344.9673,-344.9793,0.016646463,-344.96265
969.1867,1399.4528,3927.8845,2848.0,13.20915,163.06277,2017.0015,2017.0,0.0,0.0,0.0,0.0,-292.8006,-0.0010576248,-0.0046320735,0.3096732,4.898996e-06,1.3562739,292.8063,292.8006,-292.79953,0.0035744486,-292.79596
1020.52,1478.6707,4145.0093,3000.0,13.222222,163.06187,2017.0034,2017.0,0.0,0.0,0.0,0.0,-241.46729,0.012014389,-0.0046320735,-2.9010818,-5.5651533e-05,1.1184942,241.48393,241.46729,-241.4793,0.016646463,-241.46265
1083.1866,1574.5135,4408.54,3149.0,13.215686,163.0623,2017.0022,2017.0,0.0,0.0,0.0,0.0,-178.80066,0.0054779053,-0.0046320735,-0.9794531,-2.537406e-05,0.8282178,178.81078,178.80066,-178.80614,0.010109979,-178.79602
1104.6866,1607.6575,4499.423,3203.0,13.202615,163.0633,2017.0012,2017.0,0.0,0.0,0.0,0.0,-157.30066,-0.007593155,-0.0046320735,1.1944083,3.5172052e-05,0.7286282,157.3129,157.30066,-157.29306,-0.0029610815,-157.29602
1170.6866,1713.0371,4784.927,3545.0,13.215686,163.0623,2017.0022,2017.0,0.0,0.0,0.0,0.0,-91.30066,0.0054779053,-0.0046320735,-0.5001364,-2.537406e-05,0.42291135,91.31077,91.30066,-91.30614,0.010109979,-91.29603
1317.8534,1938.2805,5404.1724,3934.0,13.20915,163.06287,2017.0024,2017.0,0.0,0.0,0.0,0.0,55.86609,-0.0010576248,-0.0046320735,-0.05908536,4.898996e-06,-0.25877583,55.871777,55.86609,55.867146,0.0035744486,55.87072
1461.6866,2168.3867,6027.3267,4559.0,13.222222,163.06187,2017.0034,2017.0,0.0,0.0,0.0,0.0,199.69934,0.012014389,-0.0046320735,2.3992655,-5.5651533e-05,-0.925022,199.71599,199.69934,199.68733,0.016646463,199.70398
1701.6866,2532.6052,7031.7046,5134.0,13.215686,163.06247,2017.0043,2017.0,0.0,0.0,0.0,0.0,439.69934,0.0054779053,-0.0046320735,2.4086313,-2.537406e-05,-2.0367196,439.70947,439.69934,439.69385,0.010109979,439.70398
1812.6866,2704.2078,7501.9126,5464.0,13.228758,163.06148,2017.0052,2017.0,0.0,0.0,0.0,0.0,550.69934,0.01854992,-0.0046320735,10.215428,-8.5924585e-05,-2.5508797,550.72253,550.69934,550.6808,0.023181994,550.704
1946.1866,2908.8303,8064.262,5772.0,13.222222,163.0621,2017.0065,2017.0,0.0,0.0,0.0,0.0,684.19934,0.012014389,-0.0046320735,8.220237,-5.5651533e-05,-3.1692617,684.216,684.19934,684.1873,0.016646463,684.204
2034.3534,3047.38,8441.812,6155.0,13.235294,163.06113,2017.0074,2017.0,0.0,0.0,0.0,0.0,772.3661,0.025086403,-0.0046320735,19.375887,-0.00011620206,-3.5776565,772.3958,772.3661,772.341,0.029718477,772.3707
753.52,1069.6478,3021.173,2260.0,13.189543,163.06427,2017.0002,2017.0,0.0,0.0,0.0,0.0,-508.4673,-0.020665169,-0.0046320735,10.507563,9.572258e-05,2.3552577,508.49258,508.4673,-508.44662,-0.016033094,-508.46265
823.1867,1174.4768,3311.0115,2405.0,13.202615,163.0633,2017.0012,2017.0,0.0,0.0,0.0,0.0,-438.8006,-0.007593155,-0.0046320735,3.3318808,3.5172052e-05,2.0325565,438.81284,438.8006,-438.793,-0.0029610815,-438.79596
864.35333,1237.523,3484.244,2507.0,13.189543,163.06427,2017.0002,2017.0,0.0,0.0,0.0,0.0,-397.63397,-0.020665169,-0.0046320735,8.217174,9.572258e-05,1.8418697,397.65927,397.63397,-397.6133,-0.016033094,-397.62933
945.1867,1367.301,3835.0784,2890.0,13.202615,163.0633,2017.0012,2017.0,0.0,0.0,0.0,0.0,-316.8006,-0.007593155,-0.0046320735,2.405516,3.5172052e-05,1.4674436,316.81284,316.8006,-316.793,-0.0029610815,-316.79596
1028.02,1490.3071,4176.844,3004.0,13.215686,163.0624,2017.0032,2017.0,0.0,0.0,0.0,0.0,-233.96729,0.0054779053,-0.0046320735,-1.2816507,-2.537406e-05,1.0837537,233.9774,233.96729,-233.97276,0.010109979,-233.96265
1267.3534,1863.4022,5196.003,3855.0,13.20915,163.06277,2017.0015,2017.0,0.0,0.0,0.0,0.0,5.366089,-0.0010576248,-0.0046320735,-0.005675309,4.898996e-06,-0.024856118,5.3717785,5.3660913,5.3671465,0.0035744486,5.370721
1148.6866,1678.8439,4691.4253,3463.0,13.196078,163.06377,2017.0005,2017.0,0.0,0.0,0.0,0.0,-113.30066,-0.014129639,-0.0046320735,1.6008974,6.544952e-05,0.524817,113.31942,113.30066,-113.28653,-0.009497565,-113.29603
1427.52,2108.181,5869.3286,4262.0,13.202615,163.0633,2017.0012,2017.0,0.0,0.0,0.0,0.0,165.53271,-0.007593155,-0.0046320735,-1.2569156,3.5172052e-05,-0.7667597,165.54495,165.53271,165.54031,-0.0029610815,165.53735
1515.52,2244.9514,6243.384,4555.0,13.215686,163.0623,2017.0022,2017.0,0.0,0.0,0.0,0.0,253.53271,0.0054779053,-0.0046320735,1.3888282,-2.537406e-05,-1.1743822,253.54283,253.53271,253.52724,0.010109979,253.53735
1579.52,2342.248,6511.523,4646.0,13.228758,163.0614,2017.0043,2017.0,0.0,0.0,0.0,0.0,317.5327,0.01854992,-0.0046320735,5.8902063,-8.5924585e-05,-1.4708349,317.5559,317.5327,317.51416,0.023181994,317.53735
1618.02,2402.065,6675.1416,4786.0,13.215686,163.0623,2017.0022,2017.0,0.0,0.0,0.0,0.0,356.0327,0.0054779053,-0.0046320735,1.9503134,-2.537406e-05,-1.6491697,356.04285,356.0327,356.02722,0.010109979,356.03735
1774.3534,2644.5322,7338.7827,5315.0,13.20915,163.06287,2017.0024,2017.0,0.0,0.0,0.0,0.0,512.3661,-0.0010576248,-0.0046320735,-0.5418911,4.898996e-06,-2.3733172,512.37177,512.3661,512.3671,0.0035744486,512.3707
1884.8534,2817.1743,7810.146,5717.0,13.222222,163.06187,2017.0034,2017.0,0.0,0.0,0.0,0.0,622.8661,0.012014389,-0.0046320735,7.4833555,-5.5651533e-05,-2.8851614,622.88275,622.8661,622.85406,0.016646463,622.8707
2074.1868,3107.7065,8608.293,6186.0,13.215686,163.06247,2017.0043,2017.0,0.0,0.0,0.0,0.0,812.19946,0.0054779053,-0.0046320735,4.4491515,-2.537406e-05,-3.7621675,812.2096,812.19946,812.194,0.010109979,812.2041
2132.1868,3197.1504,8853.597,6329.0,13.24183,163.06058,2017.0072,2017.0,0.0,0.0,0.0,0.0,870.19946,0.031621933,-0.0046320735,27.51739,-0.00014647511,-4.030828,870.2357,870.19946,870.16785,0.036254007,870.2041
2201.6868,3305.5818,9149.803,6603.0,13.228758,163.06148,2017.0052,2017.0,0.0,0.0,0.0,0.0,939.69946,0.01854992,-0.0046320735,17.431349,-8.5924585e-05,-4.352757,939.72266,939.69946,939.6809,0.023181994,939.7041
2338.02,3516.834,9728.239,7046.0,13.222222,163.0621,2017.0065,2017.0,0.0,0.0,0.0,0.0,1076.0327,0.012014389,-0.0046320735,12.9278755,-5.5651533e-05,-4.9842625,1076.0493,1076.0327,1076.0208,0.016646463,1076.0374
2432.02,3661.385,10125.069,7267.0,13.248366,163.06021,2017.0094,2017.0,0.0,0.0,0.0,0.0,1170.0327,0.038158417,-0.0046320735,44.646595,-0.00017675258,-5.4196773,1170.0756,1170.0327,1169.9945,0.04279049,1170.0374
2521.3533,3800.3647,10505.104,7582.0,13.235294,163.06113,2017.0074,2017.0,0.0,0.0,0.0,0.0,1259.366,0.025086403,-0.0046320735,31.592962,-0.00011620206,-5.8334756,1259.3958,1259.366,1259.3408,0.029718477,1259.3706
671.6867,942.0975,2672.9602,1975.0,13.189543,163.06427,2017.0002,2017.0,0.0,0.0,0.0,0.0,-590.3006,-0.020665169,-0.0046320735,12.198662,9.572258e-05,2.7343156,590.3259,590.3006,-590.2799,-0.016033094,-590.29596
734.35333,1038.2068,2936.8376,2157.0,13.215686,163.0624,2017.0032,2017.0,0.0,0.0,0.0,0.0,-527.634,0.0054779053,-0.0046320735,-2.890329,-2.537406e-05,2.4440393,527.6441,527.634,-527.63947,0.010109979,-527.62933
796.35333,1133.787,3198.8179,2347.0,13.202615,163.0633,2017.0012,2017.0,0.0,0.0,0.0,0.0,-465.63397,-0.007593155,-0.0046320735,3.535631,3.5172052e-05,2.1568508,465.6462,465.63397,-465.62637,-0.0029610815,-465.62933
852.1867,1219.1914,3433.5798,2492.0,13.215686,163.0624,2017.0032,2017.0,0.0,0.0,0.0,0.0,-409.8006,0.0054779053,-0.0046320735,-2.244849,-2.537406e-05,1.8982265,409.81073,409.8006,-409.8061,0.010109979,-409.79596
938.02,1353.1301,3799.223,2811.0,13.196078,163.06377,2017.0005,2017.0,0.0,0.0,0.0,0.0,-323.9673,-0.014129639,-0.0046320735,4.577541,6.544952e-05,1.5006403,323.98605,323.9673,-323.95316,-0.009497565,-323.96265
1025.1866,1487.2775,4167.2554,3065.0,13.20915,163.06277,2017.0015,2017.0,0.0,0.0,0.0,0.0,-236.80066,-0.0010576248,-0.0046320735,0.25044626,4.898996e-06,1.096878,236.80635,236.80066,-236.7996,0.0035744486,-236.79602
1075.52,1562.9521,4376.592,3113.0,13.196078,163.06377,2017.0005,2017.0,0.0,0.0,0.0,0.0,-186.46729,-0.014129639,-0.0046320735,2.6347153,6.544952e-05,0.86373013,186.48605,186.46729,-186.45316,-0.009497565,-186.46265
1095.02,1593.1697,4459.3003,3182.0,13.222222,163.06187,2017.0034,2017.0,0.0,0.0,0.0,0.0,-166.96729,0.012014389,-0.0046320735,-2.0060098,-5.5651533e-05,0.7734047,166.98393,166.96729,-166.9793,0.016646463,-166.96265
1118.1866,1628.9818,4557.4067,3252.0,13.20915,163.06277,2017.0015,2017.0,0.0,0.0,0.0,0.0,-143.80066,-0.0010576248,-0.0046320735,0.15208715,4.898996e-06,0.6660952,143.80635,143.80066,-143.7996,0.0035744486,-143.79602
1162.02,1697.7029,4744.757,3445.0,13.222222,163.06187,2017.0034,2017.0,0.0,0.0,0.0,0.0,-99.967285,0.012014389,-0.0046320735,-1.2010459,-5.5651533e-05,0.46305582,99.98393,99.967285,-99.9793,0.016646463,-99.962654
1243.3534,1822.6123,5087.7446,3668.0,13.202615,163.0633,2017.0012,2017.0,0.0,0.0,0.0,0.0,-18.633911,-0.007593155,-0.0046320735,0.14149018,3.5172052e-05,0.08631364,18.646137,18.633913,-18.626318,-0.0029610815,-18.629278
1301.52,1912.9602,5334.867,3865.0,13.215686,163.0623,2017.0022,2017.0,0.0,0.0,0.0,0.0,39.532715,0.0054779053,-0.0046320735,0.21655646,-2.537406e-05,-0.18311843,39.542824,39.532715,39.527237,0.010109979,39.537346
1367.52,2015.0247,5614.471,4064.0,13.228758,163.0614,2017.0043,2017.0,0.0,0.0,0.0,0.0,105.532715,0.01854992,-0.0046320735,1.9576234,-8.5924585e-05,-0.48883528,105.55589,105.532715,105.51417,0.023181994,105.537346
1431.1866,2112.1833,5881.867,4176.0,13.20915,163.06287,2017.0024,2017.0,0.0,0.0,0.0,0.0,169.19934,-0.0010576248,-0.0046320735,-0.17894942,4.898996e-06,-0.7837438,169.20503,169.19934,169.2004,0.0035744486,169.20398
1447.8534,2138.0085,5952.5693,4234.0,13.222222,163.06187,2017.0034,2017.0,0.0,0.0,0.0,0.0,185.86609,0.012014389,-0.0046320735,2.2330675,-5.5651533e-05,-0.8609454,185.88274,185.86609,185.85408,0.016646463,185.87073
1476.8534,2183.113,6075.894,4350.0,13.20915,163.06287,2017.0024,2017.0,0.0,0.0,0.0,0.0,214.86609,-0.0010576248,-0.0046320735,-0.22724771,4.898996e-06,-0.9952755,214.87178,214.86609,214.86714,0.0035744486,214.87073
1534.1866,2272.673,6320.41,4578.0,13.222222,163.06187,2017.0034,2017.0,0.0,0.0,0.0,0.0,272.19934,0.012014389,-0.0046320735,3.2703087,-5.5651533e-05,-1.2608473,272.216,272.19934,272.18732,0.016646463,272.20398
1589.1866,2356.8599,6551.872,4680.0,13.235294,163.06097,2017.0055,2017.0,0.0,0.0,0.0,0.0,327.19934,0.025086403,-0.0046320735,8.208255,-0.00011620206,-1.5156114,327.22906,327.19934,327.17426,0.029718477,327.20398
1614.1866,2395.376,6657.5312,4728.0,13.222222,163.06187,2017.0034,2017.0,0.0,0.0,0.0,0.0,352.19934,0.012014389,-0.0046320735,4.23146,-5.5651533e-05,-1.6314132,352.216,352.19934,352.18732,0.016646463,352.20398
1741.02,2592.7678,7197.1616,5224.0,13.24183,163.06058,2017.0072,2017.0,0.0,0.0,0.0,0.0,479.0327,0.031621933,-0.0046320735,15.147941,-0.00014647511,-2.2189147,479.06897,479.0327,479.0011,0.036254007,479.03735
1828.02,2725.6104,7562.718,5378.0,13.222222,163.0621,2017.0065,2017.0,0.0,0.0,0.0,0.0,566.0327,0.012014389,-0.0046320735,6.800537,-5.5651533e-05,-2.621905,566.0494,566.0327,566.0207,0.016646463,566.03735
1869.3534,2790.1052,7738.884,5559.0,13.235294,163.06113,2017.0074,2017.0,0.0,0.0,0.0,0.0,607.3661,0.025086403,-0.0046320735,15.23663,-0.00011620206,-2.8133643,607.3958,607.3661,607.341,0.029718477,607.3707
1912.02,2855.665,7918.904,5634.0,13.248366,163.06021,2017.0094,2017.0,0.0,0.0,0.0,0.0,650.0327,0.038158417,-0.0046320735,24.804218,-0.00017675258,-3.0109992,650.0755,650.0327,649.99457,0.04279049,650.03735
616.52,858.6927,2442.8154,1834.0,13.189543,163.06427,2017.0002,2017.0,0.0,0.0,0.0,0.0,-645.4673,-0.020665169,-0.0046320735,13.338691,9.572258e-05,2.989852,645.4926,645.4673,-645.4466,-0.016033094,-645.46265
683.35333,959.35535,2720.9639,1992.0,13.202615,163.0633,2017.0012,2017.0,0.0,0.0,0.0,0.0,-578.634,-0.007593155,-0.0046320735,4.393657,3.5172052e-05,2.680275,578.6462,578.634,-578.6264,-0.0029610815,-578.62933
717.6867,1011.03186,2863.8037,2040.0,13.189543,163.06427,2017.0002,2017.0,0.0,0.0,0.0,0.0,-544.3006,-0.020665169,-0.0046320735,11.248064,9.572258e-05,2.5212402,544.3259,544.3006,-544.2799,-0.016033094,-544.29596
773.52,1100.7399,3106.1458,2327.0,13.215686,163.0624,2017.0032,2017.0,0.0,0.0,0.0,0.0,-488.4673,0.0054779053,-0.0046320735,-2.6757774,-2.537406e-05,2.2626164,488.47742,488.4673,-488.47278,0.010109979,-488.46265
865.85333,1242.3036,3494.9683,2594.0,13.202615,163.0633,2017.0012,2017.0,0.0,0.0,0.0,0.0,-396.13397,-0.007593155,-0.0046320735,3.0079067,3.5172052e-05,1.8349216,396.1462,396.13397,-396.12637,-0.0029610815,-396.12933
972.52,1404.6903,3942.15,2862.0,13.196078,163.06377,2017.0005,2017.0,0.0,0.0,0.0,0.0,-289.4673,-0.014129639,-0.0046320735,4.0900683,6.544952e-05,1.3408338,289.48605,289.4673,-289.45316,-0.009497565,-289.46265
1028.52,1491.2444,4179.2544,3034.0,13.222222,163.06187,2017.0034,2017.0,0.0,0.0,0.0,0.0,-233.46729,0.012014389,-0.0046320735,-2.8049667,-5.5651533e-05,1.0814376,233.48393,233.46729,-233.4793,0.016646463,-233.46265
1075.1866,1562.7404,4375.722,3142.0,13.196078,163.06377,2017.0005,2017.0,0.0,0.0,0.0,0.0,-186.80066,-0.014129639,-0.0046320735,2.6394258,6.544952e-05,0.86527437,186.81943,186.80066,-186.78653,-0.009497565,-186.79602
1113.1866,1621.5493,4536.7627,3262.0,13.20915,163.06277,2017.0015,2017.0,0.0,0.0,0.0,0.0,-148.80066,-0.0010576248,-0.0046320735,0.15737528,4.898996e-06,0.6892556,148.80635,148.80066,-148.7996,0.0035744486,-148.79602
1160.02,1694.2765,4735.688,3423.0,13.222222,163.06187,2017.0034,2017.0,0.0,0.0,0.0,0.0,-101.967285,0.012014389,-0.0046320735,-1.2250746,-5.5651533e-05,0.47231996,101.98393,101.967285,-101.9793,0.016646463,-101.962654
1196.8534,1750.5609,4890.5073,3483.0,13.196078,163.06377,2017.0005,2017.0,0.0,0.0,0.0,0.0,-65.13391,-0.014129639,-0.0046320735,0.9203186,6.544952e-05,0.30170506,65.15267,65.13391,-65.11978,-0.009497565,-65.12928
1238.8534,1815.6638,5068.7,3627.0,13.222222,163.06187,2017.0034,2017.0,0.0,0.0,0.0,0.0,-23.133911,0.012014389,-0.0046320735,-0.2779398,-5.5651533e-05,0.107157975,23.150558,23.133915,-23.145926,0.016646463,-23.129278
1337.3534,1969.4568,5488.6143,4017.0,13.202615,163.0633,2017.0012,2017.0,0.0,0.0,0.0,0.0,75.36609,-0.007593155,-0.0046320735,-0.5722664,3.5172052e-05,-0.34910125,75.37831,75.36609,75.37368,-0.0029610815,75.37072
1454.1866,2152.144,5987.201,4432.0,13.215686,163.0623,2017.0022,2017.0,0.0,0.0,0.0,0.0,192.19934,0.0054779053,-0.0046320735,1.0528498,-2.537406e-05,-0.89028144,192.20946,192.19934,192.19386,0.010109979,192.20398
1541.8534,2284.0505,6352.0312,4543.0,13.228758,163.0614,2017.0043,2017.0,0.0,0.0,0.0,0.0,279.8661,0.01854992,-0.0046320735,5.1914935,-8.5924585e-05,-1.2963603,279.88928,279.8661,279.84753,0.023181994,279.87073
1575.02,2335.2727,6492.4277,4631.0,13.215686,163.0623,2017.0022,2017.0,0.0,0.0,0.0,0.0,313.0327,0.0054779053,-0.0046320735,1.7147635,-2.537406e-05,-1.4499905,313.04285,313.0327,313.02722,0.010109979,313.03735
1645.02,2443.2515,6788.5146,4846.0,13.235294,163.06097,2017.0055,2017.0,0.0,0.0,0.0,0.0,383.0327,0.025086403,-0.0046320735,9.608913,-0.00011620206,-1.7742357,383.06244,383.0327,383.00763,0.029718477,383.03735
1679.3534,2496.4202,6934.114,4953.0,13.20915,163.06287,2017.0024,2017.0,0.0,0.0,0.0,0.0,417.3661,-0.0010576248,-0.0046320735,-0.44141674,4.898996e-06,-1.9332703,417.3718,417.3661,417.36716,0.0035744486,417.37073
1747.8534,2604.001,7227.313,5257.0,13.235294,163.06097,2017.0055,2017.0,0.0,0.0,0.0,0.0,485.8661,0.025086403,-0.0046320735,12.188632,-0.00011620206,-2.2505674,485.8958,485.8661,485.841,0.029718477,485.87073
1935.02,2891.8157,8017.4067,5726.0,13.228758,163.06148,2017.0052,2017.0,0.0,0.0,0.0,0.0,673.0327,0.01854992,-0.0046320735,12.484702,-8.5924585e-05,-3.117537,673.0559,673.0327,673.01416,0.023181994,673.03735
1991.1866,2979.3167,8256.548,5943.0,13.24183,163.06058,2017.0072,2017.0,0.0,0.0,0.0,0.0,729.19934,0.031621933,-0.0046320735,23.058693,-0.00014647511,-3.3777049,729.2356,729.19934,729.1677,0.036254007,729.204
2039.02,3052.6587,8458.087,6013.0,13.228758,163.06148,2017.0052,2017.0,0.0,0.0,0.0,0.0,777.0327,0.01854992,-0.0046320735,14.413894,-8.5924585e-05,-3.5992727,777.0559,777.0327,777.01416,0.023181994,777.03735
2115.52,3170.8757,8782.073,6269.0,13.222222,163.0621,2017.0065,2017.0,0.0,0.0,0.0,0.0,853.5327,0.012014389,-0.0046320735,10.254674,-5.5651533e-05,-3.9536262,853.5494,853.5327,853.5207,0.016646463,853.53735
2186.8533,3282.496,9086.687,6573.0,13.248366,163.06021,2017.0094,2017.0,0.0,0.0,0.0,0.0,924.86597,0.038158417,-0.0046320735,35.29142,-0.00017675258,-4.284047,924.90875,924.86597,924.8278,0.04279049,924.8706
2242.02,3366.511,9318.095,6600.0,13.222222,163.0621,2017.0065,2017.0,0.0,0.0,0.0,0.0,980.0327,0.012014389,-0.0046320735,11.774494,-5.5651533e-05,-4.5395837,980.0494,980.0327,980.0207,0.016646463,980.03735
2257.1868,3390.0461,9382.506,6664.0,13.248366,163.06021,2017.0094,2017.0,0.0,0.0,0.0,0.0,995.19946,0.038158417,-0.0046320735,37.975235,-0.00017675258,-4.609837,995.24225,995.19946,995.1613,0.04279049,995.2041
542.52,743.93835,2129.1287,1583.0,13.189543,163.06427,2017.0002,2017.0,0.0,0.0,0.0,0.0,-719.4673,-0.020665169,-0.0046320735,14.867913,9.572258e-05,3.3326254,719.4926,719.4673,-719.4466,-0.016033094,-719.46265
676.02,966.64343,2722.8691,2199.0,13.202615,163.0633,2017.0012,2017.0,0.0,0.0,0.0,0.0,-585.9673,-0.007593155,-0.0046320735,4.4493403,3.5172052e-05,2.7142434,585.9795,585.9673,-585.9597,-0.0029610815,-585.96265
867.85333,1242.2593,3497.8647,2497.0,13.196078,163.06377,2017.0005,2017.0,0.0,0.0,0.0,0.0,-394.13397,-0.014129639,-0.0046320735,5.5689707,6.544952e-05,1.8256575,394.15274,394.13397,-394.11984,-0.009497565,-394.12933
964.02,1400.1317,3921.4604,3012.0,13.20915,163.06277,2017.0015,2017.0,0.0,0.0,0.0,0.0,-297.9673,-0.0010576248,-0.0046320735,0.3151376,4.898996e-06,1.3802063,297.973,297.9673,-297.96622,0.0035744486,-297.96265
1160.8534,1694.7927,4737.8364,3402.0,13.202615,163.0633,2017.0012,2017.0,0.0,0.0,0.0,0.0,-101.13391,-0.007593155,-0.0046320735,0.76792544,3.5172052e-05,0.4684597,101.14613,101.13391,-101.12632,-0.0029610815,-101.12928
1217.8534,1783.992,4981.178,3629.0,13.215686,163.0623,2017.0022,2017.0,0.0,0.0,0.0,0.0,-44.13391,0.0054779053,-0.0046320735,-0.24176139,-2.537406e-05,0.20443152,44.14402,44.13391,-44.13939,0.010109979,-44.12928
1262.52,1851.6608,5167.88,3670.0,13.202615,163.0633,2017.0012,2017.0,0.0,0.0,0.0,0.0,0.53271484,-0.007593155,-0.0046320735,-0.0040449863,3.5172052e-05,-0.0024675743,0.54494005,0.5327891,0.540308,-0.0029610815,0.5373469
1327.1866,1954.7378,5447.343,4017.0,13.228758,163.0614,2017.0043,2017.0,0.0,0.0,0.0,0.0,65.19934,0.01854992,-0.0046320735,1.2094425,-8.5924585e-05,-0.30200812,65.22252,65.19935,65.18079,0.023181994,65.20397
1404.6866,2071.874,5770.8037,4135.0,13.215686,163.0623,2017.0022,2017.0,0.0,0.0,0.0,0.0,142.69934,0.0054779053,-0.0046320735,0.78169346,-2.537406e-05,-0.6609938,142.70946,142.69934,142.69386,0.010109979,142.70398
1507.52,2230.7642,6206.226,4459.0,13.20915,163.06287,2017.0024,2017.0,0.0,0.0,0.0,0.0,245.53271,-0.0010576248,-0.0046320735,-0.2596815,4.898996e-06,-1.1373255,245.5384,245.53271,245.53377,0.0035744486,245.53735
1576.52,2338.5337,6500.476,4723.0,13.222222,163.06187,2017.0034,2017.0,0.0,0.0,0.0,0.0,314.5327,0.012014389,-0.0046320735,3.7789185,-5.5651533e-05,-1.4569386,314.54938,314.5327,314.5207,0.016646463,314.53735
1722.52,2565.0254,7120.339,5204.0,13.215686,163.06247,2017.0043,2017.0,0.0,0.0,0.0,0.0,460.5327,0.0054779053,-0.0046320735,2.5227547,-2.537406e-05,-2.1332214,460.54285,460.5327,460.52722,0.010109979,460.53735
1920.6866,2881.6125,7978.263,6042.0,13.228758,163.06148,2017.0052,2017.0,0.0,0.0,0.0,0.0,658.69934,0.01854992,-0.0046320735,12.21882,-8.5924585e-05,-3.0511436,658.72253,658.69934,658.6808,0.023181994,658.704
2167.1868,3250.9333,9001.279,6432.0,13.235294,163.06113,2017.0074,2017.0,0.0,0.0,0.0,0.0,905.19946,0.025086403,-0.0046320735,22.708199,-0.00011620206,-4.1929502,905.2292,905.19946,905.1744,0.029718477,905.2041
2250.1868,3381.0513,9356.151,6790.0,13.248366,163.06021,2017.0094,2017.0,0.0,0.0,0.0,0.0,988.19946,0.038158417,-0.0046320735,37.708126,-0.00017675258,-4.5774126,988.24225,988.19946,988.1613,0.04279049,988.2041
614.52,852.27997,2428.5212,1730.0,13.189543,163.06427,2017.0002,2017.0,0.0,0.0,0.0,0.0,-647.4673,-0.020665169,-0.0046320735,13.380021,9.572258e-05,2.999116,647.4926,647.4673,-647.4466,-0.016033094,-647.46265
698.35333,991.7201,2800.6655,2186.0,13.202615,163.0633,2017.0012,2017.0,0.0,0.0,0.0,0.0,-563.634,-0.007593155,-0.0046320735,4.27976,3.5172052e-05,2.610794,563.6462,563.634,-563.6264,-0.0029610815,-563.62933
825.85333,1178.6156,3322.33,2428.0,13.196078,163.06377,2017.0005,2017.0,0.0,0.0,0.0,0.0,-436.13397,-0.014129639,-0.0046320735,6.1624155,6.544952e-05,2.0202045,436.15274,436.13397,-436.11984,-0.009497565,-436.12933
889.35333,1276.9506,3591.4773,2633.0,13.20915,163.06277,2017.0015,2017.0,0.0,0.0,0.0,0.0,-372.63397,-0.0010576248,-0.0046320735,0.39410692,4.898996e-06,1.7260679,372.63968,372.63397,-372.6329,0.0035744486,-372.62933
999.02,1451.7759,4065.2812,3086.0,13.222222,163.06187,2017.0034,2017.0,0.0,0.0,0.0,0.0,-262.9673,0.012014389,-0.0046320735,-3.1593912,-5.5651533e-05,1.2180837,262.98395,262.9673,-262.9793,0.016646463,-262.96265
1143.1866,1669.9612,4667.452,3446.0,13.215686,163.0623,2017.0022,2017.0,0.0,0.0,0.0,0.0,-118.80066,0.0054779053,-0.0046320735,-0.6507788,-2.537406e-05,0.5502934,118.81077,118.80066,-118.80614,0.010109979,-118.79603
1223.8534,1792.6772,5005.5327,3621.0,13.228758,163.0614,2017.0043,2017.0,0.0,0.0,0.0,0.0,-38.13391,0.01854992,-0.0046320735,-0.70738095,-8.5924585e-05,0.17663908,38.157093,38.133915,-38.152462,0.023181994,-38.12928
1330.8534,1957.6284,5457.8906,3937.0,13.20915,163.06287,2017.0024,2017.0,0.0,0.0,0.0,0.0,68.86609,-0.0010576248,-0.0046320735,-0.072834484,4.898996e-06,-0.3189928,68.87178,68.86609,68.86715,0.0035744486,68.87072
1385.1866,2041.6049,5687.988,4097.0,13.222222,163.06187,2017.0034,2017.0,0.0,0.0,0.0,0.0,123.19934,0.012014389,-0.0046320735,1.4801648,-5.5651533e-05,-0.5706684,123.21599,123.19934,123.187325,0.016646463,123.20397
1417.6866,2091.2832,5824.6323,4132.0,13.20915,163.06287,2017.0024,2017.0,0.0,0.0,0.0,0.0,155.69934,-0.0010576248,-0.0046320735,-0.16467148,4.898996e-06,-0.7212108,155.70503,155.69934,155.7004,0.0035744486,155.70398
1506.3534,2234.0054,6210.3545,4629.0,13.235294,163.06097,2017.0055,2017.0,0.0,0.0,0.0,0.0,244.36609,0.025086403,-0.0046320735,6.130266,-0.00011620206,-1.1319216,244.39581,244.36609,244.341,0.029718477,244.37073
1666.6866,2476.9255,6880.615,4956.0,13.215686,163.06247,2017.0043,2017.0,0.0,0.0,0.0,0.0,404.69934,0.0054779053,-0.0046320735,2.2169046,-2.537406e-05,-1.8745971,404.70947,404.69934,404.69385,0.010109979,404.70398
1777.52,2652.0193,7356.867,5431.0,13.228758,163.06148,2017.0052,2017.0,0.0,0.0,0.0,0.0,515.5327,0.01854992,-0.0046320735,9.56309,-8.5924585e-05,-2.3879855,515.5559,515.5327,515.51416,0.023181994,515.53735
1911.8534,2857.2236,7921.473,5761.0,13.222222,163.0621,2017.0065,2017.0,0.0,0.0,0.0,0.0,649.8661,0.012014389,-0.0046320735,7.807744,-5.5651533e-05,-3.0102274,649.88275,649.8661,649.85406,0.016646463,649.8707
1978.3534,2958.3416,8200.135,5830.0,13.248366,163.06021,2017.0094,2017.0,0.0,0.0,0.0,0.0,716.3661,0.038158417,-0.0046320735,27.335396,-0.00017675258,-3.3182604,716.4089,716.3661,716.32794,0.04279049,716.3707
2020.52,3024.108,8379.807,6014.0,13.235294,163.06113,2017.0074,2017.0,0.0,0.0,0.0,0.0,758.5327,0.025086403,-0.0046320735,19.028858,-0.00011620206,-3.5135794,758.56244,758.5327,758.5076,0.029718477,758.53735
2118.6868,3178.1267,8799.741,6419.0,13.248366,163.06021,2017.0094,2017.0,0.0,0.0,0.0,0.0,856.69946,0.038158417,-0.0046320735,32.690296,-0.00017675258,-3.9682949,856.74225,856.69946,856.6613,0.04279049,856.7041
288.02,363.3849,1076.0929,842.0,13.189543,163.06427,2017.0002,2017.0,0.0,0.0,0.0,0.0,-973.9673,-0.020665169,-0.0046320735,20.1272,9.572258e-05,4.511488,973.9926,973.9673,-973.9466,-0.016033094,-973.96265
430.02002,602.78766,1710.6338,1464.0,13.202615,163.0633,2017.0012,2017.0,0.0,0.0,0.0,0.0,-831.9673,-0.007593155,-0.0046320735,6.3172565,3.5172052e-05,3.8537335,831.9795,831.9673,-831.9597,-0.0029610815,-831.96265
621.1867,863.4211,2458.1938,1804.0,13.196078,163.06377,2017.0005,2017.0,0.0,0.0,0.0,0.0,-640.8006,-0.014129639,-0.0046320735,9.054281,6.544952e-05,2.9682355,640.81934,640.8006,-640.7865,-0.009497565,-640.79596
724.1867,1030.978,2908.824,2266.0,13.20915,163.06277,2017.0015,2017.0,0.0,0.0,0.0,0.0,-537.8006,-0.0010576248,-0.0046320735,0.5687913,4.898996e-06,2.4911318,537.8063,537.8006,-537.79956,0.0035744486,-537.79596
1000.02,1453.2036,4069.3052,3093.0,13.215686,163.0623,2017.0022,2017.0,0.0,0.0,0.0,0.0,-261.9673,0.0054779053,-0.0046320735,-1.435032,-2.537406e-05,1.2134517,261.97742,261.9673,-261.97278,0.010109979,-261.96265
1126.8534,1642.2646,4593.9043,3324.0,13.20915,163.06287,2017.0024,2017.0,0.0,0.0,0.0,0.0,-135.13391,-0.0010576248,-0.0046320735,0.14292097,4.898996e-06,0.6259502,135.1396,135.13391,-135.13286,0.0035744486,-135.12927
1185.02,1732.3668,4840.5693,3509.0,13.222222,163.06187,2017.0034,2017.0,0.0,0.0,0.0,0.0,-76.967285,0.012014389,-0.0046320735,-0.9247149,-5.5651533e-05,0.35651812,76.98393,76.967285,-76.9793,0.016646463,-76.962654
1227.6866,1797.4913,5019.7773,3580.0,13.20915,163.06287,2017.0024,2017.0,0.0,0.0,0.0,0.0,-34.30066,-0.0010576248,-0.0046320735,0.036277227,4.898996e-06,0.15888317,34.306347,34.30066,-34.299603,0.0035744486,-34.29603
1283.6866,1885.8345,5260.13,3845.0,13.222222,163.06187,2017.0034,2017.0,0.0,0.0,0.0,0.0,21.69934,0.012014389,-0.0046320735,0.2607043,-5.5651533e-05,-0.100512944,21.715988,21.699345,21.687326,0.016646463,21.703974
1399.6866,2063.185,5747.904,4102.0,13.215686,163.06247,2017.0043,2017.0,0.0,0.0,0.0,0.0,137.69934,0.0054779053,-0.0046320735,0.75430393,-2.537406e-05,-0.6378335,137.70946,137.69934,137.69386,0.010109979,137.70398
1500.52,2225.1594,6185.9546,4623.0,13.228758,163.06148,2017.0052,2017.0,0.0,0.0,0.0,0.0,238.53271,0.01854992,-0.0046320735,4.4247627,-8.5924585e-05,-1.1049011,238.55591,238.53271,238.51416,0.023181994,238.53735
1745.1866,2598.5735,7213.666,5224.0,13.222222,163.0621,2017.0065,2017.0,0.0,0.0,0.0,0.0,483.19934,0.012014389,-0.0046320735,5.805345,-5.5651533e-05,-2.2382147,483.216,483.19934,483.18732,0.016646463,483.20398
1858.02,2775.177,7695.5483,5645.0,13.235294,163.06113,2017.0074,2017.0,0.0,0.0,0.0,0.0,596.0327,0.025086403,-0.0046320735,14.952317,-0.00011620206,-2.7608674,596.06244,596.0327,596.0076,0.029718477,596.03735
283.68668,351.72467,1049.4856,775.0,13.202615,163.0633,2017.0012,2017.0,0.0,0.0,0.0,0.0,-978.30066,-0.007593155,-0.0046320735,7.4283886,3.5172052e-05,4.5315604,978.31287,978.30066,-978.2931,-0.0029610815,-978.296
329.02,419.73016,1237.0901,925.0,13.189543,163.06427,2017.0002,2017.0,0.0,0.0,0.0,0.0,-932.9673,-0.020665169,-0.0046320735,19.279926,9.572258e-05,4.321573,932.9926,932.9673,-932.9466,-0.016033094,-932.96265
402.18668,535.30145,1550.2461,1214.0,13.202615,163.0633,2017.0012,2017.0,0.0,0.0,0.0,0.0,-859.80066,-0.007593155,-0.0046320735,6.5285997,3.5172052e-05,3.9826598,859.81287,859.80066,-859.7931,-0.0029610815,-859.796
470.52002,632.60583,1824.6328,1335.0,13.215686,163.0624,2017.0032,2017.0,0.0,0.0,0.0,0.0,-791.4673,0.0054779053,-0.0046320735,-4.3355827,-2.537406e-05,3.6661346,791.4774,791.4673,-791.4728,0.010109979,-791.46265
517.52,705.1668,2023.1814,1496.0,13.202615,163.0633,2017.0012,2017.0,0.0,0.0,0.0,0.0,-744.4673,-0.007593155,-0.0046320735,5.6528554,3.5172052e-05,3.4484272,744.4795,744.4673,-744.4597,-0.0029610815,-744.46265
611.52,847.8605,2416.2112,1752.0,13.196078,163.06377,2017.0005,2017.0,0.0,0.0,0.0,0.0,-650.4673,-0.014129639,-0.0046320735,9.190867,6.544952e-05,3.0130122,650.4861,650.4673,-650.4531,-0.009497565,-650.46265
670.52,941.07666,2669.4023,1996.0,13.20915,163.06277,2017.0015,2017.0,0.0,0.0,0.0,0.0,-591.4673,-0.0010576248,-0.0046320735,0.6255505,4.898996e-06,2.7397199,591.47296,591.4673,-591.46625,0.0035744486,-591.46265
776.85333,1108.766,3125.3506,2390.0,13.222222,163.06187,2017.0034,2017.0,0.0,0.0,0.0,0.0,-485.13397,0.012014389,-0.0046320735,-5.8285885,-5.5651533e-05,2.2471762,485.15063,485.13397,-485.146,0.016646463,-485.12933
885.52,1272.0096,3576.9983,2648.0,13.20915,163.06277,2017.0015,2017.0,0.0,0.0,0.0,0.0,-376.4673,-0.0010576248,-0.0046320735,0.39816114,4.898996e-06,1.7438241,376.473,376.4673,-376.46622,0.0035744486,-376.46265
1053.3534,1530.7659,4286.4365,3161.0,13.202615,163.0633,2017.0012,2017.0,0.0,0.0,0.0,0.0,-208.63391,-0.007593155,-0.0046320735,1.5841897,3.5172052e-05,0.9664076,208.64615,208.63391,-208.62631,-0.0029610815,-208.62927
1173.02,1718.874,4798.802,3601.0,13.215686,163.0623,2017.0022,2017.0,0.0,0.0,0.0,0.0,-88.967285,0.0054779053,-0.0046320735,-0.48735437,-2.537406e-05,0.412103,88.977394,88.967285,-88.97276,0.010109979,-88.962654
1263.52,1853.4515,5172.5537,3704.0,13.228758,163.0614,2017.0043,2017.0,0.0,0.0,0.0,0.0,1.5327148,0.01854992,-0.0046320735,0.028431736,-8.5924585e-05,-0.0070996475,1.5558969,1.532834,1.5141649,0.023181994,1.537347
1388.02,2045.7539,5699.5737,4089.0,13.20915,163.06287,2017.0024,2017.0,0.0,0.0,0.0,0.0,126.032715,-0.0010576248,-0.0046320735,-0.13329533,4.898996e-06,-0.5837928,126.03841,126.032715,126.033775,0.0035744486,126.037346
1485.6866,2201.2795,6121.417,4548.0,13.222222,163.06187,2017.0034,2017.0,0.0,0.0,0.0,0.0,223.69934,0.012014389,-0.0046320735,2.6876109,-5.5651533e-05,-1.0361918,223.71599,223.69934,223.68733,0.016646463,223.70398
1649.1866,2449.8557,6806.458,4904.0,13.215686,163.06247,2017.0043,2017.0,0.0,0.0,0.0,0.0,387.19934,0.0054779053,-0.0046320735,2.1210413,-2.537406e-05,-1.7935358,387.20947,387.19934,387.19385,0.010109979,387.20398
1692.6866,2516.5317,6989.692,4974.0,13.24183,163.06058,2017.0072,2017.0,0.0,0.0,0.0,0.0,430.69934,0.031621933,-0.0046320735,13.619546,-0.00014647511,-1.995031,430.7356,430.69934,430.66772,0.036254007,430.70398
1713.52,2548.7397,7077.943,5029.0,13.215686,163.06247,2017.0043,2017.0,0.0,0.0,0.0,0.0,451.5327,0.0054779053,-0.0046320735,2.4734535,-2.537406e-05,-2.0915327,451.54285,451.5327,451.52722,0.010109979,451.53735
1734.02,2580.5017,7164.9077,5097.0,13.24183,163.06058,2017.0072,2017.0,0.0,0.0,0.0,0.0,472.0327,0.031621933,-0.0046320735,14.926587,-0.00014647511,-2.1864903,472.06897,472.0327,472.0011,0.036254007,472.03735
1825.02,2725.4856,7558.1445,5575.0,13.228758,163.06148,2017.0052,2017.0,0.0,0.0,0.0,0.0,563.0327,0.01854992,-0.0046320735,10.444211,-8.5924585e-05,-2.6080089,563.0559,563.0327,563.01416,0.023181994,563.03735
2032.52,3042.1638,8429.746,5983.0,13.222222,163.0621,2017.0065,2017.0,0.0,0.0,0.0,0.0,770.5327,0.012014389,-0.0046320735,9.25748,-5.5651533e-05,-3.569164,770.5494,770.5327,770.5207,0.016646463,770.53735
2062.02,3088.0603,8555.241,6110.0,13.235294,163.06113,2017.0074,2017.0,0.0,0.0,0.0,0.0,800.0327,0.025086403,-0.0046320735,20.069942,-0.00011620206,-3.7058103,800.06244,800.0327,800.0076,0.029718477,800.03735
2107.52,3158.5847,8748.322,6256.0,13.248366,163.06021,2017.0094,2017.0,0.0,0.0,0.0,0.0,845.5327,0.038158417,-0.0046320735,32.26419,-0.00017675258,-3.9165697,845.5755,845.5327,845.49457,0.04279049,845.53735
2154.1868,3230.7808,8946.107,6390.0,13.235294,163.06113,2017.0074,2017.0,0.0,0.0,0.0,0.0,892.19946,0.025086403,-0.0046320735,22.382074,-0.00011620206,-4.1327333,892.2292,892.19946,892.1744,0.029718477,892.2041
713.85333,1007.24133,2851.3496,2110.0,13.189543,163.06427,2017.0002,2017.0,0.0,0.0,0.0,0.0,-548.134,-0.020665169,-0.0046320735,11.327281,9.572258e-05,2.538997,548.1593,548.134,-548.1133,-0.016033094,-548.12933
839.85333,1211.6497,3401.852,2655.0,13.202615,163.0633,2017.0012,2017.0,0.0,0.0,0.0,0.0,-422.13397,-0.007593155,-0.0046320735,3.2053287,3.5172052e-05,1.9553555,422.1462,422.13397,-422.12637,-0.0029610815,-422.12933
1075.6866,1563.993,4378.6963,3171.0,13.196078,163.06377,2017.0005,2017.0,0.0,0.0,0.0,0.0,-186.30066,-0.014129639,-0.0046320735,2.632361,6.544952e-05,0.8629583,186.31943,186.30066,-186.28653,-0.009497565,-186.29602
1206.6866,1776.6526,4951.6694,3794.0,13.20915,163.06277,2017.0015,2017.0,0.0,0.0,0.0,0.0,-55.30066,-0.0010576248,-0.0046320735,0.05848735,4.898996e-06,0.2561567,55.306347,55.30066,-55.299603,0.0035744486,-55.29603
1535.3534,2283.5967,6341.7607,4803.0,13.215686,163.0623,2017.0022,2017.0,0.0,0.0,0.0,0.0,273.3661,0.0054779053,-0.0046320735,1.4974736,-2.537406e-05,-1.2662518,273.37622,273.3661,273.3606,0.010109979,273.37073
1719.52,2558.9697,7105.077,5108.0,13.235294,163.06097,2017.0055,2017.0,0.0,0.0,0.0,0.0,457.5327,0.025086403,-0.0046320735,11.47785,-0.00011620206,-2.1193252,457.56244,457.5327,457.50763,0.029718477,457.53735
1806.1866,2694.7205,7475.3896,5452.0,13.222222,163.06187,2017.0034,2017.0,0.0,0.0,0.0,0.0,544.19934,0.012014389,-0.0046320735,6.538223,-5.5651533e-05,-2.5207713,544.216,544.19934,544.1873,0.016646463,544.204
1928.6866,2881.883,7990.322,5689.0,13.215686,163.06247,2017.0043,2017.0,0.0,0.0,0.0,0.0,666.69934,0.0054779053,-0.0046320735,3.6521158,-2.537406e-05,-3.0882003,666.7095,666.69934,666.69385,0.010109979,666.704
2036.3534,3053.6418,8456.007,6251.0,13.228758,163.06148,2017.0052,2017.0,0.0,0.0,0.0,0.0,774.3661,0.01854992,-0.0046320735,14.3644285,-8.5924585e-05,-3.5869205,774.3893,774.3661,774.34753,0.023181994,774.3707
2208.1868,3314.284,9174.907,6538.0,13.222222,163.0621,2017.0065,2017.0,0.0,0.0,0.0,0.0,946.19946,0.012014389,-0.0046320735,11.368009,-5.5651533e-05,-4.3828654,946.2161,946.19946,946.18744,0.016646463,946.2041
2325.02,3500.0989,9679.244,7133.0,13.235294,163.06113,2017.0074,2017.0,0.0,0.0,0.0,0.0,1063.0327,0.025086403,-0.0046320735,26.667667,-0.00011620206,-4.9240456,1063.0625,1063.0327,1063.0076,0.029718477,1063.0374
227.35333,271.4608,823.76697,615.0,13.189543,163.06427,2017.0002,2017.0,0.0,0.0,0.0,0.0,-1034.634,-0.020665169,-0.0046320735,21.380886,9.572258e-05,4.792501,1034.6593,1034.634,-1034.6134,-0.016033094,-1034.6294
273.85333,338.00272,1010.5459,754.0,13.202615,163.0633,2017.0012,2017.0,0.0,0.0,0.0,0.0,-988.134,-0.007593155,-0.0046320735,7.503054,3.5172052e-05,4.5771093,988.1462,988.134,-988.1264,-0.0029610815,-988.12933
334.35333,430.91324,1264.5885,978.0,13.215686,163.0624,2017.0032,2017.0,0.0,0.0,0.0,0.0,-927.634,0.0054779053,-0.0046320735,-5.081491,-2.537406e-05,4.296869,927.6441,927.634,-927.63947,0.010109979,-927.62933
389.02002,508.51248,1483.5579,1082.0,13.202615,163.0633,2017.0012,2017.0,0.0,0.0,0.0,0.0,-872.9673,-0.007593155,-0.0046320735,6.628576,3.5172052e-05,4.0436487,872.9795,872.9673,-872.9597,-0.0029610815,-872.96265
427.35336,567.0504,1644.2372,1208.0,13.215686,163.0624,2017.0032,2017.0,0.0,0.0,0.0,0.0,-834.6339,0.0054779053,-0.0046320735,-4.5720453,-2.537406e-05,3.8660855,834.64404,834.6339,-834.6394,0.010109979,-834.6293
560.35333,794.2786,2244.6309,1860.0,13.20915,163.06277,2017.0015,2017.0,0.0,0.0,0.0,0.0,-701.634,-0.0010576248,-0.0046320735,0.7420655,4.898996e-06,3.25002,701.63965,701.634,-701.63293,0.0035744486,-701.62933
844.1867,1206.6116,3399.333,2487.0,13.228758,163.0614,2017.0043,2017.0,0.0,0.0,0.0,0.0,-417.8006,0.01854992,-0.0046320735,-7.7501674,-8.5924585e-05,1.9352831,417.8238,417.8006,-417.81915,0.023181994,-417.79596
888.52,1273.8688,3584.7615,2568.0,13.215686,163.0623,2017.0022,2017.0,0.0,0.0,0.0,0.0,-373.4673,0.0054779053,-0.0046320735,-2.0458183,-2.537406e-05,1.7299279,373.47742,373.4673,-373.47278,0.010109979,-373.46265
927.52,1334.7108,3750.8699,2721.0,13.228758,163.0614,2017.0043,2017.0,0.0,0.0,0.0,0.0,-334.4673,0.01854992,-0.0046320735,-6.204341,-8.5924585e-05,1.5492771,334.49048,334.4673,-334.48584,0.023181994,-334.46265
1128.3534,1655.2566,4619.357,3554.0,13.222222,163.06187,2017.0034,2017.0,0.0,0.0,0.0,0.0,-133.63391,0.012014389,-0.0046320735,-1.6055298,-5.5651533e-05,0.6190021,133.65056,133.63391,-133.64592,0.016646463,-133.62927
1309.52,1923.8256,5366.058,3843.0,13.228758,163.06148,2017.0052,2017.0,0.0,0.0,0.0,0.0,47.532715,0.01854992,-0.0046320735,0.881728,-8.5924585e-05,-0.22017503,47.555897,47.532715,47.514164,0.023181994,47.537346
1338.8534,1969.0223,5490.029,3912.0,13.24183,163.06058,2017.0072,2017.0,0.0,0.0,0.0,0.0,76.86609,0.031621933,-0.0046320735,2.4306543,-0.00014647511,-0.35604936,76.90234,76.8661,76.834465,0.036254007,76.87072
1359.8534,2001.4686,5578.9414,3969.0,13.228758,163.06148,2017.0052,2017.0,0.0,0.0,0.0,0.0,97.86609,0.01854992,-0.0046320735,1.815408,-8.5924585e-05,-0.45332292,97.88927,97.86609,97.84754,0.023181994,97.87072
1418.3534,2093.9695,5830.4287,4263.0,13.24183,163.06058,2017.0072,2017.0,0.0,0.0,0.0,0.0,156.36609,0.031621933,-0.0046320735,4.944598,-0.00014647511,-0.7242992,156.40234,156.36609,156.33447,0.036254007,156.37073
1625.3534,2412.4229,6704.443,4821.0,13.222222,163.0621,2017.0065,2017.0,0.0,0.0,0.0,0.0,363.3661,0.012014389,-0.0046320735,4.3656216,-5.5651533e-05,-1.6831384,363.38275,363.3661,363.35406,0.016646463,363.37073
1718.02,2558.1956,7101.5054,5208.0,13.235294,163.06113,2017.0074,2017.0,0.0,0.0,0.0,0.0,456.0327,0.025086403,-0.0046320735,11.440221,-0.00011620206,-2.112377,456.06244,456.0327,456.00763,0.029718477,456.03735
920.52,1325.4382,3723.9863,2728.0,13.189543,163.06427,2017.0002,2017.0,0.0,0.0,0.0,0.0,-341.4673,-0.020665169,-0.0046320735,7.056479,9.572258e-05,1.5817015,341.49258,341.4673,-341.44662,-0.016033094,-341.46265
1052.52,1536.5482,4295.5435,3280.0,13.202615,163.0633,2017.0012,2017.0,0.0,0.0,0.0,0.0,-209.46729,-0.007593155,-0.0046320735,1.5905175,3.5172052e-05,0.97026783,209.47952,209.46729,-209.45969,-0.0029610815,-209.46265
1182.8534,1731.2151,4835.326,3543.0,13.215686,163.0624,2017.0032,2017.0,0.0,0.0,0.0,0.0,-79.13391,0.0054779053,-0.0046320735,-0.43348807,-2.537406e-05,0.36655408,79.14402,79.13391,-79.13939,0.010109979,-79.12928
1252.8534,1838.1299,5129.469,3700.0,13.202615,163.0633,2017.0012,2017.0,0.0,0.0,0.0,0.0,-9.133911,-0.007593155,-0.0046320735,0.069355205,3.5172052e-05,0.04230895,9.146136,9.133916,-9.126318,-0.0029610815,-9.129279
1376.3534,2028.4341,5651.444,4050.0,13.196078,163.06377,2017.0005,2017.0,0.0,0.0,0.0,0.0,114.36609,-0.014129639,-0.0046320735,-1.6159515,6.544952e-05,-0.52975214,114.38485,114.36609,114.38022,-0.009497565,114.37072
1420.52,2096.952,5838.9463,4198.0,13.222222,163.06187,2017.0034,2017.0,0.0,0.0,0.0,0.0,158.53271,0.012014389,-0.0046320735,1.9046737,-5.5651533e-05,-0.7343352,158.54936,158.53271,158.5207,0.016646463,158.53735
1469.52,2172.7358,6046.5557,4344.0,13.20915,163.06277,2017.0015,2017.0,0.0,0.0,0.0,0.0,207.53271,-0.0010576248,-0.0046320735,-0.21949175,4.898996e-06,-0.96130675,207.5384,207.53271,207.53377,0.0035744486,207.53735
1580.3534,2349.511,6525.803,4863.0,13.222222,163.06187,2017.0034,2017.0,0.0,0.0,0.0,0.0,318.3661,0.012014389,-0.0046320735,3.824974,-5.5651533e-05,-1.4746951,318.38275,318.3661,318.35406,0.016646463,318.37073
1946.52,2912.4756,8071.3203,5885.0,13.215686,163.0623,2017.0022,2017.0,0.0,0.0,0.0,0.0,684.5327,0.0054779053,-0.0046320735,3.7498055,-2.537406e-05,-3.170806,684.54285,684.5327,684.5272,0.010109979,684.53735
2044.52,3062.679,8484.125,6106.0,13.228758,163.0614,2017.0043,2017.0,0.0,0.0,0.0,0.0,782.5327,0.01854992,-0.0046320735,14.515919,-8.5924585e-05,-3.624749,782.5559,782.5327,782.51416,0.023181994,782.53735
2127.8533,3192.1274,8838.266,6385.0,13.215686,163.0623,2017.0022,2017.0,0.0,0.0,0.0,0.0,865.86597,0.0054779053,-0.0046320735,4.7431316,-2.537406e-05,-4.0107546,865.8761,865.86597,865.8605,0.010109979,865.8706
2285.52,3435.63,9505.755,6848.0,13.235294,163.06097,2017.0055,2017.0,0.0,0.0,0.0,0.0,1023.5327,0.025086403,-0.0046320735,25.676754,-0.00011620206,-4.741079,1023.56244,1023.5327,1023.5076,0.029718477,1023.53735
2344.8533,3526.6477,9755.831,6944.0,13.20915,163.06287,2017.0024,2017.0,0.0,0.0,0.0,0.0,1082.866,-0.0010576248,-0.0046320735,-1.1452659,4.898996e-06,-5.015915,1082.8717,1082.866,1082.8671,0.0035744486,1082.8706
2375.8533,3574.6338,9887.27,7034.0,13.235294,163.06097,2017.0055,2017.0,0.0,0.0,0.0,0.0,1113.866,0.025086403,-0.0046320735,27.94289,-0.00011620206,-5.159509,1113.8958,1113.866,1113.8408,0.029718477,1113.8706
2424.02,3649.653,10092.327,7233.0,13.222222,163.06187,2017.0034,2017.0,0.0,0.0,0.0,0.0,1162.0327,0.012014389,-0.0046320735,13.961113,-5.5651533e-05,-5.382621,1162.0493,1162.0327,1162.0208,0.016646463,1162.0374
2614.3533,3944.5955,10899.919,7853.0,13.215686,163.06247,2017.0043,2017.0,0.0,0.0,0.0,0.0,1352.366,0.0054779053,-0.0046320735,7.4081326,-2.537406e-05,-6.2642584,1352.3761,1352.366,1352.3605,0.010109979,1352.3706
2718.8533,4106.6226,11343.488,8182.0,13.228758,163.06148,2017.0052,2017.0,0.0,0.0,0.0,0.0,1456.866,0.01854992,-0.0046320735,27.024746,-8.5924585e-05,-6.74831,1456.8892,1456.866,1456.8474,0.023181994,1456.8706
2812.3535,4250.7383,11738.818,8414.0,13.24183,163.06058,2017.0072,2017.0,0.0,0.0,0.0,0.0,1550.3662,0.031621933,-0.0046320735,49.025578,-0.00014647511,-7.1814103,1550.4025,1550.3662,1550.3346,0.036254007,1550.3708
2888.5203,4368.6455,12061.782,8639.0,13.228758,163.06148,2017.0052,2017.0,0.0,0.0,0.0,0.0,1626.533,0.01854992,-0.0046320735,30.172054,-8.5924585e-05,-7.53422,1626.5562,1626.533,1626.5144,0.023181994,1626.5376
3107.3535,4706.879,12988.742,9264.0,13.235294,163.06113,2017.0074,2017.0,0.0,0.0,0.0,0.0,1845.3662,0.025086403,-0.0046320735,46.293602,-0.00011620206,-8.547872,1845.396,1845.3662,1845.3411,0.029718477,1845.3708
3161.5203,4790.5337,13218.067,9378.0,13.248366,163.06021,2017.0094,2017.0,0.0,0.0,0.0,0.0,1899.533,0.038158417,-0.0046320735,72.48317,-0.00017675258,-8.798777,1899.5758,1899.533,1899.4948,0.04279049,1899.5376
3223.1868,4886.9497,13481.282,9682.0,13.235294,163.06113,2017.0074,2017.0,0.0,0.0,0.0,0.0,1961.1995,0.025086403,-0.0046320735,49.19944,-0.00011620206,-9.08442,1961.2292,1961.1995,1961.1743,0.029718477,1961.2041
311.02,392.4394,1162.086,863.0,13.189543,163.06427,2017.0002,2017.0,0.0,0.0,0.0,0.0,-950.9673,-0.020665169,-0.0046320735,19.6519,9.572258e-05,4.40495,950.9926,950.9673,-950.9466,-0.016033094,-950.96265
402.85336,544.6816,1567.5251,1280.0,13.202615,163.0633,2017.0012,2017.0,0.0,0.0,0.0,0.0,-859.1339,-0.007593155,-0.0046320735,6.5235367,3.5172052e-05,3.9795713,859.1461,859.1339,-859.12634,-0.0029610815,-859.1293
489.85336,661.8186,1905.1921,1385.0,13.215686,163.0624,2017.0032,2017.0,0.0,0.0,0.0,0.0,-772.1339,0.0054779053,-0.0046320735,-4.2296762,-2.537406e-05,3.576581,772.14404,772.1339,-772.1394,0.010109979,-772.1293
587.52,813.32385,2319.1716,1736.0,13.20915,163.06277,2017.0015,2017.0,0.0,0.0,0.0,0.0,-674.4673,-0.0010576248,-0.0046320735,0.71333337,4.898996e-06,3.124182,674.47296,674.4673,-674.46625,0.0035744486,-674.46265
635.85333,884.81366,2518.0017,1804.0,13.196078,163.06377,2017.0005,2017.0,0.0,0.0,0.0,0.0,-626.134,-0.014129639,-0.0046320735,8.847047,6.544952e-05,2.9002986,626.1527,626.134,-626.1199,-0.009497565,-626.12933
656.85333,917.0395,2606.4429,1862.0,13.222222,163.06187,2017.0034,2017.0,0.0,0.0,0.0,0.0,-605.134,0.012014389,-0.0046320735,-7.270315,-5.5651533e-05,2.803025,605.15063,605.134,-605.146,0.016646463,-605.12933
682.1867,956.3135,2713.844,1956.0,13.20915,163.06277,2017.0015,2017.0,0.0,0.0,0.0,0.0,-579.8006,-0.0010576248,-0.0046320735,0.6132115,4.898996e-06,2.685679,579.8063,579.8006,-579.79956,0.0035744486,-579.79596
823.02,1173.7346,3309.4465,2415.0,13.202615,163.0633,2017.0012,2017.0,0.0,0.0,0.0,0.0,-438.9673,-0.007593155,-0.0046320735,3.3331466,3.5172052e-05,2.0333288,438.97952,438.9673,-438.9597,-0.0029610815,-438.96265
926.6867,1340.2808,3759.5547,2869.0,13.215686,163.0623,2017.0022,2017.0,0.0,0.0,0.0,0.0,-335.3006,0.0054779053,-0.0046320735,-1.8367449,-2.537406e-05,1.553137,335.31073,335.3006,-335.3061,0.010109979,-335.29596
1094.1866,1598.1326,4466.946,3383.0,13.222222,163.06187,2017.0034,2017.0,0.0,0.0,0.0,0.0,-167.80066,0.012014389,-0.0046320735,-2.0160224,-5.5651533e-05,0.77726495,167.8173,167.80066,-167.81267,0.016646463,-167.79602
1253.52,1837.4701,5129.2646,3693.0,13.215686,163.06247,2017.0043,2017.0,0.0,0.0,0.0,0.0,-8.467285,0.0054779053,-0.0046320735,-0.046382986,-2.537406e-05,0.039221086,8.477395,8.467288,-8.472763,0.010109979,-8.462653
1356.02,2001.0525,5572.5933,4165.0,13.24183,163.06058,2017.0072,2017.0,0.0,0.0,0.0,0.0,94.032715,0.031621933,-0.0046320735,2.9734962,-0.00014647511,-0.43556646,94.06897,94.03272,94.00109,0.036254007,94.037346
1476.6866,2182.1196,6073.866,4353.0,13.222222,163.0621,2017.0065,2017.0,0.0,0.0,0.0,0.0,214.69934,0.012014389,-0.0046320735,2.5794814,-5.5651533e-05,-0.99450314,214.71599,214.69934,214.68733,0.016646463,214.70398
1548.52,2294.969,6381.371,4659.0,13.235294,163.06113,2017.0074,2017.0,0.0,0.0,0.0,0.0,286.5327,0.025086403,-0.0046320735,7.188075,-0.00011620206,-1.3272406,286.56244,286.5327,286.50763,0.029718477,286.53735
1648.1866,2448.9167,6803.314,4951.0,13.248366,163.06021,2017.0094,2017.0,0.0,0.0,0.0,0.0,386.19934,0.038158417,-0.0046320735,14.736755,-0.00017675258,-1.7889037,386.24213,386.19934,386.1612,0.04279049,386.20398
734.1867,1037.5094,2935.355,2143.0,13.189543,163.06427,2017.0002,2017.0,0.0,0.0,0.0,0.0,-527.8006,-0.020665169,-0.0046320735,10.907088,9.572258e-05,2.444811,527.8259,527.8006,-527.7799,-0.016033094,-527.79596
779.02,1106.0444,3123.7644,2257.0,13.202615,163.0633,2017.0012,2017.0,0.0,0.0,0.0,0.0,-482.9673,-0.007593155,-0.0046320735,3.6672454,3.5172052e-05,2.23714,482.97952,482.9673,-482.9597,-0.0029610815,-482.96265
812.02,1156.6547,3262.7454,2341.0,13.215686,163.0624,2017.0032,2017.0,0.0,0.0,0.0,0.0,-449.9673,0.0054779053,-0.0046320735,-2.464878,-2.537406e-05,2.0842814,449.97742,449.9673,-449.97278,0.010109979,-449.96265
865.35333,1240.9031,3491.7358,2577.0,13.202615,163.0633,2017.0012,2017.0,0.0,0.0,0.0,0.0,-396.63397,-0.007593155,-0.0046320735,3.0117033,3.5172052e-05,1.8372377,396.6462,396.63397,-396.62637,-0.0029610815,-396.62933
1026.6866,1489.1235,4172.7637,3055.0,13.196078,163.06377,2017.0005,2017.0,0.0,0.0,0.0,0.0,-235.30066,-0.014129639,-0.0046320735,3.3247132,6.544952e-05,1.0899299,235.31943,235.30066,-235.28653,-0.009497565,-235.29602
1103.8534,1608.4467,4499.6064,3293.0,13.20915,163.06277,2017.0015,2017.0,0.0,0.0,0.0,0.0,-158.13391,-0.0010576248,-0.0046320735,0.16724634,4.898996e-06,0.7324879,158.1396,158.13391,-158.13286,0.0035744486,-158.12927
1185.02,1733.96,4843.4204,3542.0,13.222222,163.06187,2017.0034,2017.0,0.0,0.0,0.0,0.0,-76.967285,0.012014389,-0.0046320735,-0.9247149,-5.5651533e-05,0.35651812,76.98393,76.967285,-76.9793,0.016646463,-76.962654
1342.02,1979.5916,5513.621,4110.0,13.215686,163.0623,2017.0022,2017.0,0.0,0.0,0.0,0.0,80.032715,0.0054779053,-0.0046320735,0.43841162,-2.537406e-05,-0.3707174,80.04282,80.032715,80.02724,0.010109979,80.037346
1575.6866,2339.0967,6500.2764,4786.0,13.222222,163.06187,2017.0034,2017.0,0.0,0.0,0.0,0.0,313.69934,0.012014389,-0.0046320735,3.7689059,-5.5651533e-05,-1.4530784,313.716,313.69934,313.68732,0.016646463,313.70398
1698.02,2525.103,7012.871,5027.0,13.215686,163.06247,2017.0043,2017.0,0.0,0.0,0.0,0.0,436.0327,0.0054779053,-0.0046320735,2.388546,-2.537406e-05,-2.0197356,436.04285,436.0327,436.02722,0.010109979,436.03735
1801.52,2689.1467,7458.579,5504.0,13.228758,163.06148,2017.0052,2017.0,0.0,0.0,0.0,0.0,539.5327,0.01854992,-0.0046320735,10.008288,-8.5924585e-05,-2.4991553,539.5559,539.5327,539.51416,0.023181994,539.53735
1966.02,2939.378,8148.074,5814.0,13.222222,163.0621,2017.0065,2017.0,0.0,0.0,0.0,0.0,704.0327,0.012014389,-0.0046320735,8.458523,-5.5651533e-05,-3.2611313,704.0494,704.0327,704.0207,0.016646463,704.03735
2028.8534,3037.618,8416.239,6080.0,13.235294,163.06113,2017.0074,2017.0,0.0,0.0,0.0,0.0,766.8661,0.025086403,-0.0046320735,19.237911,-0.00011620206,-3.55218,766.8958,766.8661,766.841,0.029718477,766.8707
2112.1868,3166.3406,8769.068,6314.0,13.248366,163.06021,2017.0094,2017.0,0.0,0.0,0.0,0.0,850.19946,0.038158417,-0.0046320735,32.442265,-0.00017675258,-3.9381864,850.24225,850.19946,850.1613,0.04279049,850.2041
824.52,1178.4537,3320.055,2465.0,13.202615,163.0633,2017.0012,2017.0,0.0,0.0,0.0,0.0,-437.4673,-0.007593155,-0.0046320735,3.3217568,3.5172052e-05,2.0263805,437.47952,437.4673,-437.4597,-0.0029610815,-437.46265
879.85333,1261.2483,3549.4487,2540.0,13.215686,163.0624,2017.0032,2017.0,0.0,0.0,0.0,0.0,-382.13397,0.0054779053,-0.0046320735,-2.0932937,-2.537406e-05,1.7700726,382.1441,382.13397,-382.13947,0.010109979,-382.12933
914.1867,1314.6885,3695.4639,2671.0,13.202615,163.0633,2017.0012,2017.0,0.0,0.0,0.0,0.0,-347.8006,-0.007593155,-0.0046320735,2.6409037,3.5172052e-05,1.611038,347.81284,347.8006,-347.793,-0.0029610815,-347.79596
1006.35333,1456.6437,4084.7932,2950.0,13.20915,163.06277,2017.0015,2017.0,0.0,0.0,0.0,0.0,-255.63397,-0.0010576248,-0.0046320735,0.27036482,4.898996e-06,1.1841153,255.63966,255.63397,-255.63292,0.0035744486,-255.62933
1036.1866,1502.1492,4210.0303,2992.0,13.196078,163.06377,2017.0005,2017.0,0.0,0.0,0.0,0.0,-225.80066,-0.014129639,-0.0046320735,3.1904817,6.544952e-05,1.0459253,225.81943,225.80066,-225.78653,-0.009497565,-225.79602
1052.52,1527.4349,4279.261,3048.0,13.20915,163.06277,2017.0015,2017.0,0.0,0.0,0.0,0.0,-209.46729,-0.0010576248,-0.0046320735,0.2215378,4.898996e-06,0.97026783,209.47298,209.46729,-209.46623,0.0035744486,-209.46265
1112.52,1622.9357,4538.2603,3352.0,13.222222,163.06187,2017.0034,2017.0,0.0,0.0,0.0,0.0,-149.46729,0.012014389,-0.0046320735,-1.7957581,-5.5651533e-05,0.6923435,149.48393,149.46729,-149.4793,0.016646463,-149.46265
1268.6866,1862.6339,5196.5776,3785.0,13.202615,163.0633,2017.0012,2017.0,0.0,0.0,0.0,0.0,6.699341,-0.007593155,-0.0046320735,-0.050869133,3.5172052e-05,-0.03103184,6.711566,6.699347,6.706934,-0.0029610815,6.703973
1357.1866,2000.2671,5572.8877,4082.0,13.215686,163.0623,2017.0022,2017.0,0.0,0.0,0.0,0.0,95.19934,0.0054779053,-0.0046320735,0.52149296,-2.537406e-05,-0.44097033,95.20945,95.19934,95.19386,0.010109979,95.20397
1428.8534,2109.3481,5873.3706,4215.0,13.228758,163.0614,2017.0043,2017.0,0.0,0.0,0.0,0.0,166.86609,0.01854992,-0.0046320735,3.0953524,-8.5924585e-05,-0.772936,166.88928,166.86609,166.84753,0.023181994,166.87073
1463.52,2162.695,6019.7666,4290.0,13.215686,163.0623,2017.0022,2017.0,0.0,0.0,0.0,0.0,201.53271,0.0054779053,-0.0046320735,1.1039771,-2.537406e-05,-0.93351436,201.54283,201.53271,201.52724,0.010109979,201.53735
1559.3534,2312.517,6428.699,4693.0,13.222222,163.06187,2017.0034,2017.0,0.0,0.0,0.0,0.0,297.3661,0.012014389,-0.0046320735,3.572672,-5.5651533e-05,-1.3774216,297.38275,297.3661,297.35406,0.016646463,297.37073
1640.02,2435.9585,6768.121,4870.0,13.235294,163.06097,2017.0055,2017.0,0.0,0.0,0.0,0.0,378.0327,0.025086403,-0.0046320735,9.483481,-0.00011620206,-1.7510753,378.06244,378.0327,378.00763,0.029718477,378.03735
1925.3534,2876.9429,7976.5854,5707.0,13.215686,163.06247,2017.0043,2017.0,0.0,0.0,0.0,0.0,663.3661,0.0054779053,-0.0046320735,3.6338565,-2.537406e-05,-3.0727603,663.3762,663.3661,663.3606,0.010109979,663.3707
2029.8534,3042.3,8426.137,6194.0,13.228758,163.06148,2017.0052,2017.0,0.0,0.0,0.0,0.0,767.8661,0.01854992,-0.0046320735,14.243854,-8.5924585e-05,-3.556812,767.8893,767.8661,767.84753,0.023181994,767.8707
2228.1868,3348.7104,9265.97,6791.0,13.235294,163.06113,2017.0074,2017.0,0.0,0.0,0.0,0.0,966.19946,0.025086403,-0.0046320735,24.238468,-0.00011620206,-4.475507,966.2292,966.19946,966.1744,0.029718477,966.2041
385.85336,504.20874,1471.1998,1083.0,13.189543,163.06427,2017.0002,2017.0,0.0,0.0,0.0,0.0,-876.1339,-0.020665169,-0.0046320735,18.105455,9.572258e-05,4.0583167,876.15924,876.1339,-876.1132,-0.016033094,-876.1293
452.18668,609.6416,1756.4598,1356.0,13.202615,163.0633,2017.0012,2017.0,0.0,0.0,0.0,0.0,-809.80066,-0.007593155,-0.0046320735,6.148942,3.5172052e-05,3.7510562,809.81287,809.80066,-809.7931,-0.0029610815,-809.796
530.1867,725.3592,2077.8154,1551.0,13.215686,163.0624,2017.0032,2017.0,0.0,0.0,0.0,0.0,-731.8006,0.0054779053,-0.0046320735,-4.008734,-2.537406e-05,3.389754,731.8107,731.8006,-731.8061,0.010109979,-731.79596
597.85333,827.58606,2359.8867,1733.0,13.196078,163.06377,2017.0005,2017.0,0.0,0.0,0.0,0.0,-664.134,-0.014129639,-0.0046320735,9.383973,6.544952e-05,3.0763173,664.1527,664.134,-664.1199,-0.009497565,-664.12933
692.02,979.68384,2769.883,2144.0,13.20915,163.06277,2017.0015,2017.0,0.0,0.0,0.0,0.0,-569.9673,-0.0010576248,-0.0046320735,0.6028116,4.898996e-06,2.6401303,569.97296,569.9673,-569.96625,0.0035744486,-569.96265
832.35333,1189.3214,3351.015,2478.0,13.202615,163.0633,2017.0012,2017.0,0.0,0.0,0.0,0.0,-429.63397,-0.007593155,-0.0046320735,3.2622774,3.5172052e-05,1.9900961,429.6462,429.63397,-429.62637,-0.0029610815,-429.62933
893.85333,1282.5181,3608.061,2609.0,13.215686,163.0623,2017.0022,2017.0,0.0,0.0,0.0,0.0,-368.13397,0.0054779053,-0.0046320735,-2.016603,-2.537406e-05,1.7052236,368.1441,368.13397,-368.13947,0.010109979,-368.12933
960.52,1387.4186,3893.6157,2878.0,13.228758,163.0614,2017.0043,2017.0,0.0,0.0,0.0,0.0,-301.4673,0.01854992,-0.0046320735,-5.5921936,-8.5924585e-05,1.3964186,301.49048,301.4673,-301.48584,0.023181994,-301.46265
1107.3534,1618.6035,4522.917,3426.0,13.222222,163.06187,2017.0034,2017.0,0.0,0.0,0.0,0.0,-154.63391,0.012014389,-0.0046320735,-1.857832,-5.5651533e-05,0.71627563,154.65056,154.63391,-154.64592,0.016646463,-154.62927
1259.6866,1846.997,5155.371,3711.0,13.215686,163.06247,2017.0043,2017.0,0.0,0.0,0.0,0.0,-2.3006592,0.0054779053,-0.0046320735,-0.012602793,-2.537406e-05,0.0106568225,2.310769,2.3006704,-2.306137,0.010109979,-2.2960272
1336.1866,1967.3445,5483.1187,4028.0,13.228758,163.06148,2017.0052,2017.0,0.0,0.0,0.0,0.0,74.19934,0.01854992,-0.0046320735,1.3763918,-8.5924585e-05,-0.3436968,74.22252,74.19934,74.18079,0.023181994,74.20397
1441.6866,2130.3525,5929.821,4344.0,13.24183,163.06058,2017.0072,2017.0,0.0,0.0,0.0,0.0,179.69934,0.031621933,-0.0046320735,5.6824403,-0.00014647511,-0.83238053,179.7356,179.69934,179.66772,0.036254007,179.70398
1603.1866,2377.7488,6609.8174,4722.0,13.222222,163.0621,2017.0065,2017.0,0.0,0.0,0.0,0.0,341.19934,0.012014389,-0.0046320735,4.099302,-5.5651533e-05,-1.5804604,341.216,341.19934,341.18732,0.016646463,341.20398
1673.6866,2488.6895,6911.9634,5041.0,13.248366,163.06021,2017.0094,2017.0,0.0,0.0,0.0,0.0,411.69934,0.038158417,-0.0046320735,15.709795,-0.00017675258,-1.9070216,411.74213,411.69934,411.6612,0.04279049,411.70398
1765.02,2629.009,7297.2744,5270.0,13.235294,163.06113,2017.0074,2017.0,0.0,0.0,0.0,0.0,503.0327,0.025086403,-0.0046320735,12.619282,-0.00011620206,-2.3300846,503.06244,503.0327,503.00763,0.029718477,503.03735
1112.8534,1626.004,4544.2383,3403.0,13.196078,163.14513,2018.0002,2018.0,0.03125,0.1753681,1.4142135,1.0,-149.13391,-0.014129639,0.026617926,2.1072083,-0.00037610167,-3.9696352,149.17465,149.13391,-149.11978,-0.040747564,-149.16052
1334.52,1977.8877,5499.6235,4239.0,13.222222,163.14323,2018.0032,2018.0,0.015625,0.125,1.0,1.0,72.532715,0.012014389,0.010992927,0.87143624,0.0001320733,0.79734683,72.555725,72.532715,72.5207,0.0010214625,72.52172
1502.8534,2225.7297,6190.3774,4501.0,13.20915,163.14413,2018.0012,2018.0,0.0,0.0,0.0,0.0,240.86609,-0.0010576248,-0.0046320735,-0.25474596,4.898996e-06,-1.1157094,240.87178,240.86609,240.86714,0.0035744486,240.87073
1601.1866,2376.6482,6604.928,4722.0,13.222222,163.14323,2018.0032,2018.0,0.0,0.0,0.0,0.0,339.19934,0.012014389,-0.0046320735,4.075273,-5.5651533e-05,-1.5711963,339.216,339.19934,339.18732,0.016646463,339.20398
1678.6866,2496.6323,6933.527,4991.0,13.202615,163.1446,2018.0005,2018.0,0.0,0.0,0.0,0.0,416.69934,-0.007593155,-0.0046320735,-3.1640627,3.5172052e-05,-1.930182,416.71158,416.69934,416.70694,-0.0029610815,416.70398
1737.52,2587.4678,7182.5347,5152.0,13.215686,163.14362,2018.0015,2018.0,0.0,0.0,0.0,0.0,475.5327,0.0054779053,-0.0046320735,2.6049232,-2.537406e-05,-2.2027025,475.54285,475.5327,475.52722,0.010109979,475.53735
1772.52,2641.2297,7330.173,5205.0,13.202615,163.1446,2018.0005,2018.0,0.0,0.0,0.0,0.0,510.5327,-0.007593155,-0.0046320735,-3.876554,3.5172052e-05,-2.364825,510.54495,510.5327,510.5403,-0.0029610815,510.53735
1853.8534,2770.3765,7680.857,5637.0,13.215686,163.14362,2018.0015,2018.0,0.0,0.0,0.0,0.0,591.8661,0.0054779053,-0.0046320735,3.2421863,-2.537406e-05,-2.7415671,591.8762,591.8661,591.8606,0.010109979,591.8707
1956.52,2926.6333,8111.334,5826.0,13.228758,163.14272,2018.0034,2018.0,0.0,0.0,0.0,0.0,694.5327,0.01854992,-0.0046320735,12.883526,-8.5924585e-05,-3.2171266,694.5559,694.5327,694.51416,0.023181994,694.53735
2215.1868,3328.0493,9209.879,6686.0,13.20915,163.14413,2018.0012,2018.0,0.0,0.0,0.0,0.0,953.19946,-0.0010576248,-0.0046320735,-1.0081275,4.898996e-06,-4.41529,953.20514,953.19946,953.2005,0.0035744486,953.2041
2427.1868,3665.4653,10125.492,7593.0,13.235294,163.14224,2018.0043,2018.0,0.0,0.0,0.0,0.0,1165.1995,0.025086403,-0.0046320735,29.230663,-0.00011620206,-5.3972893,1165.2292,1165.1995,1165.1743,0.029718477,1165.2041
2674.52,4037.199,11154.067,7943.0,13.215686,163.1437,2018.0024,2018.0,0.0,0.0,0.0,0.0,1412.5327,0.0054779053,-0.0046320735,7.7377205,-2.537406e-05,-6.5429554,1412.5428,1412.5327,1412.5272,0.010109979,1412.5374
2732.6868,4127.697,11401.529,8169.0,13.228758,163.14272,2018.0034,2018.0,0.0,0.0,0.0,0.0,1470.6995,0.01854992,-0.0046320735,27.281357,-8.5924585e-05,-6.812388,1470.7227,1470.6995,1470.6809,0.023181994,1470.7041
2837.6868,4291.5513,11849.129,8572.0,13.24183,163.14182,2018.0055,2018.0,0.0,0.0,0.0,0.0,1575.6995,0.031621933,-0.0046320735,49.826664,-0.00014647511,-7.2987556,1575.7357,1575.6995,1575.6678,0.036254007,1575.7041
2920.5203,4418.117,12197.354,8671.0,13.215686,163.1437,2018.0024,2018.0,0.0,0.0,0.0,0.0,1658.533,0.0054779053,-0.0046320735,9.085286,-2.537406e-05,-7.6824465,1658.5431,1658.533,1658.5275,0.010109979,1658.5376
3153.0203,4778.6855,13184.399,9472.0,13.222222,163.14331,2018.0043,2018.0,0.0,0.0,0.0,0.0,1891.033,0.012014389,-0.0046320735,22.719606,-5.5651533e-05,-8.759403,1891.0496,1891.033,1891.021,0.016646463,1891.0376
3343.1868,5079.068,14001.644,10306.0,13.248366,163.14142,2018.0072,2018.0,0.0,0.0,0.0,0.0,2081.1995,0.038158417,-0.0046320735,79.415276,-0.00017675258,-9.640268,2081.2422,2081.1995,2081.1614,0.04279049,2081.204
3560.0203,5408.55,14909.88,10691.0,13.228758,163.14296,2018.0065,2018.0,0.0,0.0,0.0,0.0,2298.033,0.01854992,-0.0046320735,42.628326,-8.5924585e-05,-10.644657,2298.0562,2298.033,2298.0144,0.023181994,2298.0376
3646.6868,5542.3354,15276.692,10904.0,13.24183,163.14197,2018.0074,2018.0,0.0,0.0,0.0,0.0,2384.6995,0.031621933,-0.0046320735,75.408806,-0.00014647511,-11.0461035,2384.7358,2384.6995,2384.6677,0.036254007,2384.704
3748.6868,5701.2417,15711.037,11299.0,13.254902,163.14107,2018.0094,2018.0,0.0,0.0,0.0,0.0,2486.6995,0.044693947,-0.0046320735,111.14041,-0.00020702565,-11.518575,2486.7488,2486.6995,2486.6548,0.04932602,2486.704
123.52,143.39308,440.85257,304.0,13.196078,163.14513,2018.0002,2018.0,0.0,0.0,0.0,0.0,-1138.4673,-0.014129639,-0.0046320735,16.086132,6.544952e-05,5.273464,1138.4861,1138.4673,-1138.4531,-0.009497565,-1138.4626
192.85333,235.09427,706.75385,573.0,13.222222,163.14323,2018.0032,2018.0,0.0,0.0,0.0,0.0,-1069.134,0.012014389,-0.0046320735,-12.844993,-5.5651533e-05,4.952307,1069.1506,1069.134,-1069.146,0.016646463,-1069.1294
257.68668,313.41904,943.17126,691.0,13.196078,163.14513,2018.0002,2018.0,0.0,0.0,0.0,0.0,-1004.30066,-0.014129639,-0.0046320735,14.190406,6.544952e-05,4.651994,1004.31946,1004.30066,-1004.2865,-0.009497565,-1004.296
288.35333,357.12692,1066.1069,762.0,13.222222,163.14323,2018.0032,2018.0,0.0,0.0,0.0,0.0,-973.634,0.012014389,-0.0046320735,-11.697618,-5.5651533e-05,4.509944,973.65063,973.634,-973.646,0.016646463,-973.62933
339.02,437.8211,1283.7617,992.0,13.20915,163.14413,2018.0012,2018.0,0.0,0.0,0.0,0.0,-922.9673,-0.0010576248,-0.0046320735,0.97615314,4.898996e-06,4.2752523,922.97296,922.9673,-922.96625,0.0035744486,-922.96265
479.85336,658.1157,1883.3844,1506.0,13.202615,163.1446,2018.0005,2018.0,0.0,0.0,0.0,0.0,-782.1339,-0.007593155,-0.0046320735,5.9388638,3.5172052e-05,3.6229017,782.1461,782.1339,-782.12634,-0.0029610815,-782.1293
565.02,776.3384,2220.1333,1606.0,13.215686,163.14362,2018.0015,2018.0,0.0,0.0,0.0,0.0,-696.9673,0.0054779053,-0.0046320735,-3.8179207,-2.537406e-05,3.2284036,696.9774,696.9673,-696.9728,0.010109979,-696.96265
599.85333,829.7731,2366.7617,1710.0,13.202615,163.1446,2018.0005,2018.0,0.0,0.0,0.0,0.0,-662.134,-0.007593155,-0.0046320735,5.0276856,3.5172052e-05,3.067053,662.1462,662.134,-662.1264,-0.0029610815,-662.12933
622.35333,863.84534,2460.7085,1745.0,13.228758,163.14272,2018.0034,2018.0,0.0,0.0,0.0,0.0,-639.634,0.01854992,-0.0046320735,-11.865158,-8.5924585e-05,2.9628315,639.65717,639.634,-639.6525,0.023181994,-639.62933
666.1867,933.83136,2650.1006,1971.0,13.215686,163.14362,2018.0015,2018.0,0.0,0.0,0.0,0.0,-595.8006,0.0054779053,-0.0046320735,-3.2637393,-2.537406e-05,2.759792,595.8107,595.8006,-595.8061,0.010109979,-595.79596
758.35333,1074.2135,3036.49,2224.0,13.20915,163.14413,2018.0012,2018.0,0.0,0.0,0.0,0.0,-503.63397,-0.0010576248,-0.0046320735,0.5326558,4.898996e-06,2.3328695,503.63968,503.63397,-503.6329,0.0035744486,-503.62933
811.35333,1155.2173,3259.2024,2359.0,13.235294,163.14224,2018.0043,2018.0,0.0,0.0,0.0,0.0,-450.63397,0.025086403,-0.0046320735,-11.304786,-0.00011620206,2.0873697,450.6637,450.63397,-450.65906,0.029718477,-450.62933
893.1867,1285.8029,3612.9128,2720.0,13.222222,163.14316,2018.0022,2018.0,0.0,0.0,0.0,0.0,-368.8006,0.012014389,-0.0046320735,-4.430914,-5.5651533e-05,1.7083114,368.81726,368.8006,-368.81262,0.016646463,-368.79596
1040.3534,1512.5674,4234.774,3173.0,13.215686,163.1437,2018.0024,2018.0,0.0,0.0,0.0,0.0,-221.63391,0.0054779053,-0.0046320735,-1.2140895,-2.537406e-05,1.0266246,221.64403,221.63391,-221.63939,0.010109979,-221.62927
1170.8534,1714.1132,4787.0977,3573.0,13.24183,163.14182,2018.0055,2018.0,0.0,0.0,0.0,0.0,-91.13391,0.031621933,-0.0046320735,-2.8818305,-0.00014647511,0.42213896,91.170166,91.13392,-91.165535,0.036254007,-91.12928
1343.8534,1979.729,5516.5464,4067.0,13.222222,163.14331,2018.0043,2018.0,0.0,0.0,0.0,0.0,81.86609,0.012014389,-0.0046320735,0.98357105,-5.5651533e-05,-0.37920973,81.88274,81.86609,81.85407,0.016646463,81.87072
1423.02,2099.326,5846.859,4177.0,13.235294,163.14232,2018.0052,2018.0,0.0,0.0,0.0,0.0,161.03271,0.025086403,-0.0046320735,4.0397315,-0.00011620206,-0.74591535,161.06244,161.03271,161.00763,0.029718477,161.03735
1470.3534,2173.0217,6048.285,4357.0,13.248366,163.14142,2018.0072,2018.0,0.0,0.0,0.0,0.0,208.36609,0.038158417,-0.0046320735,7.95092,-0.00017675258,-0.96516705,208.40889,208.36609,208.32793,0.04279049,208.37073
1520.02,2249.5508,6258.2075,4483.0,13.222222,163.14331,2018.0043,2018.0,0.0,0.0,0.0,0.0,258.0327,0.012014389,-0.0046320735,3.1001055,-5.5651533e-05,-1.1952264,258.04938,258.0327,258.0207,0.016646463,258.03735
1566.02,2320.8552,6453.399,4632.0,13.235294,163.14232,2018.0052,2018.0,0.0,0.0,0.0,0.0,304.0327,0.025086403,-0.0046320735,7.627087,-0.00011620206,-1.4083018,304.06244,304.0327,304.00763,0.029718477,304.03735
1653.1866,2456.1045,6823.518,4941.0,13.24183,163.14197,2018.0074,2018.0,0.0,0.0,0.0,0.0,391.19934,0.031621933,-0.0046320735,12.37048,-0.00014647511,-1.812064,391.2356,391.19934,391.16772,0.036254007,391.20398
1741.3534,2592.8596,7197.81,5223.0,13.254902,163.14107,2018.0094,2018.0,0.0,0.0,0.0,0.0,479.3661,0.044693947,-0.0046320735,21.424763,-0.00020702565,-2.220459,479.41544,479.3661,479.32138,0.04932602,479.37073
209.85333,309.19135,861.526,794.0,13.196078,163.14513,2018.0002,2018.0,0.0,0.0,0.0,0.0,-1052.134,-0.014129639,-0.0046320735,14.866274,6.544952e-05,4.8735623,1052.1528,1052.134,-1052.1199,-0.009497565,-1052.1294
524.6867,820.84094,2240.6865,2076.0,13.222222,163.14323,2018.0032,2018.0,0.0,0.0,0.0,0.0,-737.3006,0.012014389,-0.0046320735,-8.858216,-5.5651533e-05,3.4152305,737.31726,737.3006,-737.3126,0.016646463,-737.29596
752.6867,1065.1123,3011.9004,2158.0,13.196078,163.14513,2018.0002,2018.0,0.0,0.0,0.0,0.0,-509.3006,-0.014129639,-0.0046320735,7.1962333,6.544952e-05,2.3591177,509.31937,509.3006,-509.28647,-0.009497565,-509.29596
838.52,1197.1177,3374.0405,2419.0,13.202615,163.1446,2018.0005,2018.0,0.0,0.0,0.0,0.0,-423.4673,-0.007593155,-0.0046320735,3.2154527,3.5172052e-05,1.9615315,423.47952,423.4673,-423.4597,-0.0029610815,-423.46265
924.52,1336.1714,3749.0256,2845.0,13.228758,163.14272,2018.0034,2018.0,0.0,0.0,0.0,0.0,-337.4673,0.01854992,-0.0046320735,-6.2599907,-8.5924585e-05,1.5631733,337.49048,337.4673,-337.48584,0.023181994,-337.46265
1017.6867,1474.0226,4132.533,2977.0,13.202615,163.1446,2018.0005,2018.0,0.0,0.0,0.0,0.0,-244.3006,-0.007593155,-0.0046320735,1.8550123,3.5172052e-05,1.1316183,244.31284,244.3006,-244.293,-0.0029610815,-244.29596
1199.52,1755.2563,4902.827,3557.0,13.222222,163.14316,2018.0022,2018.0,0.0,0.0,0.0,0.0,-62.467285,0.012014389,-0.0046320735,-0.7505063,-5.5651533e-05,0.28935304,62.483932,62.467285,-62.4793,0.016646463,-62.462654
1255.8534,1841.6553,5140.1826,3686.0,13.235294,163.14224,2018.0043,2018.0,0.0,0.0,0.0,0.0,-6.133911,0.025086403,-0.0046320735,-0.15387776,-0.00011620206,0.028412728,6.1636295,6.1339645,-6.1589975,0.029718477,-6.129279
1295.02,1902.1934,5306.0493,3801.0,13.20915,163.14413,2018.0012,2018.0,0.0,0.0,0.0,0.0,33.032715,-0.0010576248,-0.0046320735,-0.03493622,4.898996e-06,-0.15300997,33.038403,33.032715,33.03377,0.0035744486,33.037346
1432.1866,2125.506,5907.2695,4506.0,13.235294,163.14224,2018.0043,2018.0,0.0,0.0,0.0,0.0,170.19934,0.025086403,-0.0046320735,4.269689,-0.00011620206,-0.78837585,170.22906,170.19934,170.17426,0.029718477,170.20398
1569.52,2326.7979,6469.1807,4619.0,13.20915,163.14413,2018.0012,2018.0,0.0,0.0,0.0,0.0,307.5327,-0.0010576248,-0.0046320735,-0.32525423,4.898996e-06,-1.4245142,307.53842,307.5327,307.53378,0.0035744486,307.53735
1674.8534,2489.894,6915.827,4977.0,13.215686,163.1437,2018.0024,2018.0,0.0,0.0,0.0,0.0,412.8661,0.0054779053,-0.0046320735,2.2616413,-2.537406e-05,-1.912426,412.87622,412.8661,412.8606,0.010109979,412.87073
1786.3534,2665.9207,7394.7285,5454.0,13.24183,163.14182,2018.0055,2018.0,0.0,0.0,0.0,0.0,524.3661,0.031621933,-0.0046320735,16.581469,-0.00014647511,-2.4289021,524.40234,524.3661,524.3345,0.036254007,524.3707
2112.1868,3172.2415,8779.725,6515.0,13.222222,163.14331,2018.0043,2018.0,0.0,0.0,0.0,0.0,850.19946,0.012014389,-0.0046320735,10.214627,-5.5651533e-05,-3.9381864,850.2161,850.19946,850.18744,0.016646463,850.2041
2405.8533,3637.558,10044.298,7633.0,13.248366,163.14142,2018.0072,2018.0,0.0,0.0,0.0,0.0,1143.866,0.038158417,-0.0046320735,43.648113,-0.00017675258,-5.298471,1143.9088,1143.866,1143.8278,0.04279049,1143.8706
2691.6868,4063.233,11225.879,8025.0,13.228758,163.14296,2018.0065,2018.0,0.0,0.0,0.0,0.0,1429.6995,0.01854992,-0.0046320735,26.52081,-8.5924585e-05,-6.622473,1429.7227,1429.6995,1429.6809,0.023181994,1429.7041
2816.6868,4259.972,11761.768,8585.0,13.254902,163.14107,2018.0094,2018.0,0.0,0.0,0.0,0.0,1554.6995,0.044693947,-0.0046320735,69.48566,-0.00020702565,-7.2014823,1554.7488,1554.6995,1554.6548,0.04932602,1554.7041
173.52,200.60602,617.9555,463.0,13.196078,163.14513,2018.0002,2018.0,0.0,0.0,0.0,0.0,-1088.4673,-0.014129639,-0.0046320735,15.379649,6.544952e-05,5.0418606,1088.4861,1088.4673,-1088.4531,-0.009497565,-1088.4626
235.85333,287.24146,863.886,672.0,13.20915,163.14413,2018.0012,2018.0,0.0,0.0,0.0,0.0,-1026.134,-0.0010576248,-0.0046320735,1.0852648,4.898996e-06,4.753128,1026.1398,1026.134,-1026.1329,0.0035744486,-1026.1294
329.85333,432.00964,1259.3574,1023.0,13.222222,163.14323,2018.0032,2018.0,0.0,0.0,0.0,0.0,-932.134,0.012014389,-0.0046320735,-11.19902,-5.5651533e-05,4.3177133,932.15063,932.134,-932.146,0.016646463,-932.12933
459.35336,620.24207,1785.9266,1379.0,13.202615,163.1446,2018.0005,2018.0,0.0,0.0,0.0,0.0,-802.6339,-0.007593155,-0.0046320735,6.0945234,3.5172052e-05,3.7178593,802.6461,802.6339,-802.62634,-0.0029610815,-802.6293
524.1867,713.7987,2048.4563,1484.0,13.215686,163.14362,2018.0015,2018.0,0.0,0.0,0.0,0.0,-737.8006,0.0054779053,-0.0046320735,-4.0416017,-2.537406e-05,3.4175465,737.8107,737.8006,-737.8061,0.010109979,-737.79596
630.1867,891.54443,2521.3228,2016.0,13.228758,163.14272,2018.0034,2018.0,0.0,0.0,0.0,0.0,-631.8006,0.01854992,-0.0046320735,-11.71985,-8.5924585e-05,2.9265468,631.8238,631.8006,-631.81915,0.023181994,-631.79596
767.6867,1087.6638,3074.2673,2216.0,13.20915,163.14413,2018.0012,2018.0,0.0,0.0,0.0,0.0,-494.3006,-0.0010576248,-0.0046320735,0.5227846,4.898996e-06,2.2896366,494.3063,494.3006,-494.29953,0.0035744486,-494.29596
836.85333,1197.7253,3372.6355,2524.0,13.222222,163.14316,2018.0022,2018.0,0.0,0.0,0.0,0.0,-425.13397,0.012014389,-0.0046320735,-5.107725,-5.5651533e-05,1.9692518,425.15063,425.13397,-425.146,0.016646463,-425.12933
931.52,1342.5193,3770.6985,2786.0,13.235294,163.14224,2018.0043,2018.0,0.0,0.0,0.0,0.0,-330.4673,0.025086403,-0.0046320735,-8.2902355,-0.00011620206,1.5307487,330.497,330.4673,-330.49237,0.029718477,-330.46265
1064.1866,1546.8749,4331.174,3187.0,13.215686,163.1437,2018.0024,2018.0,0.0,0.0,0.0,0.0,-197.80066,0.0054779053,-0.0046320735,-1.0835333,-2.537406e-05,0.91622716,197.81078,197.80066,-197.80614,0.010109979,-197.79602
1209.1866,1778.7847,4959.15,3787.0,13.24183,163.14182,2018.0055,2018.0,0.0,0.0,0.0,0.0,-52.80066,0.031621933,-0.0046320735,-1.6696589,-0.00014647511,0.24457653,52.836914,52.80067,-52.832283,0.036254007,-52.79603
1364.8534,2009.2634,5600.236,3993.0,13.222222,163.14331,2018.0043,2018.0,0.0,0.0,0.0,0.0,102.86609,0.012014389,-0.0046320735,1.2358732,-5.5651533e-05,-0.4764833,102.88274,102.86609,102.85407,0.016646463,102.87072
1472.02,2182.2024,6067.215,4558.0,13.235294,163.14232,2018.0052,2018.0,0.0,0.0,0.0,0.0,210.03271,0.025086403,-0.0046320735,5.2689652,-0.00011620206,-0.972887,210.06244,210.03271,210.00763,0.029718477,210.03735
1590.8534,2359.2024,6558.5107,4700.0,13.248366,163.14142,2018.0072,2018.0,0.0,0.0,0.0,0.0,328.8661,0.038158417,-0.0046320735,12.549009,-0.00017675258,-1.5233319,328.90887,328.8661,328.82794,0.04279049,328.87073
1675.02,2489.2222,6914.86,4966.0,13.254902,163.14107,2018.0094,2018.0,0.0,0.0,0.0,0.0,413.0327,0.044693947,-0.0046320735,18.460062,-0.00020702565,-1.9131979,413.08206,413.0327,412.988,0.04932602,413.03735
1716.52,2552.989,7089.951,5037.0,13.228758,163.14296,2018.0065,2018.0,0.0,0.0,0.0,0.0,454.5327,0.01854992,-0.0046320735,8.431545,-8.5924585e-05,-2.105429,454.5559,454.5327,454.51416,0.023181994,454.53735
1807.1866,2697.5315,7481.9062,5521.0,13.254902,163.14107,2018.0094,2018.0,0.0,0.0,0.0,0.0,545.19934,0.044693947,-0.0046320735,24.367111,-0.00020702565,-2.5254035,545.24866,545.19934,545.15466,0.04932602,545.204
1087.3534,1584.4987,4432.5166,3277.0,13.196078,163.14513,2018.0002,2018.0,0.0,0.0,0.0,0.0,-174.63391,-0.014129639,-0.0046320735,2.467514,6.544952e-05,0.8089171,174.65268,174.63391,-174.61978,-0.009497565,-174.62927
1175.3534,1718.622,4801.775,3482.0,13.20915,163.14413,2018.0012,2018.0,0.0,0.0,0.0,0.0,-86.63391,-0.0010576248,-0.0046320735,0.091626175,4.898996e-06,0.40129465,86.6396,86.63391,-86.63285,0.0035744486,-86.62928
1271.1866,1869.5902,5212.7085,3864.0,13.222222,163.14323,2018.0032,2018.0,0.0,0.0,0.0,0.0,9.199341,0.012014389,-0.0046320735,0.11052446,-5.5651533e-05,-0.042612024,9.215987,9.199349,9.187326,0.016646463,9.203973
1434.1866,2118.3071,5897.243,4253.0,13.202615,163.1446,2018.0005,2018.0,0.0,0.0,0.0,0.0,172.19934,-0.007593155,-0.0046320735,-1.3075362,3.5172052e-05,-0.79763997,172.21158,172.19934,172.20694,-0.0029610815,172.20398
1531.52,2271.6497,6314.6875,4655.0,13.215686,163.14362,2018.0015,2018.0,0.0,0.0,0.0,0.0,269.5327,0.0054779053,-0.0046320735,1.4764746,-2.537406e-05,-1.2484953,269.54285,269.5327,269.52722,0.010109979,269.53735
1689.3534,2512.409,6977.4263,4996.0,13.20915,163.14413,2018.0012,2018.0,0.0,0.0,0.0,0.0,427.3661,-0.0010576248,-0.0046320735,-0.451993,4.898996e-06,-1.9795911,427.3718,427.3661,427.36716,0.0035744486,427.37073
1805.02,2696.773,7477.3994,5553.0,13.235294,163.14224,2018.0043,2018.0,0.0,0.0,0.0,0.0,543.0327,0.025086403,-0.0046320735,13.622738,-0.00011620206,-2.5153675,543.06244,543.0327,543.0076,0.029718477,543.03735
1955.02,2923.6018,8103.694,5826.0,13.215686,163.1437,2018.0024,2018.0,0.0,0.0,0.0,0.0,693.0327,0.0054779053,-0.0046320735,3.7963676,-2.537406e-05,-3.2101784,693.04285,693.0327,693.0272,0.010109979,693.03735
2035.02,3046.9016,8441.912,6010.0,13.215686,163.1437,2018.0024,2018.0,0.0,0.0,0.0,0.0,773.0327,0.0054779053,-0.0046320735,4.2346,-2.537406e-05,-3.5807443,773.04285,773.0327,773.0272,0.010109979,773.03735
2129.52,3196.1877,8848.006,6472.0,13.228758,163.14272,2018.0034,2018.0,0.0,0.0,0.0,0.0,867.5327,0.01854992,-0.0046320735,16.09266,-8.5924585e-05,-4.018475,867.5559,867.5327,867.51416,0.023181994,867.53735
2295.3533,3449.6218,9545.226,6797.0,13.222222,163.14331,2018.0043,2018.0,0.0,0.0,0.0,0.0,1033.366,0.012014389,-0.0046320735,12.41526,-5.5651533e-05,-4.7866273,1033.3826,1033.366,1033.354,0.016646463,1033.3706
2383.6868,3588.751,9924.084,7223.0,13.248366,163.14142,2018.0072,2018.0,0.0,0.0,0.0,0.0,1121.6995,0.038158417,-0.0046320735,42.802277,-0.00017675258,-5.195794,1121.7423,1121.6995,1121.6613,0.04279049,1121.7041
2572.1868,3878.3564,10719.38,7683.0,13.228758,163.14296,2018.0065,2018.0,0.0,0.0,0.0,0.0,1310.1995,0.01854992,-0.0046320735,24.304094,-8.5924585e-05,-6.06894,1310.2227,1310.1995,1310.1809,0.023181994,1310.2041
2680.3533,4047.5461,11181.186,8115.0,13.24183,163.14197,2018.0074,2018.0,0.0,0.0,0.0,0.0,1418.366,0.031621933,-0.0046320735,44.851475,-0.00014647511,-6.5699754,1418.4022,1418.366,1418.3344,0.036254007,1418.3706
497.68668,673.4603,1937.4973,1397.0,13.196078,163.14513,2018.0002,2018.0,0.0,0.0,0.0,0.0,-764.30066,-0.014129639,-0.0046320735,10.799293,6.544952e-05,3.5402968,764.31946,764.30066,-764.2865,-0.009497565,-764.296
556.6867,767.7843,2192.456,1663.0,13.222222,163.14323,2018.0032,2018.0,0.0,0.0,0.0,0.0,-705.3006,0.012014389,-0.0046320735,-8.473756,-5.5651533e-05,3.2670043,705.31726,705.3006,-705.3126,0.016646463,-705.29596
647.02,906.18176,2572.4766,1939.0,13.20915,163.14413,2018.0012,2018.0,0.0,0.0,0.0,0.0,-614.9673,-0.0010576248,-0.0046320735,0.6504047,4.898996e-06,2.8485737,614.97296,614.9673,-614.96625,0.0035744486,-614.96265
776.52,1107.4255,3122.476,2377.0,13.202615,163.1446,2018.0005,2018.0,0.0,0.0,0.0,0.0,-485.4673,-0.007593155,-0.0046320735,3.6862283,3.5172052e-05,2.2487202,485.47952,485.4673,-485.4597,-0.0029610815,-485.46265
866.35333,1240.8685,3493.162,2543.0,13.215686,163.14362,2018.0015,2018.0,0.0,0.0,0.0,0.0,-395.63397,0.0054779053,-0.0046320735,-2.1672454,-2.537406e-05,1.8326056,395.6441,395.63397,-395.63947,0.010109979,-395.62933
943.35333,1361.6772,3822.3445,2835.0,13.228758,163.14272,2018.0034,2018.0,0.0,0.0,0.0,0.0,-318.63397,0.01854992,-0.0046320735,-5.9106345,-8.5924585e-05,1.4759359,318.65717,318.63397,-318.65253,0.023181994,-318.62933
1039.52,1508.1176,4225.601,3078.0,13.222222,163.14316,2018.0022,2018.0,0.0,0.0,0.0,0.0,-222.46729,0.012014389,-0.0046320735,-2.6728084,-5.5651533e-05,1.0304848,222.48393,222.46729,-222.4793,0.016646463,-222.46265
1097.02,1596.2833,4467.809,3220.0,13.20915,163.14413,2018.0012,2018.0,0.0,0.0,0.0,0.0,-164.96729,-0.0010576248,-0.0046320735,0.1744735,4.898996e-06,0.7641406,164.97298,164.96729,-164.96623,0.0035744486,-164.96265
1164.8534,1702.6283,4757.7324,3488.0,13.235294,163.14224,2018.0043,2018.0,0.0,0.0,0.0,0.0,-97.13391,0.025086403,-0.0046320735,-2.4367404,-0.00011620206,0.4499314,97.16363,97.13392,-97.159,0.029718477,-97.12928
1335.02,1971.7926,5489.399,4154.0,13.24183,163.14182,2018.0055,2018.0,0.0,0.0,0.0,0.0,73.032715,0.031621933,-0.0046320735,2.3094356,-0.00014647511,-0.3382929,73.06897,73.03272,73.00109,0.036254007,73.037346
1480.8534,2188.7424,6091.841,4343.0,13.222222,163.14331,2018.0043,2018.0,0.0,0.0,0.0,0.0,218.86609,0.012014389,-0.0046320735,2.6295424,-5.5651533e-05,-1.0138038,218.88274,218.86609,218.85408,0.016646463,218.87073
1518.1866,2246.828,6250.642,4487.0,13.235294,163.14232,2018.0052,2018.0,0.0,0.0,0.0,0.0,256.19934,0.025086403,-0.0046320735,6.4271197,-0.00011620206,-1.1867342,256.22906,256.19934,256.17426,0.029718477,256.20398
1597.1866,2370.8933,6588.7563,4816.0,13.248366,163.14142,2018.0072,2018.0,0.0,0.0,0.0,0.0,335.19934,0.038158417,-0.0046320735,12.790676,-0.00017675258,-1.552668,335.24213,335.19934,335.1612,0.04279049,335.20398
1680.6866,2497.5583,6938.1,4936.0,13.228758,163.14296,2018.0065,2018.0,0.0,0.0,0.0,0.0,418.69934,0.01854992,-0.0046320735,7.766839,-8.5924585e-05,-1.9394461,418.72253,418.69934,418.6808,0.023181994,418.70398
1784.52,2663.851,7388.341,5488.0,13.254902,163.14107,2018.0094,2018.0,0.0,0.0,0.0,0.0,522.5327,0.044693947,-0.0046320735,23.35405,-0.00020702565,-2.42041,522.58203,522.5327,522.48804,0.04932602,522.53735
1924.02,2874.3455,7969.97,5724.0,13.248366,163.14166,2018.0101,2018.0,0.0,0.0,0.0,0.0,662.0327,0.038158417,-0.0046320735,25.26212,-0.00017675258,-3.066584,662.0755,662.0327,661.99457,0.04279049,662.03735
291.85333,369.25784,1092.1661,856.0,13.196078,163.14513,2018.0002,2018.0,0.0,0.0,0.0,0.0,-970.134,-0.014129639,-0.0046320735,13.707643,6.544952e-05,4.493732,970.1527,970.134,-970.1199,-0.009497565,-970.12933
419.52002,577.79456,1650.8225,1382.0,13.20915,163.14413,2018.0012,2018.0,0.0,0.0,0.0,0.0,-842.4673,-0.0010576248,-0.0046320735,0.89101434,4.898996e-06,3.9023705,842.47296,842.4673,-842.46625,0.0035744486,-842.46265
555.35333,766.606,2188.362,1671.0,13.222222,163.14323,2018.0032,2018.0,0.0,0.0,0.0,0.0,-706.634,0.012014389,-0.0046320735,-8.489776,-5.5651533e-05,3.2731805,706.65063,706.634,-706.646,0.016646463,-706.62933
656.85333,917.70135,2607.6074,1895.0,13.202615,163.1446,2018.0005,2018.0,0.0,0.0,0.0,0.0,-605.134,-0.007593155,-0.0046320735,4.594876,3.5172052e-05,2.803025,605.1462,605.134,-605.1264,-0.0029610815,-605.12933
694.52,975.06195,2765.4795,1979.0,13.215686,163.14362,2018.0015,2018.0,0.0,0.0,0.0,0.0,-567.4673,0.0054779053,-0.0046320735,-3.108532,-2.537406e-05,2.62855,567.4774,567.4673,-567.4728,0.010109979,-567.46265
767.6867,1093.0638,3083.8289,2338.0,13.228758,163.14272,2018.0034,2018.0,0.0,0.0,0.0,0.0,-494.3006,0.01854992,-0.0046320735,-9.169236,-8.5924585e-05,2.2896366,494.3238,494.3006,-494.31915,0.023181994,-494.29596
932.6867,1343.3357,3773.8813,2761.0,13.20915,163.14413,2018.0012,2018.0,0.0,0.0,0.0,0.0,-329.3006,-0.0010576248,-0.0046320735,0.3482765,4.898996e-06,1.5253446,329.3063,329.3006,-329.29953,0.0035744486,-329.29596
1019.02,1478.3568,4142.2344,3072.0,13.222222,163.14316,2018.0022,2018.0,0.0,0.0,0.0,0.0,-242.96729,0.012014389,-0.0046320735,-2.9191034,-5.5651533e-05,1.1254423,242.98393,242.96729,-242.9793,0.016646463,-242.96265
1125.52,1642.9668,4593.198,3400.0,13.235294,163.14224,2018.0043,2018.0,0.0,0.0,0.0,0.0,-136.46729,0.025086403,-0.0046320735,-3.4234734,-0.00011620206,0.6321265,136.49701,136.46729,-136.49237,0.029718477,-136.46265
1235.3534,1809.6852,5052.8594,3633.0,13.228758,163.14272,2018.0034,2018.0,0.0,0.0,0.0,0.0,-26.633911,0.01854992,-0.0046320735,-0.4940569,-8.5924585e-05,0.12337023,26.657095,26.633919,-26.652462,0.023181994,-26.629278
1293.02,1899.2095,5297.772,3828.0,13.215686,163.1437,2018.0024,2018.0,0.0,0.0,0.0,0.0,31.032715,0.0054779053,-0.0046320735,0.16999426,-2.537406e-05,-0.14374581,31.042826,31.032715,31.027237,0.010109979,31.037348
1365.02,2011.3501,5604.2236,4082.0,13.228758,163.14272,2018.0034,2018.0,0.0,0.0,0.0,0.0,103.032715,0.01854992,-0.0046320735,1.9112486,-8.5924585e-05,-0.4772551,103.05589,103.032715,103.01417,0.023181994,103.037346
1488.1866,2200.68,6123.982,4415.0,13.222222,163.14331,2018.0043,2018.0,0.0,0.0,0.0,0.0,226.19934,0.012014389,-0.0046320735,2.7176468,-5.5651533e-05,-1.0477719,226.21599,226.19934,226.18733,0.016646463,226.20398
1609.1866,2393.3403,6646.5986,4959.0,13.248366,163.14142,2018.0072,2018.0,0.0,0.0,0.0,0.0,347.19934,0.038158417,-0.0046320735,13.248577,-0.00017675258,-1.6082529,347.24213,347.19934,347.1612,0.04279049,347.20398
1741.1866,2591.285,7194.7324,5131.0,13.228758,163.14296,2018.0065,2018.0,0.0,0.0,0.0,0.0,479.19934,0.01854992,-0.0046320735,8.889109,-8.5924585e-05,-2.2196865,479.22253,479.19934,479.1808,0.023181994,479.20398
1769.02,2634.2722,7312.5605,5199.0,13.24183,163.14197,2018.0074,2018.0,0.0,0.0,0.0,0.0,507.0327,0.031621933,-0.0046320735,16.033354,-0.00014647511,-2.3486128,507.06897,507.0327,507.0011,0.036254007,507.03735
1807.3534,2693.9966,7475.7773,5361.0,13.228758,163.14296,2018.0065,2018.0,0.0,0.0,0.0,0.0,545.3661,0.01854992,-0.0046320735,10.116497,-8.5924585e-05,-2.5261757,545.3893,545.3661,545.34753,0.023181994,545.3707
1895.1866,2831.8572,7851.5903,5728.0,13.24183,163.14197,2018.0074,2018.0,0.0,0.0,0.0,0.0,633.19934,0.031621933,-0.0046320735,20.022987,-0.00014647511,-2.9330258,633.2356,633.19934,633.1677,0.036254007,633.204
1979.8534,2960.8284,8206.792,5860.0,13.254902,163.14107,2018.0094,2018.0,0.0,0.0,0.0,0.0,717.8661,0.044693947,-0.0046320735,32.08427,-0.00020702565,-3.3252084,717.9154,717.8661,717.8214,0.04932602,717.8707
184.35333,231.21379,686.4517,574.0,13.196078,163.14513,2018.0002,2018.0,0.0,0.0,0.0,0.0,-1077.634,-0.014129639,-0.0046320735,15.22658,6.544952e-05,4.99168,1077.6528,1077.634,-1077.6199,-0.009497565,-1077.6294
278.85333,349.56543,1038.0438,810.0,13.20915,163.14413,2018.0012,2018.0,0.0,0.0,0.0,0.0,-983.134,-0.0010576248,-0.0046320735,1.0397869,4.898996e-06,4.553949,983.13965,983.134,-983.13293,0.0035744486,-983.12933
386.68668,521.02295,1501.4939,1232.0,13.222222,163.14323,2018.0032,2018.0,0.0,0.0,0.0,0.0,-875.30066,0.012014389,-0.0046320735,-10.516203,-5.5651533e-05,4.0544567,875.3173,875.30066,-875.3127,0.016646463,-875.296
502.02002,679.57837,1954.809,1405.0,13.202615,163.1446,2018.0005,2018.0,0.0,0.0,0.0,0.0,-759.9673,-0.007593155,-0.0046320735,5.7705493,3.5172052e-05,3.5202243,759.9795,759.9673,-759.9597,-0.0029610815,-759.96265
533.35333,727.95844,2087.202,1516.0,13.228758,163.14272,2018.0034,2018.0,0.0,0.0,0.0,0.0,-728.634,0.01854992,-0.0046320735,-13.516101,-8.5924585e-05,3.375086,728.65717,728.634,-728.6525,0.023181994,-728.62933
561.02,769.75757,2202.52,1571.0,13.202615,163.1446,2018.0005,2018.0,0.0,0.0,0.0,0.0,-700.9673,-0.007593155,-0.0046320735,5.322553,3.5172052e-05,3.246932,700.9795,700.9673,-700.9597,-0.0029610815,-700.96265
618.52,862.5482,2452.6208,1859.0,13.215686,163.14362,2018.0015,2018.0,0.0,0.0,0.0,0.0,-643.4673,0.0054779053,-0.0046320735,-3.5248528,-2.537406e-05,2.9805877,643.4774,643.4673,-643.4728,0.010109979,-643.46265
686.52,963.22406,2732.5557,1980.0,13.228758,163.14272,2018.0034,2018.0,0.0,0.0,0.0,0.0,-575.4673,0.01854992,-0.0046320735,-10.674871,-8.5924585e-05,2.6656067,575.4905,575.4673,-575.48584,0.023181994,-575.46265
744.1867,1052.0204,2976.0068,2169.0,13.20915,163.14413,2018.0012,2018.0,0.0,0.0,0.0,0.0,-517.8006,-0.0010576248,-0.0046320735,0.5476388,4.898996e-06,2.3984904,517.8063,517.8006,-517.79956,0.0035744486,-517.79596
788.52,1119.861,3162.4397,2283.0,13.235294,163.14224,2018.0043,2018.0,0.0,0.0,0.0,0.0,-473.4673,0.025086403,-0.0046320735,-11.877591,-0.00011620206,2.1931353,473.497,473.4673,-473.49237,0.029718477,-473.46265
858.6867,1231.2393,3464.6511,2588.0,13.222222,163.14316,2018.0022,2018.0,0.0,0.0,0.0,0.0,-403.3006,0.012014389,-0.0046320735,-4.8454103,-5.5651533e-05,1.868118,403.31726,403.3006,-403.31262,0.016646463,-403.29596
997.52,1443.8759,4048.971,2983.0,13.215686,163.1437,2018.0024,2018.0,0.0,0.0,0.0,0.0,-264.4673,0.0054779053,-0.0046320735,-1.4487268,-2.537406e-05,1.2250319,264.47742,264.4673,-264.47278,0.010109979,-264.46265
1059.52,1537.7428,4307.988,3094.0,13.24183,163.14182,2018.0055,2018.0,0.0,0.0,0.0,0.0,-202.46729,0.031621933,-0.0046320735,-6.4024067,-0.00014647511,0.9378433,202.50354,202.46729,-202.4989,0.036254007,-202.46265
1098.02,1597.2561,4471.02,3211.0,13.215686,163.1437,2018.0024,2018.0,0.0,0.0,0.0,0.0,-163.96729,0.0054779053,-0.0046320735,-0.89819723,-2.537406e-05,0.7595085,163.9774,163.96729,-163.97276,0.010109979,-163.96265
1147.8534,1674.8374,4683.0337,3393.0,13.24183,163.14182,2018.0055,2018.0,0.0,0.0,0.0,0.0,-114.13391,0.031621933,-0.0046320735,-3.609135,-0.00014647511,0.5286767,114.170166,114.13392,-114.165535,0.036254007,-114.12928
1219.52,1784.8572,4985.1733,3588.0,13.222222,163.14331,2018.0043,2018.0,0.0,0.0,0.0,0.0,-42.467285,0.012014389,-0.0046320735,-0.5102185,-5.5651533e-05,0.19671158,42.483932,42.467285,-42.4793,0.016646463,-42.462654
1268.6866,1860.944,5193.5493,3740.0,13.235294,163.14232,2018.0052,2018.0,0.0,0.0,0.0,0.0,6.699341,0.025086403,-0.0046320735,0.16806236,-0.00011620206,-0.03103184,6.729059,6.6993895,6.6742544,0.029718477,6.703973
1308.1866,1921.635,5360.179,3826.0,13.222222,163.14331,2018.0043,2018.0,0.0,0.0,0.0,0.0,46.19934,0.012014389,-0.0046320735,0.55505687,-5.5651533e-05,-0.21399873,46.21599,46.199345,46.187325,0.016646463,46.20397
1358.6866,2000.6926,5575.8438,4042.0,13.235294,163.14232,2018.0052,2018.0,0.0,0.0,0.0,0.0,96.69934,0.025086403,-0.0046320735,2.4258387,-0.00011620206,-0.44791844,96.72906,96.69935,96.674255,0.029718477,96.70397
1412.1866,2082.5896,5800.993,4147.0,13.248366,163.14142,2018.0072,2018.0,0.0,0.0,0.0,0.0,150.19934,0.038158417,-0.0046320735,5.731369,-0.00017675258,-0.6957344,150.24214,150.19934,150.16118,0.04279049,150.20398
1481.3534,2189.767,6094.4106,4397.0,13.228758,163.14296,2018.0065,2018.0,0.0,0.0,0.0,0.0,219.36609,0.01854992,-0.0046320735,4.0692234,-8.5924585e-05,-1.0161198,219.38928,219.36609,219.34753,0.023181994,219.37073
1589.3534,2360.5164,6558.693,4856.0,13.254902,163.14107,2018.0094,2018.0,0.0,0.0,0.0,0.0,327.3661,0.044693947,-0.0046320735,14.631283,-0.00020702565,-1.5163838,327.41544,327.3661,327.32138,0.04932602,327.37073
1129.52,1650.8937,4613.2573,3436.0,13.196078,163.14513,2018.0002,2018.0,0.0,0.0,0.0,0.0,-132.46729,-0.014129639,-0.0046320735,1.8717148,6.544952e-05,0.61359817,132.48605,132.46729,-132.45316,-0.009497565,-132.46265
1216.02,1781.0303,4973.185,3580.0,13.20915,163.14413,2018.0012,2018.0,0.0,0.0,0.0,0.0,-45.967285,-0.0010576248,-0.0046320735,0.04861614,4.898996e-06,0.21292384,45.972973,45.967285,-45.96623,0.0035744486,-45.962654
1260.3534,1849.4203,5160.69,3702.0,13.222222,163.14323,2018.0032,2018.0,0.0,0.0,0.0,0.0,-1.6339111,0.012014389,-0.0046320735,-0.019630443,-5.5651533e-05,0.007568396,1.6505576,1.6339618,-1.6459255,0.016646463,-1.629279
1317.52,1938.7206,5404.474,3925.0,13.20915,163.14413,2018.0012,2018.0,0.0,0.0,0.0,0.0,55.532715,-0.0010576248,-0.0046320735,-0.058732778,4.898996e-06,-0.25723162,55.538403,55.532715,55.53377,0.0035744486,55.537346
1383.3534,2039.9651,5682.366,4094.0,13.222222,163.14323,2018.0032,2018.0,0.0,0.0,0.0,0.0,121.36609,0.012014389,-0.0046320735,1.4581394,-5.5651533e-05,-0.56217664,121.38274,121.36609,121.35407,0.016646463,121.37072
1455.6866,2151.3293,5987.924,4302.0,13.202615,163.1446,2018.0005,2018.0,0.0,0.0,0.0,0.0,193.69934,-0.007593155,-0.0046320735,-1.4707891,3.5172052e-05,-0.89722955,193.71158,193.69934,193.70694,-0.0029610815,193.70398
1518.3534,2248.899,6254.6074,4528.0,13.215686,163.14362,2018.0015,2018.0,0.0,0.0,0.0,0.0,256.3661,0.0054779053,-0.0046320735,1.4043492,-2.537406e-05,-1.1875066,256.37622,256.3661,256.3606,0.010109979,256.37073
1616.6866,2402.6787,6674.3076,4892.0,13.228758,163.14272,2018.0034,2018.0,0.0,0.0,0.0,0.0,354.69934,0.01854992,-0.0046320735,6.579644,-8.5924585e-05,-1.6429935,354.72253,354.69934,354.6808,0.023181994,354.70398
1767.02,2633.9722,7309.118,5312.0,13.20915,163.14413,2018.0012,2018.0,0.0,0.0,0.0,0.0,505.0327,-0.0010576248,-0.0046320735,-0.5341351,4.898996e-06,-2.3393486,505.03842,505.0327,505.03378,0.0035744486,505.03735
1841.3534,2747.4382,7621.3896,5422.0,13.235294,163.14224,2018.0043,2018.0,0.0,0.0,0.0,0.0,579.3661,0.025086403,-0.0046320735,14.534211,-0.00011620206,-2.6836662,579.3958,579.3661,579.341,0.029718477,579.3707
1865.1866,2784.3057,7722.3906,5488.0,13.20915,163.14413,2018.0012,2018.0,0.0,0.0,0.0,0.0,603.19934,-0.0010576248,-0.0046320735,-0.6379586,4.898996e-06,-2.7940636,603.205,603.19934,603.2004,0.0035744486,603.204
1929.3534,2885.2932,7997.4375,5807.0,13.222222,163.14316,2018.0022,2018.0,0.0,0.0,0.0,0.0,667.3661,0.012014389,-0.0046320735,8.017996,-5.5651533e-05,-3.0912888,667.38275,667.3661,667.35406,0.016646463,667.3707
2052.8533,3075.151,8518.686,6128.0,13.215686,163.1437,2018.0024,2018.0,0.0,0.0,0.0,0.0,790.86597,0.0054779053,-0.0046320735,4.3322887,-2.537406e-05,-3.6633492,790.8761,790.86597,790.8605,0.010109979,790.8706
2128.52,3192.3333,8839.601,6359.0,13.228758,163.14272,2018.0034,2018.0,0.0,0.0,0.0,0.0,866.5327,0.01854992,-0.0046320735,16.074112,-8.5924585e-05,-4.013843,866.5559,866.5327,866.51416,0.023181994,866.53735
2205.6868,3311.74,9166.702,6587.0,13.24183,163.14182,2018.0055,2018.0,0.0,0.0,0.0,0.0,943.69946,0.031621933,-0.0046320735,29.8416,-0.00014647511,-4.3712854,943.7357,943.69946,943.66785,0.036254007,943.7041
2309.52,3472.4448,9606.906,6923.0,13.222222,163.14331,2018.0043,2018.0,0.0,0.0,0.0,0.0,1047.5327,0.012014389,-0.0046320735,12.585465,-5.5651533e-05,-4.8522487,1047.5493,1047.5327,1047.5208,0.016646463,1047.5374
2439.1868,3675.4949,10160.911,7424.0,13.248366,163.14142,2018.0072,2018.0,0.0,0.0,0.0,0.0,1177.1995,0.038158417,-0.0046320735,44.920067,-0.00017675258,-5.452874,1177.2423,1177.1995,1177.1613,0.04279049,1177.2041
2613.3533,3942.4478,10894.593,7835.0,13.228758,163.14296,2018.0065,2018.0,0.0,0.0,0.0,0.0,1351.366,0.01854992,-0.0046320735,25.06773,-8.5924585e-05,-6.2596264,1351.3892,1351.366,1351.3474,0.023181994,1351.3706
2671.52,4031.6653,11139.736,7910.0,13.254902,163.14107,2018.0094,2018.0,0.0,0.0,0.0,0.0,1409.5327,0.044693947,-0.0046320735,62.99758,-0.00020702565,-6.529059,1409.582,1409.5327,1409.488,0.04932602,1409.5374
2702.1868,4079.225,11269.928,8018.0,13.24183,163.14197,2018.0074,2018.0,0.0,0.0,0.0,0.0,1440.1995,0.031621933,-0.0046320735,45.54189,-0.00014647511,-6.6711097,1440.2357,1440.1995,1440.1678,0.036254007,1440.2041
2771.8535,4188.0977,11567.1875,8328.0,13.254902,163.14107,2018.0094,2018.0,0.0,0.0,0.0,0.0,1509.8662,0.044693947,-0.0046320735,67.48188,-0.00020702565,-6.993811,1509.9155,1509.8662,1509.8215,0.04932602,1509.8708
212.18666,262.2525,783.5949,641.0,13.196078,163.14513,2018.0002,2018.0,0.0,0.0,0.0,0.0,-1049.8007,-0.014129639,-0.0046320735,14.833304,6.544952e-05,4.862754,1049.8195,1049.8007,-1049.7865,-0.009497565,-1049.796
352.85336,485.96753,1388.4722,1200.0,13.20915,163.14413,2018.0012,2018.0,0.0,0.0,0.0,0.0,-909.1339,-0.0010576248,-0.0046320735,0.9615226,4.898996e-06,4.211175,909.1396,909.1339,-909.1329,0.0035744486,-909.1293
491.52002,668.5147,1919.4038,1466.0,13.222222,163.14323,2018.0032,2018.0,0.0,0.0,0.0,0.0,-770.4673,0.012014389,-0.0046320735,-9.256694,-5.5651533e-05,3.568861,770.48395,770.4673,-770.4793,0.016646463,-770.46265
597.1867,829.2268,2361.753,1784.0,13.202615,163.1446,2018.0005,2018.0,0.0,0.0,0.0,0.0,-664.8006,-0.007593155,-0.0046320735,5.047934,3.5172052e-05,3.0794053,664.8128,664.8006,-664.793,-0.0029610815,-664.79596
705.1867,998.4784,2822.8577,2167.0,13.215686,163.14362,2018.0015,2018.0,0.0,0.0,0.0,0.0,-556.8006,0.0054779053,-0.0046320735,-3.050101,-2.537406e-05,2.5791414,556.8107,556.8006,-556.8061,0.010109979,-556.79596
836.85333,1200.8387,3378.1665,2571.0,13.228758,163.14272,2018.0034,2018.0,0.0,0.0,0.0,0.0,-425.13397,0.01854992,-0.0046320735,-7.886201,-8.5924585e-05,1.9692518,425.15717,425.13397,-425.15253,0.023181994,-425.12933
976.1867,1409.1345,3955.4954,2822.0,13.20915,163.14413,2018.0012,2018.0,0.0,0.0,0.0,0.0,-285.8006,-0.0010576248,-0.0046320735,0.30226982,4.898996e-06,1.3238493,285.8063,285.8006,-285.79953,0.0035744486,-285.79596
1011.02,1463.446,4103.8203,2963.0,13.222222,163.14316,2018.0022,2018.0,0.0,0.0,0.0,0.0,-250.96729,0.012014389,-0.0046320735,-3.0152185,-5.5651533e-05,1.162499,250.98393,250.96729,-250.9793,0.016646463,-250.96265
1053.1866,1528.374,4281.921,3077.0,13.20915,163.14413,2018.0012,2018.0,0.0,0.0,0.0,0.0,-208.80066,-0.0010576248,-0.0046320735,0.22083277,4.898996e-06,0.96718,208.80635,208.80066,-208.7996,0.0035744486,-208.79602
1081.3534,1571.5729,4400.586,3130.0,13.222222,163.14316,2018.0022,2018.0,0.0,0.0,0.0,0.0,-180.63391,0.012014389,-0.0046320735,-2.170206,-5.5651533e-05,0.83670956,180.65056,180.63391,-180.64592,0.016646463,-180.62927
1164.1866,1705.2357,4761.421,3574.0,13.235294,163.14224,2018.0043,2018.0,0.0,0.0,0.0,0.0,-97.80066,0.025086403,-0.0046320735,-2.4534667,-0.00011620206,0.45301983,97.830376,97.80067,-97.825745,0.029718477,-97.79603
1276.02,1872.4712,5224.95,3748.0,13.228758,163.14272,2018.0034,2018.0,0.0,0.0,0.0,0.0,14.032715,0.01854992,-0.0046320735,0.26030573,-8.5924585e-05,-0.065000564,14.055897,14.032728,14.014165,0.023181994,14.037347
1321.02,1942.1536,5415.7515,3890.0,13.24183,163.14182,2018.0055,2018.0,0.0,0.0,0.0,0.0,59.032715,0.031621933,-0.0046320735,1.8667285,-0.00014647511,-0.27344388,59.06897,59.032722,59.00109,0.036254007,59.037346
1353.6866,1992.3168,5553.507,3950.0,13.228758,163.14272,2018.0034,2018.0,0.0,0.0,0.0,0.0,91.69934,0.01854992,-0.0046320735,1.7010154,-8.5924585e-05,-0.42475808,91.72252,91.69934,91.68079,0.023181994,91.70397
1397.52,2061.012,5740.8384,4153.0,13.24183,163.14182,2018.0055,2018.0,0.0,0.0,0.0,0.0,135.53271,0.031621933,-0.0046320735,4.2858067,-0.00014647511,-0.6277975,135.56897,135.53273,135.5011,0.036254007,135.53735
1535.02,2272.6145,6321.519,4513.0,13.222222,163.14331,2018.0043,2018.0,0.0,0.0,0.0,0.0,273.0327,0.012014389,-0.0046320735,3.2803214,-5.5651533e-05,-1.2647076,273.04938,273.0327,273.0207,0.016646463,273.03735
1573.6866,2332.645,6485.7617,4649.0,13.248366,163.14142,2018.0072,2018.0,0.0,0.0,0.0,0.0,311.69934,0.038158417,-0.0046320735,11.893953,-0.00017675258,-1.4438143,311.74213,311.69934,311.6612,0.04279049,311.70398
1696.1866,2526.2622,7012.2964,5185.0,13.248366,163.14142,2018.0072,2018.0,0.0,0.0,0.0,0.0,434.19934,0.038158417,-0.0046320735,16.56836,-0.00017675258,-2.0112433,434.24213,434.19934,434.1612,0.04279049,434.20398
1811.02,2699.3594,7490.759,5338.0,13.228758,163.14296,2018.0065,2018.0,0.0,0.0,0.0,0.0,549.0327,0.01854992,-0.0046320735,10.184512,-8.5924585e-05,-2.54316,549.0559,549.0327,549.01416,0.023181994,549.03735
1888.3534,2821.122,7822.3345,5701.0,13.254902,163.14107,2018.0094,2018.0,0.0,0.0,0.0,0.0,626.3661,0.044693947,-0.0046320735,27.994772,-0.00020702565,-2.9013736,626.4154,626.3661,626.3214,0.04932602,626.3707
1063.3534,1545.3907,4327.2954,3137.0,13.196078,163.14513,2018.0002,2018.0,0.0,0.0,0.0,0.0,-198.63391,-0.014129639,-0.0046320735,2.8066254,6.544952e-05,0.92008686,198.65268,198.63391,-198.61978,-0.009497565,-198.62927
1120.8534,1634.208,4570.673,3309.0,13.222222,163.14323,2018.0032,2018.0,0.0,0.0,0.0,0.0,-141.13391,0.012014389,-0.0046320735,-1.6956377,-5.5651533e-05,0.6537427,141.15056,141.13391,-141.14592,0.016646463,-141.12927
1162.52,1697.906,4745.855,3385.0,13.196078,163.14513,2018.0002,2018.0,0.0,0.0,0.0,0.0,-99.467285,-0.014129639,-0.0046320735,1.4054368,6.544952e-05,0.46073976,99.486046,99.467285,-99.453156,-0.009497565,-99.462654
1241.3534,1823.7759,5086.899,3780.0,13.222222,163.14323,2018.0032,2018.0,0.0,0.0,0.0,0.0,-20.633911,0.012014389,-0.0046320735,-0.24790384,-5.5651533e-05,0.09557779,20.650558,20.633915,-20.645926,0.016646463,-20.629278
1396.6866,2062.4192,5742.1484,4224.0,13.202615,163.1446,2018.0005,2018.0,0.0,0.0,0.0,0.0,134.69934,-0.007593155,-0.0046320735,-1.0227929,3.5172052e-05,-0.62393725,134.71158,134.69934,134.70694,-0.0029610815,134.70398
1539.02,2285.001,6349.6177,4723.0,13.228758,163.14272,2018.0034,2018.0,0.0,0.0,0.0,0.0,277.0327,0.01854992,-0.0046320735,5.1389346,-8.5924585e-05,-1.2832359,277.0559,277.0327,277.01416,0.023181994,277.03735
1705.3534,2538.7522,7048.0986,5134.0,13.222222,163.14316,2018.0022,2018.0,0.0,0.0,0.0,0.0,443.3661,0.012014389,-0.0046320735,5.3267727,-5.5651533e-05,-2.0537043,443.38275,443.3661,443.35406,0.016646463,443.37073
1849.1866,2760.6738,7656.6016,5557.0,13.215686,163.1437,2018.0024,2018.0,0.0,0.0,0.0,0.0,587.19934,0.0054779053,-0.0046320735,3.2166224,-2.537406e-05,-2.7199504,587.2095,587.19934,587.19385,0.010109979,587.204
1990.8534,2983.0178,8262.745,6096.0,13.24183,163.14182,2018.0055,2018.0,0.0,0.0,0.0,0.0,728.8661,0.031621933,-0.0046320735,23.048155,-0.00014647511,-3.3761613,728.90234,728.8661,728.8345,0.036254007,728.8707
2152.3533,3229.3445,8940.866,6462.0,13.222222,163.14331,2018.0043,2018.0,0.0,0.0,0.0,0.0,890.36597,0.012014389,-0.0046320735,10.697203,-5.5651533e-05,-4.1242404,890.3826,890.36597,890.35394,0.016646463,890.3706
2271.6868,3415.4229,9449.282,6886.0,13.248366,163.14142,2018.0072,2018.0,0.0,0.0,0.0,0.0,1009.69946,0.038158417,-0.0046320735,38.528534,-0.00017675258,-4.677002,1009.74225,1009.69946,1009.6613,0.04279049,1009.7041
2453.8533,3696.6545,10220.306,7420.0,13.228758,163.14296,2018.0065,2018.0,0.0,0.0,0.0,0.0,1191.866,0.01854992,-0.0046320735,22.109016,-8.5924585e-05,-5.5208106,1191.8892,1191.866,1191.8474,0.023181994,1191.8706
2577.6868,3887.776,10744.339,7763.0,13.254902,163.14107,2018.0094,2018.0,0.0,0.0,0.0,0.0,1315.6995,0.044693947,-0.0046320735,58.803802,-0.00020702565,-6.0944166,1315.7488,1315.6995,1315.6548,0.04932602,1315.7041
186.68666,230.37038,688.8135,567.0,13.196078,163.14513,2018.0002,2018.0,0.0,0.0,0.0,0.0,-1075.3007,-0.014129639,-0.0046320735,15.19361,6.544952e-05,4.9808717,1075.3195,1075.3007,-1075.2865,-0.009497565,-1075.296
310.18668,413.8711,1197.3893,1017.0,13.20915,163.14413,2018.0012,2018.0,0.0,0.0,0.0,0.0,-951.80066,-0.0010576248,-0.0046320735,1.006648,4.898996e-06,4.4088106,951.80634,951.80066,-951.7996,0.0035744486,-951.796
409.35336,539.71533,1569.0392,1153.0,13.196078,163.14513,2018.0002,2018.0,0.0,0.0,0.0,0.0,-852.6339,-0.014129639,-0.0046320735,12.047409,6.544952e-05,3.949463,852.6527,852.6339,-852.61975,-0.009497565,-852.6293
476.35336,644.85675,1854.9059,1412.0,13.222222,163.14323,2018.0032,2018.0,0.0,0.0,0.0,0.0,-785.6339,0.012014389,-0.0046320735,-9.438911,-5.5651533e-05,3.639114,785.6506,785.6339,-785.64594,0.016646463,-785.6293
543.52,743.4548,2129.8142,1544.0,13.202615,163.1446,2018.0005,2018.0,0.0,0.0,0.0,0.0,-718.4673,-0.007593155,-0.0046320735,5.4554334,3.5172052e-05,3.3279932,718.4795,718.4673,-718.4597,-0.0029610815,-718.46265
588.52,813.3917,2320.8113,1708.0,13.215686,163.14362,2018.0015,2018.0,0.0,0.0,0.0,0.0,-673.4673,0.0054779053,-0.0046320735,-3.68919,-2.537406e-05,3.11955,673.4774,673.4673,-673.4728,0.010109979,-673.46265
799.02,1150.504,3232.475,2548.0,13.228758,163.14272,2018.0034,2018.0,0.0,0.0,0.0,0.0,-462.9673,0.01854992,-0.0046320735,-8.588006,-8.5924585e-05,2.1444986,462.99048,462.9673,-462.98584,0.023181994,-462.96265
962.52,1388.7545,3898.957,2827.0,13.20915,163.14413,2018.0012,2018.0,0.0,0.0,0.0,0.0,-299.4673,-0.0010576248,-0.0046320735,0.31672403,4.898996e-06,1.3871545,299.473,299.4673,-299.46622,0.0035744486,-299.46265
1091.3534,1598.5198,4463.4785,3439.0,13.235294,163.14224,2018.0043,2018.0,0.0,0.0,0.0,0.0,-170.63391,0.025086403,-0.0046320735,-4.280591,-0.00011620206,0.7903888,170.66364,170.63391,-170.659,0.029718477,-170.62927
1259.52,1849.3328,5159.312,3799.0,13.215686,163.1437,2018.0024,2018.0,0.0,0.0,0.0,0.0,-2.4672852,0.0054779053,-0.0046320735,-0.013515554,-2.537406e-05,0.011428646,2.477395,2.4672956,-2.472763,0.010109979,-2.4626532
1386.1866,2046.8925,5698.9404,4231.0,13.24183,163.14182,2018.0055,2018.0,0.0,0.0,0.0,0.0,124.19934,0.031621933,-0.0046320735,3.9274232,-0.00014647511,-0.57530046,124.235596,124.19935,124.16772,0.036254007,124.20397
1541.1866,2283.4624,6350.003,4615.0,13.222222,163.14331,2018.0043,2018.0,0.0,0.0,0.0,0.0,279.19934,0.012014389,-0.0046320735,3.3544095,-5.5651533e-05,-1.2932719,279.216,279.19934,279.18732,0.016646463,279.20398
1606.6866,2383.5574,6625.359,4733.0,13.248366,163.14142,2018.0072,2018.0,0.0,0.0,0.0,0.0,344.69934,0.038158417,-0.0046320735,13.153181,-0.00017675258,-1.5966727,344.74213,344.69934,344.6612,0.04279049,344.70398
1663.8534,2472.2117,6868.0127,4923.0,13.222222,163.14331,2018.0043,2018.0,0.0,0.0,0.0,0.0,401.8661,0.012014389,-0.0046320735,4.8281755,-5.5651533e-05,-1.8614732,401.88275,401.8661,401.85406,0.016646463,401.87073
1771.6866,2643.2046,7332.523,5419.0,13.248366,163.14142,2018.0072,2018.0,0.0,0.0,0.0,0.0,509.69934,0.038158417,-0.0046320735,19.44932,-0.00017675258,-2.3609648,509.74213,509.69934,509.6612,0.04279049,509.70398
1948.8534,2915.745,8080.595,5921.0,13.228758,163.14296,2018.0065,2018.0,0.0,0.0,0.0,0.0,686.8661,0.01854992,-0.0046320735,12.74131,-8.5924585e-05,-3.1816142,686.8893,686.8661,686.84753,0.023181994,686.8707
2104.02,3156.6292,8739.732,6417.0,13.254902,163.14107,2018.0094,2018.0,0.0,0.0,0.0,0.0,842.0327,0.044693947,-0.0046320735,37.633766,-0.00020702565,-3.9003575,842.08203,842.0327,841.98804,0.04932602,842.03735
413.68668,553.2088,1599.0685,1255.0,13.196078,163.14513,2018.0002,2018.0,0.0,0.0,0.0,0.0,-848.30066,-0.014129639,-0.0046320735,11.986182,6.544952e-05,3.929391,848.31946,848.30066,-848.2865,-0.009497565,-848.296
538.6867,748.7157,2131.6604,1698.0,13.20915,163.14413,2018.0012,2018.0,0.0,0.0,0.0,0.0,-723.3006,-0.0010576248,-0.0046320735,0.7649807,4.898996e-06,3.3503816,723.3063,723.3006,-723.29956,0.0035744486,-723.29596
736.1867,1049.9116,2960.3035,2309.0,13.215686,163.14362,2018.0015,2018.0,0.0,0.0,0.0,0.0,-525.8006,0.0054779053,-0.0046320735,-2.880286,-2.537406e-05,2.4355469,525.8107,525.8006,-525.8061,0.010109979,-525.79596
888.1867,1276.4805,3588.9087,2673.0,13.20915,163.14413,2018.0012,2018.0,0.0,0.0,0.0,0.0,-373.8006,-0.0010576248,-0.0046320735,0.3953408,4.898996e-06,1.7314718,373.8063,373.8006,-373.79953,0.0035744486,-373.79596
1000.35333,1446.6908,4058.1785,2914.0,13.20915,163.14413,2018.0012,2018.0,0.0,0.0,0.0,0.0,-261.63397,-0.0010576248,-0.0046320735,0.27671057,4.898996e-06,1.2119077,261.63968,261.63397,-261.6329,0.0035744486,-261.62933
1064.6866,1548.2167,4334.307,3194.0,13.222222,163.14316,2018.0022,2018.0,0.0,0.0,0.0,0.0,-197.30066,0.012014389,-0.0046320735,-2.370447,-5.5651533e-05,0.91391116,197.3173,197.30066,-197.31267,0.016646463,-197.29602
1177.52,1720.4696,4808.263,3471.0,13.215686,163.1437,2018.0024,2018.0,0.0,0.0,0.0,0.0,-84.467285,0.0054779053,-0.0046320735,-0.4627038,-2.537406e-05,0.39125866,84.477394,84.467285,-84.47276,0.010109979,-84.462654
1282.3534,1887.7551,5261.623,3943.0,13.24183,163.14182,2018.0055,2018.0,0.0,0.0,0.0,0.0,20.366089,0.031621933,-0.0046320735,0.6440151,-0.00014647511,-0.09433722,20.402344,20.366116,20.334467,0.036254007,20.370722
1492.02,2206.7021,6140.3916,4432.0,13.222222,163.14331,2018.0043,2018.0,0.0,0.0,0.0,0.0,230.03271,0.012014389,-0.0046320735,2.7637026,-5.5651533e-05,-1.0655284,230.04936,230.03271,230.0207,0.016646463,230.03735
1588.8534,2358.725,6554.7427,4815.0,13.235294,163.14232,2018.0052,2018.0,0.0,0.0,0.0,0.0,326.8661,0.025086403,-0.0046320735,8.199894,-0.00011620206,-1.5140678,326.8958,326.8661,326.841,0.029718477,326.87073
1738.1866,2587.0322,7182.718,5160.0,13.228758,163.14296,2018.0065,2018.0,0.0,0.0,0.0,0.0,476.19934,0.01854992,-0.0046320735,8.833459,-8.5924585e-05,-2.2057903,476.22253,476.19934,476.1808,0.023181994,476.20398
1835.02,2739.2546,7597.458,5564.0,13.24183,163.14197,2018.0074,2018.0,0.0,0.0,0.0,0.0,573.0327,0.031621933,-0.0046320735,18.120401,-0.00014647511,-2.6543295,573.069,573.0327,573.0011,0.036254007,573.03735
690.6867,974.3683,2758.488,2091.0,13.196078,163.14513,2018.0002,2018.0,0.0,0.0,0.0,0.0,-571.3006,-0.014129639,-0.0046320735,8.072271,6.544952e-05,2.6463063,571.31934,571.3006,-571.2865,-0.009497565,-571.29596
794.85333,1133.7866,3196.5781,2396.0,13.222222,163.14323,2018.0032,2018.0,0.0,0.0,0.0,0.0,-467.13397,0.012014389,-0.0046320735,-5.6123295,-5.5651533e-05,2.1637988,467.15063,467.13397,-467.146,0.016646463,-467.12933
910.85333,1313.9304,3689.1719,2777.0,13.20915,163.14413,2018.0012,2018.0,0.0,0.0,0.0,0.0,-351.13397,-0.0010576248,-0.0046320735,0.371368,4.898996e-06,1.6264783,351.13968,351.13397,-351.1329,0.0035744486,-351.12933
1025.6866,1485.9756,4165.671,2968.0,13.202615,163.1446,2018.0005,2018.0,0.0,0.0,0.0,0.0,-236.30066,-0.007593155,-0.0046320735,1.7942675,3.5172052e-05,1.094562,236.3129,236.30066,-236.29306,-0.0029610815,-236.29602
1082.52,1576.0264,4410.26,3245.0,13.215686,163.14362,2018.0015,2018.0,0.0,0.0,0.0,0.0,-179.46729,0.0054779053,-0.0046320735,-0.98310477,-2.537406e-05,0.8313056,179.4774,179.46729,-179.47276,0.010109979,-179.46265
1195.52,1751.8727,4890.8994,3623.0,13.228758,163.14272,2018.0034,2018.0,0.0,0.0,0.0,0.0,-66.467285,0.01854992,-0.0046320735,-1.2329627,-8.5924585e-05,0.30788136,66.49046,66.467285,-66.48583,0.023181994,-66.462654
1319.3534,1939.763,5409.026,3868.0,13.222222,163.14316,2018.0022,2018.0,0.0,0.0,0.0,0.0,57.36609,0.012014389,-0.0046320735,0.6892185,-5.5651533e-05,-0.26572394,57.382736,57.366093,57.354073,0.016646463,57.37072
1447.1866,2143.6538,5961.741,4464.0,13.235294,163.14224,2018.0043,2018.0,0.0,0.0,0.0,0.0,185.19934,0.025086403,-0.0046320735,4.645985,-0.00011620206,-0.8578569,185.22906,185.19934,185.17426,0.029718477,185.20398
1646.1866,2448.009,6798.774,4996.0,13.24183,163.14182,2018.0055,2018.0,0.0,0.0,0.0,0.0,384.19934,0.031621933,-0.0046320735,12.149126,-0.00014647511,-1.7796396,384.2356,384.19934,384.16772,0.036254007,384.20398
1861.3534,2777.7651,7705.0444,5503.0,13.222222,163.14331,2018.0043,2018.0,0.0,0.0,0.0,0.0,599.3661,0.012014389,-0.0046320735,7.2010174,-5.5651533e-05,-2.7763078,599.38275,599.3661,599.35406,0.016646463,599.3707
1894.8534,2829.4712,7846.805,5581.0,13.235294,163.14232,2018.0052,2018.0,0.0,0.0,0.0,0.0,632.8661,0.025086403,-0.0046320735,15.876333,-0.00011620206,-2.9314823,632.8958,632.8661,632.841,0.029718477,632.8707
1976.1866,2957.7378,8195.91,5979.0,13.248366,163.14142,2018.0072,2018.0,0.0,0.0,0.0,0.0,714.19934,0.038158417,-0.0046320735,27.252716,-0.00017675258,-3.3082237,714.2421,714.19934,714.1612,0.04279049,714.204
2109.52,3161.6191,8756.69,6255.0,13.228758,163.14296,2018.0065,2018.0,0.0,0.0,0.0,0.0,847.5327,0.01854992,-0.0046320735,15.721663,-8.5924585e-05,-3.9258337,847.5559,847.5327,847.51416,0.023181994,847.53735
2222.3533,3340.3823,9242.505,6796.0,13.254902,163.14107,2018.0094,2018.0,0.0,0.0,0.0,0.0,960.36597,0.044693947,-0.0046320735,42.922546,-0.00020702565,-4.448486,960.4153,960.36597,960.3213,0.04932602,960.3706
210.68666,280.67874,812.5491,713.0,13.196078,163.14513,2018.0002,2018.0,0.0,0.0,0.0,0.0,-1051.3007,-0.014129639,-0.0046320735,14.854499,6.544952e-05,4.869702,1051.3195,1051.3007,-1051.2865,-0.009497565,-1051.296
306.02,384.21414,1140.1719,835.0,13.20915,163.14413,2018.0012,2018.0,0.0,0.0,0.0,0.0,-955.9673,-0.0010576248,-0.0046320735,1.0110548,4.898996e-06,4.4281106,955.97296,955.9673,-955.96625,0.0035744486,-955.96265
393.35336,527.6375,1523.2754,1231.0,13.222222,163.14323,2018.0032,2018.0,0.0,0.0,0.0,0.0,-868.6339,0.012014389,-0.0046320735,-10.436106,-5.5651533e-05,4.0235763,868.6506,868.6339,-868.64594,0.016646463,-868.6293
496.85336,672.87885,1935.2025,1426.0,13.202615,163.1446,2018.0005,2018.0,0.0,0.0,0.0,0.0,-765.1339,-0.007593155,-0.0046320735,5.80978,3.5172052e-05,3.5441566,765.1461,765.1339,-765.12634,-0.0029610815,-765.1293
530.6867,723.2297,2074.8677,1478.0,13.228758,163.14272,2018.0034,2018.0,0.0,0.0,0.0,0.0,-731.3006,0.01854992,-0.0046320735,-13.565567,-8.5924585e-05,3.387438,731.3238,731.3006,-731.31915,0.023181994,-731.29596
563.6867,774.9756,2215.7148,1624.0,13.215686,163.14362,2018.0015,2018.0,0.0,0.0,0.0,0.0,-698.3006,0.0054779053,-0.0046320735,-3.8252246,-2.537406e-05,3.2345796,698.3107,698.3006,-698.3061,0.010109979,-698.29596
640.85333,895.48364,2544.3296,1905.0,13.228758,163.14272,2018.0034,2018.0,0.0,0.0,0.0,0.0,-621.134,0.01854992,-0.0046320735,-11.521985,-8.5924585e-05,2.8771381,621.15717,621.134,-621.1525,0.023181994,-621.12933
826.1867,1191.2162,3345.2185,2626.0,13.235294,163.14224,2018.0043,2018.0,0.0,0.0,0.0,0.0,-435.8006,0.025086403,-0.0046320735,-10.93267,-0.00011620206,2.0186603,435.83032,435.8006,-435.82568,0.029718477,-435.79596
988.35333,1428.4985,4008.0037,2915.0,13.215686,163.1437,2018.0024,2018.0,0.0,0.0,0.0,0.0,-273.63397,0.0054779053,-0.0046320735,-1.498941,-2.537406e-05,1.2674927,273.6441,273.63397,-273.63947,0.010109979,-273.62933
1103.6866,1613.5135,4508.423,3424.0,13.24183,163.14182,2018.0055,2018.0,0.0,0.0,0.0,0.0,-158.30066,0.031621933,-0.0046320735,-5.005773,-0.00014647511,0.7332603,158.33691,158.30067,-158.33228,0.036254007,-158.29602
1281.3534,1883.5726,5252.659,3889.0,13.248366,163.14142,2018.0072,2018.0,0.0,0.0,0.0,0.0,19.366089,0.038158417,-0.0046320735,0.7389793,-0.00017675258,-0.08970515,19.40888,19.366127,19.32793,0.04279049,19.370722
1404.1866,2069.8354,5766.414,4124.0,13.228758,163.14296,2018.0065,2018.0,0.0,0.0,0.0,0.0,142.19934,0.01854992,-0.0046320735,2.6377864,-8.5924585e-05,-0.6586778,142.22253,142.19934,142.18079,0.023181994,142.20398
1434.1866,2116.1077,5893.2935,4197.0,13.24183,163.14197,2018.0074,2018.0,0.0,0.0,0.0,0.0,172.19934,0.031621933,-0.0046320735,5.445276,-0.00014647511,-0.79763997,172.2356,172.19934,172.16772,0.036254007,172.20398
1477.02,2182.9976,6075.9297,4380.0,13.254902,163.14107,2018.0094,2018.0,0.0,0.0,0.0,0.0,215.03271,0.044693947,-0.0046320735,9.610661,-0.00020702565,-0.9960473,215.08205,215.03273,214.98802,0.04932602,215.03735
1535.02,2272.5725,6321.4434,4544.0,13.24183,163.14197,2018.0074,2018.0,0.0,0.0,0.0,0.0,273.0327,0.031621933,-0.0046320735,8.633822,-0.00014647511,-1.2647076,273.06897,273.0327,273.0011,0.036254007,273.03735
1597.52,2369.6338,6586.975,4755.0,13.254902,163.14107,2018.0094,2018.0,0.0,0.0,0.0,0.0,335.5327,0.044693947,-0.0046320735,14.996282,-0.00020702565,-1.5542122,335.58206,335.5327,335.488,0.04932602,335.53735
134.85333,179.80238,520.34314,429.0,13.20915,163.30681,2020.0002,2020.0,0.0625,0.3507362,2.828427,2.0,-1127.134,-0.0010576248,0.057867926,1.1920849,-6.1202554e-05,-65.22491,1127.193,1127.134,-1127.1329,-0.05892555,-1127.1919
406.02002,536.0042,1557.439,1167.0,13.222222,163.30583,2020.0012,2020.0,0.03125,0.25,2.0,2.0,-855.9673,0.012014389,0.026617926,-10.283924,0.00031979813,-22.784073,856.0059,855.9673,-855.9793,-0.014603537,-855.9939
444.02002,591.20715,1711.8855,1219.0,13.20915,163.30681,2020.0002,2020.0,0.0,0.0,0.0,0.0,-817.9673,-0.0010576248,-0.0046320735,0.8651025,4.898996e-06,3.7888846,817.97296,817.9673,-817.96625,0.0035744486,-817.96265
279.68668,384.46332,1099.2761,974.0,13.235294,163.30492,2020.0032,2020.0,0.0,0.0,0.0,0.0,-982.30066,0.025086403,-0.0046320735,-24.64239,-0.00011620206,4.550089,982.3304,982.30066,-982.32574,0.029718477,-982.296
492.68668,667.89984,1920.1282,1440.0,13.215686,163.3063,2020.0005,2020.0,0.0,0.0,0.0,0.0,-769.30066,0.0054779053,-0.0046320735,-4.214156,-2.537406e-05,3.5634573,769.3108,769.30066,-769.30615,0.010109979,-769.296
560.6867,771.56396,2205.1694,1642.0,13.228758,163.30531,2020.0015,2020.0,0.0,0.0,0.0,0.0,-701.3006,0.01854992,-0.0046320735,-13.009069,-8.5924585e-05,3.2484758,701.3238,701.3006,-701.31915,0.023181994,-701.29596
608.85333,843.40533,2404.3455,1728.0,13.215686,163.3063,2020.0005,2020.0,0.0,0.0,0.0,0.0,-653.134,0.0054779053,-0.0046320735,-3.577806,-2.537406e-05,3.0253646,653.1441,653.134,-653.13947,0.010109979,-653.12933
685.35333,965.76984,2735.29,2074.0,13.24183,163.30441,2020.0034,2020.0,0.0,0.0,0.0,0.0,-576.634,0.031621933,-0.0046320735,-18.234282,-0.00014647511,2.671011,576.6702,576.634,-576.6656,0.036254007,-576.62933
851.1867,1231.3838,3453.7869,2722.0,13.248366,163.30392,2020.0042,2020.0,0.0,0.0,0.0,0.0,-410.8006,0.038158417,-0.0046320735,-15.675501,-0.00017675258,1.9028585,410.84338,410.8006,-410.83875,0.04279049,-410.79596
1016.52,1472.0703,4127.3276,3003.0,13.228758,163.30539,2020.0024,2020.0,0.0,0.0,0.0,0.0,-245.46729,0.01854992,-0.0046320735,-4.553398,-8.5924585e-05,1.1370225,245.49048,245.46729,-245.48584,0.023181994,-245.46265
1154.1866,1694.7439,4727.9663,3629.0,13.254902,163.3035,2020.0055,2020.0,0.0,0.0,0.0,0.0,-107.80066,0.044693947,-0.0046320735,-4.818037,-0.00020702565,0.49934056,107.84998,107.80067,-107.84535,0.04932602,-107.79603
1336.02,1967.3014,5482.798,4034.0,13.235294,163.30501,2020.0042,2020.0,0.0,0.0,0.0,0.0,74.032715,0.025086403,-0.0046320735,1.8572146,-0.00011620206,-0.34292498,74.06243,74.032715,74.00763,0.029718477,74.037346
1453.8534,2149.9016,5982.6855,4404.0,13.248366,163.30402,2020.0052,2020.0,0.0,0.0,0.0,0.0,191.86609,0.038158417,-0.0046320735,7.321306,-0.00017675258,-0.8887378,191.90889,191.86609,191.82793,0.04279049,191.87073
1585.52,2353.7349,6540.916,4810.0,13.261438,163.3031,2020.0072,2020.0,0.0,0.0,0.0,0.0,323.5327,0.05123043,-0.0046320735,16.57472,-0.00023730312,-1.4986273,323.5886,323.5327,323.48148,0.055862505,323.53735
1717.3534,2554.6255,7094.1084,5084.0,13.24183,163.30464,2020.0065,2020.0,0.0,0.0,0.0,0.0,455.3661,0.031621933,-0.0046320735,14.399556,-0.00014647511,-2.1092892,455.40234,455.3661,455.33447,0.036254007,455.37073
1842.3534,2753.8708,7634.436,5678.0,13.254902,163.30367,2020.0074,2020.0,0.0,0.0,0.0,0.0,580.3661,0.044693947,-0.0046320735,25.93885,-0.00020702565,-2.6882985,580.4154,580.3661,580.3214,0.04932602,580.3707
95.35333,147.48184,404.11383,296.0,13.20915,163.30681,2020.0002,2020.0,0.0,0.0,0.0,0.0,-1166.634,-0.0010576248,-0.0046320735,1.2338611,4.898996e-06,5.4039345,1166.6398,1166.634,-1166.6329,0.0035744486,-1166.6294
210.68666,274.67172,802.2194,693.0,13.222222,163.30583,2020.0012,2020.0,0.0,0.0,0.0,0.0,-1051.3007,0.012014389,-0.0046320735,-12.630735,-5.5651533e-05,4.869702,1051.3173,1051.3007,-1051.3126,0.016646463,-1051.296
313.35333,399.63538,1178.0,912.0,13.235294,163.30492,2020.0032,2020.0,0.0,0.0,0.0,0.0,-948.634,0.025086403,-0.0046320735,-23.797813,-0.00011620206,4.394142,948.6637,948.634,-948.65906,0.029718477,-948.62933
373.35336,485.7752,1419.9451,1053.0,13.222222,163.30583,2020.0012,2020.0,0.0,0.0,0.0,0.0,-888.6339,0.012014389,-0.0046320735,-10.6763935,-5.5651533e-05,4.1162176,888.6506,888.6339,-888.64594,0.016646463,-888.6293
466.02002,627.67737,1809.1274,1365.0,13.215686,163.3063,2020.0005,2020.0,0.0,0.0,0.0,0.0,-795.9673,0.0054779053,-0.0046320735,-4.3602333,-2.537406e-05,3.6869788,795.9774,795.9673,-795.9728,0.010109979,-795.96265
572.52,798.8339,2270.9807,1794.0,13.24183,163.30441,2020.0034,2020.0,0.0,0.0,0.0,0.0,-689.4673,0.031621933,-0.0046320735,-21.802288,-0.00014647511,3.1936631,689.50354,689.4673,-689.4989,0.036254007,-689.46265
663.35333,927.5777,2634.8108,1910.0,13.215686,163.3063,2020.0005,2020.0,0.0,0.0,0.0,0.0,-598.634,0.0054779053,-0.0046320735,-3.2792602,-2.537406e-05,2.7729166,598.6441,598.634,-598.63947,0.010109979,-598.62933
712.35333,1003.87775,2843.156,2088.0,13.24183,163.30441,2020.0034,2020.0,0.0,0.0,0.0,0.0,-549.634,0.031621933,-0.0046320735,-17.38049,-0.00014647511,2.545945,549.6702,549.634,-549.6656,0.036254007,-549.62933
846.85333,1211.5157,3412.0105,2518.0,13.222222,163.30583,2020.0012,2020.0,0.0,0.0,0.0,0.0,-415.13397,0.012014389,-0.0046320735,-4.9875813,-5.5651533e-05,1.9229311,415.15063,415.13397,-415.146,0.016646463,-415.12933
932.52,1344.5042,3775.7144,2800.0,13.235294,163.30484,2020.0022,2020.0,0.0,0.0,0.0,0.0,-329.4673,0.025086403,-0.0046320735,-8.265149,-0.00011620206,1.5261166,329.497,329.4673,-329.49237,0.029718477,-329.46265
1024.6866,1486.3943,4164.9414,3071.0,13.248366,163.30392,2020.0042,2020.0,0.0,0.0,0.0,0.0,-237.30066,0.038158417,-0.0046320735,-9.055017,-0.00017675258,1.099194,237.34346,237.30066,-237.33882,0.04279049,-237.29602
1079.52,1568.77,4392.878,3129.0,13.235294,163.30484,2020.0022,2020.0,0.0,0.0,0.0,0.0,-182.46729,0.025086403,-0.0046320735,-4.577448,-0.00011620206,0.84520185,182.49701,182.46729,-182.49237,0.029718477,-182.46265
1191.6866,1742.5658,4868.612,3524.0,13.254902,163.3035,2020.0055,2020.0,0.0,0.0,0.0,0.0,-70.30066,0.044693947,-0.0046320735,-3.142014,-0.00020702565,0.32563782,70.34998,70.300674,-70.34535,0.04932602,-70.29603
1243.02,1821.539,5085.333,3656.0,13.228758,163.30539,2020.0024,2020.0,0.0,0.0,0.0,0.0,-18.967285,0.01854992,-0.0046320735,-0.3518416,-8.5924585e-05,0.08785786,18.990469,18.967295,-18.985836,0.023181994,-18.962652
1313.02,1931.4783,5384.9023,3944.0,13.254902,163.3035,2020.0055,2020.0,0.0,0.0,0.0,0.0,51.032715,0.044693947,-0.0046320735,2.2808535,-0.00020702565,-0.23638728,51.08204,51.032734,50.98802,0.04932602,51.037346
1366.8534,2012.6375,5609.2134,3979.0,13.228758,163.30539,2020.0024,2020.0,0.0,0.0,0.0,0.0,104.86609,0.01854992,-0.0046320735,1.9452574,-8.5924585e-05,-0.48574743,104.88927,104.86609,104.84754,0.023181994,104.87072
1427.52,2106.1707,5865.7183,4175.0,13.235294,163.30501,2020.0042,2020.0,0.0,0.0,0.0,0.0,165.53271,0.025086403,-0.0046320735,4.1526203,-0.00011620206,-0.7667597,165.56244,165.53271,165.50763,0.029718477,165.53735
1489.6866,2204.4314,6132.91,4484.0,13.248366,163.30402,2020.0052,2020.0,0.0,0.0,0.0,0.0,227.69934,0.038158417,-0.0046320735,8.688646,-0.00017675258,-1.05472,227.74214,227.69934,227.66118,0.04279049,227.70398
1547.8534,2292.3105,6375.6206,4524.0,13.235294,163.30501,2020.0042,2020.0,0.0,0.0,0.0,0.0,285.8661,0.025086403,-0.0046320735,7.171352,-0.00011620206,-1.3241527,285.8958,285.8661,285.841,0.029718477,285.87073
1588.3534,2355.8274,6548.8022,4727.0,13.261438,163.3031,2020.0072,2020.0,0.0,0.0,0.0,0.0,326.3661,0.05123043,-0.0046320735,16.719875,-0.00023730312,-1.5117517,326.42197,326.3661,326.31485,0.055862505,326.37073
1631.8534,2422.3455,6731.75,4785.0,13.248366,163.30402,2020.0052,2020.0,0.0,0.0,0.0,0.0,369.8661,0.038158417,-0.0046320735,14.113504,-0.00017675258,-1.713247,369.90887,369.8661,369.82794,0.04279049,369.87073
1683.52,2502.0317,6950.2695,4958.0,13.24183,163.30464,2020.0065,2020.0,0.0,0.0,0.0,0.0,421.5327,0.031621933,-0.0046320735,13.3296795,-0.00014647511,-1.9525706,421.56897,421.5327,421.5011,0.036254007,421.53735
1717.52,2554.7102,7094.5024,5067.0,13.267974,163.30275,2020.0094,2020.0,0.0,0.0,0.0,0.0,455.5327,0.05776596,-0.0046320735,26.314285,-0.00026757616,-2.110061,455.59512,455.5327,455.47495,0.062398035,455.53735
1747.3534,2600.7505,7220.732,5137.0,13.254902,163.30367,2020.0074,2020.0,0.0,0.0,0.0,0.0,485.3661,0.044693947,-0.0046320735,21.692926,-0.00020702565,-2.2482514,485.41544,485.3661,485.32138,0.04932602,485.37073
1769.52,2635.044,7314.676,5200.0,13.24183,163.30464,2020.0065,2020.0,0.0,0.0,0.0,0.0,507.5327,0.031621933,-0.0046320735,16.049166,-0.00014647511,-2.3509288,507.56897,507.5327,507.5011,0.036254007,507.53735
1850.8534,2764.1416,7665.2686,5625.0,13.267974,163.30275,2020.0094,2020.0,0.0,0.0,0.0,0.0,588.8661,0.05776596,-0.0046320735,34.016415,-0.00026757616,-2.727671,588.92847,588.8661,588.80835,0.062398035,588.8707
138.02,164.75612,500.02,380.0,13.20915,163.30681,2020.0002,2020.0,0.0,0.0,0.0,0.0,-1123.9673,-0.0010576248,-0.0046320735,1.1887357,4.898996e-06,5.206299,1123.973,1123.9673,-1123.9662,0.0035744486,-1123.9626
230.18666,288.30594,856.45605,705.0,13.222222,163.30583,2020.0012,2020.0,0.0,0.0,0.0,0.0,-1031.8007,0.012014389,-0.0046320735,-12.396455,-5.5651533e-05,4.7793765,1031.8173,1031.8007,-1031.8126,0.016646463,-1031.796
367.35336,499.02008,1433.4559,1208.0,13.235294,163.30492,2020.0032,2020.0,0.0,0.0,0.0,0.0,-894.6339,0.025086403,-0.0046320735,-22.443148,-0.00011620206,4.14401,894.66364,894.6339,-894.659,0.029718477,-894.6293
532.35333,734.01685,2096.2595,1634.0,13.215686,163.3063,2020.0005,2020.0,0.0,0.0,0.0,0.0,-729.634,0.0054779053,-0.0046320735,-3.9968657,-2.537406e-05,3.379718,729.6441,729.634,-729.63947,0.010109979,-729.62933
612.1867,848.80786,2418.886,1751.0,13.228758,163.30531,2020.0015,2020.0,0.0,0.0,0.0,0.0,-649.8006,0.01854992,-0.0046320735,-12.053748,-8.5924585e-05,3.0099242,649.8238,649.8006,-649.81915,0.023181994,-649.79596
711.02,1010.31635,2852.5413,2220.0,13.24183,163.30441,2020.0034,2020.0,0.0,0.0,0.0,0.0,-550.9673,0.031621933,-0.0046320735,-17.422651,-0.00014647511,2.552121,551.00354,550.9673,-550.9989,0.036254007,-550.96265
861.02,1232.0814,3469.619,2520.0,13.222222,163.30583,2020.0012,2020.0,0.0,0.0,0.0,0.0,-400.9673,0.012014389,-0.0046320735,-4.817377,-5.5651533e-05,1.8573099,400.98395,400.9673,-400.9793,0.016646463,-400.96265
909.35333,1306.5095,3673.7415,2659.0,13.235294,163.30484,2020.0022,2020.0,0.0,0.0,0.0,0.0,-352.63397,0.025086403,-0.0046320735,-8.846318,-0.00011620206,1.6334264,352.6637,352.63397,-352.65906,0.029718477,-352.62933
1022.02,1487.4691,4162.928,3166.0,13.248366,163.30392,2020.0042,2020.0,0.0,0.0,0.0,0.0,-239.96729,0.038158417,-0.0046320735,-9.156772,-0.00017675258,1.111546,240.01009,239.96729,-240.00545,0.04279049,-239.96265
1187.8534,1738.0547,4854.909,3566.0,13.228758,163.30539,2020.0024,2020.0,0.0,0.0,0.0,0.0,-74.13391,0.01854992,-0.0046320735,-1.3751781,-8.5924585e-05,0.3433937,74.15709,74.13392,-74.15246,0.023181994,-74.12928
1296.6866,1906.7861,5316.723,3912.0,13.254902,163.3035,2020.0055,2020.0,0.0,0.0,0.0,0.0,34.69934,0.044693947,-0.0046320735,1.5508505,-0.00020702565,-0.1607299,34.748665,34.69937,34.654648,0.04932602,34.70397
1372.52,2021.6675,5633.6987,4033.0,13.228758,163.30539,2020.0024,2020.0,0.0,0.0,0.0,0.0,110.532715,0.01854992,-0.0046320735,2.0503728,-8.5924585e-05,-0.5119957,110.55589,110.532715,110.51417,0.023181994,110.537346
1472.1866,2176.5764,6057.3447,4400.0,13.235294,163.30501,2020.0042,2020.0,0.0,0.0,0.0,0.0,210.19934,0.025086403,-0.0046320735,5.273145,-0.00011620206,-0.9736588,210.22906,210.19934,210.17426,0.029718477,210.20398
1600.3534,2378.806,6607.5996,4912.0,13.261438,163.3031,2020.0072,2020.0,0.0,0.0,0.0,0.0,338.3661,0.05123043,-0.0046320735,17.33464,-0.00023730312,-1.5673366,338.42197,338.3661,338.31485,0.055862505,338.37073
1749.02,2604.2695,7229.4897,5223.0,13.24183,163.30464,2020.0065,2020.0,0.0,0.0,0.0,0.0,487.0327,0.031621933,-0.0046320735,15.400916,-0.00014647511,-2.2559712,487.06897,487.0327,487.0011,0.036254007,487.03735
1801.1866,2684.0479,7448.9062,5292.0,13.254902,163.30367,2020.0074,2020.0,0.0,0.0,0.0,0.0,539.19934,0.044693947,-0.0046320735,24.098948,-0.00020702565,-2.497611,539.24866,539.19934,539.15466,0.04932602,539.204
1876.6866,2803.3333,7773.359,5676.0,13.267974,163.30275,2020.0094,2020.0,0.0,0.0,0.0,0.0,614.69934,0.05776596,-0.0046320735,35.508698,-0.00026757616,-2.8473325,614.7617,614.69934,614.6416,0.062398035,614.704
75.18667,115.57059,317.33423,275.12,13.20915,163.30681,2020.0002,2020.0,0.0,0.0,0.0,0.0,-1186.8007,-0.0010576248,-0.0046320735,1.2551898,4.898996e-06,5.497348,1186.8064,1186.8007,-1186.7996,0.0035744486,-1186.796
123.52,141.54001,437.84814,294.0,13.222222,163.30583,2020.0012,2020.0,0.0,0.0,0.0,0.0,-1138.4673,0.012014389,-0.0046320735,-13.677989,-5.5651533e-05,5.273464,1138.4839,1138.4673,-1138.4792,0.016646463,-1138.4626
178.85333,208.80801,640.26166,488.0,13.235294,163.30492,2020.0032,2020.0,0.0,0.0,0.0,0.0,-1083.134,0.025086403,-0.0046320735,-27.171936,-0.00011620206,5.0171566,1083.1638,1083.134,-1083.1592,0.029718477,-1083.1294
268.68668,335.50943,997.992,786.0,13.215686,163.3063,2020.0005,2020.0,0.0,0.0,0.0,0.0,-993.30066,0.0054779053,-0.0046320735,-5.441207,-2.537406e-05,4.601042,993.3108,993.30066,-993.30615,0.010109979,-993.296
342.18668,439.61044,1291.8347,973.0,13.228758,163.30531,2020.0015,2020.0,0.0,0.0,0.0,0.0,-919.80066,0.01854992,-0.0046320735,-17.062227,-8.5924585e-05,4.2605844,919.82385,919.80066,-919.8192,0.023181994,-919.796
411.52002,545.17236,1581.8208,1201.0,13.24183,163.30441,2020.0034,2020.0,0.0,0.0,0.0,0.0,-850.4673,0.031621933,-0.0046320735,-26.89342,-0.00014647511,3.939427,850.50354,850.4673,-850.4989,0.036254007,-850.46265
464.18668,621.9372,1796.3422,1297.0,13.228758,163.30531,2020.0015,2020.0,0.0,0.0,0.0,0.0,-797.80066,0.01854992,-0.0046320735,-14.799138,-8.5924585e-05,3.6954713,797.82385,797.80066,-797.8192,0.023181994,-797.796
519.6867,709.10236,2033.3657,1522.0,13.24183,163.30441,2020.0034,2020.0,0.0,0.0,0.0,0.0,-742.3006,0.031621933,-0.0046320735,-23.47298,-0.00014647511,3.438391,742.33685,742.3006,-742.3322,0.036254007,-742.29596
626.02,869.7068,2476.5613,1794.0,13.222222,163.30583,2020.0012,2020.0,0.0,0.0,0.0,0.0,-635.9673,0.012014389,-0.0046320735,-7.6407585,-5.5651533e-05,2.9458473,635.98395,635.9673,-635.9793,0.016646463,-635.96265
691.02,972.5517,2755.7822,2065.0,13.248366,163.30392,2020.0042,2020.0,0.0,0.0,0.0,0.0,-570.9673,0.038158417,-0.0046320735,-21.787209,-0.00017675258,2.6447625,571.0101,570.9673,-571.00543,0.04279049,-570.96265
741.6867,1047.1433,2963.6362,2102.0,13.222222,163.30583,2020.0012,2020.0,0.0,0.0,0.0,0.0,-520.3006,0.012014389,-0.0046320735,-6.251094,-5.5651533e-05,2.4100707,520.31726,520.3006,-520.3126,0.016646463,-520.29596
787.35333,1119.0317,3159.2266,2316.0,13.235294,163.30484,2020.0022,2020.0,0.0,0.0,0.0,0.0,-474.63397,0.025086403,-0.0046320735,-11.906859,-0.00011620206,2.1985395,474.6637,474.63397,-474.65906,0.029718477,-474.62933
902.52,1297.1387,3646.9297,2691.0,13.228758,163.30539,2020.0024,2020.0,0.0,0.0,0.0,0.0,-359.4673,0.01854992,-0.0046320735,-6.668089,-8.5924585e-05,1.6650789,359.49048,359.4673,-359.48584,0.023181994,-359.46265
1016.52,1476.8065,4135.7783,3119.0,13.24183,163.30441,2020.0034,2020.0,0.0,0.0,0.0,0.0,-245.46729,0.031621933,-0.0046320735,-7.76215,-0.00014647511,1.1370225,245.50354,245.46729,-245.4989,0.036254007,-245.46265
1160.1866,1694.6338,4736.5723,3473.0,13.235294,163.30501,2020.0042,2020.0,0.0,0.0,0.0,0.0,-101.80066,0.025086403,-0.0046320735,-2.5538123,-0.00011620206,0.47154814,101.830376,101.80067,-101.825745,0.029718477,-101.79603
1219.3534,1784.1332,4983.6323,3543.0,13.261438,163.3031,2020.0072,2020.0,0.0,0.0,0.0,0.0,-42.63391,0.05123043,-0.0046320735,-2.1841536,-0.00023730312,0.1974834,42.689774,42.63394,-42.685143,0.055862505,-42.62928
1264.02,1853.9906,5174.252,3741.0,13.248366,163.30402,2020.0052,2020.0,0.0,0.0,0.0,0.0,2.0327148,0.038158417,-0.0046320735,0.07756518,-0.00017675258,-0.009415684,2.0755053,2.0330782,1.9945564,0.04279049,2.0373468
1378.02,2030.2454,5657.13,4102.0,13.24183,163.30464,2020.0065,2020.0,0.0,0.0,0.0,0.0,116.032715,0.031621933,-0.0046320735,3.6691787,-0.00014647511,-0.53747207,116.06897,116.032715,116.00109,0.036254007,116.037346
1452.02,2144.5212,5970.3457,4316.0,13.254902,163.30367,2020.0074,2020.0,0.0,0.0,0.0,0.0,190.03271,0.044693947,-0.0046320735,8.493312,-0.00020702565,-0.8802455,190.08205,190.03273,189.98802,0.04932602,190.03735
1508.6866,2231.6401,6209.501,4450.0,13.267974,163.30275,2020.0094,2020.0,0.0,0.0,0.0,0.0,246.69934,0.05776596,-0.0046320735,14.250824,-0.00026757616,-1.1427295,246.76175,246.69936,246.64157,0.062398035,246.70398
117.02,136.97148,419.4854,281.0,13.20915,163.30681,2020.0002,2020.0,0.0,0.0,0.0,0.0,-1144.9673,-0.0010576248,-0.0046320735,1.2109458,4.898996e-06,5.3035727,1144.973,1144.9673,-1144.9662,0.0035744486,-1144.9626
153.02,169.96782,533.79395,357.0,13.222222,163.30583,2020.0012,2020.0,0.0,0.0,0.0,0.0,-1108.9673,0.012014389,-0.0046320735,-13.323565,-5.5651533e-05,5.136818,1108.9839,1108.9673,-1108.9792,0.016646463,-1108.9626
217.35333,270.90854,806.48126,665.0,13.235294,163.30492,2020.0032,2020.0,0.0,0.0,0.0,0.0,-1044.634,0.025086403,-0.0046320735,-26.20611,-0.00011620206,4.8388214,1044.6638,1044.634,-1044.6592,0.029718477,-1044.6294
320.35333,415.53882,1216.1908,977.0,13.222222,163.30583,2020.0012,2020.0,0.0,0.0,0.0,0.0,-941.634,0.012014389,-0.0046320735,-11.313157,-5.5651533e-05,4.3617177,941.65063,941.634,-941.646,0.016646463,-941.62933
497.85336,676.5526,1943.1328,1468.0,13.215686,163.3063,2020.0005,2020.0,0.0,0.0,0.0,0.0,-764.1339,0.0054779053,-0.0046320735,-4.185853,-2.537406e-05,3.5395243,764.14404,764.1339,-764.1394,0.010109979,-764.1293
569.85333,785.2261,2243.0552,1662.0,13.24183,163.30441,2020.0034,2020.0,0.0,0.0,0.0,0.0,-692.134,0.031621933,-0.0046320735,-21.886614,-0.00014647511,3.2060153,692.1702,692.134,-692.1656,0.036254007,-692.12933
607.35333,840.7836,2397.4683,1699.0,13.228758,163.30531,2020.0015,2020.0,0.0,0.0,0.0,0.0,-654.634,0.01854992,-0.0046320735,-12.143407,-8.5924585e-05,3.0323126,654.65717,654.634,-654.6525,0.023181994,-654.62933
653.35333,913.7893,2595.434,1925.0,13.24183,163.30441,2020.0034,2020.0,0.0,0.0,0.0,0.0,-608.634,0.031621933,-0.0046320735,-19.246183,-0.00014647511,2.8192372,608.6702,608.634,-608.6656,0.036254007,-608.62933
732.35333,1034.0312,2926.4573,2141.0,13.222222,163.30583,2020.0012,2020.0,0.0,0.0,0.0,0.0,-529.634,0.012014389,-0.0046320735,-6.363229,-5.5651533e-05,2.4533036,529.65063,529.634,-529.646,0.016646463,-529.62933
816.1867,1166.1564,3285.813,2466.0,13.248366,163.30392,2020.0042,2020.0,0.0,0.0,0.0,0.0,-445.8006,0.038158417,-0.0046320735,-17.011045,-0.00017675258,2.0649812,445.84338,445.8006,-445.83875,0.04279049,-445.79596
889.52,1275.6058,3589.3352,2584.0,13.235294,163.30484,2020.0022,2020.0,0.0,0.0,0.0,0.0,-372.4673,0.025086403,-0.0046320735,-9.343864,-0.00011620206,1.7252958,372.497,372.4673,-372.49237,0.029718477,-372.46265
996.85333,1441.8676,4044.4045,2950.0,13.228758,163.30539,2020.0024,2020.0,0.0,0.0,0.0,0.0,-265.13397,0.01854992,-0.0046320735,-4.918214,-8.5924585e-05,1.2281201,265.15717,265.13397,-265.15253,0.023181994,-265.12933
1114.1866,1629.3297,4552.1475,3450.0,13.24183,163.30441,2020.0034,2020.0,0.0,0.0,0.0,0.0,-147.80066,0.031621933,-0.0046320735,-4.673743,-0.00014647511,0.68462354,147.83691,147.80067,-147.83228,0.036254007,-147.79602
1258.3534,1845.1013,5150.0205,3717.0,13.235294,163.30501,2020.0042,2020.0,0.0,0.0,0.0,0.0,-3.6339111,0.025086403,-0.0046320735,-0.09116176,-0.00011620206,0.016832544,3.6636295,3.6340005,-3.6589975,0.029718477,-3.6292791
1330.02,1956.6451,5454.9077,3968.0,13.248366,163.30402,2020.0052,2020.0,0.0,0.0,0.0,0.0,68.032715,0.038158417,-0.0046320735,2.5960207,-0.00017675258,-0.31513253,68.07551,68.03272,67.99455,0.04279049,68.037346
1415.52,2088.7515,5816.9233,4221.0,13.261438,163.3031,2020.0072,2020.0,0.0,0.0,0.0,0.0,153.53271,0.05123043,-0.0046320735,7.865547,-0.00023730312,-0.7111748,153.58858,153.53273,153.48149,0.055862505,153.53735
1547.3534,2292.9695,6376.0767,4648.0,13.24183,163.30464,2020.0065,2020.0,0.0,0.0,0.0,0.0,285.3661,0.031621933,-0.0046320735,9.023828,-0.00014647511,-1.3218367,285.40234,285.3661,285.33447,0.036254007,285.37073
1619.52,2403.1416,6679.2603,4783.0,13.254902,163.30367,2020.0074,2020.0,0.0,0.0,0.0,0.0,357.5327,0.044693947,-0.0046320735,15.979548,-0.00020702565,-1.6561178,357.58206,357.5327,357.488,0.04932602,357.53735
1718.8534,2560.4812,7106.832,5241.0,13.267974,163.30275,2020.0094,2020.0,0.0,0.0,0.0,0.0,456.8661,0.05776596,-0.0046320735,26.391308,-0.00026757616,-2.1162372,456.9285,456.8661,456.80832,0.062398035,456.87073
87.85333,130.30408,362.22232,275.12,13.20915,163.30681,2020.0002,2020.0,0.0,0.0,0.0,0.0,-1174.134,-0.0010576248,-0.0046320735,1.2417933,4.898996e-06,5.438675,1174.1398,1174.134,-1174.1329,0.0035744486,-1174.1294
168.35333,205.87712,618.0485,502.0,13.222222,163.30583,2020.0012,2020.0,0.0,0.0,0.0,0.0,-1093.634,0.012014389,-0.0046320735,-13.139345,-5.5651533e-05,5.065793,1093.6506,1093.634,-1093.646,0.016646463,-1093.6294
275.52,356.22055,1043.9985,869.0,13.235294,163.30492,2020.0032,2020.0,0.0,0.0,0.0,0.0,-986.4673,0.025086403,-0.0046320735,-24.746916,-0.00011620206,4.569389,986.497,986.4673,-986.4924,0.029718477,-986.46265
398.02002,528.1372,1531.3928,1196.0,13.215686,163.3063,2020.0005,2020.0,0.0,0.0,0.0,0.0,-863.9673,0.0054779053,-0.0046320735,-4.732731,-2.537406e-05,4.00196,863.9774,863.9673,-863.9728,0.010109979,-863.96265
467.35336,627.3008,1810.5375,1323.0,13.228758,163.30531,2020.0015,2020.0,0.0,0.0,0.0,0.0,-794.6339,0.01854992,-0.0046320735,-14.740395,-8.5924585e-05,3.6808026,794.6571,794.6339,-794.65247,0.023181994,-794.6293
542.35333,748.5318,2136.9094,1657.0,13.24183,163.30441,2020.0034,2020.0,0.0,0.0,0.0,0.0,-719.634,0.031621933,-0.0046320735,-22.756218,-0.00014647511,3.3333974,719.6702,719.634,-719.6656,0.036254007,-719.62933
622.35333,864.7638,2462.3208,1794.0,13.215686,163.3063,2020.0005,2020.0,0.0,0.0,0.0,0.0,-639.634,0.0054779053,-0.0046320735,-3.5038543,-2.537406e-05,2.9628315,639.6441,639.634,-639.63947,0.010109979,-639.62933
720.6867,1017.69116,2880.0715,2146.0,13.235294,163.30484,2020.0022,2020.0,0.0,0.0,0.0,0.0,-541.3006,0.025086403,-0.0046320735,-13.579285,-0.00011620206,2.5073442,541.3303,541.3006,-541.3257,0.029718477,-541.29596
784.85333,1114.4281,3147.3352,2282.0,13.222222,163.30583,2020.0012,2020.0,0.0,0.0,0.0,0.0,-477.13397,0.012014389,-0.0046320735,-5.7324734,-5.5651533e-05,2.2101197,477.15063,477.13397,-477.146,0.016646463,-477.12933
857.02,1228.3397,3457.0208,2576.0,13.248366,163.30392,2020.0042,2020.0,0.0,0.0,0.0,0.0,-404.9673,0.038158417,-0.0046320735,-15.45291,-0.00017675258,1.8758382,405.01007,404.9673,-405.00543,0.04279049,-404.96265
1031.02,1495.6802,4190.8604,3087.0,13.228758,163.30539,2020.0024,2020.0,0.0,0.0,0.0,0.0,-230.96729,0.01854992,-0.0046320735,-4.2844243,-8.5924585e-05,1.0698575,230.99048,230.96729,-230.98584,0.023181994,-230.96265
1122.52,1636.6317,4577.458,3353.0,13.254902,163.3035,2020.0055,2020.0,0.0,0.0,0.0,0.0,-139.46729,0.044693947,-0.0046320735,-6.2333436,-0.00020702565,0.64602274,139.51662,139.46729,-139.51198,0.04932602,-139.46265
1236.02,1810.39,5055.0996,3639.0,13.235294,163.30501,2020.0042,2020.0,0.0,0.0,0.0,0.0,-25.967285,0.025086403,-0.0046320735,-0.6514258,-0.00011620206,0.120282374,25.997004,25.967297,-25.99237,0.029718477,-25.962652
1320.52,1943.8374,5418.04,4001.0,13.248366,163.30402,2020.0052,2020.0,0.0,0.0,0.0,0.0,58.532715,0.038158417,-0.0046320735,2.2335157,-0.00017675258,-0.27112782,58.575504,58.532726,58.494556,0.04279049,58.537346
1478.52,2185.7717,6083.101,4409.0,13.24183,163.30464,2020.0065,2020.0,0.0,0.0,0.0,0.0,216.53271,0.031621933,-0.0046320735,6.847183,-0.00014647511,-1.0029955,216.56897,216.53271,216.5011,0.036254007,216.53735
1564.8534,2319.9924,6450.1484,4699.0,13.267974,163.30275,2020.0094,2020.0,0.0,0.0,0.0,0.0,302.8661,0.05776596,-0.0046320735,17.49535,-0.00026757616,-1.402898,302.9285,302.8661,302.80832,0.062398035,302.87073
1630.8534,2420.4714,6726.9243,4793.0,13.254902,163.30367,2020.0074,2020.0,0.0,0.0,0.0,0.0,368.8661,0.044693947,-0.0046320735,16.486082,-0.00020702565,-1.7086148,368.91544,368.8661,368.82138,0.04932602,368.87073
104.52,141.04924,406.22778,293.0,13.20915,163.30681,2020.0002,2020.0,0.0,0.0,0.0,0.0,-1157.4673,-0.0010576248,-0.0046320735,1.2241662,4.898996e-06,5.3614736,1157.473,1157.4673,-1157.4662,0.0035744486,-1157.4626
229.35333,312.31342,896.279,797.0,13.222222,163.30583,2020.0012,2020.0,0.0,0.0,0.0,0.0,-1032.634,0.012014389,-0.0046320735,-12.406467,-5.5651533e-05,4.7832365,1032.6506,1032.634,-1032.646,0.016646463,-1032.6294
375.52002,501.15454,1449.7831,1176.0,13.235294,163.30492,2020.0032,2020.0,0.0,0.0,0.0,0.0,-886.4673,0.025086403,-0.0046320735,-22.238276,-0.00011620206,4.1061816,886.497,886.4673,-886.4924,0.029718477,-886.46265
507.02002,689.39484,1979.5813,1477.0,13.215686,163.3063,2020.0005,2020.0,0.0,0.0,0.0,0.0,-754.9673,0.0054779053,-0.0046320735,-4.135639,-2.537406e-05,3.4970639,754.9774,754.9673,-754.9728,0.010109979,-754.96265
569.1867,783.68823,2239.3474,1648.0,13.228758,163.30531,2020.0015,2020.0,0.0,0.0,0.0,0.0,-692.8006,0.01854992,-0.0046320735,-12.851395,-8.5924585e-05,3.2091033,692.8238,692.8006,-692.81915,0.023181994,-692.79596
685.1867,972.7286,2747.3423,2161.0,13.24183,163.30441,2020.0034,2020.0,0.0,0.0,0.0,0.0,-576.8006,0.031621933,-0.0046320735,-18.23955,-0.00014647511,2.6717827,576.83685,576.8006,-576.8322,0.036254007,-576.79596
821.1867,1171.5013,3302.7507,2428.0,13.222222,163.30583,2020.0012,2020.0,0.0,0.0,0.0,0.0,-440.8006,0.012014389,-0.0046320735,-5.29595,-5.5651533e-05,2.0418208,440.81726,440.8006,-440.81262,0.016646463,-440.79596
913.52,1316.6527,3697.9705,2773.0,13.235294,163.30484,2020.0022,2020.0,0.0,0.0,0.0,0.0,-348.4673,0.025086403,-0.0046320735,-8.741791,-0.00011620206,1.6141261,348.497,348.4673,-348.49237,0.029718477,-348.46265
1000.52,1447.4225,4059.7292,2941.0,13.248366,163.30392,2020.0042,2020.0,0.0,0.0,0.0,0.0,-261.4673,0.038158417,-0.0046320735,-9.977178,-0.00017675258,1.2111356,261.51007,261.4673,-261.50543,0.04279049,-261.46265
1060.8534,1541.0847,4315.9204,3143.0,13.235294,163.30484,2020.0022,2020.0,0.0,0.0,0.0,0.0,-201.13391,0.025086403,-0.0046320735,-5.0457263,-0.00011620206,0.93166703,201.16364,201.13391,-201.159,0.029718477,-201.12927
1154.1866,1683.8192,4708.409,3356.0,13.228758,163.30539,2020.0024,2020.0,0.0,0.0,0.0,0.0,-107.80066,0.01854992,-0.0046320735,-1.9996935,-8.5924585e-05,0.49934056,107.82384,107.80066,-107.81921,0.023181994,-107.79603
1181.3534,1725.8486,4823.5195,3441.0,13.24183,163.30441,2020.0034,2020.0,0.0,0.0,0.0,0.0,-80.63391,0.031621933,-0.0046320735,-2.5498002,-0.00014647511,0.3735022,80.670166,80.63392,-80.665535,0.036254007,-80.62928
1253.3534,1840.6051,5134.6377,3802.0,13.254902,163.3035,2020.0055,2020.0,0.0,0.0,0.0,0.0,-8.633911,0.044693947,-0.0046320735,-0.38588357,-0.00020702565,0.03999291,8.683237,8.634028,-8.678605,0.04932602,-8.629279
1396.1866,2060.113,5737.2773,4210.0,13.235294,163.30501,2020.0042,2020.0,0.0,0.0,0.0,0.0,134.19934,0.025086403,-0.0046320735,3.3665788,-0.00011620206,-0.6216212,134.22906,134.19934,134.17426,0.029718477,134.20398
1506.52,2230.1733,6203.707,4524.0,13.248366,163.30402,2020.0052,2020.0,0.0,0.0,0.0,0.0,244.53271,0.038158417,-0.0046320735,9.330981,-0.00017675258,-1.1326935,244.57552,244.53271,244.49455,0.04279049,244.53735
1588.02,2355.2114,6547.209,4720.0,13.261438,163.3031,2020.0072,2020.0,0.0,0.0,0.0,0.0,326.0327,0.05123043,-0.0046320735,16.702797,-0.00023730312,-1.5102075,326.0886,326.0327,325.98148,0.055862505,326.03735
1695.02,2520.3376,6999.933,5038.0,13.24183,163.30464,2020.0065,2020.0,0.0,0.0,0.0,0.0,433.0327,0.031621933,-0.0046320735,13.693332,-0.00014647511,-2.0058393,433.06897,433.0327,433.0011,0.036254007,433.03735
1739.8534,2589.1335,7188.922,5113.0,13.254902,163.30367,2020.0074,2020.0,0.0,0.0,0.0,0.0,477.8661,0.044693947,-0.0046320735,21.357721,-0.00020702565,-2.2135108,477.91544,477.8661,477.82138,0.04932602,477.87073
1767.3534,2631.7424,7305.5845,5203.0,13.24183,163.30464,2020.0065,2020.0,0.0,0.0,0.0,0.0,505.3661,0.031621933,-0.0046320735,15.980653,-0.00014647511,-2.3408928,505.40234,505.3661,505.33447,0.036254007,505.37073
1802.3534,2686.0186,7454.1494,5322.0,13.254902,163.30367,2020.0074,2020.0,0.0,0.0,0.0,0.0,540.3661,0.044693947,-0.0046320735,24.151093,-0.00020702565,-2.5030155,540.4154,540.3661,540.3214,0.04932602,540.3707
1851.52,2762.4214,7663.134,5499.0,13.267974,163.30275,2020.0094,2020.0,0.0,0.0,0.0,0.0,589.5327,0.05776596,-0.0046320735,34.054924,-0.00026757616,-2.730759,589.5951,589.5327,589.475,0.062398035,589.53735
90.18667,124.14443,354.76895,275.12,13.20915,163.30681,2020.0002,2020.0,0.0,0.0,0.0,0.0,-1171.8007,-0.0010576248,-0.0046320735,1.2393254,4.898996e-06,5.427867,1171.8064,1171.8007,-1171.7996,0.0035744486,-1171.796
203.18666,281.27142,802.04553,719.0,13.235294,163.30492,2020.0032,2020.0,0.0,0.0,0.0,0.0,-1058.8007,0.025086403,-0.0046320735,-26.5615,-0.00011620206,4.9044423,1058.8304,1058.8007,-1058.8258,0.029718477,-1058.796
337.85333,432.77332,1273.3158,955.0,13.215686,163.3063,2020.0005,2020.0,0.0,0.0,0.0,0.0,-924.134,0.0054779053,-0.0046320735,-5.0623183,-2.537406e-05,4.2806563,924.1441,924.134,-924.13947,0.010109979,-924.12933
446.35336,611.404,1750.5604,1429.0,13.24183,163.30441,2020.0034,2020.0,0.0,0.0,0.0,0.0,-815.6339,0.031621933,-0.0046320735,-25.791922,-0.00014647511,3.7780762,815.67017,815.6339,-815.6655,0.036254007,-815.6293
575.35333,792.9392,2264.9397,1671.0,13.222222,163.30583,2020.0012,2020.0,0.0,0.0,0.0,0.0,-686.634,0.012014389,-0.0046320735,-8.249488,-5.5651533e-05,3.180539,686.65063,686.634,-686.646,0.016646463,-686.62933
667.85333,939.9924,2663.4746,2041.0,13.248366,163.30392,2020.0042,2020.0,0.0,0.0,0.0,0.0,-594.134,0.038158417,-0.0046320735,-22.671211,-0.00017675258,2.752072,594.17676,594.134,-594.1721,0.04279049,-594.12933
765.35333,1083.8381,3064.004,2195.0,13.235294,163.30484,2020.0022,2020.0,0.0,0.0,0.0,0.0,-496.63397,0.025086403,-0.0046320735,-12.45876,-0.00011620206,2.300445,496.6637,496.63397,-496.65906,0.029718477,-496.62933
800.02,1137.5594,3210.9812,2316.0,13.248366,163.30392,2020.0042,2020.0,0.0,0.0,0.0,0.0,-461.9673,0.038158417,-0.0046320735,-17.627941,-0.00017675258,2.1398664,462.01007,461.9673,-462.00543,0.04279049,-461.96265
891.1867,1278.4165,3596.8076,2618.0,13.228758,163.30539,2020.0024,2020.0,0.0,0.0,0.0,0.0,-370.8006,0.01854992,-0.0046320735,-6.878321,-8.5924585e-05,1.7175756,370.8238,370.8006,-370.81915,0.023181994,-370.79596
941.6867,1355.6031,3809.0605,2731.0,13.24183,163.30441,2020.0034,2020.0,0.0,0.0,0.0,0.0,-320.3006,0.031621933,-0.0046320735,-10.128524,-0.00014647511,1.4836559,320.33685,320.3006,-320.3322,0.036254007,-320.29596
1012.52,1467.1221,4112.5923,3031.0,13.254902,163.3035,2020.0055,2020.0,0.0,0.0,0.0,0.0,-249.46729,0.044693947,-0.0046320735,-11.149677,-0.00020702565,1.1555508,249.51662,249.46729,-249.51198,0.04932602,-249.46265
1091.1866,1585.9786,4440.8076,3158.0,13.248366,163.30402,2020.0052,2020.0,0.0,0.0,0.0,0.0,-170.80066,0.038158417,-0.0046320735,-6.5174828,-0.00017675258,0.7911612,170.84346,170.80066,-170.83882,0.04279049,-170.79602
1137.52,1658.762,4639.0913,3374.0,13.261438,163.3031,2020.0072,2020.0,0.0,0.0,0.0,0.0,-124.467285,0.05123043,-0.0046320735,-6.3765125,-0.00023730312,0.5765416,124.52315,124.4673,-124.51852,0.055862505,-124.462654
1192.3534,1742.4835,4869.444,3476.0,13.235294,163.30501,2020.0042,2020.0,0.0,0.0,0.0,0.0,-69.63391,0.025086403,-0.0046320735,-1.7468643,-0.00011620206,0.3225494,69.66363,69.63391,-69.659,0.029718477,-69.62928
1241.8534,1820.1444,5081.1245,3694.0,13.261438,163.3031,2020.0072,2020.0,0.0,0.0,0.0,0.0,-20.133911,0.05123043,-0.0046320735,-1.031469,-0.00023730312,0.093261756,20.189775,20.133978,-20.185143,0.055862505,-20.129278
1306.52,1918.6594,5352.405,3820.0,13.254902,163.30367,2020.0074,2020.0,0.0,0.0,0.0,0.0,44.532715,0.044693947,-0.0046320735,1.9903427,-0.00020702565,-0.2062788,44.58204,44.532738,44.48802,0.04932602,44.537346
1359.8534,2001.1034,5578.2866,3973.0,13.24183,163.30464,2020.0065,2020.0,0.0,0.0,0.0,0.0,97.86609,0.031621933,-0.0046320735,3.0947149,-0.00014647511,-0.45332292,97.90234,97.8661,97.834465,0.036254007,97.87072
1443.6866,2134.7905,5940.7104,4400.0,13.267974,163.30275,2020.0094,2020.0,0.0,0.0,0.0,0.0,181.69934,0.05776596,-0.0046320735,10.496037,-0.00026757616,-0.8416447,181.76175,181.69936,181.64157,0.062398035,181.70398
122.35333,168.19868,480.91162,388.0,13.20915,163.30681,2020.0002,2020.0,0.0,0.0,0.0,0.0,-1139.634,-0.0010576248,-0.0046320735,1.2053052,4.898996e-06,5.2788687,1139.6398,1139.634,-1139.6329,0.0035744486,-1139.6294
218.35333,263.3093,795.442,621.0,13.222222,163.30583,2020.0012,2020.0,0.0,0.0,0.0,0.0,-1043.634,0.012014389,-0.0046320735,-12.538626,-5.5651533e-05,4.8341894,1043.6506,1043.634,-1043.646,0.016646463,-1043.6294
320.68668,422.4605,1228.578,1017.0,13.235294,163.30492,2020.0032,2020.0,0.0,0.0,0.0,0.0,-941.30066,0.025086403,-0.0046320735,-23.613848,-0.00011620206,4.3601737,941.3304,941.30066,-941.32574,0.029718477,-941.296
443.18668,591.31287,1710.7721,1268.0,13.215686,163.3063,2020.0005,2020.0,0.0,0.0,0.0,0.0,-818.80066,0.0054779053,-0.0046320735,-4.4853125,-2.537406e-05,3.7927449,818.8108,818.80066,-818.80615,0.010109979,-818.796
491.85336,664.76324,1913.392,1399.0,13.228758,163.30531,2020.0015,2020.0,0.0,0.0,0.0,0.0,-770.1339,0.01854992,-0.0046320735,-14.285922,-8.5924585e-05,3.5673168,770.1571,770.1339,-770.15247,0.023181994,-770.1293
532.52,726.66797,2083.6738,1513.0,13.215686,163.3063,2020.0005,2020.0,0.0,0.0,0.0,0.0,-729.4673,0.0054779053,-0.0046320735,-3.9959526,-2.537406e-05,3.378946,729.4774,729.4673,-729.4728,0.010109979,-729.46265
611.85333,854.8822,2429.0544,1873.0,13.24183,163.30441,2020.0034,2020.0,0.0,0.0,0.0,0.0,-650.134,0.031621933,-0.0046320735,-20.558493,-0.00014647511,3.0114684,650.1702,650.134,-650.1656,0.036254007,-650.12933
804.85333,1156.6075,3251.99,2540.0,13.248366,163.30392,2020.0042,2020.0,0.0,0.0,0.0,0.0,-457.13397,0.038158417,-0.0046320735,-17.443508,-0.00017675258,2.1174781,457.17676,457.13397,-457.17212,0.04279049,-457.12933
923.1867,1327.8899,3732.3047,2702.0,13.235294,163.30484,2020.0022,2020.0,0.0,0.0,0.0,0.0,-338.8006,0.025086403,-0.0046320735,-8.499289,-0.00011620206,1.5693493,338.83032,338.8006,-338.82568,0.029718477,-338.79596
1016.35333,1471.6091,4126.259,2994.0,13.228758,163.30539,2020.0024,2020.0,0.0,0.0,0.0,0.0,-245.63397,0.01854992,-0.0046320735,-4.5564904,-8.5924585e-05,1.1377946,245.65717,245.63397,-245.65253,0.023181994,-245.62933
1075.3534,1562.5868,4375.694,3164.0,13.24183,163.30441,2020.0034,2020.0,0.0,0.0,0.0,0.0,-186.63391,0.031621933,-0.0046320735,-5.901725,-0.00014647511,0.864502,186.67017,186.63391,-186.66553,0.036254007,-186.62927
1146.6866,1674.1183,4680.032,3431.0,13.254902,163.3035,2020.0055,2020.0,0.0,0.0,0.0,0.0,-115.30066,0.044693947,-0.0046320735,-5.1532416,-0.00020702565,0.5340811,115.34998,115.30067,-115.34535,0.04932602,-115.29603
1264.1866,1856.3744,5178.7676,3819.0,13.235294,163.30501,2020.0042,2020.0,0.0,0.0,0.0,0.0,2.1993408,0.025086403,-0.0046320735,0.05517355,-0.00011620206,-0.010187509,2.2290592,2.1994889,2.1742544,0.029718477,2.2039728
1403.02,2072.2869,5769.112,4276.0,13.248366,163.30402,2020.0052,2020.0,0.0,0.0,0.0,0.0,141.03271,0.038158417,-0.0046320735,5.381585,-0.00017675258,-0.6532739,141.07552,141.03271,140.99455,0.04279049,141.03735
1526.1866,2260.9556,6287.6924,4597.0,13.261438,163.3031,2020.0072,2020.0,0.0,0.0,0.0,0.0,264.19934,0.05123043,-0.0046320735,13.535046,-0.00023730312,-1.2237908,264.25522,264.19934,264.1481,0.055862505,264.20398
1647.3534,2446.5356,6797.8174,4892.0,13.24183,163.30464,2020.0065,2020.0,0.0,0.0,0.0,0.0,385.3661,0.031621933,-0.0046320735,12.186021,-0.00014647511,-1.7850441,385.40234,385.3661,385.33447,0.036254007,385.37073
1709.52,2542.592,7061.0635,5068.0,13.254902,163.30367,2020.0074,2020.0,0.0,0.0,0.0,0.0,447.5327,0.044693947,-0.0046320735,20.002003,-0.00020702565,-2.0730045,447.58206,447.5327,447.488,0.04932602,447.53735
1794.3534,2675.372,7423.362,5405.0,13.267974,163.30275,2020.0094,2020.0,0.0,0.0,0.0,0.0,532.3661,0.05776596,-0.0046320735,30.752638,-0.00026757616,-2.4659588,532.42847,532.3661,532.30835,0.062398035,532.3707
93.85333,128.9421,368.756,275.12,13.20915,163.30681,2020.0002,2020.0,0.0,0.0,0.0,0.0,-1168.134,-0.0010576248,-0.0046320735,1.2354475,4.898996e-06,5.4108825,1168.1398,1168.134,-1168.1329,0.0035744486,-1168.1294
158.02,184.09024,565.038,429.0,13.222222,163.30583,2020.0012,2020.0,0.0,0.0,0.0,0.0,-1103.9673,0.012014389,-0.0046320735,-13.263493,-5.5651533e-05,5.1136575,1103.9839,1103.9673,-1103.9792,0.016646463,-1103.9626
224.68666,264.94205,808.626,572.0,13.20915,163.30681,2020.0002,2020.0,0.0,0.0,0.0,0.0,-1037.3007,-0.0010576248,-0.0046320735,1.0970749,4.898996e-06,4.804853,1037.3064,1037.3007,-1037.2996,0.0035744486,-1037.296
283.18668,358.24374,1059.6514,841.0,13.235294,163.30492,2020.0032,2020.0,0.0,0.0,0.0,0.0,-978.80066,0.025086403,-0.0046320735,-24.554588,-0.00011620206,4.5338764,978.8304,978.80066,-978.82574,0.029718477,-978.796
363.68668,472.60724,1382.1708,1044.0,13.222222,163.30583,2020.0012,2020.0,0.0,0.0,0.0,0.0,-898.30066,0.012014389,-0.0046320735,-10.792534,-5.5651533e-05,4.1609945,898.3173,898.30066,-898.3127,0.016646463,-898.296
486.18668,664.194,1903.6893,1495.0,13.215686,163.3063,2020.0005,2020.0,0.0,0.0,0.0,0.0,-775.80066,0.0054779053,-0.0046320735,-4.2497625,-2.537406e-05,3.5935657,775.8108,775.80066,-775.80615,0.010109979,-775.796
603.85333,842.6938,2395.516,1849.0,13.228758,163.30531,2020.0015,2020.0,0.0,0.0,0.0,0.0,-658.134,0.01854992,-0.0046320735,-12.208332,-8.5924585e-05,3.0485249,658.15717,658.134,-658.1525,0.023181994,-658.12933
717.35333,1014.5059,2869.44,2165.0,13.24183,163.30441,2020.0034,2020.0,0.0,0.0,0.0,0.0,-544.634,0.031621933,-0.0046320735,-17.22238,-0.00014647511,2.5227845,544.6702,544.634,-544.6656,0.036254007,-544.62933
861.6867,1236.7845,3478.9658,2615.0,13.222222,163.30583,2020.0012,2020.0,0.0,0.0,0.0,0.0,-400.3006,0.012014389,-0.0046320735,-4.809367,-5.5651533e-05,1.8542218,400.31726,400.3006,-400.31262,0.016646463,-400.29596
954.35333,1376.6174,3865.245,2821.0,13.235294,163.30484,2020.0022,2020.0,0.0,0.0,0.0,0.0,-307.63397,0.025086403,-0.0046320735,-7.7174296,-0.00011620206,1.4249831,307.6637,307.63397,-307.65906,0.029718477,-307.62933
1014.02,1468.1561,4116.653,2976.0,13.222222,163.30583,2020.0012,2020.0,0.0,0.0,0.0,0.0,-247.96729,0.012014389,-0.0046320735,-2.9791753,-5.5651533e-05,1.1486027,247.98393,247.96729,-247.9793,0.016646463,-247.96265
1082.8534,1575.6438,4410.0674,3230.0,13.248366,163.30392,2020.0042,2020.0,0.0,0.0,0.0,0.0,-179.13391,0.038158417,-0.0046320735,-6.8354664,-0.00017675258,0.82976145,179.17671,179.13393,-179.17207,0.04279049,-179.12927
1160.52,1695.0607,4737.8257,3443.0,13.235294,163.30484,2020.0022,2020.0,0.0,0.0,0.0,0.0,-101.467285,0.025086403,-0.0046320735,-2.5454493,-0.00011620206,0.47000393,101.497,101.46729,-101.49237,0.029718477,-101.462654
1293.02,1899.2471,5297.8394,3830.0,13.228758,163.30539,2020.0024,2020.0,0.0,0.0,0.0,0.0,31.032715,0.01854992,-0.0046320735,0.5756543,-8.5924585e-05,-0.14374581,31.055899,31.03272,31.014164,0.023181994,31.037348
1342.8534,1975.7582,5507.961,3942.0,13.254902,163.3035,2020.0055,2020.0,0.0,0.0,0.0,0.0,80.86609,0.044693947,-0.0046320735,3.6142247,-0.00020702565,-0.37457767,80.91541,80.8661,80.821396,0.04932602,80.87072
1385.02,2041.0085,5686.674,4071.0,13.24183,163.30441,2020.0034,2020.0,0.0,0.0,0.0,0.0,123.032715,0.031621933,-0.0046320735,3.8905323,-0.00014647511,-0.5698966,123.06897,123.032715,123.00109,0.036254007,123.037346
1459.6866,2158.7,6006.999,4403.0,13.254902,163.3035,2020.0055,2020.0,0.0,0.0,0.0,0.0,197.69934,0.044693947,-0.0046320735,8.835964,-0.00020702565,-0.9157579,197.74867,197.69936,197.65465,0.04932602,197.70398
1529.1866,2263.9265,6297.403,4489.0,13.24183,163.30441,2020.0034,2020.0,0.0,0.0,0.0,0.0,267.19934,0.031621933,-0.0046320735,8.44936,-0.00014647511,-1.237687,267.2356,267.19934,267.16772,0.036254007,267.20398
1697.3534,2524.3774,7010.596,5048.0,13.235294,163.30501,2020.0042,2020.0,0.0,0.0,0.0,0.0,435.3661,0.025086403,-0.0046320735,10.921769,-0.00011620206,-2.0166478,435.3958,435.3661,435.341,0.029718477,435.37073
1757.52,2617.3506,7265.3887,5219.0,13.261438,163.3031,2020.0072,2020.0,0.0,0.0,0.0,0.0,495.5327,0.05123043,-0.0046320735,25.386354,-0.00023730312,-2.2953439,495.5886,495.5327,495.48148,0.055862505,495.53735
1812.52,2702.307,7498.2456,5370.0,13.248366,163.30402,2020.0052,2020.0,0.0,0.0,0.0,0.0,550.5327,0.038158417,-0.0046320735,21.007456,-0.00017675258,-2.550108,550.5755,550.5327,550.49457,0.04279049,550.53735
1896.3534,2831.9517,7853.4507,5609.0,13.235294,163.30501,2020.0042,2020.0,0.0,0.0,0.0,0.0,634.3661,0.025086403,-0.0046320735,15.913963,-0.00011620206,-2.9384303,634.3958,634.3661,634.341,0.029718477,634.3707
1935.3534,2892.176,8018.5386,5704.0,13.248366,163.30402,2020.0052,2020.0,0.0,0.0,0.0,0.0,673.3661,0.038158417,-0.0046320735,25.694584,-0.00017675258,-3.1190813,673.4089,673.3661,673.32794,0.04279049,673.3707
1999.1866,2992.1963,8291.361,5997.0,13.261438,163.3031,2020.0072,2020.0,0.0,0.0,0.0,0.0,737.19934,0.05123043,-0.0046320735,37.76704,-0.00023730312,-3.4147615,737.2552,737.19934,737.14813,0.055862505,737.204
2064.8533,3092.6714,8567.66,6094.0,13.235294,163.30501,2020.0042,2020.0,0.0,0.0,0.0,0.0,802.86597,0.025086403,-0.0046320735,20.14102,-0.00011620206,-3.718934,802.8957,802.86597,802.8409,0.029718477,802.8706
2100.52,3148.0168,8719.126,6221.0,13.248366,163.30402,2020.0052,2020.0,0.0,0.0,0.0,0.0,838.5327,0.038158417,-0.0046320735,31.99708,-0.00017675258,-3.884145,838.5755,838.5327,838.49457,0.04279049,838.53735
2223.3533,3339.0535,9241.547,6686.0,13.24183,163.30464,2020.0065,2020.0,0.0,0.0,0.0,0.0,961.36597,0.031621933,-0.0046320735,30.40025,-0.00014647511,-4.453118,961.4022,961.36597,961.33435,0.036254007,961.3706
2370.02,3568.791,9868.298,7240.0,13.267974,163.30275,2020.0094,2020.0,0.0,0.0,0.0,0.0,1108.0327,0.05776596,-0.0046320735,64.00658,-0.00026757616,-5.1324887,1108.0951,1108.0327,1107.975,0.062398035,1108.0374
2471.6868,3722.2078,10292.208,7311.0,13.254902,163.30367,2020.0074,2020.0,0.0,0.0,0.0,0.0,1209.6995,0.044693947,-0.0046320735,54.066242,-0.00020702565,-5.603417,1209.7488,1209.6995,1209.6548,0.04932602,1209.7041
86.68667,112.63085,329.4177,275.12,13.222222,163.30583,2020.0012,2020.0,0.0,0.0,0.0,0.0,-1175.3007,0.012014389,-0.0046320735,-14.12052,-5.5651533e-05,5.444079,1175.3173,1175.3007,-1175.3126,0.016646463,-1175.296
65.35333,107.325356,288.4788,275.12,13.20915,163.30681,2020.0002,2020.0,0.0,0.0,0.0,0.0,-1196.634,-0.0010576248,-0.0046320735,1.2655898,4.898996e-06,5.5428967,1196.6398,1196.634,-1196.6329,0.0035744486,-1196.6294
130.35333,152.67224,467.43555,338.0,13.235294,163.30492,2020.0032,2020.0,0.0,0.0,0.0,0.0,-1131.634,0.025086403,-0.0046320735,-28.388628,-0.00011620206,5.2418118,1131.6638,1131.634,-1131.6592,0.029718477,-1131.6294
191.85333,225.55478,689.36273,527.0,13.222222,163.30583,2020.0012,2020.0,0.0,0.0,0.0,0.0,-1070.134,0.012014389,-0.0046320735,-12.857007,-5.5651533e-05,4.956939,1070.1506,1070.134,-1070.146,0.016646463,-1070.1294
322.02,426.12457,1236.9689,1032.0,13.215686,163.3063,2020.0005,2020.0,0.0,0.0,0.0,0.0,-939.9673,0.0054779053,-0.0046320735,-5.1490517,-2.537406e-05,4.3539977,939.9774,939.9673,-939.9728,0.010109979,-939.96265
533.1867,774.24194,2168.6357,1883.0,13.24183,163.30441,2020.0034,2020.0,0.0,0.0,0.0,0.0,-728.8006,0.031621933,-0.0046320735,-23.046083,-0.00014647511,3.3758578,728.83685,728.8006,-728.8322,0.036254007,-728.79596
760.35333,1078.9354,3047.8406,2271.0,13.222222,163.30583,2020.0012,2020.0,0.0,0.0,0.0,0.0,-501.63397,0.012014389,-0.0046320735,-6.026826,-5.5651533e-05,2.3236053,501.65063,501.63397,-501.646,0.016646463,-501.62933
815.52,1161.1343,3275.9124,2341.0,13.235294,163.30484,2020.0022,2020.0,0.0,0.0,0.0,0.0,-446.4673,0.025086403,-0.0046320735,-11.200258,-0.00011620206,2.0680692,446.497,446.4673,-446.49237,0.029718477,-446.46265
893.1867,1286.0851,3613.415,2725.0,13.248366,163.30392,2020.0042,2020.0,0.0,0.0,0.0,0.0,-368.8006,0.038158417,-0.0046320735,-14.072847,-0.00017675258,1.7083114,368.84338,368.8006,-368.83875,0.04279049,-368.79596
979.35333,1414.416,3969.5918,2861.0,13.235294,163.30484,2020.0022,2020.0,0.0,0.0,0.0,0.0,-282.63397,0.025086403,-0.0046320735,-7.0902696,-0.00011620206,1.3091813,282.6637,282.63397,-282.65906,0.029718477,-282.62933
1107.02,1616.8284,4519.251,3403.0,13.228758,163.30539,2020.0024,2020.0,0.0,0.0,0.0,0.0,-154.96729,0.01854992,-0.0046320735,-2.8746307,-8.5924585e-05,0.71781987,154.99048,154.96729,-154.98584,0.023181994,-154.96265
1277.1866,1882.5227,5244.682,3977.0,13.254902,163.3035,2020.0055,2020.0,0.0,0.0,0.0,0.0,15.199341,0.044693947,-0.0046320735,0.67931855,-0.00020702565,-0.07040446,15.248667,15.199407,15.154647,0.04932602,15.203973
1384.6866,2040.2577,5684.8394,4040.0,13.24183,163.30441,2020.0034,2020.0,0.0,0.0,0.0,0.0,122.69934,0.031621933,-0.0046320735,3.8799903,-0.00014647511,-0.56835234,122.735596,122.69934,122.66772,0.036254007,122.70397
1504.3534,2228.5708,6197.67,4574.0,13.235294,163.30501,2020.0042,2020.0,0.0,0.0,0.0,0.0,242.36609,0.025086403,-0.0046320735,6.0800934,-0.00011620206,-1.1226575,242.39581,242.36609,242.341,0.029718477,242.37073
1579.1866,2340.794,6508.4224,4616.0,13.248366,163.30402,2020.0052,2020.0,0.0,0.0,0.0,0.0,317.19934,0.038158417,-0.0046320735,12.103825,-0.00017675258,-1.4692906,317.24213,317.19934,317.1612,0.04279049,317.20398
1665.8534,2478.9868,6883.1157,5083.0,13.261438,163.3031,2020.0072,2020.0,0.0,0.0,0.0,0.0,403.8661,0.05123043,-0.0046320735,20.690233,-0.00023730312,-1.8707374,403.92197,403.8661,403.81485,0.055862505,403.87073
1829.3534,2730.521,7573.5015,5548.0,13.24183,163.30464,2020.0065,2020.0,0.0,0.0,0.0,0.0,567.3661,0.031621933,-0.0046320735,17.941212,-0.00014647511,-2.6280813,567.40234,567.3661,567.3345,0.036254007,567.3707
1999.02,2996.0308,8298.041,6151.0,13.267974,163.30275,2020.0094,2020.0,0.0,0.0,0.0,0.0,737.0327,0.05776596,-0.0046320735,42.5754,-0.00026757616,-3.4139898,737.0951,737.0327,736.975,0.062398035,737.03735
119.68667,154.186,452.566,346.0,13.20915,163.30681,2020.0002,2020.0,0.0,0.0,0.0,0.0,-1142.3007,-0.0010576248,-0.0046320735,1.2081255,4.898996e-06,5.2912207,1142.3064,1142.3007,-1142.2996,0.0035744486,-1142.296
196.68666,232.9507,709.5379,548.0,13.222222,163.30583,2020.0012,2020.0,0.0,0.0,0.0,0.0,-1065.3007,0.012014389,-0.0046320735,-12.798937,-5.5651533e-05,4.934551,1065.3173,1065.3007,-1065.3126,0.016646463,-1065.296
305.85333,406.51236,1177.9385,998.0,13.235294,163.30492,2020.0032,2020.0,0.0,0.0,0.0,0.0,-956.134,0.025086403,-0.0046320735,-23.985962,-0.00011620206,4.4288826,956.1637,956.134,-956.15906,0.029718477,-956.12933
468.68668,631.65955,1820.1571,1372.0,13.215686,163.3063,2020.0005,2020.0,0.0,0.0,0.0,0.0,-793.30066,0.0054779053,-0.0046320735,-4.345626,-2.537406e-05,3.6746268,793.3108,793.30066,-793.30615,0.010109979,-793.296
596.6867,842.7512,2384.818,1929.0,13.24183,163.30441,2020.0034,2020.0,0.0,0.0,0.0,0.0,-665.3006,0.031621933,-0.0046320735,-21.038092,-0.00014647511,3.0817213,665.33685,665.3006,-665.3322,0.036254007,-665.29596
807.02,1161.0792,3263.16,2559.0,13.222222,163.30583,2020.0012,2020.0,0.0,0.0,0.0,0.0,-454.9673,0.012014389,-0.0046320735,-5.466154,-5.5651533e-05,2.107442,454.98395,454.9673,-454.9793,0.016646463,-454.96265
949.6867,1371.1475,3848.5913,2856.0,13.235294,163.30484,2020.0022,2020.0,0.0,0.0,0.0,0.0,-312.3006,0.025086403,-0.0046320735,-7.8344984,-0.00011620206,1.4465994,312.33032,312.3006,-312.32568,0.029718477,-312.29596
1057.6866,1538.483,4306.606,3200.0,13.248366,163.30392,2020.0042,2020.0,0.0,0.0,0.0,0.0,-204.30066,0.038158417,-0.0046320735,-7.7957897,-0.00017675258,0.9463357,204.34346,204.30066,-204.33882,0.04279049,-204.29602
1187.6866,1737.9463,4854.4707,3570.0,13.228758,163.30539,2020.0024,2020.0,0.0,0.0,0.0,0.0,-74.30066,0.01854992,-0.0046320735,-1.3782712,-8.5924585e-05,0.3441661,74.32384,74.30066,-74.31921,0.023181994,-74.29603
1323.8534,1952.2217,5437.9565,4077.0,13.254902,163.3035,2020.0055,2020.0,0.0,0.0,0.0,0.0,61.86609,0.044693947,-0.0046320735,2.7650397,-0.00020702565,-0.28656825,61.915413,61.866104,61.821396,0.04932602,61.87072
1504.52,2226.88,6194.873,4510.0,13.235294,163.30501,2020.0042,2020.0,0.0,0.0,0.0,0.0,242.53271,0.025086403,-0.0046320735,6.0842733,-0.00011620206,-1.1234293,242.56244,242.53271,242.50763,0.029718477,242.53735
1607.8534,2387.1975,6633.605,4841.0,13.248366,163.30402,2020.0052,2020.0,0.0,0.0,0.0,0.0,345.8661,0.038158417,-0.0046320735,13.197702,-0.00017675258,-1.6020771,345.90887,345.8661,345.82794,0.04279049,345.87073
1714.8534,2551.8335,7085.45,5123.0,13.261438,163.3031,2020.0072,2020.0,0.0,0.0,0.0,0.0,452.8661,0.05123043,-0.0046320735,23.200525,-0.00023730312,-2.097709,452.92197,452.8661,452.81485,0.055862505,452.87073
1862.1866,2779.6614,7709.671,5578.0,13.24183,163.30464,2020.0065,2020.0,0.0,0.0,0.0,0.0,600.19934,0.031621933,-0.0046320735,18.979464,-0.00014647511,-2.7801673,600.2356,600.19934,600.1677,0.036254007,600.204
1996.3534,2990.4785,8284.164,6104.0,13.267974,163.30275,2020.0094,2020.0,0.0,0.0,0.0,0.0,734.3661,0.05776596,-0.0046320735,42.421364,-0.00026757616,-3.4016376,734.42847,734.3661,734.30835,0.062398035,734.3707
109.52,134.26335,402.61768,275.12,13.20915,163.30681,2020.0002,2020.0,0.0,0.0,0.0,0.0,-1152.4673,-0.0010576248,-0.0046320735,1.218878,4.898996e-06,5.338313,1152.473,1152.4673,-1152.4662,0.0035744486,-1152.4626
214.68666,286.1726,828.2608,727.0,13.222222,163.30583,2020.0012,2020.0,0.0,0.0,0.0,0.0,-1047.3007,0.012014389,-0.0046320735,-12.582678,-5.5651533e-05,4.8511734,1047.3173,1047.3007,-1047.3126,0.016646463,-1047.296
361.85336,482.39444,1396.1193,1143.0,13.235294,163.30492,2020.0032,2020.0,0.0,0.0,0.0,0.0,-900.1339,0.025086403,-0.0046320735,-22.581121,-0.00011620206,4.1694865,900.16364,900.1339,-900.159,0.029718477,-900.1293
515.1867,701.044,2012.4158,1485.0,13.215686,163.3063,2020.0005,2020.0,0.0,0.0,0.0,0.0,-746.8006,0.0054779053,-0.0046320735,-4.090903,-2.537406e-05,3.4592352,746.8107,746.8006,-746.8061,0.010109979,-746.79596
602.35333,839.716,2388.01,1836.0,13.228758,163.30531,2020.0015,2020.0,0.0,0.0,0.0,0.0,-659.634,0.01854992,-0.0046320735,-12.236156,-8.5924585e-05,3.055473,659.65717,659.634,-659.6525,0.023181994,-659.62933
676.85333,947.9277,2691.0254,1930.0,13.24183,163.30441,2020.0034,2020.0,0.0,0.0,0.0,0.0,-585.134,0.031621933,-0.0046320735,-18.503067,-0.00014647511,2.7103837,585.1702,585.134,-585.1656,0.036254007,-585.12933
710.35333,999.8011,2832.953,2047.0,13.228758,163.30531,2020.0015,2020.0,0.0,0.0,0.0,0.0,-551.634,0.01854992,-0.0046320735,-10.232765,-8.5924585e-05,2.5552092,551.65717,551.634,-551.6525,0.023181994,-551.62933
797.85333,1135.2864,3203.7158,2350.0,13.222222,163.30583,2020.0012,2020.0,0.0,0.0,0.0,0.0,-464.13397,0.012014389,-0.0046320735,-5.5762863,-5.5651533e-05,2.1499026,464.15063,464.13397,-464.146,0.016646463,-464.12933
884.02,1270.2292,3571.6047,2664.0,13.235294,163.30484,2020.0022,2020.0,0.0,0.0,0.0,0.0,-377.9673,0.025086403,-0.0046320735,-9.481839,-0.00011620206,1.7507722,377.997,377.9673,-377.99237,0.029718477,-377.96265
1000.02,1450.0151,4063.6143,3036.0,13.248366,163.30392,2020.0042,2020.0,0.0,0.0,0.0,0.0,-261.9673,0.038158417,-0.0046320735,-9.996257,-0.00017675258,1.2134517,262.01007,261.9673,-262.00543,0.04279049,-261.96265
1083.02,1574.4926,4408.257,3168.0,13.235294,163.30484,2020.0022,2020.0,0.0,0.0,0.0,0.0,-178.96729,0.025086403,-0.0046320735,-4.4896455,-0.00011620206,0.8289896,178.99701,178.96729,-178.99237,0.029718477,-178.96265
1175.6866,1718.101,4801.332,3488.0,13.228758,163.30539,2020.0024,2020.0,0.0,0.0,0.0,0.0,-86.30066,0.01854992,-0.0046320735,-1.6008703,-8.5924585e-05,0.39975098,86.32384,86.30066,-86.31921,0.023181994,-86.29603
1241.02,1818.8983,5077.671,3676.0,13.24183,163.30441,2020.0034,2020.0,0.0,0.0,0.0,0.0,-20.967285,0.031621933,-0.0046320735,-0.6630261,-0.00014647511,0.097122006,21.00354,20.96731,-20.998907,0.036254007,-20.962652
1371.8534,2022.1589,5633.6064,4112.0,13.254902,163.3035,2020.0055,2020.0,0.0,0.0,0.0,0.0,109.86609,0.044693947,-0.0046320735,4.9103494,-0.00020702565,-0.5089078,109.91541,109.8661,109.821396,0.04932602,109.87072
1286.02,1887.6178,5266.7437,3741.0,13.254902,163.3035,2020.0055,2020.0,0.0,0.0,0.0,0.0,24.032715,0.044693947,-0.0046320735,1.0741168,-0.00020702565,-0.1113213,24.08204,24.032757,23.988022,0.04932602,24.037348
1309.52,1924.0398,5366.442,3824.0,13.24183,163.30441,2020.0034,2020.0,0.0,0.0,0.0,0.0,47.532715,0.031621933,-0.0046320735,1.5030763,-0.00014647511,-0.22017503,47.56897,47.532722,47.50109,0.036254007,47.537346
1507.8534,2231.3088,6207.691,4486.0,13.235294,163.30501,2020.0042,2020.0,0.0,0.0,0.0,0.0,245.86609,0.025086403,-0.0046320735,6.167896,-0.00011620206,-1.1388698,245.89581,245.86609,245.841,0.029718477,245.87073
1599.8534,2374.9343,6599.9053,4821.0,13.248366,163.30402,2020.0052,2020.0,0.0,0.0,0.0,0.0,337.8661,0.038158417,-0.0046320735,12.892435,-0.00017675258,-1.5650206,337.90887,337.8661,337.82794,0.04279049,337.87073
1682.6866,2501.351,6947.8335,4979.0,13.261438,163.3031,2020.0072,2020.0,0.0,0.0,0.0,0.0,420.69934,0.05123043,-0.0046320735,21.552608,-0.00023730312,-1.9487102,420.75522,420.69934,420.6481,0.055862505,420.70398
1734.1866,2581.0693,7166.1714,5135.0,13.248366,163.30402,2020.0052,2020.0,0.0,0.0,0.0,0.0,472.19934,0.038158417,-0.0046320735,18.01838,-0.00017675258,-2.187262,472.24213,472.19934,472.1612,0.04279049,472.20398
1820.6866,2714.6567,7532.3438,5403.0,13.24183,163.30464,2020.0065,2020.0,0.0,0.0,0.0,0.0,558.69934,0.031621933,-0.0046320735,17.667152,-0.00014647511,-2.5879364,558.7356,558.69934,558.6677,0.036254007,558.704
1888.52,2819.9878,7820.531,5632.0,13.254902,163.30367,2020.0074,2020.0,0.0,0.0,0.0,0.0,626.5327,0.044693947,-0.0046320735,28.00222,-0.00020702565,-2.9021456,626.58203,626.5327,626.48804,0.04932602,626.53735
1965.8534,2939.7373,8148.4814,5868.0,13.267974,163.30275,2020.0094,2020.0,0.0,0.0,0.0,0.0,703.8661,0.05776596,-0.0046320735,40.6595,-0.00026757616,-3.2603595,703.92847,703.8661,703.80835,0.062398035,703.8707
2029.3534,3037.4631,8416.684,6009.0,13.254902,163.30367,2020.0074,2020.0,0.0,0.0,0.0,0.0,767.3661,0.044693947,-0.0046320735,34.29662,-0.00020702565,-3.554496,767.4154,767.3661,767.3214,0.04932602,767.3707
2065.52,3093.2822,8569.727,6089.0,13.267974,163.30275,2020.0094,2020.0,0.0,0.0,0.0,0.0,803.5327,0.05776596,-0.0046320735,46.41684,-0.00026757616,-3.7220225,803.5951,803.5327,803.475,0.062398035,803.53735
122.35333,153.55128,455.75433,345.0,13.20915,163.30681,2020.0002,2020.0,0.0,0.0,0.0,0.0,-1139.634,-0.0010576248,-0.0046320735,1.2053052,4.898996e-06,5.2788687,1139.6398,1139.634,-1139.6329,0.0035744486,-1139.6294
256.35333,310.84204,936.70483,677.0,13.20915,163.30681,2020.0002,2020.0,0.0,0.0,0.0,0.0,-1005.634,-0.0010576248,-0.0046320735,1.0635835,4.898996e-06,4.65817,1005.63965,1005.634,-1005.63293,0.0035744486,-1005.62933
203.18666,243.4946,737.67,579.0,13.222222,163.30583,2020.0012,2020.0,0.0,0.0,0.0,0.0,-1058.8007,0.012014389,-0.0046320735,-12.720843,-5.5651533e-05,4.9044423,1058.8173,1058.8007,-1058.8126,0.016646463,-1058.796
323.18668,417.107,1223.3516,967.0,13.235294,163.30492,2020.0032,2020.0,0.0,0.0,0.0,0.0,-938.80066,0.025086403,-0.0046320735,-23.551132,-0.00011620206,4.3485937,938.8304,938.80066,-938.82574,0.029718477,-938.796
426.85336,568.1715,1645.3927,1245.0,13.215686,163.3063,2020.0005,2020.0,0.0,0.0,0.0,0.0,-835.1339,0.0054779053,-0.0046320735,-4.5747843,-2.537406e-05,3.8684015,835.14404,835.1339,-835.1394,0.010109979,-835.1293
479.68668,645.4983,1861.1653,1340.0,13.228758,163.30531,2020.0015,2020.0,0.0,0.0,0.0,0.0,-782.30066,0.01854992,-0.0046320735,-14.511614,-8.5924585e-05,3.6236742,782.32385,782.30066,-782.3192,0.023181994,-782.296
587.1867,827.23395,2343.1409,1891.0,13.24183,163.30441,2020.0034,2020.0,0.0,0.0,0.0,0.0,-674.8006,0.031621933,-0.0046320735,-21.3385,-0.00014647511,3.125726,674.83685,674.8006,-674.8322,0.036254007,-674.79596
714.85333,1005.99457,2850.652,2041.0,13.222222,163.30583,2020.0012,2020.0,0.0,0.0,0.0,0.0,-547.134,0.012014389,-0.0046320735,-6.5734806,-5.5651533e-05,2.5343647,547.15063,547.134,-547.146,0.016646463,-547.12933
741.35333,1046.9127,2962.7285,2127.0,13.248366,163.30392,2020.0042,2020.0,0.0,0.0,0.0,0.0,-520.634,0.038158417,-0.0046320735,-19.866568,-0.00017675258,2.411615,520.67676,520.634,-520.6721,0.04279049,-520.62933
766.35333,1085.2498,3067.9993,2187.0,13.222222,163.30583,2020.0012,2020.0,0.0,0.0,0.0,0.0,-495.63397,0.012014389,-0.0046320735,-5.9547396,-5.5651533e-05,2.295813,495.65063,495.63397,-495.646,0.016646463,-495.62933
801.52,1140.1622,3217.834,2334.0,13.235294,163.30484,2020.0022,2020.0,0.0,0.0,0.0,0.0,-460.4673,0.025086403,-0.0046320735,-11.551468,-0.00011620206,2.1329184,460.497,460.4673,-460.49237,0.029718477,-460.46265
861.6867,1233.543,3473.2065,2538.0,13.248366,163.30392,2020.0042,2020.0,0.0,0.0,0.0,0.0,-400.3006,0.038158417,-0.0046320735,-15.2748375,-0.00017675258,1.8542218,400.34338,400.3006,-400.33875,0.04279049,-400.29596
968.85333,1399.1735,3926.8936,2883.0,13.24183,163.30441,2020.0034,2020.0,0.0,0.0,0.0,0.0,-293.13397,0.031621933,-0.0046320735,-9.269463,-0.00014647511,1.3578181,293.17023,293.13397,-293.1656,0.036254007,-293.12933
1074.02,1563.17,4374.7705,3246.0,13.254902,163.3035,2020.0055,2020.0,0.0,0.0,0.0,0.0,-187.96729,0.044693947,-0.0046320735,-8.401,-0.00020702565,0.87067825,188.01662,187.96729,-188.01198,0.04932602,-187.96265
1221.3534,1787.308,4992.251,3561.0,13.248366,163.30402,2020.0052,2020.0,0.0,0.0,0.0,0.0,-40.63391,0.038158417,-0.0046320735,-1.5505257,-0.00017675258,0.18821926,40.6767,40.63393,-40.67207,0.04279049,-40.62928
1268.1866,1860.4999,5192.021,3757.0,13.235294,163.30501,2020.0042,2020.0,0.0,0.0,0.0,0.0,6.199341,0.025086403,-0.0046320735,0.15551916,-0.00011620206,-0.028715802,6.229059,6.1993933,6.1742544,0.029718477,6.203973
1340.8534,1973.2637,5500.561,3995.0,13.248366,163.30402,2020.0052,2020.0,0.0,0.0,0.0,0.0,78.86609,0.038158417,-0.0046320735,3.0094051,-0.00017675258,-0.36531353,78.90888,78.8661,78.82793,0.04279049,78.87072
1404.8534,2071.1086,5769.674,4108.0,13.261438,163.3031,2020.0072,2020.0,0.0,0.0,0.0,0.0,142.86609,0.05123043,-0.0046320735,7.3190913,-0.00023730312,-0.66176623,142.92195,142.86609,142.81487,0.055862505,142.87073
1458.02,2152.9927,5994.3154,4270.0,13.24183,163.30464,2020.0065,2020.0,0.0,0.0,0.0,0.0,196.03271,0.031621933,-0.0046320735,6.1989336,-0.00014647511,-0.90803796,196.06897,196.03271,196.0011,0.036254007,196.03735
1492.02,2205.7568,6138.6934,4391.0,13.254902,163.30367,2020.0074,2020.0,0.0,0.0,0.0,0.0,230.03271,0.044693947,-0.0046320735,10.28107,-0.00020702565,-1.0655284,230.08205,230.03273,229.98802,0.04932602,230.03735
1541.6866,2282.873,6349.672,4563.0,13.267974,163.30275,2020.0094,2020.0,0.0,0.0,0.0,0.0,279.69934,0.05776596,-0.0046320735,16.1571,-0.00026757616,-1.2955879,279.76175,279.69934,279.64157,0.062398035,279.70398
1585.02,2349.531,6532.6265,4654.0,13.254902,163.30367,2020.0074,2020.0,0.0,0.0,0.0,0.0,323.0327,0.044693947,-0.0046320735,14.437607,-0.00020702565,-1.4963113,323.08206,323.0327,322.988,0.04932602,323.03735
1607.52,2384.246,6627.8105,4699.0,13.267974,163.30275,2020.0094,2020.0,0.0,0.0,0.0,0.0,345.5327,0.05776596,-0.0046320735,19.96003,-0.00026757616,-1.6005329,345.59512,345.5327,345.47495,0.062398035,345.53735
461.85336,667.243,1872.4094,1645.0,13.150327,162.5792,2011.0002,2011.0,0.28125,1.5783129,12.727922,9.0,-800.1339,-0.05988121,0.2766179,47.912987,-0.016564215,-221.33138,800.4704,800.1339,-800.07404,-0.33649912,-800.4105
823.6867,1230.2975,3411.586,2915.0,13.156863,162.57869,2011.0005,2011.0,0.140625,1.125,9.0,9.0,-438.3006,-0.053344727,0.13599293,23.381025,-0.0072545055,-59.60578,438.48993,438.30063,-438.24725,-0.18933766,-438.43658
1175.52,1733.4619,4828.616,3764.0,13.163399,162.57822,2011.0012,2011.0,0.0,0.0,0.0,0.0,-86.467285,-0.046809196,-0.0046320735,4.0474644,0.00021682364,0.40052283,86.51872,86.46729,-86.42048,-0.042177122,-86.462654
1437.52,2131.7192,5926.206,4496.0,13.169934,162.57779,2011.0024,2011.0,0.0,0.0,0.0,0.0,175.53271,-0.040273666,-0.0046320735,-7.069346,0.00018655058,-0.81308043,175.57762,175.53271,175.57298,-0.035641592,175.53735
409.52002,563.0654,1609.7991,1351.0,13.150327,162.5792,2011.0002,2011.0,0.0,0.0,0.0,0.0,-852.4673,-0.05988121,-0.0046320735,51.046772,0.00027737417,3.9486911,852.5318,852.4673,-852.4074,-0.055249136,-852.46265
693.1867,1016.90454,2837.8726,2410.0,13.156863,162.57869,2011.0005,2011.0,0.0,0.0,0.0,0.0,-568.8006,-0.053344727,-0.0046320735,30.342512,0.0002470967,2.634726,568.8586,568.8006,-568.74725,-0.048712652,-568.79596
1022.52,1502.5674,4190.6836,3334.0,13.163399,162.57822,2011.0012,2011.0,0.0,0.0,0.0,0.0,-239.46729,-0.046809196,-0.0046320735,11.209271,0.00021682364,1.10923,239.51874,239.4673,-239.42047,-0.042177122,-239.46265
1342.52,1990.4246,5533.815,4280.0,13.169934,162.57779,2011.0024,2011.0,0.0,0.0,0.0,0.0,80.532715,-0.040273666,-0.0046320735,-3.2433476,0.00018655058,-0.37303346,80.57762,80.53272,80.57299,-0.035641592,80.537346
471.02002,647.25464,1850.9058,1495.0,13.150327,162.5792,2011.0002,2011.0,0.0,0.0,0.0,0.0,-790.9673,-0.05988121,-0.0046320735,47.36408,0.00027737417,3.6638186,791.0318,790.9673,-790.9074,-0.055249136,-790.96265
729.6867,1052.146,2954.6086,2398.0,13.156863,162.57869,2011.0005,2011.0,0.0,0.0,0.0,0.0,-532.3006,-0.053344727,-0.0046320735,28.39543,0.0002470967,2.4656556,532.3586,532.3006,-532.24725,-0.048712652,-532.29596
1034.1866,1526.4597,4250.6055,3423.0,13.163399,162.57822,2011.0012,2011.0,0.0,0.0,0.0,0.0,-227.80066,-0.046809196,-0.0046320735,10.663166,0.00021682364,1.0551894,227.85211,227.80067,-227.75385,-0.042177122,-227.79602
1319.1866,1948.6615,5424.7515,4127.0,13.169934,162.57779,2011.0024,2011.0,0.0,0.0,0.0,0.0,57.19934,-0.040273666,-0.0046320735,-2.3036273,0.00018655058,-0.26495156,57.244247,57.199356,57.239616,-0.035641592,57.20397
1546.1866,2296.2449,6380.271,4773.0,13.176471,162.5774,2011.0043,2011.0,0.0,0.0,0.0,0.0,284.19934,-0.033737183,-0.0046320735,-9.588085,0.0001562731,-1.3164322,284.23773,284.19934,284.2331,-0.029105108,284.20398
1774.1866,2647.5627,7344.0024,5449.0,13.183006,162.57704,2011.0065,2011.0,0.0,0.0,0.0,0.0,512.19934,-0.027201653,-0.0046320735,-13.932669,0.00012600006,-2.372545,512.2312,512.19934,512.22656,-0.022569578,512.204
282.85333,433.50317,1191.4952,1119.0,13.150327,162.5792,2011.0002,2011.0,0.0,0.0,0.0,0.0,-979.134,-0.05988121,-0.0046320735,58.63173,0.00027737417,4.5354204,979.1985,979.134,-979.0741,-0.055249136,-979.12933
623.85333,908.6428,2542.3054,2168.0,13.156863,162.57869,2011.0005,2011.0,0.0,0.0,0.0,0.0,-638.134,-0.053344727,-0.0046320735,34.04108,0.0002470967,2.9558835,638.19196,638.134,-638.0806,-0.048712652,-638.12933
929.35333,1355.6417,3790.9111,3007.0,13.163399,162.57822,2011.0012,2011.0,0.0,0.0,0.0,0.0,-332.63397,-0.046809196,-0.0046320735,15.570329,0.00021682364,1.540785,332.68542,332.63397,-332.58716,-0.042177122,-332.62933
1171.6866,1717.9268,4795.1494,3624.0,13.169934,162.57779,2011.0024,2011.0,0.0,0.0,0.0,0.0,-90.30066,-0.040273666,-0.0046320735,3.6367385,0.00018655058,0.4182793,90.345566,90.30067,-90.26038,-0.035641592,-90.29603
567.02,875.5878,2400.4875,2195.0,13.150327,162.5792,2011.0002,2011.0,0.0,0.0,0.0,0.0,-694.9673,-0.05988121,-0.0046320735,41.615482,0.00027737417,3.2191396,695.0318,694.9673,-694.9074,-0.055249136,-694.96265
956.85333,1402.4689,3915.0996,3132.0,13.156863,162.57869,2011.0005,2011.0,0.0,0.0,0.0,0.0,-305.13397,-0.053344727,-0.0046320735,16.277288,0.0002470967,1.4134029,305.19196,305.13397,-305.08063,-0.048712652,-305.12933
1292.6866,1915.6027,5326.716,4146.0,13.163399,162.57822,2011.0012,2011.0,0.0,0.0,0.0,0.0,30.69934,-0.046809196,-0.0046320735,-1.4370115,0.00021682364,-0.1422016,30.750784,30.699377,30.746151,-0.042177122,30.703974
1564.1866,2326.0366,6460.0547,4860.0,13.169934,162.57779,2011.0024,2011.0,0.0,0.0,0.0,0.0,302.19934,-0.040273666,-0.0046320735,-12.170675,0.00018655058,-1.3998096,302.24426,302.19934,302.23962,-0.035641592,302.20398
298.85333,489.899,1317.5299,1263.0,13.150327,162.5792,2011.0002,2011.0,0.0,0.0,0.0,0.0,-963.134,-0.05988121,-0.0046320735,57.67363,0.00027737417,4.4613075,963.1985,963.134,-963.0741,-0.055249136,-963.12933
589.85333,833.9097,2358.938,1919.0,13.156863,162.57869,2011.0005,2011.0,0.0,0.0,0.0,0.0,-672.134,-0.053344727,-0.0046320735,35.8548,0.0002470967,3.113374,672.19196,672.134,-672.0806,-0.048712652,-672.12933
854.35333,1235.8643,3466.4563,2728.0,13.163399,162.57822,2011.0012,2011.0,0.0,0.0,0.0,0.0,-407.63397,-0.046809196,-0.0046320735,19.081018,0.00021682364,1.8881905,407.68542,407.63397,-407.58716,-0.042177122,-407.62933
1140.8534,1687.2029,4694.9487,3733.0,13.169934,162.57779,2011.0024,2011.0,0.0,0.0,0.0,0.0,-121.13391,-0.040273666,-0.0046320735,4.8785067,0.00018655058,0.5611012,121.17882,121.13392,-121.093636,-0.035641592,-121.12928
1480.3534,2210.513,6130.2944,4801.0,13.176471,162.5774,2011.0043,2011.0,0.0,0.0,0.0,0.0,218.36609,-0.033737183,-0.0046320735,-7.367057,0.0001562731,-1.0114877,218.40446,218.36609,218.39983,-0.029105108,218.37073
1823.8534,2726.8096,7558.8423,5656.0,13.183006,162.57704,2011.0065,2011.0,0.0,0.0,0.0,0.0,561.8661,-0.027201653,-0.0046320735,-15.283686,0.00012600006,-2.602605,561.89795,561.8661,561.8933,-0.022569578,561.8707
2109.3533,3161.939,8757.027,6328.0,13.189543,162.57674,2011.0092,2011.0,0.0,0.0,0.0,0.0,847.36597,-0.020665169,-0.0046320735,-17.510962,9.572258e-05,-3.9250615,847.3913,847.36597,847.38666,-0.016033094,847.3706
2196.8533,3296.0571,9125.621,6517.0,13.196078,162.57646,2011.0125,2011.0,0.0,0.0,0.0,0.0,934.86597,-0.014129639,-0.0046320735,-13.209318,6.544952e-05,-4.330368,934.88477,934.86597,934.8801,-0.009497565,934.8706
1086.8534,1607.5657,4473.1235,3585.0,13.150327,162.5792,2011.0002,2011.0,0.0,0.0,0.0,0.0,-175.13391,-0.05988121,-0.0046320735,10.48723,0.00027737417,0.81123316,175.19843,175.13393,-175.07404,-0.055249136,-175.12927
1410.1866,2098.4229,5826.547,4526.0,13.156863,162.57869,2011.0005,2011.0,0.0,0.0,0.0,0.0,148.19934,-0.053344727,-0.0046320735,-7.9056535,0.0002470967,-0.6864702,148.25732,148.19934,148.25269,-0.048712652,148.20398
1724.6866,2579.4648,7149.5073,5440.0,13.163399,162.57822,2011.0012,2011.0,0.0,0.0,0.0,0.0,462.69934,-0.046809196,-0.0046320735,-21.658585,0.00021682364,-2.1432574,462.7508,462.69934,462.74615,-0.042177122,462.70398
2046.1866,3075.15,8509.055,6412.0,13.169934,162.57779,2011.0024,2011.0,0.0,0.0,0.0,0.0,784.19934,-0.040273666,-0.0046320735,-31.582582,0.00018655058,-3.632469,784.24426,784.19934,784.2396,-0.035641592,784.204
831.35333,1193.9016,3357.6624,2571.0,13.150327,162.5792,2011.0002,2011.0,0.0,0.0,0.0,0.0,-430.63397,-0.05988121,-0.0046320735,25.786884,0.00027737417,1.9947282,430.6985,430.63397,-430.5741,-0.055249136,-430.62933
1074.02,1572.8248,4392.0386,3394.0,13.156863,162.57869,2011.0005,2011.0,0.0,0.0,0.0,0.0,-187.96729,-0.053344727,-0.0046320735,10.027063,0.0002470967,0.87067825,188.02527,187.96729,-187.91394,-0.048712652,-187.96265
1382.52,2057.6387,5712.9287,4466.0,13.163399,162.57822,2011.0012,2011.0,0.0,0.0,0.0,0.0,120.532715,-0.046809196,-0.0046320735,-5.6420393,0.00021682364,-0.5583164,120.58415,120.53272,120.57952,-0.042177122,120.537346
1694.02,2532.0703,7019.624,5351.0,13.169934,162.57779,2011.0024,2011.0,0.0,0.0,0.0,0.0,432.0327,-0.040273666,-0.0046320735,-17.399542,0.00018655058,-2.0012074,432.07764,432.0327,432.073,-0.035641592,432.03735
2040.3534,3067.4917,8486.8,6425.0,13.176471,162.5774,2011.0043,2011.0,0.0,0.0,0.0,0.0,778.3661,-0.033737183,-0.0046320735,-26.259878,0.0001562731,-3.605449,778.4045,778.3661,778.39984,-0.029105108,778.3707
2391.52,3608.62,9971.305,7472.0,13.183006,162.57704,2011.0065,2011.0,0.0,0.0,0.0,0.0,1129.5327,-0.027201653,-0.0046320735,-30.725157,0.00012600006,-5.2320786,1129.5646,1129.5327,1129.5599,-0.022569578,1129.5374
315.18668,422.8336,1220.6543,1041.0,13.163399,162.74089,2013.0002,2013.0,0.0625,0.3507362,2.828427,2.0,-946.80066,-0.046809196,0.057867926,44.318977,-0.002708751,-54.78939,946.90533,946.80066,-946.75385,-0.104677126,-946.8585
579.35333,814.8777,2309.552,1863.0,13.169934,162.74039,2013.0005,2013.0,0.03125,0.25,2.0,2.0,-682.634,-0.040273666,0.026617926,27.492172,-0.0010720014,-18.1703,682.70087,682.634,-682.5937,-0.066891596,-682.6606
788.35333,1132.5276,3184.6665,2502.0,13.176471,162.73991,2013.0012,2013.0,0.0,0.0,0.0,0.0,-473.63397,-0.033737183,-0.0046320735,15.979075,0.0001562731,2.1939073,473.67236,473.63397,-473.60022,-0.029105108,-473.62933
1112.1866,1631.88,4553.7803,3524.0,13.183006,162.73947,2013.0024,2013.0,0.0,0.0,0.0,0.0,-149.80066,-0.027201653,-0.0046320735,4.0748253,0.00012600006,0.69388765,149.8325,149.80066,-149.77345,-0.022569578,-149.79602
1404.6866,2080.9536,5787.1157,4400.0,13.189543,162.73909,2013.0043,2013.0,0.0,0.0,0.0,0.0,142.69934,-0.020665169,-0.0046320735,-2.948906,9.572258e-05,-0.6609938,142.72464,142.69934,142.72,-0.016033094,142.70398
1775.3534,2655.5374,7360.0728,5577.0,13.196078,162.73874,2013.0065,2013.0,0.0,0.0,0.0,0.0,513.3661,-0.014129639,-0.0046320735,-7.2536774,6.544952e-05,-2.3779495,513.3849,513.3661,513.38025,-0.009497565,513.3707
503.35336,774.50635,2125.9087,1954.0,13.163399,162.74089,2013.0002,2013.0,0.0,0.0,0.0,0.0,-758.6339,-0.046809196,-0.0046320735,35.511044,0.00021682364,3.514048,758.68536,758.6339,-758.5871,-0.042177122,-758.6293
917.02,1339.9645,3744.74,2995.0,13.169934,162.74039,2013.0005,2013.0,0.0,0.0,0.0,0.0,-344.9673,-0.040273666,-0.0046320735,13.893097,0.00018655058,1.5979139,345.0122,344.9673,-344.927,-0.035641592,-344.96265
1338.52,1995.0043,5536.2466,4383.0,13.176471,162.73991,2013.0012,2013.0,0.0,0.0,0.0,0.0,76.532715,-0.033737183,-0.0046320735,-2.581998,0.0001562731,-0.35450515,76.57108,76.53272,76.56645,-0.029105108,76.537346
1642.3534,2449.1165,6795.2046,5141.0,13.183006,162.73947,2013.0024,2013.0,0.0,0.0,0.0,0.0,380.3661,-0.027201653,-0.0046320735,-10.346586,0.00012600006,-1.7618836,380.39792,380.3661,380.39328,-0.022569578,380.37073
2003.3534,3006.1108,8322.504,6233.0,13.189543,162.73909,2013.0043,2013.0,0.0,0.0,0.0,0.0,741.3661,-0.020665169,-0.0046320735,-15.320456,9.572258e-05,-3.4340622,741.3914,741.3661,741.3868,-0.016033094,741.3707
2249.1868,3380.5793,9353.856,6832.0,13.196078,162.73874,2013.0065,2013.0,0.0,0.0,0.0,0.0,987.19946,-0.014129639,-0.0046320735,-13.948771,6.544952e-05,-4.5727806,987.21826,987.19946,987.2136,-0.009497565,987.2041
471.35336,653.1671,1861.768,1533.0,13.163399,162.74089,2013.0002,2013.0,0.0,0.0,0.0,0.0,-790.6339,-0.046809196,-0.0046320735,37.008938,0.00021682364,3.6622744,790.68536,790.6339,-790.5871,-0.042177122,-790.6293
738.6867,1058.3347,2978.978,2363.0,13.169934,162.74039,2013.0005,2013.0,0.0,0.0,0.0,0.0,-523.3006,-0.040273666,-0.0046320735,21.075233,0.00018655058,2.423967,523.3455,523.3006,-523.2603,-0.035641592,-523.29596
934.52,1350.2186,3788.8542,2859.0,13.176471,162.73991,2013.0012,2013.0,0.0,0.0,0.0,0.0,-327.4673,-0.033737183,-0.0046320735,11.047824,0.0001562731,1.5168525,327.50568,327.4673,-327.43353,-0.029105108,-327.46265
1196.3534,1758.9514,4904.8057,3747.0,13.183006,162.73947,2013.0024,2013.0,0.0,0.0,0.0,0.0,-65.63391,-0.027201653,-0.0046320735,1.7853508,0.00012600006,0.3040211,65.66574,65.63392,-65.60671,-0.022569578,-65.62928
1458.3534,2157.1836,6002.3306,4427.0,13.189543,162.73909,2013.0043,2013.0,0.0,0.0,0.0,0.0,196.36609,-0.020665169,-0.0046320735,-4.0579386,9.572258e-05,-0.90958214,196.39139,196.36609,196.38675,-0.016033094,196.37073
1690.02,2520.4634,6992.9023,5258.0,13.196078,162.73874,2013.0065,2013.0,0.0,0.0,0.0,0.0,428.0327,-0.014129639,-0.0046320735,-6.0479474,6.544952e-05,-1.982679,428.05148,428.0327,428.04684,-0.009497565,428.03735
267.68668,441.42386,1184.9945,1136.0,13.163399,162.74089,2013.0002,2013.0,0.0,0.0,0.0,0.0,-994.30066,-0.046809196,-0.0046320735,46.542416,0.00021682364,4.605674,994.3521,994.30066,-994.25385,-0.042177122,-994.296
618.85333,888.8217,2499.5793,2083.0,13.169934,162.74039,2013.0005,2013.0,0.0,0.0,0.0,0.0,-643.134,-0.040273666,-0.0046320735,25.901363,0.00018655058,2.9790437,643.1789,643.134,-643.0937,-0.035641592,-643.12933
909.52,1320.4744,3698.868,2898.0,13.176471,162.73991,2013.0012,2013.0,0.0,0.0,0.0,0.0,-352.4673,-0.033737183,-0.0046320735,11.891253,0.0001562731,1.6326543,352.50568,352.4673,-352.43353,-0.029105108,-352.46265
1194.1866,1760.6168,4904.625,3807.0,13.183006,162.73947,2013.0024,2013.0,0.0,0.0,0.0,0.0,-67.80066,-0.027201653,-0.0046320735,1.84429,0.00012600006,0.31405765,67.83249,67.80067,-67.77346,-0.022569578,-67.79603
1476.52,2192.9636,6093.1206,4638.0,13.189543,162.73909,2013.0043,2013.0,0.0,0.0,0.0,0.0,214.53271,-0.020665169,-0.0046320735,-4.433355,9.572258e-05,-0.9937313,214.55801,214.53271,214.55338,-0.016033094,214.53735
1755.1866,2621.18,7268.9062,5457.0,13.196078,162.73874,2013.0065,2013.0,0.0,0.0,0.0,0.0,493.19934,-0.014129639,-0.0046320735,-6.9687285,6.544952e-05,-2.2845356,493.2181,493.19934,493.21347,-0.009497565,493.20398
986.1867,1442.2198,4029.3145,3170.0,13.163399,162.74089,2013.0002,2013.0,0.0,0.0,0.0,0.0,-275.8006,-0.046809196,-0.0046320735,12.910005,0.00021682364,1.2775286,275.85205,275.8006,-275.75378,-0.042177122,-275.79596
1294.1866,1927.3687,5350.0713,4247.0,13.169934,162.74039,2013.0005,2013.0,0.0,0.0,0.0,0.0,32.19934,-0.040273666,-0.0046320735,-1.2967855,0.00018655058,-0.14914972,32.244247,32.199368,32.239616,-0.035641592,32.20397
1711.3534,2568.1206,7109.7534,5526.0,13.176471,162.73991,2013.0012,2013.0,0.0,0.0,0.0,0.0,449.3661,-0.033737183,-0.0046320735,-15.160346,0.0001562731,-2.0814967,449.40448,449.3661,449.39984,-0.029105108,449.37073
2058.3533,3091.3904,8555.956,6398.0,13.183006,162.73947,2013.0024,2013.0,0.0,0.0,0.0,0.0,796.36597,-0.027201653,-0.0046320735,-21.66247,0.00012600006,-3.6888256,796.3978,796.36597,796.3932,-0.022569578,796.3706
2354.3533,3550.2473,9812.194,7332.0,13.189543,162.73909,2013.0043,2013.0,0.0,0.0,0.0,0.0,1092.366,-0.020665169,-0.0046320735,-22.573927,9.572258e-05,-5.0599194,1092.3912,1092.366,1092.3866,-0.016033094,1092.3706
2722.1868,4119.5425,11371.674,8468.0,13.196078,162.73874,2013.0065,2013.0,0.0,0.0,0.0,0.0,1460.1995,-0.014129639,-0.0046320735,-20.632092,6.544952e-05,-6.763751,1460.2183,1460.1995,1460.2136,-0.009497565,1460.2041
290.52,424.99878,1187.2367,1092.0,13.163399,162.74089,2013.0002,2013.0,0.0,0.0,0.0,0.0,-971.4673,-0.046809196,-0.0046320735,45.473602,0.00021682364,4.499908,971.51874,971.4673,-971.4205,-0.042177122,-971.46265
606.52,874.493,2455.7869,2069.0,13.169934,162.74039,2013.0005,2013.0,0.0,0.0,0.0,0.0,-655.4673,-0.040273666,-0.0046320735,26.398071,0.00018655058,3.0361726,655.5122,655.4673,-655.427,-0.035641592,-655.46265
953.35333,1393.7744,3894.3975,3094.0,13.176471,162.73991,2013.0012,2013.0,0.0,0.0,0.0,0.0,-308.63397,-0.033737183,-0.0046320735,10.41244,0.0001562731,1.4296153,308.67236,308.63397,-308.60022,-0.029105108,-308.62933
1227.3534,1806.1683,5034.8384,3833.0,13.183006,162.73947,2013.0024,2013.0,0.0,0.0,0.0,0.0,-34.63391,-0.027201653,-0.0046320735,0.94209963,0.00012600006,0.16042683,34.665745,34.633923,-34.60671,-0.022569578,-34.62928
1581.02,2372.1868,6567.655,5184.0,13.189543,162.73909,2013.0043,2013.0,0.0,0.0,0.0,0.0,319.0327,-0.020665169,-0.0046320735,-6.592865,9.572258e-05,-1.477783,319.058,319.0327,319.05338,-0.016033094,319.03735
1991.6866,2988.6826,8274.178,6217.0,13.196078,162.73874,2013.0065,2013.0,0.0,0.0,0.0,0.0,729.69934,-0.014129639,-0.0046320735,-10.310388,6.544952e-05,-3.3800209,729.71814,729.69934,729.7135,-0.009497565,729.704
465.52002,650.0218,1847.4022,1548.0,13.163399,162.74089,2013.0002,2013.0,0.0,0.0,0.0,0.0,-796.4673,-0.046809196,-0.0046320735,37.281994,0.00021682364,3.689295,796.51874,796.4673,-796.4205,-0.042177122,-796.46265
767.1867,1107.5664,3108.8533,2501.0,13.169934,162.74039,2013.0005,2013.0,0.0,0.0,0.0,0.0,-494.8006,-0.040273666,-0.0046320735,19.927435,0.00018655058,2.2919526,494.84552,494.8006,-494.7603,-0.035641592,-494.79596
1008.6867,1467.1057,4106.907,3128.0,13.176471,162.73991,2013.0012,2013.0,0.0,0.0,0.0,0.0,-253.3006,-0.033737183,-0.0046320735,8.545649,0.0001562731,1.173307,253.33897,253.3006,-253.26686,-0.029105108,-253.29596
1287.3534,1908.0322,5305.3374,4141.0,13.183006,162.73947,2013.0024,2013.0,0.0,0.0,0.0,0.0,25.366089,-0.027201653,-0.0046320735,-0.6899995,0.00012600006,-0.117497586,25.397924,25.366104,25.393291,-0.022569578,25.370722
1620.3534,2414.102,6700.202,5062.0,13.189543,162.73909,2013.0043,2013.0,0.0,0.0,0.0,0.0,358.3661,-0.020665169,-0.0046320735,-7.405696,9.572258e-05,-1.659978,358.3914,358.3661,358.38675,-0.016033094,358.37073
2060.6868,3097.197,8569.814,6463.0,13.196078,162.73874,2013.0065,2013.0,0.0,0.0,0.0,0.0,798.69946,-0.014129639,-0.0046320735,-11.285335,6.544952e-05,-3.6996346,798.71826,798.69946,798.7136,-0.009497565,798.7041
336.02,649.1976,1668.7552,1643.0,13.163399,162.74089,2013.0002,2013.0,0.0,0.0,0.0,0.0,-925.9673,-0.046809196,-0.0046320735,43.343784,0.00021682364,4.2891483,926.01874,925.9673,-925.9205,-0.042177122,-925.96265
795.52,1181.7821,3283.315,2793.0,13.169934,162.74039,2013.0005,2013.0,0.0,0.0,0.0,0.0,-466.4673,-0.040273666,-0.0046320735,18.786348,0.00018655058,2.1607108,466.5122,466.4673,-466.427,-0.035641592,-466.46265
1171.02,1711.7017,4783.0264,3491.0,13.176471,162.73991,2013.0012,2013.0,0.0,0.0,0.0,0.0,-90.967285,-0.033737183,-0.0046320735,3.06898,0.0001562731,0.42136714,91.00565,90.96729,-90.93355,-0.029105108,-90.962654
1385.8534,2058.5996,5719.5015,4431.0,13.183006,162.73947,2013.0024,2013.0,0.0,0.0,0.0,0.0,123.86609,-0.027201653,-0.0046320735,-3.3693624,0.00012600006,-0.5737568,123.89792,123.86609,123.89329,-0.022569578,123.87072
1671.6866,2488.3142,6908.383,5109.0,13.189543,162.73909,2013.0043,2013.0,0.0,0.0,0.0,0.0,409.69934,-0.020665169,-0.0046320735,-8.466506,9.572258e-05,-1.8977574,409.72464,409.69934,409.72,-0.016033094,409.70398
1949.8534,2922.0352,8093.3936,6049.0,13.196078,162.73874,2013.0065,2013.0,0.0,0.0,0.0,0.0,687.8661,-0.014129639,-0.0046320735,-9.719299,6.544952e-05,-3.1862462,687.8849,687.8661,687.88025,-0.009497565,687.8707
236.18666,399.06644,1063.4731,1020.0,13.163399,162.74089,2013.0002,2013.0,0.0,0.0,0.0,0.0,-1025.8007,-0.046809196,-0.0046320735,48.016903,0.00021682364,4.751584,1025.852,1025.8007,-1025.7539,-0.042177122,-1025.796
530.85333,759.7517,2139.3796,1822.0,13.169934,162.74039,2013.0005,2013.0,0.0,0.0,0.0,0.0,-731.134,-0.040273666,-0.0046320735,29.445446,0.00018655058,3.3866663,731.1789,731.134,-731.0937,-0.035641592,-731.12933
863.6867,1253.9027,3512.4192,2793.0,13.176471,162.73991,2013.0012,2013.0,0.0,0.0,0.0,0.0,-398.3006,-0.033737183,-0.0046320735,13.43754,0.0001562731,1.8449576,398.339,398.3006,-398.26685,-0.029105108,-398.29596
1168.6866,1719.3746,4793.351,3704.0,13.183006,162.73947,2013.0024,2013.0,0.0,0.0,0.0,0.0,-93.30066,-0.027201653,-0.0046320735,2.5379322,0.00012600006,0.43217552,93.33249,93.30066,-93.27346,-0.022569578,-93.29603
1470.52,2180.3347,6061.673,4562.0,13.189543,162.73909,2013.0043,2013.0,0.0,0.0,0.0,0.0,208.53271,-0.020665169,-0.0046320735,-4.309364,9.572258e-05,-0.96593887,208.55801,208.53271,208.55338,-0.016033094,208.53735
1853.52,2774.333,7687.5117,5780.0,13.196078,162.73874,2013.0065,2013.0,0.0,0.0,0.0,0.0,591.5327,-0.014129639,-0.0046320735,-8.358144,6.544952e-05,-2.740023,591.5515,591.5327,591.5469,-0.009497565,591.53735
900.52,1318.671,3682.4019,2974.0,13.163399,162.74089,2013.0002,2013.0,0.0,0.0,0.0,0.0,-361.4673,-0.046809196,-0.0046320735,16.919992,0.00021682364,1.674343,361.51874,361.4673,-361.42047,-0.042177122,-361.46265
1221.1866,1798.9039,5012.789,3837.0,13.169934,162.74039,2013.0005,2013.0,0.0,0.0,0.0,0.0,-40.80066,-0.040273666,-0.0046320735,1.6431922,0.00018655058,0.18899165,40.845566,40.80068,-40.760384,-0.035641592,-40.79603
1457.02,2157.6072,6001.149,4467.0,13.176471,162.73991,2013.0012,2013.0,0.0,0.0,0.0,0.0,195.03271,-0.033737183,-0.0046320735,-6.5798545,0.0001562731,-0.90340585,195.07109,195.03271,195.06645,-0.029105108,195.03735
1689.6866,2521.2058,6993.757,5267.0,13.183006,162.73947,2013.0024,2013.0,0.0,0.0,0.0,0.0,427.69934,-0.027201653,-0.0046320735,-11.634129,0.00012600006,-1.9811348,427.73117,427.69934,427.72653,-0.022569578,427.70398
2037.1866,3056.1555,8461.75,6285.0,13.189543,162.73909,2013.0043,2013.0,0.0,0.0,0.0,0.0,775.19934,-0.020665169,-0.0046320735,-16.019625,9.572258e-05,-3.5907803,775.2247,775.19934,775.22003,-0.016033094,775.204
2338.6868,3528.7793,9750.802,7347.0,13.196078,162.73874,2013.0065,2013.0,0.0,0.0,0.0,0.0,1076.6995,-0.014129639,-0.0046320735,-15.213374,6.544952e-05,-4.987351,1076.7183,1076.6995,1076.7136,-0.009497565,1076.7041
498.35336,725.47473,2030.198,1782.0,13.163399,162.74089,2013.0002,2013.0,0.0,0.0,0.0,0.0,-763.6339,-0.046809196,-0.0046320735,35.74509,0.00021682364,3.5372083,763.68536,763.6339,-763.5871,-0.042177122,-763.6293
800.85333,1158.5533,3249.5269,2602.0,13.169934,162.74039,2013.0005,2013.0,0.0,0.0,0.0,0.0,-461.13397,-0.040273666,-0.0046320735,18.571556,0.00018655058,2.1360064,461.1789,461.13397,-461.0937,-0.035641592,-461.12933
1007.1867,1466.2749,4103.2134,3145.0,13.176471,162.73991,2013.0012,2013.0,0.0,0.0,0.0,0.0,-254.8006,-0.033737183,-0.0046320735,8.596254,0.0001562731,1.180255,254.83897,254.8006,-254.76686,-0.029105108,-254.79596
1217.1866,1786.2683,4984.2783,3727.0,13.183006,162.73947,2013.0024,2013.0,0.0,0.0,0.0,0.0,-44.80066,-0.027201653,-0.0046320735,1.218652,0.00012600006,0.20751995,44.832493,44.800667,-44.773457,-0.022569578,-44.79603
1453.1866,2146.5247,5975.6465,4309.0,13.189543,162.73909,2013.0043,2013.0,0.0,0.0,0.0,0.0,191.19934,-0.020665169,-0.0046320735,-3.9511666,9.572258e-05,-0.8856494,191.22464,191.19934,191.22,-0.016033094,191.20398
1609.3534,2391.2986,6643.166,4913.0,13.196078,162.73874,2013.0065,2013.0,0.0,0.0,0.0,0.0,347.3661,-0.014129639,-0.0046320735,-4.9081573,6.544952e-05,-1.6090252,347.38486,347.3661,347.38022,-0.009497565,347.37073
932.6867,1361.7096,3806.664,3020.0,13.163399,162.74089,2013.0002,2013.0,0.0,0.0,0.0,0.0,-329.3006,-0.046809196,-0.0046320735,15.414296,0.00021682364,1.5253446,329.35205,329.3006,-329.25378,-0.042177122,-329.29596
1242.02,1841.0698,5118.923,4024.0,13.169934,162.74039,2013.0005,2013.0,0.0,0.0,0.0,0.0,-19.967285,-0.040273666,-0.0046320735,0.80415577,0.00018655058,0.09248993,20.012192,19.967327,-19.927011,-0.035641592,-19.962652
1527.3534,2268.335,6302.663,4725.0,13.176471,162.73991,2013.0012,2013.0,0.0,0.0,0.0,0.0,265.3661,-0.033737183,-0.0046320735,-8.952704,0.0001562731,-1.2291952,265.40448,265.3661,265.39984,-0.029105108,265.37073
1785.02,2674.0017,7407.375,5652.0,13.183006,162.73947,2013.0024,2013.0,0.0,0.0,0.0,0.0,523.0327,-0.027201653,-0.0046320735,-14.227354,0.00012600006,-2.422726,523.0646,523.0327,523.05994,-0.022569578,523.03735
2061.3533,3092.9988,8563.192,6345.0,13.189543,162.73909,2013.0043,2013.0,0.0,0.0,0.0,0.0,799.36597,-0.020665169,-0.0046320735,-16.519033,9.572258e-05,-3.7027218,799.3913,799.36597,799.38666,-0.016033094,799.3706
2362.3533,3561.917,9844.823,7349.0,13.196078,162.73874,2013.0065,2013.0,0.0,0.0,0.0,0.0,1100.366,-0.014129639,-0.0046320735,-15.547773,6.544952e-05,-5.096976,1100.3848,1100.366,1100.3801,-0.009497565,1100.3706
1006.85333,1472.6632,4114.1475,3220.0,13.163399,162.74089,2013.0002,2013.0,0.0,0.0,0.0,0.0,-255.13397,-0.046809196,-0.0046320735,11.942616,0.00021682364,1.1817993,255.18542,255.13399,-255.08716,-0.042177122,-255.12933
1324.3534,1978.2457,5485.5034,4383.0,13.169934,162.74039,2013.0005,2013.0,0.0,0.0,0.0,0.0,62.36609,-0.040273666,-0.0046320735,-2.5117111,0.00018655058,-0.2888843,62.410995,62.366104,62.406364,-0.035641592,62.37072
1623.6866,2419.6875,6715.1016,5067.0,13.176471,162.73991,2013.0012,2013.0,0.0,0.0,0.0,0.0,361.69934,-0.033737183,-0.0046320735,-12.202717,0.0001562731,-1.6754179,361.73773,361.69934,361.7331,-0.029105108,361.70398
1834.02,2740.5352,7598.318,5623.0,13.183006,162.73947,2013.0024,2013.0,0.0,0.0,0.0,0.0,572.0327,-0.027201653,-0.0046320735,-15.560235,0.00012600006,-2.6496975,572.0646,572.0327,572.05994,-0.022569578,572.03735
2173.1868,3268.9238,9042.442,6755.0,13.189543,162.73909,2013.0043,2013.0,0.0,0.0,0.0,0.0,911.19946,-0.020665169,-0.0046320735,-18.830091,9.572258e-05,-4.2207427,911.2248,911.19946,911.22015,-0.016033094,911.2041
2553.1868,3858.7876,10656.631,7968.0,13.196078,162.73874,2013.0065,2013.0,0.0,0.0,0.0,0.0,1291.1995,-0.014129639,-0.0046320735,-18.244183,6.544952e-05,-5.980931,1291.2183,1291.1995,1291.2136,-0.009497565,1291.2041
422.18668,607.5929,1707.4235,1510.0,13.163399,162.74089,2013.0002,2013.0,0.0,0.0,0.0,0.0,-839.80066,-0.046809196,-0.0046320735,39.310394,0.00021682364,3.8900182,839.8521,839.80066,-839.75385,-0.042177122,-839.796
745.6867,1107.8235,3077.768,2640.0,13.169934,162.74039,2013.0005,2013.0,0.0,0.0,0.0,0.0,-516.3006,-0.040273666,-0.0046320735,20.793318,0.00018655058,2.3915422,516.3455,516.3006,-516.2603,-0.035641592,-516.29596
1128.52,1663.561,4634.492,3645.0,13.176471,162.73991,2013.0012,2013.0,0.0,0.0,0.0,0.0,-133.46729,-0.033737183,-0.0046320735,4.50281,0.0001562731,0.6182303,133.50566,133.46729,-133.43355,-0.029105108,-133.46265
1470.6866,2190.7615,6080.682,4710.0,13.183006,162.73947,2013.0024,2013.0,0.0,0.0,0.0,0.0,208.69934,-0.027201653,-0.0046320735,-5.676967,0.00012600006,-0.9667107,208.73119,208.69934,208.72655,-0.022569578,208.70398
1725.8534,2572.103,7137.9263,5274.0,13.189543,162.73909,2013.0043,2013.0,0.0,0.0,0.0,0.0,463.8661,-0.020665169,-0.0046320735,-9.585871,9.572258e-05,-2.1486619,463.8914,463.8661,463.88675,-0.016033094,463.87073
2005.6866,3002.7114,8319.739,6056.0,13.196078,162.73874,2013.0065,2013.0,0.0,0.0,0.0,0.0,743.69934,-0.014129639,-0.0046320735,-10.508203,6.544952e-05,-3.44487,743.71814,743.69934,743.7135,-0.009497565,743.704
248.68666,372.4722,1031.8662,961.0,13.163399,162.74089,2013.0002,2013.0,0.0,0.0,0.0,0.0,-1013.30066,-0.046809196,-0.0046320735,47.43179,0.00021682364,4.693683,1013.3521,1013.30066,-1013.25385,-0.042177122,-1013.296
545.1867,790.2676,2214.9458,1913.0,13.169934,162.74039,2013.0005,2013.0,0.0,0.0,0.0,0.0,-716.8006,-0.040273666,-0.0046320735,28.868189,0.00018655058,3.320273,716.8455,716.8006,-716.7603,-0.035641592,-716.79596
819.85333,1187.3822,3329.0146,2662.0,13.176471,162.73991,2013.0012,2013.0,0.0,0.0,0.0,0.0,-442.13397,-0.033737183,-0.0046320735,14.916354,0.0001562731,2.047997,442.17236,442.13397,-442.10022,-0.029105108,-442.12933
1101.1866,1606.475,4492.1577,3359.0,13.183006,162.73947,2013.0024,2013.0,0.0,0.0,0.0,0.0,-160.80066,-0.027201653,-0.0046320735,4.3740435,0.00012600006,0.74484044,160.8325,160.80066,-160.77345,-0.022569578,-160.79602
1334.1866,1968.5061,5482.2812,4122.0,13.189543,162.73909,2013.0043,2013.0,0.0,0.0,0.0,0.0,72.19934,-0.020665169,-0.0046320735,-1.4920115,9.572258e-05,-0.33443266,72.22464,72.19934,72.22001,-0.016033094,72.20397
1635.1866,2445.2168,6777.79,5236.0,13.196078,162.73874,2013.0065,2013.0,0.0,0.0,0.0,0.0,373.19934,-0.014129639,-0.0046320735,-5.273172,6.544952e-05,-1.7286868,373.2181,373.19934,373.21347,-0.009497565,373.20398
670.1867,958.5656,2699.8408,2187.0,13.169934,162.82173,2014.0002,2014.0,0.03125,0.1753681,1.4142135,1.0,-591.8006,-0.040273666,0.026617926,23.83398,-0.0010720014,-15.752504,591.8675,591.8006,-591.7603,-0.066891596,-591.8272
991.52,1469.8319,4086.6492,3353.0,13.176471,162.82123,2014.0005,2014.0,0.015625,0.125,1.0,1.0,-270.4673,-0.033737183,0.010992927,9.1248045,-0.00037087037,-2.973227,270.51202,270.4673,-270.43353,-0.04473011,-270.47827
1374.8534,2028.5383,5649.4395,4165.0,13.183006,162.82076,2014.0012,2014.0,0.0,0.0,0.0,0.0,112.86609,-0.027201653,-0.0046320735,-3.0701442,0.00012600006,-0.522804,112.89792,112.8661,112.89329,-0.022569578,112.87072
1543.8534,2289.819,6365.3164,4688.0,13.189543,162.82033,2014.0024,2014.0,0.0,0.0,0.0,0.0,281.8661,-0.020665169,-0.0046320735,-5.8248105,9.572258e-05,-1.3056245,281.8914,281.8661,281.88675,-0.016033094,281.87073
336.52,481.49615,1355.9746,1220.0,13.169934,162.82173,2014.0002,2014.0,0.0,0.0,0.0,0.0,-925.4673,-0.040273666,-0.0046320735,37.27196,0.00018655058,4.2868323,925.5122,925.4673,-925.427,-0.035641592,-925.46265
628.6867,905.14844,2543.2166,2123.0,13.176471,162.82123,2014.0005,2014.0,0.0,0.0,0.0,0.0,-633.3006,-0.033737183,-0.0046320735,21.365778,0.0001562731,2.9334948,633.339,633.3006,-633.26685,-0.029105108,-633.29596
993.85333,1455.3219,4064.022,3214.0,13.183006,162.82076,2014.0012,2014.0,0.0,0.0,0.0,0.0,-268.13397,-0.027201653,-0.0046320735,7.2936873,0.00012600006,1.2420162,268.1658,268.13397,-268.10678,-0.022569578,-268.12933
1300.3534,1930.6415,5364.923,4210.0,13.189543,162.82033,2014.0024,2014.0,0.0,0.0,0.0,0.0,38.36609,-0.020665169,-0.0046320735,-0.7928417,9.572258e-05,-0.17771454,38.391384,38.366093,38.386753,-0.016033094,38.37072
1702.6866,2538.7053,7044.145,5262.0,13.196078,162.81993,2014.0043,2014.0,0.0,0.0,0.0,0.0,440.69934,-0.014129639,-0.0046320735,-6.2269225,6.544952e-05,-2.0413518,440.7181,440.69934,440.71347,-0.009497565,440.70398
1931.52,2888.4546,8006.277,5852.0,13.202615,162.81958,2014.0065,2014.0,0.0,0.0,0.0,0.0,669.5327,-0.007593155,-0.0046320735,-5.0838656,3.5172052e-05,-3.1013248,669.5449,669.5327,669.5403,-0.0029610815,669.53735
586.6867,889.80634,2454.3806,2207.0,13.169934,162.82173,2014.0002,2014.0,0.0,0.0,0.0,0.0,-675.3006,-0.040273666,-0.0046320735,27.19683,0.00018655058,3.128042,675.3455,675.3006,-675.2603,-0.035641592,-675.29596
982.6867,1454.6389,4046.4688,3313.0,13.176471,162.82123,2014.0005,2014.0,0.0,0.0,0.0,0.0,-279.3006,-0.033737183,-0.0046320735,9.422815,0.0001562731,1.2937409,279.339,279.3006,-279.26685,-0.029105108,-279.29596
1388.3534,2060.2173,5726.048,4405.0,13.183006,162.82076,2014.0012,2014.0,0.0,0.0,0.0,0.0,126.36609,-0.027201653,-0.0046320735,-3.4373665,0.00012600006,-0.585337,126.39792,126.3661,126.39329,-0.022569578,126.37072
1677.52,2501.833,6941.202,5219.0,13.189543,162.82033,2014.0024,2014.0,0.0,0.0,0.0,0.0,415.5327,-0.020665169,-0.0046320735,-8.587053,9.572258e-05,-1.9247781,415.558,415.5327,415.55338,-0.016033094,415.53735
468.68668,705.2564,1950.6245,1774.0,13.169934,162.82173,2014.0002,2014.0,0.0,0.0,0.0,0.0,-793.30066,-0.040273666,-0.0046320735,31.949125,0.00018655058,3.6746268,793.3456,793.30066,-793.2604,-0.035641592,-793.296
845.35333,1240.6102,3461.6907,2849.0,13.176471,162.82123,2014.0005,2014.0,0.0,0.0,0.0,0.0,-416.63397,-0.033737183,-0.0046320735,14.056056,0.0001562731,1.9298792,416.67236,416.63397,-416.60022,-0.029105108,-416.62933
1263.1866,1859.3254,5182.5957,3900.0,13.183006,162.82076,2014.0012,2014.0,0.0,0.0,0.0,0.0,1.1993408,-0.027201653,-0.0046320735,-0.03262405,0.00012600006,-0.0055554346,1.2311746,1.1996582,1.2265425,-0.022569578,1.2039729
1533.8534,2280.7188,6334.4,4795.0,13.189543,162.82033,2014.0024,2014.0,0.0,0.0,0.0,0.0,271.8661,-0.020665169,-0.0046320735,-5.618159,9.572258e-05,-1.2593037,271.8914,271.8661,271.88675,-0.016033094,271.87073
1921.8534,2878.0823,7973.5757,5941.0,13.196078,162.81993,2014.0043,2014.0,0.0,0.0,0.0,0.0,659.8661,-0.014129639,-0.0046320735,-9.323669,6.544952e-05,-3.056548,659.8849,659.8661,659.88025,-0.009497565,659.8707
2213.52,3326.515,9204.701,6763.0,13.202615,162.81958,2014.0065,2014.0,0.0,0.0,0.0,0.0,951.5327,-0.007593155,-0.0046320735,-7.2251353,3.5172052e-05,-4.4075694,951.5449,951.5327,951.5403,-0.0029610815,951.53735
601.02,859.15466,2420.348,2008.0,13.169934,162.82173,2014.0002,2014.0,0.0,0.0,0.0,0.0,-660.9673,-0.040273666,-0.0046320735,26.619576,0.00018655058,3.061649,661.0122,660.9673,-660.927,-0.035641592,-660.96265
927.6867,1351.9929,3781.936,2988.0,13.176471,162.82123,2014.0005,2014.0,0.0,0.0,0.0,0.0,-334.3006,-0.033737183,-0.0046320735,11.27836,0.0001562731,1.548505,334.339,334.3006,-334.26685,-0.029105108,-334.29596
1253.52,1842.2172,5137.7715,3826.0,13.183006,162.82076,2014.0012,2014.0,0.0,0.0,0.0,0.0,-8.467285,-0.027201653,-0.0046320735,0.23032415,0.00012600006,0.039221086,8.499119,8.46733,-8.4400835,-0.022569578,-8.462653
1457.02,2159.1274,6003.882,4507.0,13.189543,162.82033,2014.0024,2014.0,0.0,0.0,0.0,0.0,195.03271,-0.020665169,-0.0046320735,-4.030384,9.572258e-05,-0.90340585,195.05801,195.03271,195.05338,-0.016033094,195.03735
836.02,1212.087,3396.9622,2706.0,13.169934,162.82173,2014.0002,2014.0,0.0,0.0,0.0,0.0,-425.9673,-0.040273666,-0.0046320735,17.155264,0.00018655058,1.9731117,426.0122,425.9673,-425.927,-0.035641592,-425.96265
1135.6866,1674.809,4665.151,3666.0,13.176471,162.82123,2014.0005,2014.0,0.0,0.0,0.0,0.0,-126.30066,-0.033737183,-0.0046320735,4.2610283,0.0001562731,0.58503395,126.33903,126.30066,-126.26692,-0.029105108,-126.29603
1473.3534,2182.9075,6070.424,4518.0,13.183006,162.82076,2014.0012,2014.0,0.0,0.0,0.0,0.0,211.36609,-0.027201653,-0.0046320735,-5.749507,0.00012600006,-0.9790633,211.39793,211.36609,211.3933,-0.022569578,211.37073
1747.02,2609.3354,7235.7188,5433.0,13.189543,162.82033,2014.0024,2014.0,0.0,0.0,0.0,0.0,485.0327,-0.020665169,-0.0046320735,-10.023283,9.572258e-05,-2.2467072,485.058,485.0327,485.05338,-0.016033094,485.03735
388.85336,588.8276,1625.0634,1502.0,13.169934,162.82173,2014.0002,2014.0,0.0,0.0,0.0,0.0,-873.1339,-0.040273666,-0.0046320735,35.164303,0.00018655058,4.0444202,873.17883,873.1339,-873.0936,-0.035641592,-873.1293
747.52,1106.7737,3078.5479,2626.0,13.176471,162.82123,2014.0005,2014.0,0.0,0.0,0.0,0.0,-514.4673,-0.033737183,-0.0046320735,17.356676,0.0001562731,2.3830502,514.5057,514.4673,-514.43353,-0.029105108,-514.46265
1197.52,1764.245,4916.0073,3794.0,13.183006,162.82076,2014.0012,2014.0,0.0,0.0,0.0,0.0,-64.467285,-0.027201653,-0.0046320735,1.7536167,0.00012600006,0.2986172,64.499115,64.46729,-64.44009,-0.022569578,-64.462654
1528.8534,2278.3975,6322.961,4862.0,13.189543,162.82033,2014.0024,2014.0,0.0,0.0,0.0,0.0,266.8661,-0.020665169,-0.0046320735,-5.514833,9.572258e-05,-1.2361434,266.8914,266.8661,266.88675,-0.016033094,266.87073
398.85336,616.5707,1689.7635,1577.0,13.169934,162.82173,2014.0002,2014.0,0.0,0.0,0.0,0.0,-863.1339,-0.040273666,-0.0046320735,34.761566,0.00018655058,3.9980996,863.17883,863.1339,-863.0936,-0.035641592,-863.1293
745.02,1085.4772,3036.714,2516.0,13.176471,162.82123,2014.0005,2014.0,0.0,0.0,0.0,0.0,-516.9673,-0.033737183,-0.0046320735,17.44102,0.0001562731,2.3946304,517.0057,516.9673,-516.93353,-0.029105108,-516.96265
1125.6866,1656.9515,4618.4917,3612.0,13.183006,162.82076,2014.0012,2014.0,0.0,0.0,0.0,0.0,-136.30066,-0.027201653,-0.0046320735,3.7076032,0.00012600006,0.6313547,136.3325,136.30066,-136.27345,-0.022569578,-136.29602
1353.3534,1995.498,5558.7275,4115.0,13.189543,162.82033,2014.0024,2014.0,0.0,0.0,0.0,0.0,91.36609,-0.020665169,-0.0046320735,-1.8880956,9.572258e-05,-0.42321444,91.39139,91.36609,91.38676,-0.016033094,91.37072
1676.52,2499.978,6936.4087,5217.0,13.196078,162.81993,2014.0043,2014.0,0.0,0.0,0.0,0.0,414.5327,-0.014129639,-0.0046320735,-5.8571973,6.544952e-05,-1.920146,414.55148,414.5327,414.54684,-0.009497565,414.53735
1883.8534,2814.9607,7804.706,5717.0,13.202615,162.81958,2014.0065,2014.0,0.0,0.0,0.0,0.0,621.8661,-0.007593155,-0.0046320735,-4.7219257,3.5172052e-05,-2.8805294,621.8783,621.8661,621.87366,-0.0029610815,621.8707
686.1867,996.5563,2791.1887,2330.0,13.169934,162.82173,2014.0002,2014.0,0.0,0.0,0.0,0.0,-575.8006,-0.040273666,-0.0046320735,23.189602,0.00018655058,2.6671507,575.8455,575.8006,-575.7603,-0.035641592,-575.79596
1015.35333,1489.2101,4156.247,3286.0,13.176471,162.82123,2014.0005,2014.0,0.0,0.0,0.0,0.0,-246.63397,-0.033737183,-0.0046320735,8.320735,0.0001562731,1.1424267,246.67235,246.63397,-246.60023,-0.029105108,-246.62933
1393.02,2067.3884,5745.738,4419.0,13.183006,162.82076,2014.0012,2014.0,0.0,0.0,0.0,0.0,131.03271,-0.027201653,-0.0046320735,-3.5643065,0.00012600006,-0.60695314,131.06456,131.03271,131.05992,-0.022569578,131.03735
1683.8534,2508.362,6962.153,5168.0,13.189543,162.82033,2014.0024,2014.0,0.0,0.0,0.0,0.0,421.8661,-0.020665169,-0.0046320735,-8.717934,9.572258e-05,-1.9541147,421.8914,421.8661,421.88675,-0.016033094,421.87073
653.02,948.48145,2656.4443,2237.0,13.169934,162.82173,2014.0002,2014.0,0.0,0.0,0.0,0.0,-608.9673,-0.040273666,-0.0046320735,24.525345,0.00018655058,2.8207812,609.0122,608.9673,-608.927,-0.035641592,-608.96265
967.6867,1414.292,3952.1658,3121.0,13.176471,162.82123,2014.0005,2014.0,0.0,0.0,0.0,0.0,-294.3006,-0.033737183,-0.0046320735,9.928873,0.0001562731,1.363222,294.339,294.3006,-294.26685,-0.029105108,-294.29596
1362.1866,2024.2189,5623.2217,4379.0,13.183006,162.82076,2014.0012,2014.0,0.0,0.0,0.0,0.0,100.19934,-0.027201653,-0.0046320735,-2.7255876,0.00012600006,-0.4641307,100.23117,100.19935,100.22654,-0.022569578,100.20397
1668.1866,2488.0762,6902.8755,5203.0,13.189543,162.82033,2014.0024,2014.0,0.0,0.0,0.0,0.0,406.19934,-0.020665169,-0.0046320735,-8.394178,9.572258e-05,-1.8815452,406.22464,406.19934,406.22,-0.016033094,406.20398
2026.1866,3043.2402,8422.538,6339.0,13.196078,162.81993,2014.0043,2014.0,0.0,0.0,0.0,0.0,764.19934,-0.014129639,-0.0046320735,-10.79786,6.544952e-05,-3.5398276,764.21814,764.19934,764.2135,-0.009497565,764.204
2302.3533,3465.4014,9583.842,7075.0,13.202615,162.81958,2014.0065,2014.0,0.0,0.0,0.0,0.0,1040.366,-0.007593155,-0.0046320735,-7.89966,3.5172052e-05,-4.8190517,1040.3782,1040.366,1040.3735,-0.0029610815,1040.3706
1147.02,1694.6945,4717.4014,3723.0,13.169934,162.82173,2014.0002,2014.0,0.0,0.0,0.0,0.0,-114.967285,-0.040273666,-0.0046320735,4.630154,0.00018655058,0.5325369,115.01219,114.96729,-114.92701,-0.035641592,-114.962654
1474.1866,2186.4639,6078.032,4561.0,13.176471,162.82123,2014.0005,2014.0,0.0,0.0,0.0,0.0,212.19934,-0.033737183,-0.0046320735,-7.159008,0.0001562731,-0.9829229,212.23772,212.19934,212.23308,-0.029105108,212.20398
1772.52,2646.1416,7339.025,5445.0,13.183006,162.82076,2014.0012,2014.0,0.0,0.0,0.0,0.0,510.5327,-0.027201653,-0.0046320735,-13.887334,0.00012600006,-2.364825,510.56454,510.5327,510.5599,-0.022569578,510.53735
2104.52,3163.8376,8753.477,6561.0,13.189543,162.82033,2014.0024,2014.0,0.0,0.0,0.0,0.0,842.5327,-0.020665169,-0.0046320735,-17.411081,9.572258e-05,-3.9026735,842.55804,842.5327,842.5534,-0.016033094,842.53735
2423.1868,3652.0325,10095.431,7420.0,13.196078,162.81993,2014.0043,2014.0,0.0,0.0,0.0,0.0,1161.1995,-0.014129639,-0.0046320735,-16.40733,6.544952e-05,-5.3787613,1161.2183,1161.1995,1161.2136,-0.009497565,1161.2041
2780.8535,4202.6523,11606.477,8393.0,13.202615,162.81958,2014.0065,2014.0,0.0,0.0,0.0,0.0,1518.8662,-0.007593155,-0.0046320735,-11.532987,3.5172052e-05,-7.0355,1518.8784,1518.8662,1518.8738,-0.0029610815,1518.8708
1102.02,1622.9387,4522.8687,3557.0,13.169934,162.82173,2014.0002,2014.0,0.0,0.0,0.0,0.0,-159.96729,-0.040273666,-0.0046320735,6.442469,0.00018655058,0.7409802,160.01219,159.9673,-159.92702,-0.035641592,-159.96265
1391.1866,2064.8154,5738.442,4412.0,13.176471,162.82123,2014.0005,2014.0,0.0,0.0,0.0,0.0,129.19934,-0.033737183,-0.0046320735,-4.358822,0.0001562731,-0.59846085,129.23772,129.19934,129.23308,-0.029105108,129.20398
1728.02,2578.5059,7152.6064,5337.0,13.183006,162.82076,2014.0012,2014.0,0.0,0.0,0.0,0.0,466.0327,-0.027201653,-0.0046320735,-12.67686,0.00012600006,-2.1586978,466.06454,466.0327,466.0599,-0.022569578,466.03735
2000.1866,2999.1975,8305.444,6170.0,13.189543,162.82033,2014.0024,2014.0,0.0,0.0,0.0,0.0,738.19934,-0.020665169,-0.0046320735,-15.255014,9.572258e-05,-3.4193935,738.2247,738.19934,738.22003,-0.016033094,738.204
2343.52,3530.925,9761.644,7239.0,13.196078,162.81993,2014.0043,2014.0,0.0,0.0,0.0,0.0,1081.5327,-0.014129639,-0.0046320735,-15.281667,6.544952e-05,-5.009739,1081.5515,1081.5327,1081.5469,-0.009497565,1081.5374
2632.52,3974.8074,10980.73,8025.0,13.202615,162.81958,2014.0065,2014.0,0.0,0.0,0.0,0.0,1370.5327,-0.007593155,-0.0046320735,-10.406667,3.5172052e-05,-6.348408,1370.5449,1370.5327,1370.5403,-0.0029610815,1370.5374
2825.8535,4276.7515,11805.325,8639.0,13.169934,162.82173,2014.0002,2014.0,0.0,0.0,0.0,0.0,1563.8662,-0.040273666,-0.0046320735,-62.982628,0.00018655058,-7.243943,1563.9111,1563.8662,1563.9065,-0.035641592,1563.8708
3063.6868,4646.451,12816.575,9424.0,13.176471,162.82123,2014.0005,2014.0,0.0,0.0,0.0,0.0,1801.6995,-0.033737183,-0.0046320735,-60.784264,0.0001562731,-8.345604,1801.7378,1801.6995,1801.7332,-0.029105108,1801.7041
3309.5203,5024.588,13854.601,10095.0,13.183006,162.82076,2014.0012,2014.0,0.0,0.0,0.0,0.0,2047.533,-0.027201653,-0.0046320735,-55.69628,0.00012600006,-9.4843235,2047.5648,2047.533,2047.5602,-0.022569578,2047.5376
3506.0203,5326.955,14684.526,10616.0,13.189543,162.82033,2014.0024,2014.0,0.0,0.0,0.0,0.0,2244.033,-0.020665169,-0.0046320735,-46.37332,9.572258e-05,-10.394526,2244.0583,2244.033,2244.0537,-0.016033094,2244.0376
3815.0203,5806.1606,15996.367,11605.0,13.196078,162.81993,2014.0043,2014.0,0.0,0.0,0.0,0.0,2553.033,-0.014129639,-0.0046320735,-36.073433,6.544952e-05,-11.825836,2553.0518,2553.033,2553.047,-0.009497565,2553.0376
4029.1868,6136.8877,16903.047,12223.0,13.202615,162.81958,2014.0065,2014.0,0.0,0.0,0.0,0.0,2767.1995,-0.007593155,-0.0046320735,-21.011774,3.5172052e-05,-12.817871,2767.2117,2767.1995,2767.207,-0.0029610815,2767.204
599.35333,883.66797,2461.6443,2145.0,13.169934,162.82173,2014.0002,2014.0,0.0,0.0,0.0,0.0,-662.634,-0.040273666,-0.0046320735,26.686699,0.00018655058,3.0693693,662.6789,662.634,-662.5937,-0.035641592,-662.62933
946.52,1385.6346,3869.7954,3091.0,13.176471,162.82123,2014.0005,2014.0,0.0,0.0,0.0,0.0,-315.4673,-0.033737183,-0.0046320735,10.642978,0.0001562731,1.4612676,315.50568,315.4673,-315.43353,-0.029105108,-315.46265
1338.3534,1979.3182,5507.78,4197.0,13.183006,162.82076,2014.0012,2014.0,0.0,0.0,0.0,0.0,76.36609,-0.027201653,-0.0046320735,-2.0772839,0.00012600006,-0.35373333,76.39792,76.3661,76.39329,-0.022569578,76.37072
1589.1866,2362.7908,6562.544,4898.0,13.189543,162.82033,2014.0024,2014.0,0.0,0.0,0.0,0.0,327.19934,-0.020665169,-0.0046320735,-6.7616296,9.572258e-05,-1.5156114,327.22464,327.19934,327.22,-0.016033094,327.20398
567.1867,822.0483,2304.1313,1977.0,13.189543,163.06427,2017.0002,2017.0,0.09375,0.5261043,4.2426405,3.0,-694.8006,-0.020665169,0.08911793,14.358171,-0.0018416371,-61.91919,694.9104,694.8006,-694.7799,-0.1097831,-694.8897
882.52,1302.2291,3626.576,3000.0,13.196078,163.06377,2017.0005,2017.0,0.046875,0.375,3.0,3.0,-379.4673,-0.014129639,0.042242926,5.361736,-0.0005968773,-16.029808,379.52365,379.4673,-379.45316,-0.056372564,-379.50952
1149.1866,1682.9895,4699.5796,3545.0,13.202615,163.0633,2017.0012,2017.0,0.0,0.0,0.0,0.0,-112.80066,-0.007593155,-0.0046320735,0.8565129,3.5172052e-05,0.52250093,112.81288,112.80066,-112.79307,-0.0029610815,-112.79603
1422.02,2115.6729,5874.794,4559.0,13.20915,163.06287,2017.0024,2017.0,0.0,0.0,0.0,0.0,160.03271,-0.0010576248,-0.0046320735,-0.16925457,4.898996e-06,-0.7412833,160.0384,160.03271,160.03377,0.0035744486,160.03735
1756.6866,2623.9866,7276.14,5464.0,13.215686,163.06247,2017.0043,2017.0,0.0,0.0,0.0,0.0,494.69934,0.0054779053,-0.0046320735,2.709916,-2.537406e-05,-2.2914836,494.70947,494.69934,494.69385,0.010109979,494.70398
2010.02,3011.9524,8342.684,6155.0,13.222222,163.0621,2017.0065,2017.0,0.0,0.0,0.0,0.0,748.0327,0.012014389,-0.0046320735,8.987156,-5.5651533e-05,-3.4649425,748.0494,748.0327,748.0207,0.016646463,748.03735
877.52,1297.9719,3611.6343,3004.0,13.189543,163.06427,2017.0002,2017.0,0.0,0.0,0.0,0.0,-384.4673,-0.020665169,-0.0046320735,7.945081,9.572258e-05,1.7808807,384.49258,384.4673,-384.44662,-0.016033094,-384.46265
1214.02,1790.8131,4987.798,3855.0,13.196078,163.06377,2017.0005,2017.0,0.0,0.0,0.0,0.0,-47.967285,-0.014129639,-0.0046320735,0.6777604,6.544952e-05,0.22218798,47.986046,47.967285,-47.953156,-0.009497565,-47.962654
1514.8534,2254.8384,6260.205,4786.0,13.202615,163.0633,2017.0012,2017.0,0.0,0.0,0.0,0.0,252.86609,-0.007593155,-0.0046320735,-1.9200513,3.5172052e-05,-1.1712943,252.87833,252.86609,252.87369,-0.0029610815,252.87073
1841.3534,2754.963,7634.959,5717.0,13.20915,163.06287,2017.0024,2017.0,0.0,0.0,0.0,0.0,579.3661,-0.0010576248,-0.0046320735,-0.61275196,4.898996e-06,-2.6836662,579.37177,579.3661,579.3671,0.0035744486,579.3707
2143.6868,3220.6633,8912.672,6603.0,13.215686,163.06247,2017.0043,2017.0,0.0,0.0,0.0,0.0,881.69946,0.0054779053,-0.0046320735,4.829866,-2.537406e-05,-4.084097,881.7096,881.69946,881.694,0.010109979,881.7041
2427.3533,3664.068,10123.203,7582.0,13.222222,163.0621,2017.0065,2017.0,0.0,0.0,0.0,0.0,1165.366,0.012014389,-0.0046320735,14.00116,-5.5651533e-05,-5.398061,1165.3826,1165.366,1165.354,0.016646463,1165.3706
757.85333,1096.1847,3074.761,2492.0,13.189543,163.06427,2017.0002,2017.0,0.0,0.0,0.0,0.0,-504.13397,-0.020665169,-0.0046320735,10.418014,9.572258e-05,2.3351855,504.15927,504.13397,-504.1133,-0.016033094,-504.12933
1043.6866,1540.4354,4289.5684,3445.0,13.196078,163.06377,2017.0005,2017.0,0.0,0.0,0.0,0.0,-218.30066,-0.014129639,-0.0046320735,3.0845094,6.544952e-05,1.0111847,218.31943,218.30066,-218.28653,-0.009497565,-218.29602
1309.3534,1931.8684,5380.243,4064.0,13.202615,163.0633,2017.0012,2017.0,0.0,0.0,0.0,0.0,47.36609,-0.007593155,-0.0046320735,-0.35965806,3.5172052e-05,-0.2194032,47.37831,47.36609,47.37368,-0.0029610815,47.37072
1523.1866,2262.3345,6285.807,4728.0,13.20915,163.06287,2017.0024,2017.0,0.0,0.0,0.0,0.0,261.19934,-0.0010576248,-0.0046320735,-0.2762509,4.898996e-06,-1.2098945,261.20505,261.19934,261.2004,0.0035744486,261.20398
1741.02,2592.7678,7197.1616,5224.0,13.215686,163.06247,2017.0043,2017.0,0.0,0.0,0.0,0.0,479.0327,0.0054779053,-0.0046320735,2.624096,-2.537406e-05,-2.2189147,479.04285,479.0327,479.02722,0.010109979,479.03735
1870.6866,2793.4553,7746.8555,5634.0,13.222222,163.0621,2017.0065,2017.0,0.0,0.0,0.0,0.0,608.69934,0.012014389,-0.0046320735,7.313151,-5.5651533e-05,-2.81954,608.716,608.69934,608.6873,0.016646463,608.704
743.1867,1097.148,3054.9348,2594.0,13.189543,163.06427,2017.0002,2017.0,0.0,0.0,0.0,0.0,-518.8006,-0.020665169,-0.0046320735,10.721102,9.572258e-05,2.4031224,518.8259,518.8006,-518.7799,-0.016033094,-518.79596
1100.02,1627.5359,4528.2036,3627.0,13.196078,163.06377,2017.0005,2017.0,0.0,0.0,0.0,0.0,-161.96729,-0.014129639,-0.0046320735,2.2885392,6.544952e-05,0.7502444,161.98605,161.96729,-161.95316,-0.009497565,-161.96265
1439.6866,2144.6943,5952.71,4631.0,13.202615,163.0633,2017.0012,2017.0,0.0,0.0,0.0,0.0,177.69934,-0.007593155,-0.0046320735,-1.3492986,3.5172052e-05,-0.8231164,177.71158,177.69934,177.70694,-0.0029610815,177.70398
1713.52,2554.1873,7087.7544,5257.0,13.20915,163.06287,2017.0024,2017.0,0.0,0.0,0.0,0.0,451.5327,-0.0010576248,-0.0046320735,-0.4775522,4.898996e-06,-2.0915327,451.53842,451.5327,451.53378,0.0035744486,451.53735
1982.8534,2968.4224,8224.835,6013.0,13.215686,163.06247,2017.0043,2017.0,0.0,0.0,0.0,0.0,720.8661,0.0054779053,-0.0046320735,3.948836,-2.537406e-05,-3.3391047,720.8762,720.8661,720.8606,0.010109979,720.8707
2181.3533,3276.6914,9068.26,6664.0,13.222222,163.0621,2017.0065,2017.0,0.0,0.0,0.0,0.0,919.36597,0.012014389,-0.0046320735,11.04562,-5.5651533e-05,-4.2585707,919.3826,919.36597,919.35394,0.016646463,919.3706
645.1867,934.37744,2619.7139,2199.0,13.189543,163.06427,2017.0002,2017.0,0.0,0.0,0.0,0.0,-616.8006,-0.020665169,-0.0046320735,12.746288,9.572258e-05,2.8570657,616.8259,616.8006,-616.7799,-0.016033094,-616.79596
953.6867,1386.7288,3882.292,3012.0,13.196078,163.06377,2017.0005,2017.0,0.0,0.0,0.0,0.0,-308.3006,-0.014129639,-0.0046320735,4.356176,6.544952e-05,1.428071,308.31937,308.3006,-308.28647,-0.009497565,-308.29596
1283.02,1902.3604,5288.8296,4135.0,13.202615,163.0633,2017.0012,2017.0,0.0,0.0,0.0,0.0,21.032715,-0.007593155,-0.0046320735,-0.15970466,3.5172052e-05,-0.09742508,21.04494,21.032717,21.040308,-0.0029610815,21.037348
1551.52,2302.0864,6398.538,4723.0,13.20915,163.06287,2017.0024,2017.0,0.0,0.0,0.0,0.0,289.5327,-0.0010576248,-0.0046320735,-0.30621698,4.898996e-06,-1.3411368,289.53842,289.5327,289.53378,0.0035744486,289.53735
1862.1866,2804.1733,7753.9263,6042.0,13.215686,163.06247,2017.0043,2017.0,0.0,0.0,0.0,0.0,600.19934,0.0054779053,-0.0046320735,3.2878351,-2.537406e-05,-2.7801673,600.2095,600.19934,600.19385,0.010109979,600.204
2226.8533,3346.7368,9260.48,6790.0,13.222222,163.0621,2017.0065,2017.0,0.0,0.0,0.0,0.0,964.86597,0.012014389,-0.0046320735,11.592275,-5.5651533e-05,-4.46933,964.8826,964.86597,964.85394,0.016646463,964.8706
690.52,982.08997,2771.8967,2186.0,13.189543,163.06427,2017.0002,2017.0,0.0,0.0,0.0,0.0,-571.4673,-0.020665169,-0.0046320735,11.809468,9.572258e-05,2.6470785,571.4926,571.4673,-571.4466,-0.016033094,-571.46265
935.52,1372.2174,3829.633,3086.0,13.196078,163.06377,2017.0005,2017.0,0.0,0.0,0.0,0.0,-326.4673,-0.014129639,-0.0046320735,4.612865,6.544952e-05,1.5122205,326.48605,326.4673,-326.45316,-0.009497565,-326.46265
1172.3534,1719.0321,4798.107,3621.0,13.202615,163.0633,2017.0012,2017.0,0.0,0.0,0.0,0.0,-89.63391,-0.007593155,-0.0046320735,0.68060416,3.5172052e-05,0.41519085,89.64613,89.63391,-89.62632,-0.0029610815,-89.62928
1446.1866,2152.557,5976.3066,4629.0,13.20915,163.06287,2017.0024,2017.0,0.0,0.0,0.0,0.0,184.19934,-0.0010576248,-0.0046320735,-0.19481379,4.898996e-06,-0.8532249,184.20503,184.19934,184.2004,0.0035744486,184.20398
1745.8534,2607.2463,7230.262,5431.0,13.215686,163.06247,2017.0043,2017.0,0.0,0.0,0.0,0.0,483.8661,0.0054779053,-0.0046320735,2.6505725,-2.537406e-05,-2.2413032,483.87622,483.8661,483.8606,0.010109979,483.87073
2021.52,3041.214,8412.145,6419.0,13.222222,163.0621,2017.0065,2017.0,0.0,0.0,0.0,0.0,759.5327,0.012014389,-0.0046320735,9.125321,-5.5651533e-05,-3.5182114,759.5494,759.5327,759.5207,0.016646463,759.53735
391.68668,578.2382,1610.0646,1464.0,13.189543,163.06427,2017.0002,2017.0,0.0,0.0,0.0,0.0,-870.30066,-0.020665169,-0.0046320735,17.98491,9.572258e-05,4.0312967,870.326,870.30066,-870.27997,-0.016033094,-870.296
698.1867,999.8269,2814.7925,2266.0,13.196078,163.06377,2017.0005,2017.0,0.0,0.0,0.0,0.0,-563.8006,-0.014129639,-0.0046320735,7.9662986,6.544952e-05,2.6115658,563.81934,563.8006,-563.7865,-0.009497565,-563.79596
1000.02,1453.2036,4069.3052,3093.0,13.202615,163.0633,2017.0012,2017.0,0.0,0.0,0.0,0.0,-261.9673,-0.007593155,-0.0046320735,1.9891582,3.5172052e-05,1.2134517,261.97952,261.9673,-261.9597,-0.0029610815,-261.96265
1213.6866,1788.8988,4983.8745,3845.0,13.20915,163.06287,2017.0024,2017.0,0.0,0.0,0.0,0.0,-48.30066,-0.0010576248,-0.0046320735,0.051083975,4.898996e-06,0.2237322,48.306347,48.30066,-48.299603,0.0035744486,-48.29603
1486.52,2205.705,6130.5894,4623.0,13.215686,163.06247,2017.0043,2017.0,0.0,0.0,0.0,0.0,224.53271,0.0054779053,-0.0046320735,1.2299689,-2.537406e-05,-1.040052,224.54283,224.53271,224.52724,0.010109979,224.53735
1815.3534,2714.398,7524.1494,5645.0,13.222222,163.0621,2017.0065,2017.0,0.0,0.0,0.0,0.0,553.3661,0.012014389,-0.0046320735,6.6483555,-5.5651533e-05,-2.5632324,553.38275,553.3661,553.35406,0.016646463,553.3707
403.85336,593.334,1654.9353,1496.0,13.189543,163.06427,2017.0002,2017.0,0.0,0.0,0.0,0.0,-858.1339,-0.020665169,-0.0046320735,17.733482,9.572258e-05,3.9749393,858.15924,858.1339,-858.1132,-0.016033094,-858.1293
760.85333,1123.1287,3127.3755,2648.0,13.196078,163.06377,2017.0005,2017.0,0.0,0.0,0.0,0.0,-501.13397,-0.014129639,-0.0046320735,7.080842,6.544952e-05,2.3212893,501.15274,501.13397,-501.11984,-0.009497565,-501.12933
1143.8534,1688.2437,4701.1953,3704.0,13.202615,163.0633,2017.0012,2017.0,0.0,0.0,0.0,0.0,-118.13391,-0.007593155,-0.0046320735,0.8970091,3.5172052e-05,0.547205,118.14613,118.13391,-118.12632,-0.0029610815,-118.12928
1464.52,2171.6636,6037.344,4548.0,13.20915,163.06287,2017.0024,2017.0,0.0,0.0,0.0,0.0,202.53271,-0.0010576248,-0.0046320735,-0.21420363,4.898996e-06,-0.9381464,202.5384,202.53271,202.53377,0.0035744486,202.53735
1761.02,2636.366,7304.743,5575.0,13.215686,163.06247,2017.0043,2017.0,0.0,0.0,0.0,0.0,499.0327,0.0054779053,-0.0046320735,2.733654,-2.537406e-05,-2.311556,499.04285,499.0327,499.02722,0.010109979,499.03735
2100.3533,3150.4773,8723.327,6390.0,13.222222,163.0621,2017.0065,2017.0,0.0,0.0,0.0,0.0,838.36597,0.012014389,-0.0046320735,10.072454,-5.5651533e-05,-3.8833728,838.3826,838.36597,838.35394,0.016646463,838.3706
804.6867,1169.786,3275.2283,2655.0,13.189543,163.06427,2017.0002,2017.0,0.0,0.0,0.0,0.0,-457.3006,-0.020665169,-0.0046320735,9.450194,9.572258e-05,2.11825,457.3259,457.3006,-457.27994,-0.016033094,-457.29596
1179.52,1741.5265,4848.9355,3794.0,13.196078,163.06377,2017.0005,2017.0,0.0,0.0,0.0,0.0,-82.467285,-0.014129639,-0.0046320735,1.1652329,6.544952e-05,0.38199452,82.486046,82.467285,-82.453156,-0.009497565,-82.462654
1535.3534,2283.5967,6341.7607,4803.0,13.202615,163.0633,2017.0012,2017.0,0.0,0.0,0.0,0.0,273.3661,-0.007593155,-0.0046320735,-2.075711,3.5172052e-05,-1.2662518,273.37833,273.3661,273.3737,-0.0029610815,273.37073
1776.8534,2652.226,7356.274,5452.0,13.20915,163.06287,2017.0024,2017.0,0.0,0.0,0.0,0.0,514.8661,-0.0010576248,-0.0046320735,-0.54453516,4.898996e-06,-2.3848975,514.87177,514.8661,514.8671,0.0035744486,514.8707
2022.3534,3033.6792,8399.733,6251.0,13.215686,163.06247,2017.0043,2017.0,0.0,0.0,0.0,0.0,760.3661,0.0054779053,-0.0046320735,4.1652136,-2.537406e-05,-3.5220716,760.3762,760.3661,760.3606,0.010109979,760.3707
2307.3533,3474.763,9607.975,7133.0,13.222222,163.0621,2017.0065,2017.0,0.0,0.0,0.0,0.0,1045.366,0.012014389,-0.0046320735,12.559433,-5.5651533e-05,-4.8422117,1045.3826,1045.366,1045.354,0.016646463,1045.3706
326.18668,473.54926,1326.5109,1208.0,13.189543,163.06427,2017.0002,2017.0,0.0,0.0,0.0,0.0,-935.80066,-0.020665169,-0.0046320735,19.338478,9.572258e-05,4.3346972,935.826,935.80066,-935.77997,-0.016033094,-935.796
560.35333,794.2786,2244.6309,1860.0,13.196078,163.06377,2017.0005,2017.0,0.0,0.0,0.0,0.0,-701.634,-0.014129639,-0.0046320735,9.913835,6.544952e-05,3.25002,701.6527,701.634,-701.6199,-0.009497565,-701.62933
883.1867,1272.3226,3574.0925,2721.0,13.202615,163.0633,2017.0012,2017.0,0.0,0.0,0.0,0.0,-378.8006,-0.007593155,-0.0046320735,2.8762915,3.5172052e-05,1.7546322,378.81284,378.8006,-378.793,-0.0029610815,-378.79596
1128.3534,1655.2566,4619.357,3554.0,13.20915,163.06287,2017.0024,2017.0,0.0,0.0,0.0,0.0,-133.63391,-0.0010576248,-0.0046320735,0.14133453,4.898996e-06,0.6190021,133.6396,133.63391,-133.63286,0.0035744486,-133.62927
1379.52,2038.6588,5674.4253,4263.0,13.215686,163.06247,2017.0043,2017.0,0.0,0.0,0.0,0.0,117.532715,0.0054779053,-0.0046320735,0.6438331,-2.537406e-05,-0.5444202,117.54282,117.532715,117.52724,0.010109979,117.537346
1689.8534,2517.8228,6987.9023,5208.0,13.222222,163.0621,2017.0065,2017.0,0.0,0.0,0.0,0.0,427.8661,0.012014389,-0.0046320735,5.1405497,-5.5651533e-05,-1.9819071,427.88275,427.8661,427.85406,0.016646463,427.87073
1082.52,1617.7141,4485.0967,3700.0,13.189543,163.06427,2017.0002,2017.0,0.0,0.0,0.0,0.0,-179.46729,-0.020665169,-0.0046320735,3.7087216,9.572258e-05,0.8313056,179.49258,179.46729,-179.44662,-0.016033094,-179.46265
1511.8534,2257.0283,6259.799,4863.0,13.196078,163.06377,2017.0005,2017.0,0.0,0.0,0.0,0.0,249.86609,-0.014129639,-0.0046320735,-3.5305176,6.544952e-05,-1.1573981,249.88486,249.86609,249.88022,-0.009497565,249.87073
2029.8534,3051.5366,8442.82,6385.0,13.202615,163.0633,2017.0012,2017.0,0.0,0.0,0.0,0.0,767.8661,-0.007593155,-0.0046320735,-5.8305264,3.5172052e-05,-3.556812,767.8783,767.8661,767.87366,-0.0029610815,767.8707
2349.6868,3539.8982,9786.754,7233.0,13.20915,163.06287,2017.0024,2017.0,0.0,0.0,0.0,0.0,1087.6995,-0.0010576248,-0.0046320735,-1.150378,4.898996e-06,-5.038304,1087.7052,1087.6995,1087.7006,0.0035744486,1087.7041
2745.3535,4160.5083,11479.152,8639.0,13.215686,163.06247,2017.0043,2017.0,0.0,0.0,0.0,0.0,1483.3662,0.0054779053,-0.0046320735,8.12574,-2.537406e-05,-6.8710613,1483.3763,1483.3662,1483.3607,0.010109979,1483.3708
3177.0203,4818.01,13290.104,9682.0,13.222222,163.0621,2017.0065,2017.0,0.0,0.0,0.0,0.0,1915.033,0.012014389,-0.0046320735,23.007952,-5.5651533e-05,-8.870573,1915.0496,1915.033,1915.021,0.016646463,1915.0376
398.02002,560.95996,1588.6787,1385.0,13.189543,163.06427,2017.0002,2017.0,0.0,0.0,0.0,0.0,-863.9673,-0.020665169,-0.0046320735,17.85403,9.572258e-05,4.00196,863.9926,863.9673,-863.9466,-0.016033094,-863.96265
624.1867,877.85455,2488.1313,1956.0,13.196078,163.06377,2017.0005,2017.0,0.0,0.0,0.0,0.0,-637.8006,-0.014129639,-0.0046320735,9.011892,6.544952e-05,2.9543393,637.81934,637.8006,-637.7865,-0.009497565,-637.79596
898.6867,1304.2657,3653.953,2869.0,13.202615,163.0633,2017.0012,2017.0,0.0,0.0,0.0,0.0,-363.3006,-0.007593155,-0.0046320735,2.7585976,3.5172052e-05,1.6828351,363.31284,363.3006,-363.293,-0.0029610815,-363.29596
1094.1866,1598.1326,4466.946,3383.0,13.20915,163.06287,2017.0024,2017.0,0.0,0.0,0.0,0.0,-167.80066,-0.0010576248,-0.0046320735,0.17747015,4.898996e-06,0.77726495,167.80635,167.80066,-167.7996,0.0035744486,-167.79602
1332.1866,1968.2482,5478.899,4165.0,13.215686,163.06247,2017.0043,2017.0,0.0,0.0,0.0,0.0,70.19934,0.0054779053,-0.0046320735,0.38454533,-2.537406e-05,-0.3251685,70.20945,70.19934,70.19386,0.010109979,70.20397
1576.3534,2347.1816,6515.8,4951.0,13.222222,163.0621,2017.0065,2017.0,0.0,0.0,0.0,0.0,314.3661,0.012014389,-0.0046320735,3.7769165,-5.5651533e-05,-1.4561669,314.38275,314.3661,314.35406,0.016646463,314.37073
806.52,1162.9224,3265.699,2577.0,13.189543,163.06427,2017.0002,2017.0,0.0,0.0,0.0,0.0,-455.4673,-0.020665169,-0.0046320735,9.412309,9.572258e-05,2.109758,455.49258,455.4673,-455.44662,-0.016033094,-455.46265
1107.8534,1628.5369,4541.442,3542.0,13.196078,163.06377,2017.0005,2017.0,0.0,0.0,0.0,0.0,-154.13391,-0.014129639,-0.0046320735,2.1778564,6.544952e-05,0.7139596,154.15268,154.13391,-154.11978,-0.009497565,-154.12927
1342.02,1979.5916,5513.621,4110.0,13.202615,163.0633,2017.0012,2017.0,0.0,0.0,0.0,0.0,80.032715,-0.007593155,-0.0046320735,-0.6077008,3.5172052e-05,-0.3707174,80.04494,80.032715,80.040306,-0.0029610815,80.037346
1575.6866,2339.0967,6500.2764,4786.0,13.20915,163.06287,2017.0024,2017.0,0.0,0.0,0.0,0.0,313.69934,-0.0010576248,-0.0046320735,-0.3317762,4.898996e-06,-1.4530784,313.70505,313.69934,313.7004,0.0035744486,313.70398
1777.52,2655.0398,7362.3125,5504.0,13.215686,163.06247,2017.0043,2017.0,0.0,0.0,0.0,0.0,515.5327,0.0054779053,-0.0046320735,2.8240395,-2.537406e-05,-2.3879855,515.54285,515.5327,515.5272,0.010109979,515.53735
2049.3533,3074.281,8512.058,6314.0,13.222222,163.0621,2017.0065,2017.0,0.0,0.0,0.0,0.0,787.36597,0.012014389,-0.0046320735,9.459721,-5.5651533e-05,-3.647137,787.3826,787.36597,787.35394,0.016646463,787.3706
858.85333,1237.3364,3475.7417,2671.0,13.189543,163.06427,2017.0002,2017.0,0.0,0.0,0.0,0.0,-403.13397,-0.020665169,-0.0046320735,8.330832,9.572258e-05,1.8673462,403.15927,403.13397,-403.1133,-0.016033094,-403.12933
1073.3534,1568.8478,4383.941,3352.0,13.196078,163.06377,2017.0005,2017.0,0.0,0.0,0.0,0.0,-188.63391,-0.014129639,-0.0046320735,2.665329,6.544952e-05,0.8737661,188.65268,188.63391,-188.61978,-0.009497565,-188.62927
1352.8534,2005.0448,5575.15,4290.0,13.202615,163.0633,2017.0012,2017.0,0.0,0.0,0.0,0.0,90.86609,-0.007593155,-0.0046320735,-0.6899603,3.5172052e-05,-0.4208984,90.87831,90.86609,90.87368,-0.0029610815,90.87072
1588.8534,2361.1055,6559.0264,4870.0,13.20915,163.06287,2017.0024,2017.0,0.0,0.0,0.0,0.0,326.8661,-0.0010576248,-0.0046320735,-0.3457017,4.898996e-06,-1.5140678,326.8718,326.8661,326.86716,0.0035744486,326.87073
2006.52,3008.819,8331.969,6194.0,13.215686,163.06247,2017.0043,2017.0,0.0,0.0,0.0,0.0,744.5327,0.0054779053,-0.0046320735,4.07848,-2.537406e-05,-3.4487302,744.54285,744.5327,744.5272,0.010109979,744.53735
2228.1868,3348.7104,9265.97,6791.0,13.222222,163.0621,2017.0065,2017.0,0.0,0.0,0.0,0.0,966.19946,0.012014389,-0.0046320735,11.608296,-5.5651533e-05,-4.475507,966.2161,966.19946,966.18744,0.016646463,966.2041
463.85336,649.0272,1843.1334,1551.0,13.189543,163.06427,2017.0002,2017.0,0.0,0.0,0.0,0.0,-798.1339,-0.020665169,-0.0046320735,16.493572,9.572258e-05,3.6970148,798.15924,798.1339,-798.1132,-0.016033094,-798.1293
666.35333,948.5095,2676.2869,2144.0,13.196078,163.06377,2017.0005,2017.0,0.0,0.0,0.0,0.0,-595.634,-0.014129639,-0.0046320735,8.416093,6.544952e-05,2.7590203,595.6527,595.634,-595.6199,-0.009497565,-595.62933
899.02,1305.548,3656.7334,2878.0,13.202615,163.0633,2017.0012,2017.0,0.0,0.0,0.0,0.0,-362.9673,-0.007593155,-0.0046320735,2.7560668,3.5172052e-05,1.6812911,362.97952,362.9673,-362.9597,-0.0029610815,-362.96265
1107.3534,1618.6035,4522.917,3426.0,13.20915,163.06287,2017.0024,2017.0,0.0,0.0,0.0,0.0,-154.63391,-0.0010576248,-0.0046320735,0.16354465,4.898996e-06,0.71627563,154.6396,154.63391,-154.63286,0.0035744486,-154.62927
1365.1866,2024.5621,5628.203,4344.0,13.215686,163.06247,2017.0043,2017.0,0.0,0.0,0.0,0.0,103.19934,0.0054779053,-0.0046320735,0.5653162,-2.537406e-05,-0.47802693,103.20945,103.19934,103.19386,0.010109979,103.20397
1694.52,2527.3274,7011.7974,5270.0,13.222222,163.0621,2017.0065,2017.0,0.0,0.0,0.0,0.0,432.5327,0.012014389,-0.0046320735,5.196616,-5.5651533e-05,-2.0035233,432.54938,432.5327,432.5207,0.016646463,432.53735
1332.6866,2035.2225,5600.623,4722.0,13.196078,163.14513,2018.0002,2018.0,0.03125,0.1753681,1.4142135,1.0,70.69934,-0.014129639,0.026617926,-0.99895614,-0.00037610167,1.8818698,70.74009,70.69935,70.71347,-0.040747564,70.67272
1817.8534,2730.5107,7556.8506,5826.0,13.202615,163.1446,2018.0005,2018.0,0.015625,0.125,1.0,1.0,555.8661,-0.007593155,0.010992927,-4.2207775,-8.347099e-05,6.110595,555.88464,555.8661,555.87366,-0.01858608,555.8551
2366.3533,3582.6013,9888.02,7593.0,13.20915,163.14413,2018.0012,2018.0,0.0,0.0,0.0,0.0,1104.366,-0.0010576248,-0.0046320735,-1.1680049,4.898996e-06,-5.1155043,1104.3717,1104.366,1104.3671,0.0035744486,1104.3706
2795.8535,4233.378,11683.674,8671.0,13.215686,163.1437,2018.0024,2018.0,0.0,0.0,0.0,0.0,1533.8662,0.0054779053,-0.0046320735,8.402374,-2.537406e-05,-7.104981,1533.8763,1533.8662,1533.8607,0.010109979,1533.8708
3292.0203,5005.9736,13795.769,10306.0,13.222222,163.14331,2018.0043,2018.0,0.0,0.0,0.0,0.0,2030.033,0.012014389,-0.0046320735,24.389606,-5.5651533e-05,-9.403262,2030.0496,2030.033,2030.021,0.016646463,2030.0376
3661.3535,5572.098,15351.691,11299.0,13.228758,163.14296,2018.0065,2018.0,0.0,0.0,0.0,0.0,2399.3662,0.01854992,-0.0046320735,44.50805,-8.5924585e-05,-11.11404,2399.3894,2399.3662,2399.3477,0.023181994,2399.3708
238.18666,386.16104,1042.1128,992.0,13.196078,163.14513,2018.0002,2018.0,0.0,0.0,0.0,0.0,-1023.80066,-0.014129639,-0.0046320735,14.465934,6.544952e-05,4.74232,1023.81946,1023.80066,-1023.7865,-0.009497565,-1023.796
557.35333,812.41437,2272.431,1971.0,13.202615,163.1446,2018.0005,2018.0,0.0,0.0,0.0,0.0,-704.634,-0.007593155,-0.0046320735,5.3503947,3.5172052e-05,3.2639163,704.6462,704.634,-704.6264,-0.0029610815,-704.62933
841.02,1218.9019,3416.5034,2720.0,13.20915,163.14413,2018.0012,2018.0,0.0,0.0,0.0,0.0,-420.9673,-0.0010576248,-0.0046320735,0.44522545,4.898996e-06,1.9499514,420.973,420.9673,-420.96622,0.0035744486,-420.96265
1107.02,1629.6472,4542.2144,3573.0,13.215686,163.1437,2018.0024,2018.0,0.0,0.0,0.0,0.0,-154.96729,0.0054779053,-0.0046320735,-0.8488961,-2.537406e-05,0.71781987,154.9774,154.96729,-154.97276,0.010109979,-154.96265
1438.02,2141.953,5945.353,4632.0,13.222222,163.14331,2018.0043,2018.0,0.0,0.0,0.0,0.0,176.03271,0.012014389,-0.0046320735,2.1149256,-5.5651533e-05,-0.8153965,176.04936,176.03271,176.0207,0.016646463,176.03735
1700.1866,2533.0945,7030.4087,5223.0,13.228758,163.14296,2018.0065,2018.0,0.0,0.0,0.0,0.0,438.19934,0.01854992,-0.0046320735,8.128562,-8.5924585e-05,-2.0297716,438.22253,438.19934,438.1808,0.023181994,438.20398
437.18668,851.1124,2183.748,2158.0,13.196078,163.14513,2018.0002,2018.0,0.0,0.0,0.0,0.0,-824.80066,-0.014129639,-0.0046320735,11.654136,6.544952e-05,3.8205373,824.81946,824.80066,-824.7865,-0.009497565,-824.796
931.52,1355.6356,3794.0898,2977.0,13.202615,163.1446,2018.0005,2018.0,0.0,0.0,0.0,0.0,-330.4673,-0.007593155,-0.0046320735,2.5092893,3.5172052e-05,1.5307487,330.47952,330.4673,-330.4597,-0.0029610815,-330.46265
1376.52,2066.484,5720.1943,4619.0,13.20915,163.14413,2018.0012,2018.0,0.0,0.0,0.0,0.0,114.532715,-0.0010576248,-0.0046320735,-0.12113264,4.898996e-06,-0.53052396,114.53841,114.532715,114.533775,0.0035744486,114.537346
1754.3534,2620.5999,7266.6533,5454.0,13.215686,163.1437,2018.0024,2018.0,0.0,0.0,0.0,0.0,492.3661,0.0054779053,-0.0046320735,2.6971347,-2.537406e-05,-2.280676,492.37622,492.3661,492.3606,0.010109979,492.37073
2298.52,3498.6245,9638.519,7633.0,13.222222,163.14331,2018.0043,2018.0,0.0,0.0,0.0,0.0,1036.5327,0.012014389,-0.0046320735,12.453307,-5.5651533e-05,-4.8012958,1036.5493,1036.5327,1036.5208,0.016646463,1036.5374
2785.0203,4213.881,11632.797,8585.0,13.228758,163.14296,2018.0065,2018.0,0.0,0.0,0.0,0.0,1523.033,0.01854992,-0.0046320735,28.252138,-8.5924585e-05,-7.0548005,1523.0562,1523.033,1523.0144,0.023181994,1523.0376
266.85333,396.6774,1101.8298,1023.0,13.196078,163.14513,2018.0002,2018.0,0.0,0.0,0.0,0.0,-995.134,-0.014129639,-0.0046320735,14.0608835,6.544952e-05,4.609534,995.1527,995.134,-995.1199,-0.009497565,-995.12933
565.52,828.6461,2313.4712,2016.0,13.202615,163.1446,2018.0005,2018.0,0.0,0.0,0.0,0.0,-696.4673,-0.007593155,-0.0046320735,5.288384,3.5172052e-05,3.2260876,696.4795,696.4673,-696.4597,-0.0029610815,-696.46265
862.6867,1251.9497,3507.4578,2786.0,13.20915,163.14413,2018.0012,2018.0,0.0,0.0,0.0,0.0,-399.3006,-0.0010576248,-0.0046320735,0.42231023,4.898996e-06,1.8495897,399.3063,399.3006,-399.29953,0.0035744486,-399.29596
1164.1866,1721.1324,4789.934,3787.0,13.215686,163.1437,2018.0024,2018.0,0.0,0.0,0.0,0.0,-97.80066,0.0054779053,-0.0046320735,-0.53574276,-2.537406e-05,0.45301983,97.81077,97.80066,-97.80614,0.010109979,-97.79603
1482.6866,2205.377,6124.4263,4700.0,13.222222,163.14331,2018.0043,2018.0,0.0,0.0,0.0,0.0,220.69934,0.012014389,-0.0046320735,2.6515677,-5.5651533e-05,-1.0222956,220.71599,220.69934,220.68733,0.016646463,220.70398
1767.52,2641.621,7323.631,5521.0,13.228758,163.14296,2018.0065,2018.0,0.0,0.0,0.0,0.0,505.5327,0.01854992,-0.0046320735,9.377591,-8.5924585e-05,-2.3416646,505.5559,505.5327,505.51416,0.023181994,505.53735
1185.1866,1755.6177,4882.517,3864.0,13.196078,163.14513,2018.0002,2018.0,0.0,0.0,0.0,0.0,-76.80066,-0.014129639,-0.0046320735,1.0851656,6.544952e-05,0.3557463,76.81942,76.80066,-76.78653,-0.009497565,-76.79603
1501.1866,2228.772,6193.4233,4655.0,13.202615,163.1446,2018.0005,2018.0,0.0,0.0,0.0,0.0,239.19934,-0.007593155,-0.0046320735,-1.8162776,3.5172052e-05,-1.107989,239.21158,239.19934,239.20694,-0.0029610815,239.20398
1782.1866,2664.7002,7386.4927,5553.0,13.20915,163.14413,2018.0012,2018.0,0.0,0.0,0.0,0.0,520.19934,-0.0010576248,-0.0046320735,-0.5501757,4.898996e-06,-2.4096014,520.205,520.19934,520.2004,0.0035744486,520.204
2062.6868,3101.1707,8579.881,6472.0,13.215686,163.1437,2018.0024,2018.0,0.0,0.0,0.0,0.0,800.69946,0.0054779053,-0.0046320735,4.3861556,-2.537406e-05,-3.7088988,800.7096,800.69946,800.694,0.010109979,800.7041
2366.3533,3563.3154,9853.114,7223.0,13.222222,163.14331,2018.0043,2018.0,0.0,0.0,0.0,0.0,1104.366,0.012014389,-0.0046320735,13.268282,-5.5651533e-05,-5.1155043,1104.3826,1104.366,1104.354,0.016646463,1104.3706
2644.1868,3994.4836,11033.125,8115.0,13.228758,163.14296,2018.0065,2018.0,0.0,0.0,0.0,0.0,1382.1995,0.01854992,-0.0046320735,25.639688,-8.5924585e-05,-6.4024496,1382.2227,1382.1995,1382.1809,0.023181994,1382.2041
588.02,835.153,2358.3909,1939.0,13.196078,163.14513,2018.0002,2018.0,0.0,0.0,0.0,0.0,-673.9673,-0.014129639,-0.0046320735,9.522914,6.544952e-05,3.121866,673.9861,673.9673,-673.9531,-0.009497565,-673.96265
852.85333,1246.82,3483.813,2835.0,13.202615,163.1446,2018.0005,2018.0,0.0,0.0,0.0,0.0,-409.13397,-0.007593155,-0.0046320735,3.1066177,3.5172052e-05,1.8951386,409.1462,409.13397,-409.12637,-0.0029610815,-409.12933
1107.8534,1623.8059,4532.9644,3488.0,13.20915,163.14413,2018.0012,2018.0,0.0,0.0,0.0,0.0,-154.13391,-0.0010576248,-0.0046320735,0.16301584,4.898996e-06,0.7139596,154.1396,154.13391,-154.13286,0.0035744486,-154.12927
1335.02,1971.7926,5489.399,4154.0,13.215686,163.1437,2018.0024,2018.0,0.0,0.0,0.0,0.0,73.032715,0.0054779053,-0.0046320735,0.4000663,-2.537406e-05,-0.3382929,73.04282,73.032715,73.02724,0.010109979,73.037346
1559.6866,2317.1965,6437.603,4816.0,13.222222,163.14331,2018.0043,2018.0,0.0,0.0,0.0,0.0,297.69934,0.012014389,-0.0046320735,3.5766757,-5.5651533e-05,-1.3789653,297.716,297.69934,297.68732,0.016646463,297.70398
1772.6866,2647.1409,7341.0684,5488.0,13.228758,163.14296,2018.0065,2018.0,0.0,0.0,0.0,0.0,510.69934,0.01854992,-0.0046320735,9.473432,-8.5924585e-05,-2.3655968,510.72253,510.69934,510.6808,0.023181994,510.70398
1924.02,2874.3455,7969.97,5724.0,13.235294,163.14265,2018.0092,2018.0,0.0,0.0,0.0,0.0,662.0327,0.025086403,-0.0046320735,16.608019,-0.00011620206,-3.066584,662.06244,662.0327,662.0076,0.029718477,662.03735
427.68668,656.481,1803.4222,1671.0,13.196078,163.14513,2018.0002,2018.0,0.0,0.0,0.0,0.0,-834.30066,-0.014129639,-0.0046320735,11.788367,6.544952e-05,3.864542,834.31946,834.30066,-834.2865,-0.009497565,-834.296
730.6867,1046.0801,2945.3074,2338.0,13.202615,163.1446,2018.0005,2018.0,0.0,0.0,0.0,0.0,-531.3006,-0.007593155,-0.0046320735,4.034248,3.5172052e-05,2.4610233,531.3128,531.3006,-531.293,-0.0029610815,-531.29596
1039.1866,1529.68,4263.691,3400.0,13.20915,163.14413,2018.0012,2018.0,0.0,0.0,0.0,0.0,-222.80066,-0.0010576248,-0.0046320735,0.23563951,4.898996e-06,1.032029,222.80635,222.80066,-222.7996,0.0035744486,-222.79602
1310.1866,1933.6954,5384.7397,4082.0,13.215686,163.1437,2018.0024,2018.0,0.0,0.0,0.0,0.0,48.19934,0.0054779053,-0.0046320735,0.2640314,-2.537406e-05,-0.22326289,48.20945,48.19934,48.193863,0.010109979,48.20397
1578.8534,2351.4229,6527.068,4959.0,13.222222,163.14331,2018.0043,2018.0,0.0,0.0,0.0,0.0,316.8661,0.012014389,-0.0046320735,3.8069525,-5.5651533e-05,-1.467747,316.88275,316.8661,316.85406,0.016646463,316.87073
1862.6866,2791.3796,7731.5337,5860.0,13.228758,163.14296,2018.0065,2018.0,0.0,0.0,0.0,0.0,600.69934,0.01854992,-0.0046320735,11.142924,-8.5924585e-05,-2.7824836,600.72253,600.69934,600.6808,0.023181994,600.704
294.02,477.6772,1288.2406,1232.0,13.196078,163.14513,2018.0002,2018.0,0.0,0.0,0.0,0.0,-967.9673,-0.014129639,-0.0046320735,13.677028,6.544952e-05,4.4836955,967.9861,967.9673,-967.9531,-0.009497565,-967.96265
597.85333,851.24396,2401.5938,1980.0,13.202615,163.1446,2018.0005,2018.0,0.0,0.0,0.0,0.0,-664.134,-0.007593155,-0.0046320735,5.042872,3.5172052e-05,3.0763173,664.1462,664.134,-664.1264,-0.0029610815,-664.12933
814.02,1172.5211,3293.9036,2588.0,13.20915,163.14413,2018.0012,2018.0,0.0,0.0,0.0,0.0,-447.9673,-0.0010576248,-0.0046320735,0.47378132,4.898996e-06,2.0750175,447.973,447.9673,-447.96622,0.0035744486,-447.96265
1065.8534,1561.5419,4359.8535,3393.0,13.215686,163.1437,2018.0024,2018.0,0.0,0.0,0.0,0.0,-196.13391,0.0054779053,-0.0046320735,-1.0744029,-2.537406e-05,0.9085067,196.14403,196.13391,-196.13939,0.010109979,-196.12927
1312.6866,1940.976,5401.4644,4147.0,13.222222,163.14331,2018.0043,2018.0,0.0,0.0,0.0,0.0,50.69934,0.012014389,-0.0046320735,0.6091216,-5.5651533e-05,-0.23484308,50.71599,50.69934,50.687325,0.016646463,50.70397
1557.8534,2316.3562,6433.4263,4856.0,13.228758,163.14296,2018.0065,2018.0,0.0,0.0,0.0,0.0,295.8661,0.01854992,-0.0046320735,5.488292,-8.5924585e-05,-1.3704735,295.88928,295.8661,295.84753,0.023181994,295.87073
1239.1866,1845.1765,5122.1953,4094.0,13.196078,163.14513,2018.0002,2018.0,0.0,0.0,0.0,0.0,-22.80066,-0.014129639,-0.0046320735,0.32216507,6.544952e-05,0.10561433,22.819422,22.800663,-22.78653,-0.009497565,-22.796026
1554.02,2314.7278,6424.9272,4892.0,13.202615,163.1446,2018.0005,2018.0,0.0,0.0,0.0,0.0,292.0327,-0.007593155,-0.0046320735,-2.2174497,3.5172052e-05,-1.352717,292.04495,292.0327,292.0403,-0.0029610815,292.03735
1849.52,2771.381,7676.4,5807.0,13.20915,163.14413,2018.0012,2018.0,0.0,0.0,0.0,0.0,587.5327,-0.0010576248,-0.0046320735,-0.62138915,4.898996e-06,-2.7214947,587.5384,587.5327,587.53375,0.0035744486,587.53735
2129.3533,3199.9785,8854.614,6587.0,13.215686,163.1437,2018.0024,2018.0,0.0,0.0,0.0,0.0,867.36597,0.0054779053,-0.0046320735,4.7513485,-2.537406e-05,-4.017703,867.3761,867.36597,867.3605,0.010109979,867.3706
2393.02,3608.9124,9973.992,7424.0,13.222222,163.14331,2018.0043,2018.0,0.0,0.0,0.0,0.0,1131.0327,0.012014389,-0.0046320735,13.588667,-5.5651533e-05,-5.2390265,1131.0493,1131.0327,1131.0208,0.016646463,1131.0374
2695.52,4075.9185,11254.355,8328.0,13.228758,163.14296,2018.0065,2018.0,0.0,0.0,0.0,0.0,1433.5327,0.01854992,-0.0046320735,26.591915,-8.5924585e-05,-6.6402287,1433.5559,1433.5327,1433.5142,0.023181994,1433.5374
349.68668,568.966,1533.7196,1466.0,13.196078,163.14513,2018.0002,2018.0,0.0,0.0,0.0,0.0,-912.30066,-0.014129639,-0.0046320735,12.890479,6.544952e-05,4.2258434,912.31946,912.30066,-912.2865,-0.009497565,-912.296
728.35333,1079.0988,3000.877,2571.0,13.202615,163.1446,2018.0005,2018.0,0.0,0.0,0.0,0.0,-533.634,-0.007593155,-0.0046320735,4.051965,3.5172052e-05,2.4718318,533.6462,533.634,-533.6264,-0.0029610815,-533.62933
1101.52,1623.3088,4522.802,3574.0,13.20915,163.14413,2018.0012,2018.0,0.0,0.0,0.0,0.0,-160.46729,-0.0010576248,-0.0046320735,0.16971418,4.898996e-06,0.74329627,160.47298,160.46729,-160.46623,0.0035744486,-160.46265
1343.52,1983.4178,5522.681,4153.0,13.215686,163.1437,2018.0024,2018.0,0.0,0.0,0.0,0.0,81.532715,0.0054779053,-0.0046320735,0.44662848,-2.537406e-05,-0.37766552,81.54282,81.532715,81.52724,0.010109979,81.537346
1647.02,2457.7473,6817.526,5185.0,13.222222,163.14331,2018.0043,2018.0,0.0,0.0,0.0,0.0,385.0327,0.012014389,-0.0046320735,4.6259327,-5.5651533e-05,-1.7834998,385.04938,385.0327,385.0207,0.016646463,385.03735
1871.52,2796.537,7753.6196,5701.0,13.228758,163.14296,2018.0065,2018.0,0.0,0.0,0.0,0.0,609.5327,0.01854992,-0.0046320735,11.306783,-8.5924585e-05,-2.8234003,609.5559,609.5327,609.51416,0.023181994,609.53735
1170.52,1729.3011,4813.846,3780.0,13.196078,163.14513,2018.0002,2018.0,0.0,0.0,0.0,0.0,-91.467285,-0.014129639,-0.0046320735,1.2923996,6.544952e-05,0.4236832,91.486046,91.467285,-91.453156,-0.009497565,-91.462654
1479.8534,2204.4058,6118.5635,4723.0,13.202615,163.1446,2018.0005,2018.0,0.0,0.0,0.0,0.0,217.86609,-0.007593155,-0.0046320735,-1.6542909,3.5172052e-05,-1.0091717,217.87833,217.86609,217.87369,-0.0029610815,217.87073
1705.3534,2538.7522,7048.0986,5134.0,13.20915,163.14413,2018.0012,2018.0,0.0,0.0,0.0,0.0,443.3661,-0.0010576248,-0.0046320735,-0.468915,4.898996e-06,-2.0537043,443.3718,443.3661,443.36716,0.0035744486,443.37073
1939.02,2910.1794,8056.334,6096.0,13.215686,163.1437,2018.0024,2018.0,0.0,0.0,0.0,0.0,677.0327,0.0054779053,-0.0046320735,3.7087212,-2.537406e-05,-3.1360652,677.04285,677.0327,677.0272,0.010109979,677.03735
2223.02,3345.0776,9251.953,6886.0,13.222222,163.14331,2018.0043,2018.0,0.0,0.0,0.0,0.0,961.0327,0.012014389,-0.0046320735,11.546221,-5.5651533e-05,-4.4515743,961.0494,961.0327,961.0207,0.016646463,961.03735
2511.02,3790.2793,10471.982,7763.0,13.228758,163.14296,2018.0065,2018.0,0.0,0.0,0.0,0.0,1249.0327,0.01854992,-0.0046320735,23.169456,-8.5924585e-05,-5.785611,1249.0559,1249.0327,1249.0142,0.023181994,1249.0374
327.52,548.28876,1465.1686,1412.0,13.196078,163.14513,2018.0002,2018.0,0.0,0.0,0.0,0.0,-934.4673,-0.014129639,-0.0046320735,13.203685,6.544952e-05,4.3285213,934.4861,934.4673,-934.4531,-0.009497565,-934.46265
710.85333,1059.4907,2940.1492,2548.0,13.202615,163.1446,2018.0005,2018.0,0.0,0.0,0.0,0.0,-551.134,-0.007593155,-0.0046320735,4.1848454,3.5172052e-05,2.552893,551.1462,551.134,-551.1264,-0.0029610815,-551.12933
1064.52,1564.445,4363.1016,3439.0,13.20915,163.14413,2018.0012,2018.0,0.0,0.0,0.0,0.0,-197.46729,-0.0010576248,-0.0046320735,0.2088463,4.898996e-06,0.914683,197.47298,197.46729,-197.46623,0.0035744486,-197.46265
1331.52,1972.2975,5485.2036,4231.0,13.215686,163.1437,2018.0024,2018.0,0.0,0.0,0.0,0.0,69.532715,0.0054779053,-0.0046320735,0.38089362,-2.537406e-05,-0.32208064,69.54282,69.532715,69.52724,0.010109979,69.537346
1675.1866,2512.066,6956.283,5419.0,13.222222,163.14331,2018.0043,2018.0,0.0,0.0,0.0,0.0,413.19934,0.012014389,-0.0046320735,4.964338,-5.5651533e-05,-1.9139698,413.216,413.19934,413.18732,0.016646463,413.20398
2031.52,3054.6106,8450.779,6417.0,13.228758,163.14296,2018.0065,2018.0,0.0,0.0,0.0,0.0,769.5327,0.01854992,-0.0046320735,14.27477,-8.5924585e-05,-3.564532,769.5559,769.5327,769.51416,0.023181994,769.53735
487.52002,698.4475,1966.011,1698.0,13.196078,163.14513,2018.0002,2018.0,0.0,0.0,0.0,0.0,-774.4673,-0.014129639,-0.0046320735,10.942943,6.544952e-05,3.5873895,774.4861,774.4673,-774.4531,-0.009497565,-774.46265
736.1867,1049.9116,2960.3035,2309.0,13.202615,163.1446,2018.0005,2018.0,0.0,0.0,0.0,0.0,-525.8006,-0.007593155,-0.0046320735,3.9924853,3.5172052e-05,2.4355469,525.8128,525.8006,-525.793,-0.0029610815,-525.79596
975.02,1430.5935,3992.1138,3194.0,13.20915,163.14413,2018.0012,2018.0,0.0,0.0,0.0,0.0,-286.9673,-0.0010576248,-0.0046320735,0.30350372,4.898996e-06,1.3292536,286.973,286.9673,-286.96622,0.0035744486,-286.96265
1256.1866,1852.0677,5159.3413,3943.0,13.215686,163.1437,2018.0024,2018.0,0.0,0.0,0.0,0.0,-5.800659,0.0054779053,-0.0046320735,-0.03177546,-2.537406e-05,0.02686908,5.810769,5.800664,-5.806137,0.010109979,-5.796027
1555.8534,2311.793,6422.3057,4815.0,13.222222,163.14331,2018.0043,2018.0,0.0,0.0,0.0,0.0,293.8661,0.012014389,-0.0046320735,3.5306215,-5.5651533e-05,-1.3612093,293.88275,293.8661,293.85406,0.016646463,293.87073
1805.52,2696.832,7478.2305,5564.0,13.228758,163.14296,2018.0065,2018.0,0.0,0.0,0.0,0.0,543.5327,0.01854992,-0.0046320735,10.082488,-8.5924585e-05,-2.5176835,543.5559,543.5327,543.51416,0.023181994,543.53735
805.02,1188.3064,3308.8826,2777.0,13.196078,163.14513,2018.0002,2018.0,0.0,0.0,0.0,0.0,-456.9673,-0.014129639,-0.0046320735,6.456783,6.544952e-05,2.1167061,456.98605,456.9673,-456.95316,-0.009497565,-456.96265
1134.8534,1669.8844,4655.096,3623.0,13.202615,163.1446,2018.0005,2018.0,0.0,0.0,0.0,0.0,-127.13391,-0.007593155,-0.0046320735,0.96534747,3.5172052e-05,0.5888936,127.14613,127.13391,-127.12632,-0.0029610815,-127.12928
1418.6866,2104.633,5850.0796,4464.0,13.20915,163.14413,2018.0012,2018.0,0.0,0.0,0.0,0.0,156.69934,-0.0010576248,-0.0046320735,-0.1657291,4.898996e-06,-0.72584283,156.70503,156.69934,156.7004,0.0035744486,156.70398
1646.1866,2448.009,6798.774,4996.0,13.215686,163.1437,2018.0024,2018.0,0.0,0.0,0.0,0.0,384.19934,0.0054779053,-0.0046320735,2.1046076,-2.537406e-05,-1.7796396,384.20947,384.19934,384.19385,0.010109979,384.20398
1940.6866,2906.3914,8051.9033,5979.0,13.222222,163.14331,2018.0043,2018.0,0.0,0.0,0.0,0.0,678.69934,0.012014389,-0.0046320735,8.154158,-5.5651533e-05,-3.1437852,678.716,678.69934,678.6873,0.016646463,678.704
2199.6868,3307.8235,9150.968,6796.0,13.228758,163.14296,2018.0065,2018.0,0.0,0.0,0.0,0.0,937.69946,0.01854992,-0.0046320735,17.394249,-8.5924585e-05,-4.343493,937.72266,937.69946,937.6809,0.023181994,937.7041
297.02,477.05402,1291.2118,1231.0,13.196078,163.14513,2018.0002,2018.0,0.0,0.0,0.0,0.0,-964.9673,-0.014129639,-0.0046320735,13.634639,6.544952e-05,4.4697995,964.9861,964.9673,-964.9531,-0.009497565,-964.96265
576.6867,817.9429,2310.9648,1905.0,13.202615,163.1446,2018.0005,2018.0,0.0,0.0,0.0,0.0,-685.3006,-0.007593155,-0.0046320735,5.2035937,3.5172052e-05,3.1743627,685.3128,685.3006,-685.293,-0.0029610815,-685.29596
826.1867,1191.2162,3345.2185,2626.0,13.20915,163.14413,2018.0012,2018.0,0.0,0.0,0.0,0.0,-435.8006,-0.0010576248,-0.0046320735,0.46091354,4.898996e-06,2.0186603,435.8063,435.8006,-435.79953,0.0035744486,-435.79596
1073.1866,1573.5481,4392.1113,3424.0,13.215686,163.1437,2018.0024,2018.0,0.0,0.0,0.0,0.0,-188.80066,0.0054779053,-0.0046320735,-1.0342321,-2.537406e-05,0.87453854,188.81078,188.80066,-188.80614,0.010109979,-188.79602
1281.3534,1883.5726,5252.659,3889.0,13.222222,163.14331,2018.0043,2018.0,0.0,0.0,0.0,0.0,19.366089,0.012014389,-0.0046320735,0.23267172,-5.5651533e-05,-0.08970515,19.382736,19.366095,19.354074,0.016646463,19.370722
1509.3534,2244.3394,6233.312,4755.0,13.228758,163.14296,2018.0065,2018.0,0.0,0.0,0.0,0.0,247.36609,0.01854992,-0.0046320735,4.588621,-8.5924585e-05,-1.1458179,247.38928,247.36609,247.34753,0.023181994,247.37073
266.52,478.8485,1254.0642,1219.0,13.20915,163.30681,2020.0002,2020.0,0.0625,0.3507362,2.828427,2.0,-995.4673,-0.0010576248,0.057867926,1.0528309,-6.1202554e-05,-57.605625,995.5262,995.4673,-995.46625,-0.05892555,-995.52515
598.35333,867.941,2432.0295,2074.0,13.215686,163.3063,2020.0005,2020.0,0.03125,0.25,2.0,2.0,-663.634,0.0054779053,0.026617926,-3.635324,0.00014581048,-17.66456,663.6661,663.634,-663.63947,-0.02114002,-663.6606
851.1867,1231.3838,3453.7869,2722.0,13.222222,163.30583,2020.0012,2020.0,0.0,0.0,0.0,0.0,-410.8006,0.012014389,-0.0046320735,-4.9355183,-5.5651533e-05,1.9028585,410.81726,410.8006,-410.81262,0.016646463,-410.79596
1120.8534,1652.1859,4602.8755,3629.0,13.228758,163.30539,2020.0024,2020.0,0.0,0.0,0.0,0.0,-141.13391,0.01854992,-0.0046320735,-2.6180227,-8.5924585e-05,0.6537427,141.1571,141.13391,-141.15247,0.023181994,-141.12927
1465.3534,2192.7358,6076.5137,4810.0,13.235294,163.30501,2020.0042,2020.0,0.0,0.0,0.0,0.0,203.36609,0.025086403,-0.0046320735,5.1017237,-0.00011620206,-0.94200665,203.39581,203.36609,203.341,0.029718477,203.37073
1816.3534,2717.505,7531.2017,5678.0,13.24183,163.30464,2020.0065,2020.0,0.0,0.0,0.0,0.0,554.3661,0.031621933,-0.0046320735,17.530127,-0.00014647511,-2.5678644,554.40234,554.3661,554.3345,0.036254007,554.3707
221.52,421.9181,1088.3478,1053.0,13.20915,163.30681,2020.0002,2020.0,0.0,0.0,0.0,0.0,-1040.4673,-0.0010576248,-0.0046320735,1.100424,4.898996e-06,4.819521,1040.473,1040.4673,-1040.4662,0.0035744486,-1040.4626
586.52,860.86316,2401.9702,2088.0,13.215686,163.3063,2020.0005,2020.0,0.0,0.0,0.0,0.0,-675.4673,0.0054779053,-0.0046320735,-3.7001457,-2.537406e-05,3.128814,675.4774,675.4673,-675.4728,0.010109979,-675.46265
948.6867,1392.2711,3884.8594,3129.0,13.222222,163.30583,2020.0012,2020.0,0.0,0.0,0.0,0.0,-313.3006,0.012014389,-0.0046320735,-3.7641153,-5.5651533e-05,1.4512314,313.31726,313.3006,-313.31262,0.016646463,-313.29596
1267.52,1869.6312,5207.422,3979.0,13.228758,163.30539,2020.0024,2020.0,0.0,0.0,0.0,0.0,5.532715,0.01854992,-0.0046320735,0.10263141,-8.5924585e-05,-0.02562794,5.5558968,5.5327477,5.514165,0.023181994,5.537347
1529.1866,2273.4019,6314.4478,4785.0,13.235294,163.30501,2020.0042,2020.0,0.0,0.0,0.0,0.0,267.19934,0.025086403,-0.0046320735,6.70307,-0.00011620206,-1.237687,267.22906,267.19934,267.17426,0.029718477,267.20398
1794.6866,2684.761,7440.7734,5625.0,13.24183,163.30464,2020.0065,2020.0,0.0,0.0,0.0,0.0,532.69934,0.031621933,-0.0046320735,16.844982,-0.00014647511,-2.4675026,532.7356,532.69934,532.6677,0.036254007,532.704
276.02,470.69348,1250.9532,1208.0,13.20915,163.30681,2020.0002,2020.0,0.0,0.0,0.0,0.0,-985.9673,-0.0010576248,-0.0046320735,1.0427835,4.898996e-06,4.567073,985.97296,985.9673,-985.96625,0.0035744486,-985.96265
630.02,924.25073,2579.2922,2220.0,13.215686,163.3063,2020.0005,2020.0,0.0,0.0,0.0,0.0,-631.9673,0.0054779053,-0.0046320735,-3.4618568,-2.537406e-05,2.9273188,631.9774,631.9673,-631.9728,0.010109979,-631.96265
968.6867,1419.95,3963.7625,3166.0,13.222222,163.30583,2020.0012,2020.0,0.0,0.0,0.0,0.0,-293.3006,0.012014389,-0.0046320735,-3.5238276,-5.5651533e-05,1.3585899,293.31726,293.3006,-293.31262,0.016646463,-293.29596
1265.6866,1871.2083,5207.579,4033.0,13.228758,163.30539,2020.0024,2020.0,0.0,0.0,0.0,0.0,3.6993408,0.01854992,-0.0046320735,0.06862247,-8.5924585e-05,-0.017135618,3.7225227,3.6993902,3.680791,0.023181994,3.7039728
1557.52,2319.6533,6438.8794,4912.0,13.235294,163.30501,2020.0042,2020.0,0.0,0.0,0.0,0.0,295.5327,0.025086403,-0.0046320735,7.4138527,-0.00011620206,-1.3689293,295.56244,295.5327,295.50763,0.029718477,295.53735
1824.52,2728.7188,7563.2515,5676.0,13.24183,163.30464,2020.0065,2020.0,0.0,0.0,0.0,0.0,562.5327,0.031621933,-0.0046320735,17.788372,-0.00014647511,-2.6056929,562.569,562.5327,562.5011,0.036254007,562.53735
130.35333,206.0311,560.53186,488.0,13.20915,163.30681,2020.0002,2020.0,0.0,0.0,0.0,0.0,-1131.634,-0.0010576248,-0.0046320735,1.1968442,4.898996e-06,5.2418118,1131.6398,1131.634,-1131.6329,0.0035744486,-1131.6294
391.35336,595.9415,1641.5469,1522.0,13.215686,163.3063,2020.0005,2020.0,0.0,0.0,0.0,0.0,-870.6339,0.0054779053,-0.0046320735,-4.76925,-2.537406e-05,4.0328403,870.64404,870.6339,-870.6394,0.010109979,-870.6293
713.02,1022.58405,2877.2861,2316.0,13.222222,163.30583,2020.0012,2020.0,0.0,0.0,0.0,0.0,-548.9673,0.012014389,-0.0046320735,-6.5955067,-5.5651533e-05,2.5428567,548.98395,548.9673,-548.9793,0.016646463,-548.96265
973.85333,1421.0162,3973.2578,3119.0,13.228758,163.30539,2020.0024,2020.0,0.0,0.0,0.0,0.0,-288.13397,0.01854992,-0.0046320735,-5.344862,-8.5924585e-05,1.3346577,288.15717,288.13397,-288.15253,0.023181994,-288.12933
1204.8534,1769.6576,4936.443,3741.0,13.235294,163.30501,2020.0042,2020.0,0.0,0.0,0.0,0.0,-57.13391,0.025086403,-0.0046320735,-1.4332843,-0.00011620206,0.26464847,57.163628,57.133915,-57.158997,0.029718477,-57.12928
1436.02,2126.3252,5914.3228,4450.0,13.24183,163.30464,2020.0065,2020.0,0.0,0.0,0.0,0.0,174.03271,0.031621933,-0.0046320735,5.503251,-0.00014647511,-0.8061323,174.06897,174.03273,174.0011,0.036254007,174.03735
233.02,380.98453,1025.4443,977.0,13.20915,163.30681,2020.0002,2020.0,0.0,0.0,0.0,0.0,-1028.9673,-0.0010576248,-0.0046320735,1.0882614,4.898996e-06,4.766252,1028.973,1028.9673,-1028.9662,0.0035744486,-1028.9626
574.02,818.45856,2307.892,1925.0,13.215686,163.3063,2020.0005,2020.0,0.0,0.0,0.0,0.0,-687.9673,0.0054779053,-0.0046320735,-3.7686195,-2.537406e-05,3.186715,687.9774,687.9673,-687.9728,0.010109979,-687.96265
806.1867,1162.558,3264.5562,2584.0,13.222222,163.30583,2020.0012,2020.0,0.0,0.0,0.0,0.0,-455.8006,0.012014389,-0.0046320735,-5.476166,-5.5651533e-05,2.111302,455.81726,455.8006,-455.81262,0.016646463,-455.79596
1080.1866,1584.7013,4422.353,3450.0,13.228758,163.30539,2020.0024,2020.0,0.0,0.0,0.0,0.0,-181.80066,0.01854992,-0.0046320735,-3.3723874,-8.5924585e-05,0.84211403,181.82385,181.80066,-181.81921,0.023181994,-181.79602
1342.3534,1985.5472,5524.804,4221.0,13.235294,163.30501,2020.0042,2020.0,0.0,0.0,0.0,0.0,80.36609,0.025086403,-0.0046320735,2.016096,-0.00011620206,-0.3722616,80.395805,80.36609,80.341,0.029718477,80.37072
1646.1866,2460.0386,6820.4497,5241.0,13.24183,163.30464,2020.0065,2020.0,0.0,0.0,0.0,0.0,384.19934,0.031621933,-0.0046320735,12.149126,-0.00014647511,-1.7796396,384.2356,384.19934,384.16772,0.036254007,384.20398
193.52,348.26456,911.6694,869.0,13.20915,163.30681,2020.0002,2020.0,0.0,0.0,0.0,0.0,-1068.4673,-0.0010576248,-0.0046320735,1.1300375,4.898996e-06,4.9492188,1068.473,1068.4673,-1068.4662,0.0035744486,-1068.4626
497.68668,727.60315,2033.0233,1794.0,13.215686,163.3063,2020.0005,2020.0,0.0,0.0,0.0,0.0,-764.30066,0.0054779053,-0.0046320735,-4.1867666,-2.537406e-05,3.5402968,764.3108,764.30066,-764.30615,0.010109979,-764.296
792.35333,1145.2798,3213.2961,2576.0,13.222222,163.30583,2020.0012,2020.0,0.0,0.0,0.0,0.0,-469.63397,0.012014389,-0.0046320735,-5.6423655,-5.5651533e-05,2.175379,469.65063,469.63397,-469.646,0.016646463,-469.62933
1075.3534,1570.8623,4390.484,3353.0,13.228758,163.30539,2020.0024,2020.0,0.0,0.0,0.0,0.0,-186.63391,0.01854992,-0.0046320735,-3.462044,-8.5924585e-05,0.864502,186.6571,186.63391,-186.65247,0.023181994,-186.62927
1296.3534,1909.7916,5321.627,4001.0,13.235294,163.30501,2020.0042,2020.0,0.0,0.0,0.0,0.0,34.36609,0.025086403,-0.0046320735,0.8621215,-0.00011620206,-0.15918624,34.395805,34.366096,34.341003,0.029718477,34.37072
1542.52,2291.7888,6366.9214,4793.0,13.24183,163.30464,2020.0065,2020.0,0.0,0.0,0.0,0.0,280.5327,0.031621933,-0.0046320735,8.870987,-0.00014647511,-1.2994481,280.56897,280.5327,280.5011,0.036254007,280.53735
251.68666,465.20337,1209.1931,1176.0,13.20915,163.30681,2020.0002,2020.0,0.0,0.0,0.0,0.0,-1010.30066,-0.0010576248,-0.0046320735,1.068519,4.898996e-06,4.6797867,1010.30634,1010.30066,-1010.2996,0.0035744486,-1010.296
621.02,904.7805,2531.2317,2161.0,13.215686,163.3063,2020.0005,2020.0,0.0,0.0,0.0,0.0,-640.9673,0.0054779053,-0.0046320735,-3.511158,-2.537406e-05,2.9690075,640.9774,640.9673,-640.9728,0.010109979,-640.96265
940.35333,1384.6185,3858.9414,3143.0,13.222222,163.30583,2020.0012,2020.0,0.0,0.0,0.0,0.0,-321.63397,0.012014389,-0.0046320735,-3.8642356,-5.5651533e-05,1.4898322,321.65063,321.63397,-321.646,0.016646463,-321.62933
1228.52,1805.8801,5036.029,3802.0,13.228758,163.30539,2020.0024,2020.0,0.0,0.0,0.0,0.0,-33.467285,0.01854992,-0.0046320735,-0.62081546,-8.5924585e-05,0.15502292,33.490467,33.467293,-33.485836,0.023181994,-33.462654
1481.1866,2204.866,6121.3276,4720.0,13.235294,163.30501,2020.0042,2020.0,0.0,0.0,0.0,0.0,219.19934,0.025086403,-0.0046320735,5.498923,-0.00011620206,-1.0153475,219.22906,219.19934,219.17426,0.029718477,219.20398
1771.8534,2646.501,7338.707,5499.0,13.24183,163.30464,2020.0065,2020.0,0.0,0.0,0.0,0.0,509.8661,0.031621933,-0.0046320735,16.122952,-0.00014647511,-2.3617373,509.90234,509.8661,509.83447,0.036254007,509.87073
173.52,287.8214,771.27234,719.0,13.20915,163.30681,2020.0002,2020.0,0.0,0.0,0.0,0.0,-1088.4673,-0.0010576248,-0.0046320735,1.15119,4.898996e-06,5.0418606,1088.473,1088.4673,-1088.4662,0.0035744486,-1088.4626
416.85336,584.5937,1658.7191,1429.0,13.215686,163.3063,2020.0005,2020.0,0.0,0.0,0.0,0.0,-845.1339,0.0054779053,-0.0046320735,-4.6295633,-2.537406e-05,3.9147224,845.14404,845.1339,-845.1394,0.010109979,-845.1293
682.85333,990.3368,2775.1697,2316.0,13.222222,163.30583,2020.0012,2020.0,0.0,0.0,0.0,0.0,-579.134,0.012014389,-0.0046320735,-6.957941,-5.5651533e-05,2.6825912,579.15063,579.134,-579.146,0.016646463,-579.12933
960.02,1395.7244,3907.6926,3031.0,13.228758,163.30539,2020.0024,2020.0,0.0,0.0,0.0,0.0,-301.9673,0.01854992,-0.0046320735,-5.6014686,-8.5924585e-05,1.3987347,301.99048,301.9673,-301.98584,0.023181994,-301.96265
1180.52,1733.8788,4836.677,3694.0,13.235294,163.30501,2020.0042,2020.0,0.0,0.0,0.0,0.0,-81.467285,0.025086403,-0.0046320735,-2.0437212,-0.00011620206,0.37736246,81.497,81.467285,-81.49237,0.029718477,-81.462654
1403.1866,2078.5688,5780.643,4400.0,13.24183,163.30464,2020.0065,2020.0,0.0,0.0,0.0,0.0,141.19934,0.031621933,-0.0046320735,4.464996,-0.00014647511,-0.6540457,141.2356,141.19934,141.16772,0.036254007,141.20398
227.18666,401.33237,1055.9456,1017.0,13.20915,163.30681,2020.0002,2020.0,0.0,0.0,0.0,0.0,-1034.8007,-0.0010576248,-0.0046320735,1.0944308,4.898996e-06,4.7932725,1034.8064,1034.8007,-1034.7996,0.0035744486,-1034.796
544.02,781.19135,2197.054,1873.0,13.215686,163.3063,2020.0005,2020.0,0.0,0.0,0.0,0.0,-717.9673,0.0054779053,-0.0046320735,-3.9329567,-2.537406e-05,3.3256772,717.9774,717.9673,-717.9728,0.010109979,-717.96265
831.85333,1206.0483,3380.036,2702.0,13.222222,163.30583,2020.0012,2020.0,0.0,0.0,0.0,0.0,-430.13397,0.012014389,-0.0046320735,-5.167797,-5.5651533e-05,1.9924122,430.15063,430.13397,-430.146,0.016646463,-430.12933
1089.1866,1594.727,4453.5083,3431.0,13.228758,163.30539,2020.0024,2020.0,0.0,0.0,0.0,0.0,-172.80066,0.01854992,-0.0046320735,-3.2054381,-8.5924585e-05,0.80042535,172.82385,172.80066,-172.81921,0.023181994,-172.79602
1393.8534,2083.7622,5776.4424,4597.0,13.235294,163.30501,2020.0042,2020.0,0.0,0.0,0.0,0.0,131.86609,0.025086403,-0.0046320735,3.3080459,-0.00011620206,-0.61081344,131.89581,131.86609,131.841,0.029718477,131.87073
1732.8534,2587.5085,7175.8403,5405.0,13.24183,163.30464,2020.0065,2020.0,0.0,0.0,0.0,0.0,470.8661,0.031621933,-0.0046320735,14.889696,-0.00014647511,-2.1810863,470.90234,470.8661,470.83447,0.036254007,470.87073
227.68666,413.9538,1080.6646,1044.0,13.20915,163.30681,2020.0002,2020.0,0.0,0.0,0.0,0.0,-1034.3007,-0.0010576248,-0.0046320735,1.093902,4.898996e-06,4.7909565,1034.3064,1034.3007,-1034.2996,0.0035744486,-1034.296
597.85333,886.7538,2465.0017,2165.0,13.215686,163.3063,2020.0005,2020.0,0.0,0.0,0.0,0.0,-664.134,0.0054779053,-0.0046320735,-3.638063,-2.537406e-05,3.0763173,664.1441,664.134,-664.13947,0.010109979,-664.12933
999.6867,1491.5084,4137.539,3443.0,13.222222,163.30583,2020.0012,2020.0,0.0,0.0,0.0,0.0,-262.3006,0.012014389,-0.0046320735,-3.1513815,-5.5651533e-05,1.2149956,262.31726,262.3006,-262.31262,0.016646463,-262.29596
1402.8534,2085.2498,5792.1772,4489.0,13.228758,163.30539,2020.0024,2020.0,0.0,0.0,0.0,0.0,140.86609,0.01854992,-0.0046320735,2.6130545,-8.5924585e-05,-0.65250206,140.88928,140.86609,140.84753,0.023181994,140.87073
1892.8534,2859.008,7897.278,6221.0,13.235294,163.30501,2020.0042,2020.0,0.0,0.0,0.0,0.0,630.8661,0.025086403,-0.0046320735,15.82616,-0.00011620206,-2.922218,630.8958,630.8661,630.841,0.029718477,630.8707
2327.52,3511.416,9703.314,7311.0,13.24183,163.30464,2020.0065,2020.0,0.0,0.0,0.0,0.0,1065.5327,0.031621933,-0.0046320735,33.694202,-0.00014647511,-4.935626,1065.569,1065.5327,1065.5011,0.036254007,1065.5374
140.35333,217.63531,595.8356,527.0,13.20915,163.30681,2020.0002,2020.0,0.0,0.0,0.0,0.0,-1121.634,-0.0010576248,-0.0046320735,1.186268,4.898996e-06,5.1954913,1121.6398,1121.634,-1121.6329,0.0035744486,-1121.6294
463.85336,737.5361,2002.6875,1883.0,13.215686,163.3063,2020.0005,2020.0,0.0,0.0,0.0,0.0,-798.1339,0.0054779053,-0.0046320735,-4.372102,-2.537406e-05,3.6970148,798.14404,798.1339,-798.1394,0.010109979,-798.1293
858.6867,1256.4358,3509.5886,2861.0,13.222222,163.30583,2020.0012,2020.0,0.0,0.0,0.0,0.0,-403.3006,0.012014389,-0.0046320735,-4.8454103,-5.5651533e-05,1.868118,403.31726,403.3006,-403.31262,0.016646463,-403.29596
1213.1866,1807.423,5016.455,4040.0,13.228758,163.30539,2020.0024,2020.0,0.0,0.0,0.0,0.0,-48.80066,0.01854992,-0.0046320735,-0.9052483,-8.5924585e-05,0.22604823,48.82384,48.800663,-48.81921,0.023181994,-48.79603
1589.1866,2373.7498,6582.2886,5083.0,13.235294,163.30501,2020.0042,2020.0,0.0,0.0,0.0,0.0,327.19934,0.025086403,-0.0046320735,8.208255,-0.00011620206,-1.5156114,327.22906,327.19934,327.17426,0.029718477,327.20398
1929.8534,2900.5662,8025.735,6151.0,13.24183,163.30464,2020.0065,2020.0,0.0,0.0,0.0,0.0,667.8661,0.031621933,-0.0046320735,21.119217,-0.00014647511,-3.0936048,667.90234,667.8661,667.8345,0.036254007,667.8707
228.35333,391.9777,1039.7615,998.0,13.20915,163.30681,2020.0002,2020.0,0.0,0.0,0.0,0.0,-1033.634,-0.0010576248,-0.0046320735,1.093197,4.898996e-06,4.787869,1033.6398,1033.634,-1033.6329,0.0035744486,-1033.6294
561.52,807.4405,2269.72,1929.0,13.215686,163.3063,2020.0005,2020.0,0.0,0.0,0.0,0.0,-700.4673,0.0054779053,-0.0046320735,-3.8370934,-2.537406e-05,3.244616,700.4774,700.4673,-700.4728,0.010109979,-700.46265
913.85333,1365.9402,3786.7837,3200.0,13.222222,163.30583,2020.0012,2020.0,0.0,0.0,0.0,0.0,-348.13397,0.012014389,-0.0046320735,-4.182617,-5.5651533e-05,1.6125821,348.15063,348.13397,-348.146,0.016646463,-348.12933
1272.1866,1883.1973,5238.598,4077.0,13.228758,163.30539,2020.0024,2020.0,0.0,0.0,0.0,0.0,10.199341,0.01854992,-0.0046320735,0.18919694,-8.5924585e-05,-0.047244094,10.222523,10.199359,10.180791,0.023181994,10.203973
1606.6866,2399.7012,6654.433,5123.0,13.235294,163.30501,2020.0042,2020.0,0.0,0.0,0.0,0.0,344.69934,0.025086403,-0.0046320735,8.647266,-0.00011620206,-1.5966727,344.72906,344.69934,344.67426,0.029718477,344.70398
1949.8534,2924.797,8098.38,6104.0,13.24183,163.30464,2020.0065,2020.0,0.0,0.0,0.0,0.0,687.8661,0.031621933,-0.0046320735,21.751656,-0.00014647511,-3.1862462,687.90234,687.8661,687.8345,0.036254007,687.8707
254.52,448.40573,1180.6866,1143.0,13.20915,163.30681,2020.0002,2020.0,0.0,0.0,0.0,0.0,-1007.4673,-0.0010576248,-0.0046320735,1.0655224,4.898996e-06,4.6666627,1007.47296,1007.4673,-1007.46625,0.0035744486,-1007.46265
608.85333,872.99335,2456.5833,2047.0,13.215686,163.3063,2020.0005,2020.0,0.0,0.0,0.0,0.0,-653.134,0.0054779053,-0.0046320735,-3.577806,-2.537406e-05,3.0253646,653.1441,653.134,-653.13947,0.010109979,-653.12933
934.1867,1381.3972,3844.1538,3168.0,13.222222,163.30583,2020.0012,2020.0,0.0,0.0,0.0,0.0,-327.8006,0.012014389,-0.0046320735,-3.938324,-5.5651533e-05,1.5183965,327.81726,327.8006,-327.81262,0.016646463,-327.79596
1279.6866,1895.7637,5272.1143,4112.0,13.228758,163.30539,2020.0024,2020.0,0.0,0.0,0.0,0.0,17.69934,0.01854992,-0.0046320735,0.32832134,-8.5924585e-05,-0.08198465,17.722525,17.69935,17.68079,0.023181994,17.703974
1616.02,2412.896,6691.7456,5135.0,13.235294,163.30501,2020.0042,2020.0,0.0,0.0,0.0,0.0,354.0327,0.025086403,-0.0046320735,8.881408,-0.00011620206,-1.6399056,354.06244,354.0327,354.00763,0.029718477,354.03735
1935.02,2903.5808,8038.639,6089.0,13.24183,163.30464,2020.0065,2020.0,0.0,0.0,0.0,0.0,673.0327,0.031621933,-0.0046320735,21.282595,-0.00014647511,-3.117537,673.069,673.0327,673.0011,0.036254007,673.03735
226.02,378.7521,1011.8182,967.0,13.20915,163.30681,2020.0002,2020.0,0.0,0.0,0.0,0.0,-1035.9673,-0.0010576248,-0.0046320735,1.0956647,4.898996e-06,4.7986765,1035.973,1035.9673,-1035.9662,0.0035744486,-1035.9626
534.52,777.0332,2175.5857,1891.0,13.215686,163.3063,2020.0005,2020.0,0.0,0.0,0.0,0.0,-727.4673,0.0054779053,-0.0046320735,-3.9849968,-2.537406e-05,3.3696818,727.4774,727.4673,-727.4728,0.010109979,-727.46265
797.6867,1147.5326,3225.21,2538.0,13.222222,163.30583,2020.0012,2020.0,0.0,0.0,0.0,0.0,-464.3006,0.012014389,-0.0046320735,-5.578288,-5.5651533e-05,2.1506746,464.31726,464.3006,-464.31262,0.016646463,-464.29596
1029.3534,1502.5253,4200.6333,3246.0,13.228758,163.30539,2020.0024,2020.0,0.0,0.0,0.0,0.0,-232.63391,0.01854992,-0.0046320735,-4.31534,-8.5924585e-05,1.0775774,232.6571,232.63391,-232.65247,0.023181994,-232.62927
1312.52,1938.1053,5396.065,4108.0,13.235294,163.30501,2020.0042,2020.0,0.0,0.0,0.0,0.0,50.532715,0.025086403,-0.0046320735,1.2676841,-0.00011620206,-0.23407124,50.56243,50.532722,50.50763,0.029718477,50.537346
1529.52,2269.0498,6307.1006,4699.0,13.24183,163.30464,2020.0065,2020.0,0.0,0.0,0.0,0.0,267.5327,0.031621933,-0.0046320735,8.459902,-0.00014647511,-1.2392312,267.56897,267.5327,267.5011,0.036254007,267.53735
1233.3534,1810.6597,5051.6733,3737.0,13.189543,163.06427,2017.0002,2017.0,0.09375,0.5261043,4.2426405,3.0,-28.633911,-0.020665169,0.08911793,0.59172463,-0.0018416371,-2.5517948,28.743692,28.634058,-28.613247,-0.1097831,-28.723028
1233.3534,1810.6597,5051.6733,3737.0,13.189543,163.06427,2017.0002,2017.0,0.046875,0.375,3.0,3.0,-28.633911,-0.020665169,0.042242926,0.59172463,-0.0008729572,-1.2095802,28.696817,28.63395,-28.613247,-0.0629081,-28.676153
1233.8534,1810.2513,5051.6743,3737.0,13.20915,163.06287,2017.0024,2017.0,0.0,0.0,0.0,0.0,-28.133911,-0.0010576248,-0.0046320735,0.029755123,4.898996e-06,0.13031834,28.1396,28.133911,-28.132854,0.0035744486,-28.129278
1233.8534,1810.2513,5051.6743,3737.0,13.20915,163.06287,2017.0024,2017.0,0.0,0.0,0.0,0.0,-28.133911,-0.0010576248,-0.0046320735,0.029755123,4.898996e-06,0.13031834,28.1396,28.133911,-28.132854,0.0035744486,-28.129278
1233.3534,1810.6597,5051.6733,3737.0,13.189543,163.06427,2017.0002,2017.0,0.0,0.0,0.0,0.0,-28.633911,-0.020665169,-0.0046320735,0.59172463,9.572258e-05,0.13263439,28.659208,28.633919,-28.613247,-0.016033094,-28.629278
1233.3534,1810.6597,5051.6733,3737.0,13.189543,163.06427,2017.0002,2017.0,0.0,0.0,0.0,0.0,-28.633911,-0.020665169,-0.0046320735,0.59172463,9.572258e-05,0.13263439,28.659208,28.633919,-28.613247,-0.016033094,-28.629278
1233.8534,1810.2513,5051.6743,3737.0,13.20915,163.06287,2017.0024,2017.0,0.0,0.0,0.0,0.0,-28.133911,-0.0010576248,-0.0046320735,0.029755123,4.898996e-06,0.13031834,28.1396,28.133911,-28.132854,0.0035744486,-28.129278
1234.02,1810.1154,5051.675,3737.0,13.215686,163.06247,2017.0043,2017.0,0.0,0.0,0.0,0.0,-27.967285,0.0054779053,-0.0046320735,-0.15320215,-2.537406e-05,0.12954652,27.977396,27.967285,-27.972763,0.010109979,-27.962652
1234.1866,1809.9795,5051.676,3737.0,13.222222,163.0621,2017.0065,2017.0,0.0,0.0,0.0,0.0,-27.80066,0.012014389,-0.0046320735,-0.33400795,-5.5651533e-05,0.1287747,27.817307,27.800661,-27.812674,0.016646463,-27.796026
1234.3534,1809.8438,5051.677,3737.0,13.228758,163.0618,2017.0092,2017.0,0.0,0.0,0.0,0.0,-27.633911,0.01854992,-0.0046320735,-0.5126068,-8.5924585e-05,0.1280023,27.657095,27.633919,-27.652462,0.023181994,-27.629278
1233.52,1810.5234,5051.6733,3737.0,13.196078,163.06377,2017.0005,2017.0,0.0,0.0,0.0,0.0,-28.467285,-0.014129639,-0.0046320735,0.40223247,6.544952e-05,0.13186255,28.486048,28.467289,-28.453156,-0.009497565,-28.462652
1234.02,1810.1154,5051.675,3737.0,13.215686,163.06247,2017.0043,2017.0,0.0,0.0,0.0,0.0,-27.967285,0.0054779053,-0.0046320735,-0.15320215,-2.537406e-05,0.12954652,27.977396,27.967285,-27.972763,0.010109979,-27.962652
1234.1866,1809.9795,5051.676,3737.0,13.222222,163.0621,2017.0065,2017.0,0.0,0.0,0.0,0.0,-27.80066,0.012014389,-0.0046320735,-0.33400795,-5.5651533e-05,0.1287747,27.817307,27.800661,-27.812674,0.016646463,-27.796026
1233.6866,1810.3873,5051.674,3737.0,13.202615,163.0633,2017.0012,2017.0,0.0,0.0,0.0,0.0,-28.30066,-0.007593155,-0.0046320735,0.21489128,3.5172052e-05,0.13109073,28.312885,28.300661,-28.293066,-0.0029610815,-28.296026
1233.8534,1810.2513,5051.6743,3737.0,13.20915,163.06287,2017.0024,2017.0,0.0,0.0,0.0,0.0,-28.133911,-0.0010576248,-0.0046320735,0.029755123,4.898996e-06,0.13031834,28.1396,28.133911,-28.132854,0.0035744486,-28.129278
1233.3534,1810.6597,5051.6733,3737.0,13.189543,163.06427,2017.0002,2017.0,0.0,0.0,0.0,0.0,-28.633911,-0.020665169,-0.0046320735,0.59172463,9.572258e-05,0.13263439,28.659208,28.633919,-28.613247,-0.016033094,-28.629278
1234.1866,1809.9795,5051.676,3737.0,13.222222,163.0621,2017.0065,2017.0,0.0,0.0,0.0,0.0,-27.80066,0.012014389,-0.0046320735,-0.33400795,-5.5651533e-05,0.1287747,27.817307,27.800661,-27.812674,0.016646463,-27.796026
1233.3534,1810.6597,5051.6733,3737.0,13.189543,163.06427,2017.0002,2017.0,0.0,0.0,0.0,0.0,-28.633911,-0.020665169,-0.0046320735,0.59172463,9.572258e-05,0.13263439,28.659208,28.633919,-28.613247,-0.016033094,-28.629278
1233.8534,1810.2513,5051.6743,3737.0,13.20915,163.06287,2017.0024,2017.0,0.0,0.0,0.0,0.0,-28.133911,-0.0010576248,-0.0046320735,0.029755123,4.898996e-06,0.13031834,28.1396,28.133911,-28.132854,0.0035744486,-28.129278
1234.02,1810.1154,5051.675,3737.0,13.215686,163.06247,2017.0043,2017.0,0.0,0.0,0.0,0.0,-27.967285,0.0054779053,-0.0046320735,-0.15320215,-2.537406e-05,0.12954652,27.977396,27.967285,-27.972763,0.010109979,-27.962652
1234.1866,1809.9795,5051.676,3737.0,13.222222,163.0621,2017.0065,2017.0,0.0,0.0,0.0,0.0,-27.80066,0.012014389,-0.0046320735,-0.33400795,-5.5651533e-05,0.1287747,27.817307,27.800661,-27.812674,0.016646463,-27.796026
1233.3534,1810.6597,5051.6733,3737.0,13.189543,163.06427,2017.0002,2017.0,0.0,0.0,0.0,0.0,-28.633911,-0.020665169,-0.0046320735,0.59172463,9.572258e-05,0.13263439,28.659208,28.633919,-28.613247,-0.016033094,-28.629278
1234.02,1810.1154,5051.675,3737.0,13.215686,163.06247,2017.0043,2017.0,0.0,0.0,0.0,0.0,-27.967285,0.0054779053,-0.0046320735,-0.15320215,-2.537406e-05,0.12954652,27.977396,27.967285,-27.972763,0.010109979,-27.962652
1234.1866,1809.9795,5051.676,3737.0,13.222222,163.0621,2017.0065,2017.0,0.0,0.0,0.0,0.0,-27.80066,0.012014389,-0.0046320735,-0.33400795,-5.5651533e-05,0.1287747,27.817307,27.800661,-27.812674,0.016646463,-27.796026
1234.02,1810.1154,5051.675,3737.0,13.215686,163.06247,2017.0043,2017.0,0.0,0.0,0.0,0.0,-27.967285,0.0054779053,-0.0046320735,-0.15320215,-2.537406e-05,0.12954652,27.977396,27.967285,-27.972763,0.010109979,-27.962652
1233.52,1810.5234,5051.6733,3737.0,13.196078,163.06377,2017.0005,2017.0,0.0,0.0,0.0,0.0,-28.467285,-0.014129639,-0.0046320735,0.40223247,6.544952e-05,0.13186255,28.486048,28.467289,-28.453156,-0.009497565,-28.462652
1233.8534,1810.2513,5051.6743,3737.0,13.20915,163.06287,2017.0024,2017.0,0.0,0.0,0.0,0.0,-28.133911,-0.0010576248,-0.0046320735,0.029755123,4.898996e-06,0.13031834,28.1396,28.133911,-28.132854,0.0035744486,-28.129278
1234.02,1810.1154,5051.675,3737.0,13.215686,163.06247,2017.0043,2017.0,0.0,0.0,0.0,0.0,-27.967285,0.0054779053,-0.0046320735,-0.15320215,-2.537406e-05,0.12954652,27.977396,27.967285,-27.972763,0.010109979,-27.962652
1233.6866,1810.3873,5051.674,3737.0,13.202615,163.0633,2017.0012,2017.0,0.0,0.0,0.0,0.0,-28.30066,-0.007593155,-0.0046320735,0.21489128,3.5172052e-05,0.13109073,28.312885,28.300661,-28.293066,-0.0029610815,-28.296026
1234.1866,1809.9795,5051.676,3737.0,13.222222,163.0621,2017.0065,2017.0,0.0,0.0,0.0,0.0,-27.80066,0.012014389,-0.0046320735,-0.33400795,-5.5651533e-05,0.1287747,27.817307,27.800661,-27.812674,0.016646463,-27.796026
1233.52,1810.5234,5051.6733,3737.0,13.196078,163.06377,2017.0005,2017.0,0.0,0.0,0.0,0.0,-28.467285,-0.014129639,-0.0046320735,0.40223247,6.544952e-05,0.13186255,28.486048,28.467289,-28.453156,-0.009497565,-28.462652
1233.6866,1810.3873,5051.674,3737.0,13.202615,163.0633,2017.0012,2017.0,0.0,0.0,0.0,0.0,-28.30066,-0.007593155,-0.0046320735,0.21489128,3.5172052e-05,0.13109073,28.312885,28.300661,-28.293066,-0.0029610815,-28.296026
1233.3534,1810.6597,5051.6733,3737.0,13.189543,163.06427,2017.0002,2017.0,0.0,0.0,0.0,0.0,-28.633911,-0.020665169,-0.0046320735,0.59172463,9.572258e-05,0.13263439,28.659208,28.633919,-28.613247,-0.016033094,-28.629278
1233.52,1810.5234,5051.6733,3737.0,13.196078,163.06377,2017.0005,2017.0,0.0,0.0,0.0,0.0,-28.467285,-0.014129639,-0.0046320735,0.40223247,6.544952e-05,0.13186255,28.486048,28.467289,-28.453156,-0.009497565,-28.462652
1233.8534,1810.2513,5051.6743,3737.0,13.20915,163.06287,2017.0024,2017.0,0.0,0.0,0.0,0.0,-28.133911,-0.0010576248,-0.0046320735,0.029755123,4.898996e-06,0.13031834,28.1396,28.133911,-28.132854,0.0035744486,-28.129278
1234.02,1810.1154,5051.675,3737.0,13.215686,163.06247,2017.0043,2017.0,0.0,0.0,0.0,0.0,-27.967285,0.0054779053,-0.0046320735,-0.15320215,-2.537406e-05,0.12954652,27.977396,27.967285,-27.972763,0.010109979,-27.962652
1233.3534,1810.6597,5051.6733,3737.0,13.189543,163.06427,2017.0002,2017.0,0.0,0.0,0.0,0.0,-28.633911,-0.020665169,-0.0046320735,0.59172463,9.572258e-05,0.13263439,28.659208,28.633919,-28.613247,-0.016033094,-28.629278
1233.6866,1810.3873,5051.674,3737.0,13.202615,163.0633,2017.0012,2017.0,0.0,0.0,0.0,0.0,-28.30066,-0.007593155,-0.0046320735,0.21489128,3.5172052e-05,0.13109073,28.312885,28.300661,-28.293066,-0.0029610815,-28.296026
1234.1866,1809.9795,5051.676,3737.0,13.222222,163.0621,2017.0065,2017.0,0.0,0.0,0.0,0.0,-27.80066,0.012014389,-0.0046320735,-0.33400795,-5.5651533e-05,0.1287747,27.817307,27.800661,-27.812674,0.016646463,-27.796026
1233.52,1810.5234,5051.6733,3737.0,13.196078,163.06377,2017.0005,2017.0,0.0,0.0,0.0,0.0,-28.467285,-0.014129639,-0.0046320735,0.40223247,6.544952e-05,0.13186255,28.486048,28.467289,-28.453156,-0.009497565,-28.462652
1233.6866,1810.3873,5051.674,3737.0,13.202615,163.0633,2017.0012,2017.0,0.0,0.0,0.0,0.0,-28.30066,-0.007593155,-0.0046320735,0.21489128,3.5172052e-05,0.13109073,28.312885,28.300661,-28.293066,-0.0029610815,-28.296026
1233.3534,1810.6597,5051.6733,3737.0,13.189543,163.06427,2017.0002,2017.0,0.0,0.0,0.0,0.0,-28.633911,-0.020665169,-0.0046320735,0.59172463,9.572258e-05,0.13263439,28.659208,28.633919,-28.613247,-0.016033094,-28.629278
1233.8534,1810.2513,5051.6743,3737.0,13.20915,163.06287,2017.0024,2017.0,0.0,0.0,0.0,0.0,-28.133911,-0.0010576248,-0.0046320735,0.029755123,4.898996e-06,0.13031834,28.1396,28.133911,-28.132854,0.0035744486,-28.129278
1233.52,1810.5234,5051.6733,3737.0,13.196078,163.06377,2017.0005,2017.0,0.0,0.0,0.0,0.0,-28.467285,-0.014129639,-0.0046320735,0.40223247,6.544952e-05,0.13186255,28.486048,28.467289,-28.453156,-0.009497565,-28.462652
1233.3534,1810.6597,5051.6733,3737.0,13.189543,163.06427,2017.0002,2017.0,0.0,0.0,0.0,0.0,-28.633911,-0.020665169,-0.0046320735,0.59172463,9.572258e-05,0.13263439,28.659208,28.633919,-28.613247,-0.016033094,-28.629278
1234.1866,1809.9795,5051.676,3737.0,13.222222,163.0621,2017.0065,2017.0,0.0,0.0,0.0,0.0,-27.80066,0.012014389,-0.0046320735,-0.33400795,-5.5651533e-05,0.1287747,27.817307,27.800661,-27.812674,0.016646463,-27.796026
1233.52,1810.5234,5051.6733,3737.0,13.196078,163.06377,2017.0005,2017.0,0.0,0.0,0.0,0.0,-28.467285,-0.014129639,-0.0046320735,0.40223247,6.544952e-05,0.13186255,28.486048,28.467289,-28.453156,-0.009497565,-28.462652
1233.6866,1810.3873,5051.674,3737.0,13.202615,163.0633,2017.0012,2017.0,0.0,0.0,0.0,0.0,-28.30066,-0.007593155,-0.0046320735,0.21489128,3.5172052e-05,0.13109073,28.312885,28.300661,-28.293066,-0.0029610815,-28.296026
1233.8534,1810.2513,5051.6743,3737.0,13.20915,163.06287,2017.0024,2017.0,0.0,0.0,0.0,0.0,-28.133911,-0.0010576248,-0.0046320735,0.029755123,4.898996e-06,0.13031834,28.1396,28.133911,-28.132854,0.0035744486,-28.129278
1234.02,1810.1154,5051.675,3737.0,13.215686,163.06247,2017.0043,2017.0,0.0,0.0,0.0,0.0,-27.967285,0.0054779053,-0.0046320735,-0.15320215,-2.537406e-05,0.12954652,27.977396,27.967285,-27.972763,0.010109979,-27.962652
1233.52,1810.5234,5051.6733,3737.0,13.196078,163.06377,2017.0005,2017.0,0.0,0.0,0.0,0.0,-28.467285,-0.014129639,-0.0046320735,0.40223247,6.544952e-05,0.13186255,28.486048,28.467289,-28.453156,-0.009497565,-28.462652
1233.8534,1810.2513,5051.6743,3737.0,13.20915,163.06287,2017.0024,2017.0,0.0,0.0,0.0,0.0,-28.133911,-0.0010576248,-0.0046320735,0.029755123,4.898996e-06,0.13031834,28.1396,28.133911,-28.132854,0.0035744486,-28.129278
1234.02,1810.1154,5051.675,3737.0,13.215686,163.06247,2017.0043,2017.0,0.0,0.0,0.0,0.0,-27.967285,0.0054779053,-0.0046320735,-0.15320215,-2.537406e-05,0.12954652,27.977396,27.967285,-27.972763,0.010109979,-27.962652
1233.3534,1810.6597,5051.6733,3737.0,13.189543,163.06427,2017.0002,2017.0,0.0,0.0,0.0,0.0,-28.633911,-0.020665169,-0.0046320735,0.59172463,9.572258e-05,0.13263439,28.659208,28.633919,-28.613247,-0.016033094,-28.629278
1233.52,1810.5234,5051.6733,3737.0,13.196078,163.06377,2017.0005,2017.0,0.0,0.0,0.0,0.0,-28.467285,-0.014129639,-0.0046320735,0.40223247,6.544952e-05,0.13186255,28.486048,28.467289,-28.453156,-0.009497565,-28.462652
1234.02,1810.1154,5051.675,3737.0,13.215686,163.06247,2017.0043,2017.0,0.0,0.0,0.0,0.0,-27.967285,0.0054779053,-0.0046320735,-0.15320215,-2.537406e-05,0.12954652,27.977396,27.967285,-27.972763,0.010109979,-27.962652
1233.3534,1810.6597,5051.6733,3737.0,13.189543,163.06427,2017.0002,2017.0,0.0,0.0,0.0,0.0,-28.633911,-0.020665169,-0.0046320735,0.59172463,9.572258e-05,0.13263439,28.659208,28.633919,-28.613247,-0.016033094,-28.629278
1233.8534,1810.2513,5051.6743,3737.0,13.20915,163.06287,2017.0024,2017.0,0.0,0.0,0.0,0.0,-28.133911,-0.0010576248,-0.0046320735,0.029755123,4.898996e-06,0.13031834,28.1396,28.133911,-28.132854,0.0035744486,-28.129278
1234.1866,1809.9795,5051.676,3737.0,13.222222,163.0621,2017.0065,2017.0,0.0,0.0,0.0,0.0,-27.80066,0.012014389,-0.0046320735,-0.33400795,-5.5651533e-05,0.1287747,27.817307,27.800661,-27.812674,0.016646463,-27.796026
1233.52,1810.5234,5051.6733,3737.0,13.196078,163.06377,2017.0005,2017.0,0.0,0.0,0.0,0.0,-28.467285,-0.014129639,-0.0046320735,0.40223247,6.544952e-05,0.13186255,28.486048,28.467289,-28.453156,-0.009497565,-28.462652
1233.6866,1810.3873,5051.674,3737.0,13.202615,163.0633,2017.0012,2017.0,0.0,0.0,0.0,0.0,-28.30066,-0.007593155,-0.0046320735,0.21489128,3.5172052e-05,0.13109073,28.312885,28.300661,-28.293066,-0.0029610815,-28.296026
1233.8534,1810.2513,5051.6743,3737.0,13.20915,163.06287,2017.0024,2017.0,0.0,0.0,0.0,0.0,-28.133911,-0.0010576248,-0.0046320735,0.029755123,4.898996e-06,0.13031834,28.1396,28.133911,-28.132854,0.0035744486,-28.129278
1233.3534,1810.6597,5051.6733,3737.0,13.189543,163.06427,2017.0002,2017.0,0.0,0.0,0.0,0.0,-28.633911,-0.020665169,-0.0046320735,0.59172463,9.572258e-05,0.13263439,28.659208,28.633919,-28.613247,-0.016033094,-28.629278
1233.52,1810.5234,5051.6733,3737.0,13.196078,163.06377,2017.0005,2017.0,0.0,0.0,0.0,0.0,-28.467285,-0.014129639,-0.0046320735,0.40223247,6.544952e-05,0.13186255,28.486048,28.467289,-28.453156,-0.009497565,-28.462652
1233.6866,1810.3873,5051.674,3737.0,13.202615,163.0633,2017.0012,2017.0,0.0,0.0,0.0,0.0,-28.30066,-0.007593155,-0.0046320735,0.21489128,3.5172052e-05,0.13109073,28.312885,28.300661,-28.293066,-0.0029610815,-28.296026
1234.1866,1809.9795,5051.676,3737.0,13.222222,163.0621,2017.0065,2017.0,0.0,0.0,0.0,0.0,-27.80066,0.012014389,-0.0046320735,-0.33400795,-5.5651533e-05,0.1287747,27.817307,27.800661,-27.812674,0.016646463,-27.796026
1233.8534,1810.2513,5051.6743,3737.0,13.20915,163.06287,2017.0024,2017.0,0.0,0.0,0.0,0.0,-28.133911,-0.0010576248,-0.0046320735,0.029755123,4.898996e-06,0.13031834,28.1396,28.133911,-28.132854,0.0035744486,-28.129278
1234.02,1810.1154,5051.675,3737.0,13.215686,163.06247,2017.0043,2017.0,0.0,0.0,0.0,0.0,-27.967285,0.0054779053,-0.0046320735,-0.15320215,-2.537406e-05,0.12954652,27.977396,27.967285,-27.972763,0.010109979,-27.962652
1233.6866,1810.3873,5051.674,3737.0,13.202615,163.0633,2017.0012,2017.0,0.0,0.0,0.0,0.0,-28.30066,-0.007593155,-0.0046320735,0.21489128,3.5172052e-05,0.13109073,28.312885,28.300661,-28.293066,-0.0029610815,-28.296026
1233.8534,1810.2513,5051.6743,3737.0,13.20915,163.06287,2017.0024,2017.0,0.0,0.0,0.0,0.0,-28.133911,-0.0010576248,-0.0046320735,0.029755123,4.898996e-06,0.13031834,28.1396,28.133911,-28.132854,0.0035744486,-28.129278
1234.1866,1809.9795,5051.676,3737.0,13.222222,163.0621,2017.0065,2017.0,0.0,0.0,0.0,0.0,-27.80066,0.012014389,-0.0046320735,-0.33400795,-5.5651533e-05,0.1287747,27.817307,27.800661,-27.812674,0.016646463,-27.796026
1233.52,1810.5234,5051.6733,3737.0,13.196078,163.06377,2017.0005,2017.0,0.0,0.0,0.0,0.0,-28.467285,-0.014129639,-0.0046320735,0.40223247,6.544952e-05,0.13186255,28.486048,28.467289,-28.453156,-0.009497565,-28.462652
1233.52,1810.5234,5051.6733,3737.0,13.196078,163.06377,2017.0005,2017.0,0.0,0.0,0.0,0.0,-28.467285,-0.014129639,-0.0046320735,0.40223247,6.544952e-05,0.13186255,28.486048,28.467289,-28.453156,-0.009497565,-28.462652
1233.6866,1810.3873,5051.674,3737.0,13.202615,163.0633,2017.0012,2017.0,0.0,0.0,0.0,0.0,-28.30066,-0.007593155,-0.0046320735,0.21489128,3.5172052e-05,0.13109073,28.312885,28.300661,-28.293066,-0.0029610815,-28.296026
1234.02,1810.1154,5051.675,3737.0,13.215686,163.06247,2017.0043,2017.0,0.0,0.0,0.0,0.0,-27.967285,0.0054779053,-0.0046320735,-0.15320215,-2.537406e-05,0.12954652,27.977396,27.967285,-27.972763,0.010109979,-27.962652
1234.1866,1809.9795,5051.676,3737.0,13.222222,163.0621,2017.0065,2017.0,0.0,0.0,0.0,0.0,-27.80066,0.012014389,-0.0046320735,-0.33400795,-5.5651533e-05,0.1287747,27.817307,27.800661,-27.812674,0.016646463,-27.796026
1233.52,1810.5234,5051.6733,3737.0,13.196078,163.06377,2017.0005,2017.0,0.0,0.0,0.0,0.0,-28.467285,-0.014129639,-0.0046320735,0.40223247,6.544952e-05,0.13186255,28.486048,28.467289,-28.453156,-0.009497565,-28.462652
1233.6866,1810.3873,5051.674,3737.0,13.202615,163.0633,2017.0012,2017.0,0.0,0.0,0.0,0.0,-28.30066,-0.007593155,-0.0046320735,0.21489128,3.5172052e-05,0.13109073,28.312885,28.300661,-28.293066,-0.0029610815,-28.296026
1233.8534,1810.2513,5051.6743,3737.0,13.20915,163.06287,2017.0024,2017.0,0.0,0.0,0.0,0.0,-28.133911,-0.0010576248,-0.0046320735,0.029755123,4.898996e-06,0.13031834,28.1396,28.133911,-28.132854,0.0035744486,-28.129278
1233.8534,1810.2513,5051.6743,3737.0,13.20915,163.06287,2017.0024,2017.0,0.0,0.0,0.0,0.0,-28.133911,-0.0010576248,-0.0046320735,0.029755123,4.898996e-06,0.13031834,28.1396,28.133911,-28.132854,0.0035744486,-28.129278
1234.1866,1809.9795,5051.676,3737.0,13.222222,163.0621,2017.0065,2017.0,0.0,0.0,0.0,0.0,-27.80066,0.012014389,-0.0046320735,-0.33400795,-5.5651533e-05,0.1287747,27.817307,27.800661,-27.812674,0.016646463,-27.796026
1233.3534,1810.6597,5051.6733,3737.0,13.189543,163.06427,2017.0002,2017.0,0.0,0.0,0.0,0.0,-28.633911,-0.020665169,-0.0046320735,0.59172463,9.572258e-05,0.13263439,28.659208,28.633919,-28.613247,-0.016033094,-28.629278
1234.1866,1809.9795,5051.676,3737.0,13.222222,163.0621,2017.0065,2017.0,0.0,0.0,0.0,0.0,-27.80066,0.012014389,-0.0046320735,-0.33400795,-5.5651533e-05,0.1287747,27.817307,27.800661,-27.812674,0.016646463,-27.796026
1233.3534,1810.6597,5051.6733,3737.0,13.189543,163.06427,2017.0002,2017.0,0.0,0.0,0.0,0.0,-28.633911,-0.020665169,-0.0046320735,0.59172463,9.572258e-05,0.13263439,28.659208,28.633919,-28.613247,-0.016033094,-28.629278
1233.6866,1810.3873,5051.674,3737.0,13.202615,163.0633,2017.0012,2017.0,0.0,0.0,0.0,0.0,-28.30066,-0.007593155,-0.0046320735,0.21489128,3.5172052e-05,0.13109073,28.312885,28.300661,-28.293066,-0.0029610815,-28.296026
1233.8534,1810.2513,5051.6743,3737.0,13.20915,163.06287,2017.0024,2017.0,0.0,0.0,0.0,0.0,-28.133911,-0.0010576248,-0.0046320735,0.029755123,4.898996e-06,0.13031834,28.1396,28.133911,-28.132854,0.0035744486,-28.129278
1233.3534,1810.6597,5051.6733,3737.0,13.189543,163.06427,2017.0002,2017.0,0.0,0.0,0.0,0.0,-28.633911,-0.020665169,-0.0046320735,0.59172463,9.572258e-05,0.13263439,28.659208,28.633919,-28.613247,-0.016033094,-28.629278
1234.1866,1809.9795,5051.676,3737.0,13.222222,163.0621,2017.0065,2017.0,0.0,0.0,0.0,0.0,-27.80066,0.012014389,-0.0046320735,-0.33400795,-5.5651533e-05,0.1287747,27.817307,27.800661,-27.812674,0.016646463,-27.796026
1233.3534,1810.6597,5051.6733,3737.0,13.189543,163.06427,2017.0002,2017.0,0.0,0.0,0.0,0.0,-28.633911,-0.020665169,-0.0046320735,0.59172463,9.572258e-05,0.13263439,28.659208,28.633919,-28.613247,-0.016033094,-28.629278
1233.52,1810.5234,5051.6733,3737.0,13.196078,163.06377,2017.0005,2017.0,0.0,0.0,0.0,0.0,-28.467285,-0.014129639,-0.0046320735,0.40223247,6.544952e-05,0.13186255,28.486048,28.467289,-28.453156,-0.009497565,-28.462652
1233.8534,1810.2513,5051.6743,3737.0,13.20915,163.06287,2017.0024,2017.0,0.0,0.0,0.0,0.0,-28.133911,-0.0010576248,-0.0046320735,0.029755123,4.898996e-06,0.13031834,28.1396,28.133911,-28.132854,0.0035744486,-28.129278
1233.3534,1810.6597,5051.6733,3737.0,13.189543,163.06427,2017.0002,2017.0,0.0,0.0,0.0,0.0,-28.633911,-0.020665169,-0.0046320735,0.59172463,9.572258e-05,0.13263439,28.659208,28.633919,-28.613247,-0.016033094,-28.629278
1233.8534,1810.2513,5051.6743,3737.0,13.20915,163.06287,2017.0024,2017.0,0.0,0.0,0.0,0.0,-28.133911,-0.0010576248,-0.0046320735,0.029755123,4.898996e-06,0.13031834,28.1396,28.133911,-28.132854,0.0035744486,-28.129278
1233.6866,1810.3873,5051.674,3737.0,13.202615,163.0633,2017.0012,2017.0,0.0,0.0,0.0,0.0,-28.30066,-0.007593155,-0.0046320735,0.21489128,3.5172052e-05,0.13109073,28.312885,28.300661,-28.293066,-0.0029610815,-28.296026
1233.8534,1810.2513,5051.6743,3737.0,13.20915,163.06287,2017.0024,2017.0,0.0,0.0,0.0,0.0,-28.133911,-0.0010576248,-0.0046320735,0.029755123,4.898996e-06,0.13031834,28.1396,28.133911,-28.132854,0.0035744486,-28.129278
1234.1866,1809.9795,5051.676,3737.0,13.222222,163.0621,2017.0065,2017.0,0.0,0.0,0.0,0.0,-27.80066,0.012014389,-0.0046320735,-0.33400795,-5.5651533e-05,0.1287747,27.817307,27.800661,-27.812674,0.016646463,-27.796026
1233.6866,1810.3873,5051.674,3737.0,13.202615,163.0633,2017.0012,2017.0,0.0,0.0,0.0,0.0,-28.30066,-0.007593155,-0.0046320735,0.21489128,3.5172052e-05,0.13109073,28.312885,28.300661,-28.293066,-0.0029610815,-28.296026
1233.8534,1810.2513,5051.6743,3737.0,13.20915,163.06287,2017.0024,2017.0,0.0,0.0,0.0,0.0,-28.133911,-0.0010576248,-0.0046320735,0.029755123,4.898996e-06,0.13031834,28.1396,28.133911,-28.132854,0.0035744486,-28.129278
1233.8534,1810.2513,5051.6743,3737.0,13.20915,163.06287,2017.0024,2017.0,0.0,0.0,0.0,0.0,-28.133911,-0.0010576248,-0.0046320735,0.029755123,4.898996e-06,0.13031834,28.1396,28.133911,-28.132854,0.0035744486,-28.129278
1233.3534,1810.6597,5051.6733,3737.0,13.189543,163.06427,2017.0002,2017.0,0.0,0.0,0.0,0.0,-28.633911,-0.020665169,-0.0046320735,0.59172463,9.572258e-05,0.13263439,28.659208,28.633919,-28.613247,-0.016033094,-28.629278
1233.8534,1810.2513,5051.6743,3737.0,13.20915,163.06287,2017.0024,2017.0,0.0,0.0,0.0,0.0,-28.133911,-0.0010576248,-0.0046320735,0.029755123,4.898996e-06,0.13031834,28.1396,28.133911,-28.132854,0.0035744486,-28.129278
1233.52,1810.5234,5051.6733,3737.0,13.196078,163.06377,2017.0005,2017.0,0.0,0.0,0.0,0.0,-28.467285,-0.014129639,-0.0046320735,0.40223247,6.544952e-05,0.13186255,28.486048,28.467289,-28.453156,-0.009497565,-28.462652
1233.6866,1810.3873,5051.674,3737.0,13.202615,163.0633,2017.0012,2017.0,0.0,0.0,0.0,0.0,-28.30066,-0.007593155,-0.0046320735,0.21489128,3.5172052e-05,0.13109073,28.312885,28.300661,-28.293066,-0.0029610815,-28.296026
1233.8534,1810.2513,5051.6743,3737.0,13.20915,163.06287,2017.0024,2017.0,0.0,0.0,0.0,0.0,-28.133911,-0.0010576248,-0.0046320735,0.029755123,4.898996e-06,0.13031834,28.1396,28.133911,-28.132854,0.0035744486,-28.129278
1234.02,1810.1154,5051.675,3737.0,13.215686,163.06247,2017.0043,2017.0,0.0,0.0,0.0,0.0,-27.967285,0.0054779053,-0.0046320735,-0.15320215,-2.537406e-05,0.12954652,27.977396,27.967285,-27.972763,0.010109979,-27.962652
1234.1866,1809.9795,5051.676,3737.0,13.222222,163.0621,2017.0065,2017.0,0.0,0.0,0.0,0.0,-27.80066,0.012014389,-0.0046320735,-0.33400795,-5.5651533e-05,0.1287747,27.817307,27.800661,-27.812674,0.016646463,-27.796026
1233.52,1810.5234,5051.6733,3737.0,13.196078,163.06377,2017.0005,2017.0,0.0,0.0,0.0,0.0,-28.467285,-0.014129639,-0.0046320735,0.40223247,6.544952e-05,0.13186255,28.486048,28.467289,-28.453156,-0.009497565,-28.462652
1233.3534,1810.6597,5051.6733,3737.0,13.189543,163.06427,2017.0002,2017.0,0.0,0.0,0.0,0.0,-28.633911,-0.020665169,-0.0046320735,0.59172463,9.572258e-05,0.13263439,28.659208,28.633919,-28.613247,-0.016033094,-28.629278
1234.1866,1809.9795,5051.676,3737.0,13.222222,163.0621,2017.0065,2017.0,0.0,0.0,0.0,0.0,-27.80066,0.012014389,-0.0046320735,-0.33400795,-5.5651533e-05,0.1287747,27.817307,27.800661,-27.812674,0.016646463,-27.796026
1233.3534,1810.6597,5051.6733,3737.0,13.189543,163.06427,2017.0002,2017.0,0.0,0.0,0.0,0.0,-28.633911,-0.020665169,-0.0046320735,0.59172463,9.572258e-05,0.13263439,28.659208,28.633919,-28.613247,-0.016033094,-28.629278
1233.6866,1810.3873,5051.674,3737.0,13.202615,163.0633,2017.0012,2017.0,0.0,0.0,0.0,0.0,-28.30066,-0.007593155,-0.0046320735,0.21489128,3.5172052e-05,0.13109073,28.312885,28.300661,-28.293066,-0.0029610815,-28.296026
1233.8534,1810.2513,5051.6743,3737.0,13.20915,163.06287,2017.0024,2017.0,0.0,0.0,0.0,0.0,-28.133911,-0.0010576248,-0.0046320735,0.029755123,4.898996e-06,0.13031834,28.1396,28.133911,-28.132854,0.0035744486,-28.129278
1233.8534,1810.2513,5051.6743,3737.0,13.20915,163.06287,2017.0024,2017.0,0.0,0.0,0.0,0.0,-28.133911,-0.0010576248,-0.0046320735,0.029755123,4.898996e-06,0.13031834,28.1396,28.133911,-28.132854,0.0035744486,-28.129278
1234.1866,1809.9795,5051.676,3737.0,13.222222,163.0621,2017.0065,2017.0,0.0,0.0,0.0,0.0,-27.80066,0.012014389,-0.0046320735,-0.33400795,-5.5651533e-05,0.1287747,27.817307,27.800661,-27.812674,0.016646463,-27.796026
1233.6866,1810.3873,5051.674,3737.0,13.202615,163.0633,2017.0012,2017.0,0.0,0.0,0.0,0.0,-28.30066,-0.007593155,-0.0046320735,0.21489128,3.5172052e-05,0.13109073,28.312885,28.300661,-28.293066,-0.0029610815,-28.296026
1234.1866,1809.9795,5051.676,3737.0,13.222222,163.0621,2017.0065,2017.0,0.0,0.0,0.0,0.0,-27.80066,0.012014389,-0.0046320735,-0.33400795,-5.5651533e-05,0.1287747,27.817307,27.800661,-27.812674,0.016646463,-27.796026
1233.52,1810.5234,5051.6733,3737.0,13.196078,163.06377,2017.0005,2017.0,0.0,0.0,0.0,0.0,-28.467285,-0.014129639,-0.0046320735,0.40223247,6.544952e-05,0.13186255,28.486048,28.467289,-28.453156,-0.009497565,-28.462652
1233.6866,1810.3873,5051.674,3737.0,13.202615,163.0633,2017.0012,2017.0,0.0,0.0,0.0,0.0,-28.30066,-0.007593155,-0.0046320735,0.21489128,3.5172052e-05,0.13109073,28.312885,28.300661,-28.293066,-0.0029610815,-28.296026
1233.3534,1810.6597,5051.6733,3737.0,13.189543,163.06427,2017.0002,2017.0,0.0,0.0,0.0,0.0,-28.633911,-0.020665169,-0.0046320735,0.59172463,9.572258e-05,0.13263439,28.659208,28.633919,-28.613247,-0.016033094,-28.629278
1233.52,1810.5234,5051.6733,3737.0,13.196078,163.06377,2017.0005,2017.0,0.0,0.0,0.0,0.0,-28.467285,-0.014129639,-0.0046320735,0.40223247,6.544952e-05,0.13186255,28.486048,28.467289,-28.453156,-0.009497565,-28.462652
1233.6866,1810.3873,5051.674,3737.0,13.202615,163.0633,2017.0012,2017.0,0.0,0.0,0.0,0.0,-28.30066,-0.007593155,-0.0046320735,0.21489128,3.5172052e-05,0.13109073,28.312885,28.300661,-28.293066,-0.0029610815,-28.296026
1233.6866,1810.3873,5051.674,3737.0,13.202615,163.0633,2017.0012,2017.0,0.0,0.0,0.0,0.0,-28.30066,-0.007593155,-0.0046320735,0.21489128,3.5172052e-05,0.13109073,28.312885,28.300661,-28.293066,-0.0029610815,-28.296026
1233.8534,1810.2513,5051.6743,3737.0,13.20915,163.06287,2017.0024,2017.0,0.0,0.0,0.0,0.0,-28.133911,-0.0010576248,-0.0046320735,0.029755123,4.898996e-06,0.13031834,28.1396,28.133911,-28.132854,0.0035744486,-28.129278
1234.1866,1809.9795,5051.676,3737.0,13.222222,163.0621,2017.0065,2017.0,0.0,0.0,0.0,0.0,-27.80066,0.012014389,-0.0046320735,-0.33400795,-5.5651533e-05,0.1287747,27.817307,27.800661,-27.812674,0.016646463,-27.796026
1233.6866,1810.3873,5051.674,3737.0,13.202615,163.0633,2017.0012,2017.0,0.0,0.0,0.0,0.0,-28.30066,-0.007593155,-0.0046320735,0.21489128,3.5172052e-05,0.13109073,28.312885,28.300661,-28.293066,-0.0029610815,-28.296026
1234.02,1810.1154,5051.675,3737.0,13.215686,163.06247,2017.0043,2017.0,0.0,0.0,0.0,0.0,-27.967285,0.0054779053,-0.0046320735,-0.15320215,-2.537406e-05,0.12954652,27.977396,27.967285,-27.972763,0.010109979,-27.962652
1234.1866,1809.9795,5051.676,3737.0,13.222222,163.0621,2017.0065,2017.0,0.0,0.0,0.0,0.0,-27.80066,0.012014389,-0.0046320735,-0.33400795,-5.5651533e-05,0.1287747,27.817307,27.800661,-27.812674,0.016646463,-27.796026
1234.1866,1809.9795,5051.676,3737.0,13.222222,163.0621,2017.0065,2017.0,0.0,0.0,0.0,0.0,-27.80066,0.012014389,-0.0046320735,-0.33400795,-5.5651533e-05,0.1287747,27.817307,27.800661,-27.812674,0.016646463,-27.796026
1233.52,1810.5234,5051.6733,3737.0,13.196078,163.06377,2017.0005,2017.0,0.0,0.0,0.0,0.0,-28.467285,-0.014129639,-0.0046320735,0.40223247,6.544952e-05,0.13186255,28.486048,28.467289,-28.453156,-0.009497565,-28.462652
1233.6866,1810.3873,5051.674,3737.0,13.202615,163.0633,2017.0012,2017.0,0.0,0.0,0.0,0.0,-28.30066,-0.007593155,-0.0046320735,0.21489128,3.5172052e-05,0.13109073,28.312885,28.300661,-28.293066,-0.0029610815,-28.296026
1234.1866,1809.9795,5051.676,3737.0,13.222222,163.0621,2017.0065,2017.0,0.0,0.0,0.0,0.0,-27.80066,0.012014389,-0.0046320735,-0.33400795,-5.5651533e-05,0.1287747,27.817307,27.800661,-27.812674,0.016646463,-27.796026
1233.52,1810.5234,5051.6733,3737.0,13.196078,163.06377,2017.0005,2017.0,0.0,0.0,0.0,0.0,-28.467285,-0.014129639,-0.0046320735,0.40223247,6.544952e-05,0.13186255,28.486048,28.467289,-28.453156,-0.009497565,-28.462652
1233.6866,1810.3873,5051.674,3737.0,13.202615,163.0633,2017.0012,2017.0,0.0,0.0,0.0,0.0,-28.30066,-0.007593155,-0.0046320735,0.21489128,3.5172052e-05,0.13109073,28.312885,28.300661,-28.293066,-0.0029610815,-28.296026
1233.8534,1810.2513,5051.6743,3737.0,13.20915,163.06287,2017.0024,2017.0,0.0,0.0,0.0,0.0,-28.133911,-0.0010576248,-0.0046320735,0.029755123,4.898996e-06,0.13031834,28.1396,28.133911,-28.132854,0.0035744486,-28.129278
1233.52,1810.5234,5051.6733,3737.0,13.196078,163.06377,2017.0005,2017.0,0.0,0.0,0.0,0.0,-28.467285,-0.014129639,-0.0046320735,0.40223247,6.544952e-05,0.13186255,28.486048,28.467289,-28.453156,-0.009497565,-28.462652
1233.6866,1810.3873,5051.674,3737.0,13.202615,163.0633,2017.0012,2017.0,0.0,0.0,0.0,0.0,-28.30066,-0.007593155,-0.0046320735,0.21489128,3.5172052e-05,0.13109073,28.312885,28.300661,-28.293066,-0.0029610815,-28.296026
1233.8534,1810.2513,5051.6743,3737.0,13.20915,163.06287,2017.0024,2017.0,0.0,0.0,0.0,0.0,-28.133911,-0.0010576248,-0.0046320735,0.029755123,4.898996e-06,0.13031834,28.1396,28.133911,-28.132854,0.0035744486,-28.129278
1234.02,1810.1154,5051.675,3737.0,13.215686,163.06247,2017.0043,2017.0,0.0,0.0,0.0,0.0,-27.967285,0.0054779053,-0.0046320735,-0.15320215,-2.537406e-05,0.12954652,27.977396,27.967285,-27.972763,0.010109979,-27.962652
1233.3534,1810.6597,5051.6733,3737.0,13.189543,163.06427,2017.0002,2017.0,0.0,0.0,0.0,0.0,-28.633911,-0.020665169,-0.0046320735,0.59172463,9.572258e-05,0.13263439,28.659208,28.633919,-28.613247,-0.016033094,-28.629278
1234.1866,1809.9795,5051.676,3737.0,13.222222,163.0621,2017.0065,2017.0,0.0,0.0,0.0,0.0,-27.80066,0.012014389,-0.0046320735,-0.33400795,-5.5651533e-05,0.1287747,27.817307,27.800661,-27.812674,0.016646463,-27.796026
1233.6866,1810.3873,5051.674,3737.0,13.202615,163.0633,2017.0012,2017.0,0.0,0.0,0.0,0.0,-28.30066,-0.007593155,-0.0046320735,0.21489128,3.5172052e-05,0.13109073,28.312885,28.300661,-28.293066,-0.0029610815,-28.296026
1233.8534,1810.2513,5051.6743,3737.0,13.20915,163.06287,2017.0024,2017.0,0.0,0.0,0.0,0.0,-28.133911,-0.0010576248,-0.0046320735,0.029755123,4.898996e-06,0.13031834,28.1396,28.133911,-28.132854,0.0035744486,-28.129278
1233.52,1810.5234,5051.6733,3737.0,13.196078,163.06377,2017.0005,2017.0,0.0,0.0,0.0,0.0,-28.467285,-0.014129639,-0.0046320735,0.40223247,6.544952e-05,0.13186255,28.486048,28.467289,-28.453156,-0.009497565,-28.462652
1233.6866,1810.3873,5051.674,3737.0,13.202615,163.0633,2017.0012,2017.0,0.0,0.0,0.0,0.0,-28.30066,-0.007593155,-0.0046320735,0.21489128,3.5172052e-05,0.13109073,28.312885,28.300661,-28.293066,-0.0029610815,-28.296026
1233.8534,1810.2513,5051.6743,3737.0,13.20915,163.06287,2017.0024,2017.0,0.0,0.0,0.0,0.0,-28.133911,-0.0010576248,-0.0046320735,0.029755123,4.898996e-06,0.13031834,28.1396,28.133911,-28.132854,0.0035744486,-28.129278
1234.1866,1809.9795,5051.676,3737.0,13.222222,163.0621,2017.0065,2017.0,0.0,0.0,0.0,0.0,-27.80066,0.012014389,-0.0046320735,-0.33400795,-5.5651533e-05,0.1287747,27.817307,27.800661,-27.812674,0.016646463,-27.796026
1233.52,1810.5234,5051.6733,3737.0,13.196078,163.06377,2017.0005,2017.0,0.0,0.0,0.0,0.0,-28.467285,-0.014129639,-0.0046320735,0.40223247,6.544952e-05,0.13186255,28.486048,28.467289,-28.453156,-0.009497565,-28.462652
1233.6866,1810.3873,5051.674,3737.0,13.202615,163.0633,2017.0012,2017.0,0.0,0.0,0.0,0.0,-28.30066,-0.007593155,-0.0046320735,0.21489128,3.5172052e-05,0.13109073,28.312885,28.300661,-28.293066,-0.0029610815,-28.296026
1233.8534,1810.2513,5051.6743,3737.0,13.20915,163.06287,2017.0024,2017.0,0.0,0.0,0.0,0.0,-28.133911,-0.0010576248,-0.0046320735,0.029755123,4.898996e-06,0.13031834,28.1396,28.133911,-28.132854,0.0035744486,-28.129278
1233.52,1810.5234,5051.6733,3737.0,13.196078,163.06377,2017.0005,2017.0,0.0,0.0,0.0,0.0,-28.467285,-0.014129639,-0.0046320735,0.40223247,6.544952e-05,0.13186255,28.486048,28.467289,-28.453156,-0.009497565,-28.462652
1233.6866,1810.3873,5051.674,3737.0,13.202615,163.0633,2017.0012,2017.0,0.0,0.0,0.0,0.0,-28.30066,-0.007593155,-0.0046320735,0.21489128,3.5172052e-05,0.13109073,28.312885,28.300661,-28.293066,-0.0029610815,-28.296026
1233.3534,1810.6597,5051.6733,3737.0,13.189543,163.06427,2017.0002,2017.0,0.0,0.0,0.0,0.0,-28.633911,-0.020665169,-0.0046320735,0.59172463,9.572258e-05,0.13263439,28.659208,28.633919,-28.613247,-0.016033094,-28.629278
1233.52,1810.5234,5051.6733,3737.0,13.196078,163.06377,2017.0005,2017.0,0.0,0.0,0.0,0.0,-28.467285,-0.014129639,-0.0046320735,0.40223247,6.544952e-05,0.13186255,28.486048,28.467289,-28.453156,-0.009497565,-28.462652
1233.6866,1810.3873,5051.674,3737.0,13.202615,163.0633,2017.0012,2017.0,0.0,0.0,0.0,0.0,-28.30066,-0.007593155,-0.0046320735,0.21489128,3.5172052e-05,0.13109073,28.312885,28.300661,-28.293066,-0.0029610815,-28.296026
1234.02,1810.1154,5051.675,3737.0,13.215686,163.06247,2017.0043,2017.0,0.0,0.0,0.0,0.0,-27.967285,0.0054779053,-0.0046320735,-0.15320215,-2.537406e-05,0.12954652,27.977396,27.967285,-27.972763,0.010109979,-27.962652
1234.1866,1809.9795,5051.676,3737.0,13.222222,163.0621,2017.0065,2017.0,0.0,0.0,0.0,0.0,-27.80066,0.012014389,-0.0046320735,-0.33400795,-5.5651533e-05,0.1287747,27.817307,27.800661,-27.812674,0.016646463,-27.796026
1233.52,1810.5234,5051.6733,3737.0,13.196078,163.06377,2017.0005,2017.0,0.0,0.0,0.0,0.0,-28.467285,-0.014129639,-0.0046320735,0.40223247,6.544952e-05,0.13186255,28.486048,28.467289,-28.453156,-0.009497565,-28.462652
1233.6866,1810.3873,5051.674,3737.0,13.202615,163.0633,2017.0012,2017.0,0.0,0.0,0.0,0.0,-28.30066,-0.007593155,-0.0046320735,0.21489128,3.5172052e-05,0.13109073,28.312885,28.300661,-28.293066,-0.0029610815,-28.296026
1233.8534,1810.2513,5051.6743,3737.0,13.20915,163.06287,2017.0024,2017.0,0.0,0.0,0.0,0.0,-28.133911,-0.0010576248,-0.0046320735,0.029755123,4.898996e-06,0.13031834,28.1396,28.133911,-28.132854,0.0035744486,-28.129278
1233.52,1810.5234,5051.6733,3737.0,13.196078,163.06377,2017.0005,2017.0,0.0,0.0,0.0,0.0,-28.467285,-0.014129639,-0.0046320735,0.40223247,6.544952e-05,0.13186255,28.486048,28.467289,-28.453156,-0.009497565,-28.462652
1233.6866,1810.3873,5051.674,3737.0,13.202615,163.0633,2017.0012,2017.0,0.0,0.0,0.0,0.0,-28.30066,-0.007593155,-0.0046320735,0.21489128,3.5172052e-05,0.13109073,28.312885,28.300661,-28.293066,-0.0029610815,-28.296026
1233.3534,1810.6597,5051.6733,3737.0,13.189543,163.06427,2017.0002,2017.0,0.0,0.0,0.0,0.0,-28.633911,-0.020665169,-0.0046320735,0.59172463,9.572258e-05,0.13263439,28.659208,28.633919,-28.613247,-0.016033094,-28.629278
1233.52,1810.5234,5051.6733,3737.0,13.196078,163.06377,2017.0005,2017.0,0.0,0.0,0.0,0.0,-28.467285,-0.014129639,-0.0046320735,0.40223247,6.544952e-05,0.13186255,28.486048,28.467289,-28.453156,-0.009497565,-28.462652
1233.6866,1810.3873,5051.674,3737.0,13.202615,163.0633,2017.0012,2017.0,0.0,0.0,0.0,0.0,-28.30066,-0.007593155,-0.0046320735,0.21489128,3.5172052e-05,0.13109073,28.312885,28.300661,-28.293066,-0.0029610815,-28.296026
1233.8534,1810.2513,5051.6743,3737.0,13.20915,163.06287,2017.0024,2017.0,0.0,0.0,0.0,0.0,-28.133911,-0.0010576248,-0.0046320735,0.029755123,4.898996e-06,0.13031834,28.1396,28.133911,-28.132854,0.0035744486,-28.129278
1234.52,1809.708,5051.678,3737.0,13.235294,163.06152,2017.0125,2017.0,0.0,0.0,0.0,0.0,-27.467285,0.025086403,-0.0046320735,-0.6890554,-0.00011620206,0.12723048,27.497004,27.467297,-27.49237,0.029718477,-27.462652
1233.3534,1810.6597,5051.6733,3737.0,13.189543,163.06427,2017.0002,2017.0,0.0,0.0,0.0,0.0,-28.633911,-0.020665169,-0.0046320735,0.59172463,9.572258e-05,0.13263439,28.659208,28.633919,-28.613247,-0.016033094,-28.629278
1233.52,1810.5234,5051.6733,3737.0,13.196078,163.06377,2017.0005,2017.0,0.0,0.0,0.0,0.0,-28.467285,-0.014129639,-0.0046320735,0.40223247,6.544952e-05,0.13186255,28.486048,28.467289,-28.453156,-0.009497565,-28.462652
1233.6866,1810.3873,5051.674,3737.0,13.202615,163.0633,2017.0012,2017.0,0.0,0.0,0.0,0.0,-28.30066,-0.007593155,-0.0046320735,0.21489128,3.5172052e-05,0.13109073,28.312885,28.300661,-28.293066,-0.0029610815,-28.296026
1233.8534,1810.2513,5051.6743,3737.0,13.20915,163.06287,2017.0024,2017.0,0.0,0.0,0.0,0.0,-28.133911,-0.0010576248,-0.0046320735,0.029755123,4.898996e-06,0.13031834,28.1396,28.133911,-28.132854,0.0035744486,-28.129278
1233.3534,1810.6597,5051.6733,3737.0,13.189543,163.06427,2017.0002,2017.0,0.0,0.0,0.0,0.0,-28.633911,-0.020665169,-0.0046320735,0.59172463,9.572258e-05,0.13263439,28.659208,28.633919,-28.613247,-0.016033094,-28.629278
1233.6866,1810.3873,5051.674,3737.0,13.202615,163.0633,2017.0012,2017.0,0.0,0.0,0.0,0.0,-28.30066,-0.007593155,-0.0046320735,0.21489128,3.5172052e-05,0.13109073,28.312885,28.300661,-28.293066,-0.0029610815,-28.296026
1233.8534,1810.2513,5051.6743,3737.0,13.20915,163.06287,2017.0024,2017.0,0.0,0.0,0.0,0.0,-28.133911,-0.0010576248,-0.0046320735,0.029755123,4.898996e-06,0.13031834,28.1396,28.133911,-28.132854,0.0035744486,-28.129278
1234.02,1810.1154,5051.675,3737.0,13.215686,163.06247,2017.0043,2017.0,0.0,0.0,0.0,0.0,-27.967285,0.0054779053,-0.0046320735,-0.15320215,-2.537406e-05,0.12954652,27.977396,27.967285,-27.972763,0.010109979,-27.962652
1234.1866,1809.9795,5051.676,3737.0,13.222222,163.0621,2017.0065,2017.0,0.0,0.0,0.0,0.0,-27.80066,0.012014389,-0.0046320735,-0.33400795,-5.5651533e-05,0.1287747,27.817307,27.800661,-27.812674,0.016646463,-27.796026
1233.3534,1810.6597,5051.6733,3737.0,13.189543,163.06427,2017.0002,2017.0,0.0,0.0,0.0,0.0,-28.633911,-0.020665169,-0.0046320735,0.59172463,9.572258e-05,0.13263439,28.659208,28.633919,-28.613247,-0.016033094,-28.629278
1233.52,1810.5234,5051.6733,3737.0,13.196078,163.06377,2017.0005,2017.0,0.0,0.0,0.0,0.0,-28.467285,-0.014129639,-0.0046320735,0.40223247,6.544952e-05,0.13186255,28.486048,28.467289,-28.453156,-0.009497565,-28.462652
1233.6866,1810.3873,5051.674,3737.0,13.202615,163.0633,2017.0012,2017.0,0.0,0.0,0.0,0.0,-28.30066,-0.007593155,-0.0046320735,0.21489128,3.5172052e-05,0.13109073,28.312885,28.300661,-28.293066,-0.0029610815,-28.296026
1233.8534,1810.2513,5051.6743,3737.0,13.20915,163.06287,2017.0024,2017.0,0.0,0.0,0.0,0.0,-28.133911,-0.0010576248,-0.0046320735,0.029755123,4.898996e-06,0.13031834,28.1396,28.133911,-28.132854,0.0035744486,-28.129278
1234.02,1810.1154,5051.675,3737.0,13.215686,163.06247,2017.0043,2017.0,0.0,0.0,0.0,0.0,-27.967285,0.0054779053,-0.0046320735,-0.15320215,-2.537406e-05,0.12954652,27.977396,27.967285,-27.972763,0.010109979,-27.962652
1234.1866,1809.9795,5051.676,3737.0,13.222222,163.0621,2017.0065,2017.0,0.0,0.0,0.0,0.0,-27.80066,0.012014389,-0.0046320735,-0.33400795,-5.5651533e-05,0.1287747,27.817307,27.800661,-27.812674,0.016646463,-27.796026
1233.3534,1810.6597,5051.6733,3737.0,13.189543,163.06427,2017.0002,2017.0,0.0,0.0,0.0,0.0,-28.633911,-0.020665169,-0.0046320735,0.59172463,9.572258e-05,0.13263439,28.659208,28.633919,-28.613247,-0.016033094,-28.629278
1233.52,1810.5234,5051.6733,3737.0,13.196078,163.06377,2017.0005,2017.0,0.0,0.0,0.0,0.0,-28.467285,-0.014129639,-0.0046320735,0.40223247,6.544952e-05,0.13186255,28.486048,28.467289,-28.453156,-0.009497565,-28.462652
1233.6866,1810.3873,5051.674,3737.0,13.202615,163.0633,2017.0012,2017.0,0.0,0.0,0.0,0.0,-28.30066,-0.007593155,-0.0046320735,0.21489128,3.5172052e-05,0.13109073,28.312885,28.300661,-28.293066,-0.0029610815,-28.296026
1233.8534,1810.2513,5051.6743,3737.0,13.20915,163.06287,2017.0024,2017.0,0.0,0.0,0.0,0.0,-28.133911,-0.0010576248,-0.0046320735,0.029755123,4.898996e-06,0.13031834,28.1396,28.133911,-28.132854,0.0035744486,-28.129278
1234.02,1810.1154,5051.675,3737.0,13.215686,163.06247,2017.0043,2017.0,0.0,0.0,0.0,0.0,-27.967285,0.0054779053,-0.0046320735,-0.15320215,-2.537406e-05,0.12954652,27.977396,27.967285,-27.972763,0.010109979,-27.962652
1234.1866,1809.9795,5051.676,3737.0,13.222222,163.0621,2017.0065,2017.0,0.0,0.0,0.0,0.0,-27.80066,0.012014389,-0.0046320735,-0.33400795,-5.5651533e-05,0.1287747,27.817307,27.800661,-27.812674,0.016646463,-27.796026
1233.3534,1810.6597,5051.6733,3737.0,13.189543,163.06427,2017.0002,2017.0,0.0,0.0,0.0,0.0,-28.633911,-0.020665169,-0.0046320735,0.59172463,9.572258e-05,0.13263439,28.659208,28.633919,-28.613247,-0.016033094,-28.629278
1233.52,1810.5234,5051.6733,3737.0,13.196078,163.06377,2017.0005,2017.0,0.0,0.0,0.0,0.0,-28.467285,-0.014129639,-0.0046320735,0.40223247,6.544952e-05,0.13186255,28.486048,28.467289,-28.453156,-0.009497565,-28.462652
1233.6866,1810.3873,5051.674,3737.0,13.202615,163.0633,2017.0012,2017.0,0.0,0.0,0.0,0.0,-28.30066,-0.007593155,-0.0046320735,0.21489128,3.5172052e-05,0.13109073,28.312885,28.300661,-28.293066,-0.0029610815,-28.296026
1233.8534,1810.2513,5051.6743,3737.0,13.20915,163.06287,2017.0024,2017.0,0.0,0.0,0.0,0.0,-28.133911,-0.0010576248,-0.0046320735,0.029755123,4.898996e-06,0.13031834,28.1396,28.133911,-28.132854,0.0035744486,-28.129278
1234.02,1810.1154,5051.675,3737.0,13.215686,163.06247,2017.0043,2017.0,0.0,0.0,0.0,0.0,-27.967285,0.0054779053,-0.0046320735,-0.15320215,-2.537406e-05,0.12954652,27.977396,27.967285,-27.972763,0.010109979,-27.962652
1234.1866,1809.9795,5051.676,3737.0,13.222222,163.0621,2017.0065,2017.0,0.0,0.0,0.0,0.0,-27.80066,0.012014389,-0.0046320735,-0.33400795,-5.5651533e-05,0.1287747,27.817307,27.800661,-27.812674,0.016646463,-27.796026
1233.3534,1810.6597,5051.6733,3737.0,13.189543,163.06427,2017.0002,2017.0,0.0,0.0,0.0,0.0,-28.633911,-0.020665169,-0.0046320735,0.59172463,9.572258e-05,0.13263439,28.659208,28.633919,-28.613247,-0.016033094,-28.629278
1233.52,1810.5234,5051.6733,3737.0,13.196078,163.06377,2017.0005,2017.0,0.0,0.0,0.0,0.0,-28.467285,-0.014129639,-0.0046320735,0.40223247,6.544952e-05,0.13186255,28.486048,28.467289,-28.453156,-0.009497565,-28.462652
1233.6866,1810.3873,5051.674,3737.0,13.202615,163.0633,2017.0012,2017.0,0.0,0.0,0.0,0.0,-28.30066,-0.007593155,-0.0046320735,0.21489128,3.5172052e-05,0.13109073,28.312885,28.300661,-28.293066,-0.0029610815,-28.296026
1233.8534,1810.2513,5051.6743,3737.0,13.20915,163.06287,2017.0024,2017.0,0.0,0.0,0.0,0.0,-28.133911,-0.0010576248,-0.0046320735,0.029755123,4.898996e-06,0.13031834,28.1396,28.133911,-28.132854,0.0035744486,-28.129278
1233.3534,1810.6597,5051.6733,3737.0,13.189543,163.06427,2017.0002,2017.0,0.0,0.0,0.0,0.0,-28.633911,-0.020665169,-0.0046320735,0.59172463,9.572258e-05,0.13263439,28.659208,28.633919,-28.613247,-0.016033094,-28.629278
1233.52,1810.5234,5051.6733,3737.0,13.196078,163.06377,2017.0005,2017.0,0.0,0.0,0.0,0.0,-28.467285,-0.014129639,-0.0046320735,0.40223247,6.544952e-05,0.13186255,28.486048,28.467289,-28.453156,-0.009497565,-28.462652
1234.02,1810.1154,5051.675,3737.0,13.215686,163.06247,2017.0043,2017.0,0.0,0.0,0.0,0.0,-27.967285,0.0054779053,-0.0046320735,-0.15320215,-2.537406e-05,0.12954652,27.977396,27.967285,-27.972763,0.010109979,-27.962652
1234.1866,1809.9795,5051.676,3737.0,13.222222,163.0621,2017.0065,2017.0,0.0,0.0,0.0,0.0,-27.80066,0.012014389,-0.0046320735,-0.33400795,-5.5651533e-05,0.1287747,27.817307,27.800661,-27.812674,0.016646463,-27.796026
1233.52,1810.5234,5051.6733,3737.0,13.196078,163.06377,2017.0005,2017.0,0.0,0.0,0.0,0.0,-28.467285,-0.014129639,-0.0046320735,0.40223247,6.544952e-05,0.13186255,28.486048,28.467289,-28.453156,-0.009497565,-28.462652
1233.6866,1810.3873,5051.674,3737.0,13.202615,163.0633,2017.0012,2017.0,0.0,0.0,0.0,0.0,-28.30066,-0.007593155,-0.0046320735,0.21489128,3.5172052e-05,0.13109073,28.312885,28.300661,-28.293066,-0.0029610815,-28.296026
1233.8534,1810.2513,5051.6743,3737.0,13.20915,163.06287,2017.0024,2017.0,0.0,0.0,0.0,0.0,-28.133911,-0.0010576248,-0.0046320735,0.029755123,4.898996e-06,0.13031834,28.1396,28.133911,-28.132854,0.0035744486,-28.129278
1234.02,1810.1154,5051.675,3737.0,13.215686,163.06247,2017.0043,2017.0,0.0,0.0,0.0,0.0,-27.967285,0.0054779053,-0.0046320735,-0.15320215,-2.537406e-05,0.12954652,27.977396,27.967285,-27.972763,0.010109979,-27.962652
1233.52,1810.5234,5051.6733,3737.0,13.196078,163.06377,2017.0005,2017.0,0.0,0.0,0.0,0.0,-28.467285,-0.014129639,-0.0046320735,0.40223247,6.544952e-05,0.13186255,28.486048,28.467289,-28.453156,-0.009497565,-28.462652
1233.6866,1810.3873,5051.674,3737.0,13.202615,163.0633,2017.0012,2017.0,0.0,0.0,0.0,0.0,-28.30066,-0.007593155,-0.0046320735,0.21489128,3.5172052e-05,0.13109073,28.312885,28.300661,-28.293066,-0.0029610815,-28.296026
1233.8534,1810.2513,5051.6743,3737.0,13.20915,163.06287,2017.0024,2017.0,0.0,0.0,0.0,0.0,-28.133911,-0.0010576248,-0.0046320735,0.029755123,4.898996e-06,0.13031834,28.1396,28.133911,-28.132854,0.0035744486,-28.129278
1234.02,1810.1154,5051.675,3737.0,13.215686,163.06247,2017.0043,2017.0,0.0,0.0,0.0,0.0,-27.967285,0.0054779053,-0.0046320735,-0.15320215,-2.537406e-05,0.12954652,27.977396,27.967285,-27.972763,0.010109979,-27.962652
1234.1866,1809.9795,5051.676,3737.0,13.222222,163.0621,2017.0065,2017.0,0.0,0.0,0.0,0.0,-27.80066,0.012014389,-0.0046320735,-0.33400795,-5.5651533e-05,0.1287747,27.817307,27.800661,-27.812674,0.016646463,-27.796026
1233.3534,1810.6597,5051.6733,3737.0,13.189543,163.06427,2017.0002,2017.0,0.0,0.0,0.0,0.0,-28.633911,-0.020665169,-0.0046320735,0.59172463,9.572258e-05,0.13263439,28.659208,28.633919,-28.613247,-0.016033094,-28.629278
1233.52,1810.5234,5051.6733,3737.0,13.196078,163.06377,2017.0005,2017.0,0.0,0.0,0.0,0.0,-28.467285,-0.014129639,-0.0046320735,0.40223247,6.544952e-05,0.13186255,28.486048,28.467289,-28.453156,-0.009497565,-28.462652
1233.6866,1810.3873,5051.674,3737.0,13.202615,163.0633,2017.0012,2017.0,0.0,0.0,0.0,0.0,-28.30066,-0.007593155,-0.0046320735,0.21489128,3.5172052e-05,0.13109073,28.312885,28.300661,-28.293066,-0.0029610815,-28.296026
1233.52,1810.5234,5051.6733,3737.0,13.196078,163.06377,2017.0005,2017.0,0.0,0.0,0.0,0.0,-28.467285,-0.014129639,-0.0046320735,0.40223247,6.544952e-05,0.13186255,28.486048,28.467289,-28.453156,-0.009497565,-28.462652
1233.6866,1810.3873,5051.674,3737.0,13.202615,163.0633,2017.0012,2017.0,0.0,0.0,0.0,0.0,-28.30066,-0.007593155,-0.0046320735,0.21489128,3.5172052e-05,0.13109073,28.312885,28.300661,-28.293066,-0.0029610815,-28.296026
1233.8534,1810.2513,5051.6743,3737.0,13.20915,163.06287,2017.0024,2017.0,0.0,0.0,0.0,0.0,-28.133911,-0.0010576248,-0.0046320735,0.029755123,4.898996e-06,0.13031834,28.1396,28.133911,-28.132854,0.0035744486,-28.129278
1233.3534,1810.6597,5051.6733,3737.0,13.189543,163.06427,2017.0002,2017.0,0.0,0.0,0.0,0.0,-28.633911,-0.020665169,-0.0046320735,0.59172463,9.572258e-05,0.13263439,28.659208,28.633919,-28.613247,-0.016033094,-28.629278
1233.52,1810.5234,5051.6733,3737.0,13.196078,163.06377,2017.0005,2017.0,0.0,0.0,0.0,0.0,-28.467285,-0.014129639,-0.0046320735,0.40223247,6.544952e-05,0.13186255,28.486048,28.467289,-28.453156,-0.009497565,-28.462652
1233.6866,1810.3873,5051.674,3737.0,13.202615,163.0633,2017.0012,2017.0,0.0,0.0,0.0,0.0,-28.30066,-0.007593155,-0.0046320735,0.21489128,3.5172052e-05,0.13109073,28.312885,28.300661,-28.293066,-0.0029610815,-28.296026
1233.8534,1810.2513,5051.6743,3737.0,13.20915,163.06287,2017.0024,2017.0,0.0,0.0,0.0,0.0,-28.133911,-0.0010576248,-0.0046320735,0.029755123,4.898996e-06,0.13031834,28.1396,28.133911,-28.132854,0.0035744486,-28.129278
1234.1866,1809.9795,5051.676,3737.0,13.222222,163.0621,2017.0065,2017.0,0.0,0.0,0.0,0.0,-27.80066,0.012014389,-0.0046320735,-0.33400795,-5.5651533e-05,0.1287747,27.817307,27.800661,-27.812674,0.016646463,-27.796026
1233.3534,1810.6597,5051.6733,3737.0,13.189543,163.06427,2017.0002,2017.0,0.0,0.0,0.0,0.0,-28.633911,-0.020665169,-0.0046320735,0.59172463,9.572258e-05,0.13263439,28.659208,28.633919,-28.613247,-0.016033094,-28.629278
1233.6866,1810.3873,5051.674,3737.0,13.202615,163.0633,2017.0012,2017.0,0.0,0.0,0.0,0.0,-28.30066,-0.007593155,-0.0046320735,0.21489128,3.5172052e-05,0.13109073,28.312885,28.300661,-28.293066,-0.0029610815,-28.296026
1233.8534,1810.2513,5051.6743,3737.0,13.20915,163.06287,2017.0024,2017.0,0.0,0.0,0.0,0.0,-28.133911,-0.0010576248,-0.0046320735,0.029755123,4.898996e-06,0.13031834,28.1396,28.133911,-28.132854,0.0035744486,-28.129278
1234.02,1810.1154,5051.675,3737.0,13.215686,163.06247,2017.0043,2017.0,0.0,0.0,0.0,0.0,-27.967285,0.0054779053,-0.0046320735,-0.15320215,-2.537406e-05,0.12954652,27.977396,27.967285,-27.972763,0.010109979,-27.962652
1234.1866,1809.9795,5051.676,3737.0,13.222222,163.0621,2017.0065,2017.0,0.0,0.0,0.0,0.0,-27.80066,0.012014389,-0.0046320735,-0.33400795,-5.5651533e-05,0.1287747,27.817307,27.800661,-27.812674,0.016646463,-27.796026
1233.3534,1810.6597,5051.6733,3737.0,13.189543,163.06427,2017.0002,2017.0,0.0,0.0,0.0,0.0,-28.633911,-0.020665169,-0.0046320735,0.59172463,9.572258e-05,0.13263439,28.659208,28.633919,-28.613247,-0.016033094,-28.629278
1233.52,1810.5234,5051.6733,3737.0,13.196078,163.06377,2017.0005,2017.0,0.0,0.0,0.0,0.0,-28.467285,-0.014129639,-0.0046320735,0.40223247,6.544952e-05,0.13186255,28.486048,28.467289,-28.453156,-0.009497565,-28.462652
1233.6866,1810.3873,5051.674,3737.0,13.202615,163.0633,2017.0012,2017.0,0.0,0.0,0.0,0.0,-28.30066,-0.007593155,-0.0046320735,0.21489128,3.5172052e-05,0.13109073,28.312885,28.300661,-28.293066,-0.0029610815,-28.296026
1234.1866,1809.9795,5051.676,3737.0,13.222222,163.0621,2017.0065,2017.0,0.0,0.0,0.0,0.0,-27.80066,0.012014389,-0.0046320735,-0.33400795,-5.5651533e-05,0.1287747,27.817307,27.800661,-27.812674,0.016646463,-27.796026
1233.3534,1810.6597,5051.6733,3737.0,13.189543,163.06427,2017.0002,2017.0,0.0,0.0,0.0,0.0,-28.633911,-0.020665169,-0.0046320735,0.59172463,9.572258e-05,0.13263439,28.659208,28.633919,-28.613247,-0.016033094,-28.629278
1233.52,1810.5234,5051.6733,3737.0,13.196078,163.06377,2017.0005,2017.0,0.0,0.0,0.0,0.0,-28.467285,-0.014129639,-0.0046320735,0.40223247,6.544952e-05,0.13186255,28.486048,28.467289,-28.453156,-0.009497565,-28.462652
1233.8534,1810.2513,5051.6743,3737.0,13.20915,163.06287,2017.0024,2017.0,0.0,0.0,0.0,0.0,-28.133911,-0.0010576248,-0.0046320735,0.029755123,4.898996e-06,0.13031834,28.1396,28.133911,-28.132854,0.0035744486,-28.129278
1234.02,1810.1154,5051.675,3737.0,13.215686,163.06247,2017.0043,2017.0,0.0,0.0,0.0,0.0,-27.967285,0.0054779053,-0.0046320735,-0.15320215,-2.537406e-05,0.12954652,27.977396,27.967285,-27.972763,0.010109979,-27.962652
1233.3534,1810.6597,5051.6733,3737.0,13.189543,163.06427,2017.0002,2017.0,0.0,0.0,0.0,0.0,-28.633911,-0.020665169,-0.0046320735,0.59172463,9.572258e-05,0.13263439,28.659208,28.633919,-28.613247,-0.016033094,-28.629278
1233.8534,1810.2513,5051.6743,3737.0,13.20915,163.06287,2017.0024,2017.0,0.0,0.0,0.0,0.0,-28.133911,-0.0010576248,-0.0046320735,0.029755123,4.898996e-06,0.13031834,28.1396,28.133911,-28.132854,0.0035744486,-28.129278
1234.02,1810.1154,5051.675,3737.0,13.215686,163.06247,2017.0043,2017.0,0.0,0.0,0.0,0.0,-27.967285,0.0054779053,-0.0046320735,-0.15320215,-2.537406e-05,0.12954652,27.977396,27.967285,-27.972763,0.010109979,-27.962652
1234.1866,1809.9795,5051.676,3737.0,13.222222,163.0621,2017.0065,2017.0,0.0,0.0,0.0,0.0,-27.80066,0.012014389,-0.0046320735,-0.33400795,-5.5651533e-05,0.1287747,27.817307,27.800661,-27.812674,0.016646463,-27.796026
1233.6866,1810.3873,5051.674,3737.0,13.202615,163.0633,2017.0012,2017.0,0.0,0.0,0.0,0.0,-28.30066,-0.007593155,-0.0046320735,0.21489128,3.5172052e-05,0.13109073,28.312885,28.300661,-28.293066,-0.0029610815,-28.296026
1234.1866,1809.9795,5051.676,3737.0,13.222222,163.0621,2017.0065,2017.0,0.0,0.0,0.0,0.0,-27.80066,0.012014389,-0.0046320735,-0.33400795,-5.5651533e-05,0.1287747,27.817307,27.800661,-27.812674,0.016646463,-27.796026
1233.3534,1810.6597,5051.6733,3737.0,13.189543,163.06427,2017.0002,2017.0,0.0,0.0,0.0,0.0,-28.633911,-0.020665169,-0.0046320735,0.59172463,9.572258e-05,0.13263439,28.659208,28.633919,-28.613247,-0.016033094,-28.629278
1233.52,1810.5234,5051.6733,3737.0,13.196078,163.06377,2017.0005,2017.0,0.0,0.0,0.0,0.0,-28.467285,-0.014129639,-0.0046320735,0.40223247,6.544952e-05,0.13186255,28.486048,28.467289,-28.453156,-0.009497565,-28.462652
1233.6866,1810.3873,5051.674,3737.0,13.202615,163.0633,2017.0012,2017.0,0.0,0.0,0.0,0.0,-28.30066,-0.007593155,-0.0046320735,0.21489128,3.5172052e-05,0.13109073,28.312885,28.300661,-28.293066,-0.0029610815,-28.296026
1233.8534,1810.2513,5051.6743,3737.0,13.20915,163.06287,2017.0024,2017.0,0.0,0.0,0.0,0.0,-28.133911,-0.0010576248,-0.0046320735,0.029755123,4.898996e-06,0.13031834,28.1396,28.133911,-28.132854,0.0035744486,-28.129278
1233.52,1810.5234,5051.6733,3737.0,13.196078,163.06377,2017.0005,2017.0,0.0,0.0,0.0,0.0,-28.467285,-0.014129639,-0.0046320735,0.40223247,6.544952e-05,0.13186255,28.486048,28.467289,-28.453156,-0.009497565,-28.462652
1233.8534,1810.2513,5051.6743,3737.0,13.20915,163.06287,2017.0024,2017.0,0.0,0.0,0.0,0.0,-28.133911,-0.0010576248,-0.0046320735,0.029755123,4.898996e-06,0.13031834,28.1396,28.133911,-28.132854,0.0035744486,-28.129278
1234.02,1810.1154,5051.675,3737.0,13.215686,163.06247,2017.0043,2017.0,0.0,0.0,0.0,0.0,-27.967285,0.0054779053,-0.0046320735,-0.15320215,-2.537406e-05,0.12954652,27.977396,27.967285,-27.972763,0.010109979,-27.962652
1233.3534,1810.6597,5051.6733,3737.0,13.189543,163.06427,2017.0002,2017.0,0.0,0.0,0.0,0.0,-28.633911,-0.020665169,-0.0046320735,0.59172463,9.572258e-05,0.13263439,28.659208,28.633919,-28.613247,-0.016033094,-28.629278
1233.8534,1810.2513,5051.6743,3737.0,13.20915,163.06287,2017.0024,2017.0,0.0,0.0,0.0,0.0,-28.133911,-0.0010576248,-0.0046320735,0.029755123,4.898996e-06,0.13031834,28.1396,28.133911,-28.132854,0.0035744486,-28.129278
1233.52,1810.5234,5051.6733,3737.0,13.196078,163.06377,2017.0005,2017.0,0.0,0.0,0.0,0.0,-28.467285,-0.014129639,-0.0046320735,0.40223247,6.544952e-05,0.13186255,28.486048,28.467289,-28.453156,-0.009497565,-28.462652
1233.6866,1810.3873,5051.674,3737.0,13.202615,163.0633,2017.0012,2017.0,0.0,0.0,0.0,0.0,-28.30066,-0.007593155,-0.0046320735,0.21489128,3.5172052e-05,0.13109073,28.312885,28.300661,-28.293066,-0.0029610815,-28.296026
1234.02,1810.1154,5051.675,3737.0,13.215686,163.06247,2017.0043,2017.0,0.0,0.0,0.0,0.0,-27.967285,0.0054779053,-0.0046320735,-0.15320215,-2.537406e-05,0.12954652,27.977396,27.967285,-27.972763,0.010109979,-27.962652
1234.1866,1809.9795,5051.676,3737.0,13.222222,163.0621,2017.0065,2017.0,0.0,0.0,0.0,0.0,-27.80066,0.012014389,-0.0046320735,-0.33400795,-5.5651533e-05,0.1287747,27.817307,27.800661,-27.812674,0.016646463,-27.796026
1233.3534,1810.6597,5051.6733,3737.0,13.189543,163.06427,2017.0002,2017.0,0.0,0.0,0.0,0.0,-28.633911,-0.020665169,-0.0046320735,0.59172463,9.572258e-05,0.13263439,28.659208,28.633919,-28.613247,-0.016033094,-28.629278
1233.52,1810.5234,5051.6733,3737.0,13.196078,163.06377,2017.0005,2017.0,0.0,0.0,0.0,0.0,-28.467285,-0.014129639,-0.0046320735,0.40223247,6.544952e-05,0.13186255,28.486048,28.467289,-28.453156,-0.009497565,-28.462652
1233.6866,1810.3873,5051.674,3737.0,13.202615,163.0633,2017.0012,2017.0,0.0,0.0,0.0,0.0,-28.30066,-0.007593155,-0.0046320735,0.21489128,3.5172052e-05,0.13109073,28.312885,28.300661,-28.293066,-0.0029610815,-28.296026
1233.8534,1810.2513,5051.6743,3737.0,13.20915,163.06287,2017.0024,2017.0,0.0,0.0,0.0,0.0,-28.133911,-0.0010576248,-0.0046320735,0.029755123,4.898996e-06,0.13031834,28.1396,28.133911,-28.132854,0.0035744486,-28.129278
1233.3534,1810.6597,5051.6733,3737.0,13.189543,163.06427,2017.0002,2017.0,0.0,0.0,0.0,0.0,-28.633911,-0.020665169,-0.0046320735,0.59172463,9.572258e-05,0.13263439,28.659208,28.633919,-28.613247,-0.016033094,-28.629278
1233.6866,1810.3873,5051.674,3737.0,13.202615,163.0633,2017.0012,2017.0,0.0,0.0,0.0,0.0,-28.30066,-0.007593155,-0.0046320735,0.21489128,3.5172052e-05,0.13109073,28.312885,28.300661,-28.293066,-0.0029610815,-28.296026
1233.8534,1810.2513,5051.6743,3737.0,13.20915,163.06287,2017.0024,2017.0,0.0,0.0,0.0,0.0,-28.133911,-0.0010576248,-0.0046320735,0.029755123,4.898996e-06,0.13031834,28.1396,28.133911,-28.132854,0.0035744486,-28.129278
1233.3534,1810.6597,5051.6733,3737.0,13.189543,163.06427,2017.0002,2017.0,0.0,0.0,0.0,0.0,-28.633911,-0.020665169,-0.0046320735,0.59172463,9.572258e-05,0.13263439,28.659208,28.633919,-28.613247,-0.016033094,-28.629278
1233.52,1810.5234,5051.6733,3737.0,13.196078,163.06377,2017.0005,2017.0,0.0,0.0,0.0,0.0,-28.467285,-0.014129639,-0.0046320735,0.40223247,6.544952e-05,0.13186255,28.486048,28.467289,-28.453156,-0.009497565,-28.462652
1233.6866,1810.3873,5051.674,3737.0,13.202615,163.0633,2017.0012,2017.0,0.0,0.0,0.0,0.0,-28.30066,-0.007593155,-0.0046320735,0.21489128,3.5172052e-05,0.13109073,28.312885,28.300661,-28.293066,-0.0029610815,-28.296026
1233.8534,1810.2513,5051.6743,3737.0,13.20915,163.06287,2017.0024,2017.0,0.0,0.0,0.0,0.0,-28.133911,-0.0010576248,-0.0046320735,0.029755123,4.898996e-06,0.13031834,28.1396,28.133911,-28.132854,0.0035744486,-28.129278
1233.52,1810.5234,5051.6733,3737.0,13.196078,163.06377,2017.0005,2017.0,0.0,0.0,0.0,0.0,-28.467285,-0.014129639,-0.0046320735,0.40223247,6.544952e-05,0.13186255,28.486048,28.467289,-28.453156,-0.009497565,-28.462652
1233.6866,1810.3873,5051.674,3737.0,13.202615,163.0633,2017.0012,2017.0,0.0,0.0,0.0,0.0,-28.30066,-0.007593155,-0.0046320735,0.21489128,3.5172052e-05,0.13109073,28.312885,28.300661,-28.293066,-0.0029610815,-28.296026
1233.8534,1810.2513,5051.6743,3737.0,13.20915,163.06287,2017.0024,2017.0,0.0,0.0,0.0,0.0,-28.133911,-0.0010576248,-0.0046320735,0.029755123,4.898996e-06,0.13031834,28.1396,28.133911,-28.132854,0.0035744486,-28.129278
1234.02,1810.1154,5051.675,3737.0,13.215686,163.06247,2017.0043,2017.0,0.0,0.0,0.0,0.0,-27.967285,0.0054779053,-0.0046320735,-0.15320215,-2.537406e-05,0.12954652,27.977396,27.967285,-27.972763,0.010109979,-27.962652
1233.3534,1810.6597,5051.6733,3737.0,13.189543,163.06427,2017.0002,2017.0,0.0,0.0,0.0,0.0,-28.633911,-0.020665169,-0.0046320735,0.59172463,9.572258e-05,0.13263439,28.659208,28.633919,-28.613247,-0.016033094,-28.629278
1233.3534,1810.6597,5051.6733,3737.0,13.189543,163.06427,2017.0002,2017.0,0.0,0.0,0.0,0.0,-28.633911,-0.020665169,-0.0046320735,0.59172463,9.572258e-05,0.13263439,28.659208,28.633919,-28.613247,-0.016033094,-28.629278
1233.52,1810.5234,5051.6733,3737.0,13.196078,163.06377,2017.0005,2017.0,0.0,0.0,0.0,0.0,-28.467285,-0.014129639,-0.0046320735,0.40223247,6.544952e-05,0.13186255,28.486048,28.467289,-28.453156,-0.009497565,-28.462652
1233.6866,1810.3873,5051.674,3737.0,13.202615,163.0633,2017.0012,2017.0,0.0,0.0,0.0,0.0,-28.30066,-0.007593155,-0.0046320735,0.21489128,3.5172052e-05,0.13109073,28.312885,28.300661,-28.293066,-0.0029610815,-28.296026
1233.8534,1810.2513,5051.6743,3737.0,13.20915,163.06287,2017.0024,2017.0,0.0,0.0,0.0,0.0,-28.133911,-0.0010576248,-0.0046320735,0.029755123,4.898996e-06,0.13031834,28.1396,28.133911,-28.132854,0.0035744486,-28.129278
1234.1866,1809.9795,5051.676,3737.0,13.222222,163.0621,2017.0065,2017.0,0.0,0.0,0.0,0.0,-27.80066,0.012014389,-0.0046320735,-0.33400795,-5.5651533e-05,0.1287747,27.817307,27.800661,-27.812674,0.016646463,-27.796026
1233.3534,1810.6597,5051.6733,3737.0,13.189543,163.06427,2017.0002,2017.0,0.0,0.0,0.0,0.0,-28.633911,-0.020665169,-0.0046320735,0.59172463,9.572258e-05,0.13263439,28.659208,28.633919,-28.613247,-0.016033094,-28.629278
1233.6866,1810.3873,5051.674,3737.0,13.202615,163.0633,2017.0012,2017.0,0.0,0.0,0.0,0.0,-28.30066,-0.007593155,-0.0046320735,0.21489128,3.5172052e-05,0.13109073,28.312885,28.300661,-28.293066,-0.0029610815,-28.296026
1234.1866,1809.9795,5051.676,3737.0,13.222222,163.0621,2017.0065,2017.0,0.0,0.0,0.0,0.0,-27.80066,0.012014389,-0.0046320735,-0.33400795,-5.5651533e-05,0.1287747,27.817307,27.800661,-27.812674,0.016646463,-27.796026
1233.6866,1810.3873,5051.674,3737.0,13.202615,163.0633,2017.0012,2017.0,0.0,0.0,0.0,0.0,-28.30066,-0.007593155,-0.0046320735,0.21489128,3.5172052e-05,0.13109073,28.312885,28.300661,-28.293066,-0.0029610815,-28.296026
1233.8534,1810.2513,5051.6743,3737.0,13.20915,163.06287,2017.0024,2017.0,0.0,0.0,0.0,0.0,-28.133911,-0.0010576248,-0.0046320735,0.029755123,4.898996e-06,0.13031834,28.1396,28.133911,-28.132854,0.0035744486,-28.129278
1234.1866,1809.9795,5051.676,3737.0,13.222222,163.0621,2017.0065,2017.0,0.0,0.0,0.0,0.0,-27.80066,0.012014389,-0.0046320735,-0.33400795,-5.5651533e-05,0.1287747,27.817307,27.800661,-27.812674,0.016646463,-27.796026
1233.52,1810.5234,5051.6733,3737.0,13.196078,163.06377,2017.0005,2017.0,0.0,0.0,0.0,0.0,-28.467285,-0.014129639,-0.0046320735,0.40223247,6.544952e-05,0.13186255,28.486048,28.467289,-28.453156,-0.009497565,-28.462652
1233.6866,1810.3873,5051.674,3737.0,13.202615,163.0633,2017.0012,2017.0,0.0,0.0,0.0,0.0,-28.30066,-0.007593155,-0.0046320735,0.21489128,3.5172052e-05,0.13109073,28.312885,28.300661,-28.293066,-0.0029610815,-28.296026
1234.02,1810.1154,5051.675,3737.0,13.215686,163.06247,2017.0043,2017.0,0.0,0.0,0.0,0.0,-27.967285,0.0054779053,-0.0046320735,-0.15320215,-2.537406e-05,0.12954652,27.977396,27.967285,-27.972763,0.010109979,-27.962652
1233.3534,1810.6597,5051.6733,3737.0,13.189543,163.06427,2017.0002,2017.0,0.0,0.0,0.0,0.0,-28.633911,-0.020665169,-0.0046320735,0.59172463,9.572258e-05,0.13263439,28.659208,28.633919,-28.613247,-0.016033094,-28.629278
1233.6866,1810.3873,5051.674,3737.0,13.202615,163.0633,2017.0012,2017.0,0.0,0.0,0.0,0.0,-28.30066,-0.007593155,-0.0046320735,0.21489128,3.5172052e-05,0.13109073,28.312885,28.300661,-28.293066,-0.0029610815,-28.296026
1233.8534,1810.2513,5051.6743,3737.0,13.20915,163.06287,2017.0024,2017.0,0.0,0.0,0.0,0.0,-28.133911,-0.0010576248,-0.0046320735,0.029755123,4.898996e-06,0.13031834,28.1396,28.133911,-28.132854,0.0035744486,-28.129278
1233.3534,1810.6597,5051.6733,3737.0,13.189543,163.06427,2017.0002,2017.0,0.0,0.0,0.0,0.0,-28.633911,-0.020665169,-0.0046320735,0.59172463,9.572258e-05,0.13263439,28.659208,28.633919,-28.613247,-0.016033094,-28.629278
1233.52,1810.5234,5051.6733,3737.0,13.196078,163.06377,2017.0005,2017.0,0.0,0.0,0.0,0.0,-28.467285,-0.014129639,-0.0046320735,0.40223247,6.544952e-05,0.13186255,28.486048,28.467289,-28.453156,-0.009497565,-28.462652
1234.02,1810.1154,5051.675,3737.0,13.215686,163.06247,2017.0043,2017.0,0.0,0.0,0.0,0.0,-27.967285,0.0054779053,-0.0046320735,-0.15320215,-2.537406e-05,0.12954652,27.977396,27.967285,-27.972763,0.010109979,-27.962652
1234.1866,1809.9795,5051.676,3737.0,13.222222,163.0621,2017.0065,2017.0,0.0,0.0,0.0,0.0,-27.80066,0.012014389,-0.0046320735,-0.33400795,-5.5651533e-05,0.1287747,27.817307,27.800661,-27.812674,0.016646463,-27.796026
1233.8534,1810.2513,5051.6743,3737.0,13.20915,163.06287,2017.0024,2017.0,0.0,0.0,0.0,0.0,-28.133911,-0.0010576248,-0.0046320735,0.029755123,4.898996e-06,0.13031834,28.1396,28.133911,-28.132854,0.0035744486,-28.129278
1234.02,1810.1154,5051.675,3737.0,13.215686,163.06247,2017.0043,2017.0,0.0,0.0,0.0,0.0,-27.967285,0.0054779053,-0.0046320735,-0.15320215,-2.537406e-05,0.12954652,27.977396,27.967285,-27.972763,0.010109979,-27.962652
1234.1866,1809.9795,5051.676,3737.0,13.222222,163.0621,2017.0065,2017.0,0.0,0.0,0.0,0.0,-27.80066,0.012014389,-0.0046320735,-0.33400795,-5.5651533e-05,0.1287747,27.817307,27.800661,-27.812674,0.016646463,-27.796026
1233.3534,1810.6597,5051.6733,3737.0,13.189543,163.06427,2017.0002,2017.0,0.0,0.0,0.0,0.0,-28.633911,-0.020665169,-0.0046320735,0.59172463,9.572258e-05,0.13263439,28.659208,28.633919,-28.613247,-0.016033094,-28.629278
1233.52,1810.5234,5051.6733,3737.0,13.196078,163.06377,2017.0005,2017.0,0.0,0.0,0.0,0.0,-28.467285,-0.014129639,-0.0046320735,0.40223247,6.544952e-05,0.13186255,28.486048,28.467289,-28.453156,-0.009497565,-28.462652
1233.6866,1810.3873,5051.674,3737.0,13.202615,163.0633,2017.0012,2017.0,0.0,0.0,0.0,0.0,-28.30066,-0.007593155,-0.0046320735,0.21489128,3.5172052e-05,0.13109073,28.312885,28.300661,-28.293066,-0.0029610815,-28.296026
1233.8534,1810.2513,5051.6743,3737.0,13.20915,163.06287,2017.0024,2017.0,0.0,0.0,0.0,0.0,-28.133911,-0.0010576248,-0.0046320735,0.029755123,4.898996e-06,0.13031834,28.1396,28.133911,-28.132854,0.0035744486,-28.129278
1234.02,1810.1154,5051.675,3737.0,13.215686,163.06247,2017.0043,2017.0,0.0,0.0,0.0,0.0,-27.967285,0.0054779053,-0.0046320735,-0.15320215,-2.537406e-05,0.12954652,27.977396,27.967285,-27.972763,0.010109979,-27.962652
1233.3534,1810.6597,5051.6733,3737.0,13.189543,163.06427,2017.0002,2017.0,0.0,0.0,0.0,0.0,-28.633911,-0.020665169,-0.0046320735,0.59172463,9.572258e-05,0.13263439,28.659208,28.633919,-28.613247,-0.016033094,-28.629278
1233.52,1810.5234,5051.6733,3737.0,13.196078,163.06377,2017.0005,2017.0,0.0,0.0,0.0,0.0,-28.467285,-0.014129639,-0.0046320735,0.40223247,6.544952e-05,0.13186255,28.486048,28.467289,-28.453156,-0.009497565,-28.462652
1233.6866,1810.3873,5051.674,3737.0,13.202615,163.0633,2017.0012,2017.0,0.0,0.0,0.0,0.0,-28.30066,-0.007593155,-0.0046320735,0.21489128,3.5172052e-05,0.13109073,28.312885,28.300661,-28.293066,-0.0029610815,-28.296026
1234.1866,1809.9795,5051.676,3737.0,13.222222,163.0621,2017.0065,2017.0,0.0,0.0,0.0,0.0,-27.80066,0.012014389,-0.0046320735,-0.33400795,-5.5651533e-05,0.1287747,27.817307,27.800661,-27.812674,0.016646463,-27.796026
1233.3534,1810.6597,5051.6733,3737.0,13.189543,163.06427,2017.0002,2017.0,0.0,0.0,0.0,0.0,-28.633911,-0.020665169,-0.0046320735,0.59172463,9.572258e-05,0.13263439,28.659208,28.633919,-28.613247,-0.016033094,-28.629278
1233.52,1810.5234,5051.6733,3737.0,13.196078,163.06377,2017.0005,2017.0,0.0,0.0,0.0,0.0,-28.467285,-0.014129639,-0.0046320735,0.40223247,6.544952e-05,0.13186255,28.486048,28.467289,-28.453156,-0.009497565,-28.462652
1234.02,1810.1154,5051.675,3737.0,13.215686,163.06247,2017.0043,2017.0,0.0,0.0,0.0,0.0,-27.967285,0.0054779053,-0.0046320735,-0.15320215,-2.537406e-05,0.12954652,27.977396,27.967285,-27.972763,0.010109979,-27.962652
1233.3534,1810.6597,5051.6733,3737.0,13.189543,163.06427,2017.0002,2017.0,0.0,0.0,0.0,0.0,-28.633911,-0.020665169,-0.0046320735,0.59172463,9.572258e-05,0.13263439,28.659208,28.633919,-28.613247,-0.016033094,-28.629278
1233.6866,1810.3873,5051.674,3737.0,13.202615,163.0633,2017.0012,2017.0,0.0,0.0,0.0,0.0,-28.30066,-0.007593155,-0.0046320735,0.21489128,3.5172052e-05,0.13109073,28.312885,28.300661,-28.293066,-0.0029610815,-28.296026
1233.8534,1810.2513,5051.6743,3737.0,13.20915,163.06287,2017.0024,2017.0,0.0,0.0,0.0,0.0,-28.133911,-0.0010576248,-0.0046320735,0.029755123,4.898996e-06,0.13031834,28.1396,28.133911,-28.132854,0.0035744486,-28.129278
1234.02,1810.1154,5051.675,3737.0,13.215686,163.06247,2017.0043,2017.0,0.0,0.0,0.0,0.0,-27.967285,0.0054779053,-0.0046320735,-0.15320215,-2.537406e-05,0.12954652,27.977396,27.967285,-27.972763,0.010109979,-27.962652
1234.1866,1809.9795,5051.676,3737.0,13.222222,163.0621,2017.0065,2017.0,0.0,0.0,0.0,0.0,-27.80066,0.012014389,-0.0046320735,-0.33400795,-5.5651533e-05,0.1287747,27.817307,27.800661,-27.812674,0.016646463,-27.796026
1233.3534,1810.6597,5051.6733,3737.0,13.189543,163.06427,2017.0002,2017.0,0.0,0.0,0.0,0.0,-28.633911,-0.020665169,-0.0046320735,0.59172463,9.572258e-05,0.13263439,28.659208,28.633919,-28.613247,-0.016033094,-28.629278
1233.8534,1810.2513,5051.6743,3737.0,13.20915,163.06287,2017.0024,2017.0,0.0,0.0,0.0,0.0,-28.133911,-0.0010576248,-0.0046320735,0.029755123,4.898996e-06,0.13031834,28.1396,28.133911,-28.132854,0.0035744486,-28.129278
1233.3534,1810.6597,5051.6733,3737.0,13.189543,163.06427,2017.0002,2017.0,0.0,0.0,0.0,0.0,-28.633911,-0.020665169,-0.0046320735,0.59172463,9.572258e-05,0.13263439,28.659208,28.633919,-28.613247,-0.016033094,-28.629278
1233.8534,1810.2513,5051.6743,3737.0,13.20915,163.06287,2017.0024,2017.0,0.0,0.0,0.0,0.0,-28.133911,-0.0010576248,-0.0046320735,0.029755123,4.898996e-06,0.13031834,28.1396,28.133911,-28.132854,0.0035744486,-28.129278
1234.02,1810.1154,5051.675,3737.0,13.215686,163.06247,2017.0043,2017.0,0.0,0.0,0.0,0.0,-27.967285,0.0054779053,-0.0046320735,-0.15320215,-2.537406e-05,0.12954652,27.977396,27.967285,-27.972763,0.010109979,-27.962652
1234.1866,1809.9795,5051.676,3737.0,13.222222,163.0621,2017.0065,2017.0,0.0,0.0,0.0,0.0,-27.80066,0.012014389,-0.0046320735,-0.33400795,-5.5651533e-05,0.1287747,27.817307,27.800661,-27.812674,0.016646463,-27.796026
1233.3534,1810.6597,5051.6733,3737.0,13.189543,163.06427,2017.0002,2017.0,0.0,0.0,0.0,0.0,-28.633911,-0.020665169,-0.0046320735,0.59172463,9.572258e-05,0.13263439,28.659208,28.633919,-28.613247,-0.016033094,-28.629278
1233.52,1810.5234,5051.6733,3737.0,13.196078,163.06377,2017.0005,2017.0,0.0,0.0,0.0,0.0,-28.467285,-0.014129639,-0.0046320735,0.40223247,6.544952e-05,0.13186255,28.486048,28.467289,-28.453156,-0.009497565,-28.462652
1233.6866,1810.3873,5051.674,3737.0,13.202615,163.0633,2017.0012,2017.0,0.0,0.0,0.0,0.0,-28.30066,-0.007593155,-0.0046320735,0.21489128,3.5172052e-05,0.13109073,28.312885,28.300661,-28.293066,-0.0029610815,-28.296026
1234.02,1810.1154,5051.675,3737.0,13.215686,163.06247,2017.0043,2017.0,0.0,0.0,0.0,0.0,-27.967285,0.0054779053,-0.0046320735,-0.15320215,-2.537406e-05,0.12954652,27.977396,27.967285,-27.972763,0.010109979,-27.962652
1234.1866,1809.9795,5051.676,3737.0,13.222222,163.0621,2017.0065,2017.0,0.0,0.0,0.0,0.0,-27.80066,0.012014389,-0.0046320735,-0.33400795,-5.5651533e-05,0.1287747,27.817307,27.800661,-27.812674,0.016646463,-27.796026
1233.3534,1810.6597,5051.6733,3737.0,13.189543,163.06427,2017.0002,2017.0,0.0,0.0,0.0,0.0,-28.633911,-0.020665169,-0.0046320735,0.59172463,9.572258e-05,0.13263439,28.659208,28.633919,-28.613247,-0.016033094,-28.629278
1233.52,1810.5234,5051.6733,3737.0,13.196078,163.06377,2017.0005,2017.0,0.0,0.0,0.0,0.0,-28.467285,-0.014129639,-0.0046320735,0.40223247,6.544952e-05,0.13186255,28.486048,28.467289,-28.453156,-0.009497565,-28.462652
1233.6866,1810.3873,5051.674,3737.0,13.202615,163.0633,2017.0012,2017.0,0.0,0.0,0.0,0.0,-28.30066,-0.007593155,-0.0046320735,0.21489128,3.5172052e-05,0.13109073,28.312885,28.300661,-28.293066,-0.0029610815,-28.296026
1234.02,1810.1154,5051.675,3737.0,13.215686,163.06247,2017.0043,2017.0,0.0,0.0,0.0,0.0,-27.967285,0.0054779053,-0.0046320735,-0.15320215,-2.537406e-05,0.12954652,27.977396,27.967285,-27.972763,0.010109979,-27.962652
1233.52,1810.5234,5051.6733,3737.0,13.196078,163.06377,2017.0005,2017.0,0.0,0.0,0.0,0.0,-28.467285,-0.014129639,-0.0046320735,0.40223247,6.544952e-05,0.13186255,28.486048,28.467289,-28.453156,-0.009497565,-28.462652
1233.6866,1810.3873,5051.674,3737.0,13.202615,163.0633,2017.0012,2017.0,0.0,0.0,0.0,0.0,-28.30066,-0.007593155,-0.0046320735,0.21489128,3.5172052e-05,0.13109073,28.312885,28.300661,-28.293066,-0.0029610815,-28.296026
1233.8534,1810.2513,5051.6743,3737.0,13.20915,163.06287,2017.0024,2017.0,0.0,0.0,0.0,0.0,-28.133911,-0.0010576248,-0.0046320735,0.029755123,4.898996e-06,0.13031834,28.1396,28.133911,-28.132854,0.0035744486,-28.129278
1234.02,1810.1154,5051.675,3737.0,13.215686,163.06247,2017.0043,2017.0,0.0,0.0,0.0,0.0,-27.967285,0.0054779053,-0.0046320735,-0.15320215,-2.537406e-05,0.12954652,27.977396,27.967285,-27.972763,0.010109979,-27.962652
1233.52,1810.5234,5051.6733,3737.0,13.196078,163.06377,2017.0005,2017.0,0.0,0.0,0.0,0.0,-28.467285,-0.014129639,-0.0046320735,0.40223247,6.544952e-05,0.13186255,28.486048,28.467289,-28.453156,-0.009497565,-28.462652
1234.02,1810.1154,5051.675,3737.0,13.215686,163.06247,2017.0043,2017.0,0.0,0.0,0.0,0.0,-27.967285,0.0054779053,-0.0046320735,-0.15320215,-2.537406e-05,0.12954652,27.977396,27.967285,-27.972763,0.010109979,-27.962652
1234.1866,1809.9795,5051.676,3737.0,13.222222,163.0621,2017.0065,2017.0,0.0,0.0,0.0,0.0,-27.80066,0.012014389,-0.0046320735,-0.33400795,-5.5651533e-05,0.1287747,27.817307,27.800661,-27.812674,0.016646463,-27.796026
1233.52,1810.5234,5051.6733,3737.0,13.196078,163.06377,2017.0005,2017.0,0.0,0.0,0.0,0.0,-28.467285,-0.014129639,-0.0046320735,0.40223247,6.544952e-05,0.13186255,28.486048,28.467289,-28.453156,-0.009497565,-28.462652
1233.6866,1810.3873,5051.674,3737.0,13.202615,163.0633,2017.0012,2017.0,0.0,0.0,0.0,0.0,-28.30066,-0.007593155,-0.0046320735,0.21489128,3.5172052e-05,0.13109073,28.312885,28.300661,-28.293066,-0.0029610815,-28.296026
1233.8534,1810.2513,5051.6743,3737.0,13.20915,163.06287,2017.0024,2017.0,0.0,0.0,0.0,0.0,-28.133911,-0.0010576248,-0.0046320735,0.029755123,4.898996e-06,0.13031834,28.1396,28.133911,-28.132854,0.0035744486,-28.129278
1234.02,1810.1154,5051.675,3737.0,13.215686,163.06247,2017.0043,2017.0,0.0,0.0,0.0,0.0,-27.967285,0.0054779053,-0.0046320735,-0.15320215,-2.537406e-05,0.12954652,27.977396,27.967285,-27.972763,0.010109979,-27.962652
1233.6866,1810.3873,5051.674,3737.0,13.202615,163.0633,2017.0012,2017.0,0.0,0.0,0.0,0.0,-28.30066,-0.007593155,-0.0046320735,0.21489128,3.5172052e-05,0.13109073,28.312885,28.300661,-28.293066,-0.0029610815,-28.296026
1234.02,1810.1154,5051.675,3737.0,13.215686,163.06247,2017.0043,2017.0,0.0,0.0,0.0,0.0,-27.967285,0.0054779053,-0.0046320735,-0.15320215,-2.537406e-05,0.12954652,27.977396,27.967285,-27.972763,0.010109979,-27.962652
1234.1866,1809.9795,5051.676,3737.0,13.222222,163.0621,2017.0065,2017.0,0.0,0.0,0.0,0.0,-27.80066,0.012014389,-0.0046320735,-0.33400795,-5.5651533e-05,0.1287747,27.817307,27.800661,-27.812674,0.016646463,-27.796026
1233.52,1810.5234,5051.6733,3737.0,13.196078,163.06377,2017.0005,2017.0,0.0,0.0,0.0,0.0,-28.467285,-0.014129639,-0.0046320735,0.40223247,6.544952e-05,0.13186255,28.486048,28.467289,-28.453156,-0.009497565,-28.462652
1233.6866,1810.3873,5051.674,3737.0,13.202615,163.0633,2017.0012,2017.0,0.0,0.0,0.0,0.0,-28.30066,-0.007593155,-0.0046320735,0.21489128,3.5172052e-05,0.13109073,28.312885,28.300661,-28.293066,-0.0029610815,-28.296026
1233.8534,1810.2513,5051.6743,3737.0,13.20915,163.06287,2017.0024,2017.0,0.0,0.0,0.0,0.0,-28.133911,-0.0010576248,-0.0046320735,0.029755123,4.898996e-06,0.13031834,28.1396,28.133911,-28.132854,0.0035744486,-28.129278
1234.02,1810.1154,5051.675,3737.0,13.215686,163.06247,2017.0043,2017.0,0.0,0.0,0.0,0.0,-27.967285,0.0054779053,-0.0046320735,-0.15320215,-2.537406e-05,0.12954652,27.977396,27.967285,-27.972763,0.010109979,-27.962652
1234.1866,1809.9795,5051.676,3737.0,13.222222,163.0621,2017.0065,2017.0,0.0,0.0,0.0,0.0,-27.80066,0.012014389,-0.0046320735,-0.33400795,-5.5651533e-05,0.1287747,27.817307,27.800661,-27.812674,0.016646463,-27.796026
1233.3534,1810.6597,5051.6733,3737.0,13.189543,163.06427,2017.0002,2017.0,0.0,0.0,0.0,0.0,-28.633911,-0.020665169,-0.0046320735,0.59172463,9.572258e-05,0.13263439,28.659208,28.633919,-28.613247,-0.016033094,-28.629278
1233.52,1810.5234,5051.6733,3737.0,13.196078,163.06377,2017.0005,2017.0,0.0,0.0,0.0,0.0,-28.467285,-0.014129639,-0.0046320735,0.40223247,6.544952e-05,0.13186255,28.486048,28.467289,-28.453156,-0.009497565,-28.462652
1233.6866,1810.3873,5051.674,3737.0,13.202615,163.0633,2017.0012,2017.0,0.0,0.0,0.0,0.0,-28.30066,-0.007593155,-0.0046320735,0.21489128,3.5172052e-05,0.13109073,28.312885,28.300661,-28.293066,-0.0029610815,-28.296026
1233.8534,1810.2513,5051.6743,3737.0,13.20915,163.06287,2017.0024,2017.0,0.0,0.0,0.0,0.0,-28.133911,-0.0010576248,-0.0046320735,0.029755123,4.898996e-06,0.13031834,28.1396,28.133911,-28.132854,0.0035744486,-28.129278
1234.02,1810.1154,5051.675,3737.0,13.215686,163.06247,2017.0043,2017.0,0.0,0.0,0.0,0.0,-27.967285,0.0054779053,-0.0046320735,-0.15320215,-2.537406e-05,0.12954652,27.977396,27.967285,-27.972763,0.010109979,-27.962652
1234.1866,1809.9795,5051.676,3737.0,13.222222,163.0621,2017.0065,2017.0,0.0,0.0,0.0,0.0,-27.80066,0.012014389,-0.0046320735,-0.33400795,-5.5651533e-05,0.1287747,27.817307,27.800661,-27.812674,0.016646463,-27.796026
1233.3534,1810.6597,5051.6733,3737.0,13.189543,163.06427,2017.0002,2017.0,0.0,0.0,0.0,0.0,-28.633911,-0.020665169,-0.0046320735,0.59172463,9.572258e-05,0.13263439,28.659208,28.633919,-28.613247,-0.016033094,-28.629278
1233.52,1810.5234,5051.6733,3737.0,13.196078,163.06377,2017.0005,2017.0,0.0,0.0,0.0,0.0,-28.467285,-0.014129639,-0.0046320735,0.40223247,6.544952e-05,0.13186255,28.486048,28.467289,-28.453156,-0.009497565,-28.462652
1233.6866,1810.3873,5051.674,3737.0,13.202615,163.0633,2017.0012,2017.0,0.0,0.0,0.0,0.0,-28.30066,-0.007593155,-0.0046320735,0.21489128,3.5172052e-05,0.13109073,28.312885,28.300661,-28.293066,-0.0029610815,-28.296026
1234.02,1810.1154,5051.675,3737.0,13.215686,163.06247,2017.0043,2017.0,0.0,0.0,0.0,0.0,-27.967285,0.0054779053,-0.0046320735,-0.15320215,-2.537406e-05,0.12954652,27.977396,27.967285,-27.972763,0.010109979,-27.962652
1234.1866,1809.9795,5051.676,3737.0,13.222222,163.0621,2017.0065,2017.0,0.0,0.0,0.0,0.0,-27.80066,0.012014389,-0.0046320735,-0.33400795,-5.5651533e-05,0.1287747,27.817307,27.800661,-27.812674,0.016646463,-27.796026
1233.3534,1810.6597,5051.6733,3737.0,13.189543,163.06427,2017.0002,2017.0,0.0,0.0,0.0,0.0,-28.633911,-0.020665169,-0.0046320735,0.59172463,9.572258e-05,0.13263439,28.659208,28.633919,-28.613247,-0.016033094,-28.629278
1233.52,1810.5234,5051.6733,3737.0,13.196078,163.06377,2017.0005,2017.0,0.0,0.0,0.0,0.0,-28.467285,-0.014129639,-0.0046320735,0.40223247,6.544952e-05,0.13186255,28.486048,28.467289,-28.453156,-0.009497565,-28.462652
1234.02,1810.1154,5051.675,3737.0,13.215686,163.06247,2017.0043,2017.0,0.0,0.0,0.0,0.0,-27.967285,0.0054779053,-0.0046320735,-0.15320215,-2.537406e-05,0.12954652,27.977396,27.967285,-27.972763,0.010109979,-27.962652
1233.3534,1810.6597,5051.6733,3737.0,13.189543,163.06427,2017.0002,2017.0,0.0,0.0,0.0,0.0,-28.633911,-0.020665169,-0.0046320735,0.59172463,9.572258e-05,0.13263439,28.659208,28.633919,-28.613247,-0.016033094,-28.629278
1233.52,1810.5234,5051.6733,3737.0,13.196078,163.06377,2017.0005,2017.0,0.0,0.0,0.0,0.0,-28.467285,-0.014129639,-0.0046320735,0.40223247,6.544952e-05,0.13186255,28.486048,28.467289,-28.453156,-0.009497565,-28.462652
1234.02,1810.1154,5051.675,3737.0,13.215686,163.06247,2017.0043,2017.0,0.0,0.0,0.0,0.0,-27.967285,0.0054779053,-0.0046320735,-0.15320215,-2.537406e-05,0.12954652,27.977396,27.967285,-27.972763,0.010109979,-27.962652
1234.1866,1809.9795,5051.676,3737.0,13.222222,163.0621,2017.0065,2017.0,0.0,0.0,0.0,0.0,-27.80066,0.012014389,-0.0046320735,-0.33400795,-5.5651533e-05,0.1287747,27.817307,27.800661,-27.812674,0.016646463,-27.796026
1233.3534,1810.6597,5051.6733,3737.0,13.189543,163.06427,2017.0002,2017.0,0.0,0.0,0.0,0.0,-28.633911,-0.020665169,-0.0046320735,0.59172463,9.572258e-05,0.13263439,28.659208,28.633919,-28.613247,-0.016033094,-28.629278
1233.52,1810.5234,5051.6733,3737.0,13.196078,163.06377,2017.0005,2017.0,0.0,0.0,0.0,0.0,-28.467285,-0.014129639,-0.0046320735,0.40223247,6.544952e-05,0.13186255,28.486048,28.467289,-28.453156,-0.009497565,-28.462652
1233.6866,1810.3873,5051.674,3737.0,13.202615,163.0633,2017.0012,2017.0,0.0,0.0,0.0,0.0,-28.30066,-0.007593155,-0.0046320735,0.21489128,3.5172052e-05,0.13109073,28.312885,28.300661,-28.293066,-0.0029610815,-28.296026
1234.02,1810.1154,5051.675,3737.0,13.215686,163.06247,2017.0043,2017.0,0.0,0.0,0.0,0.0,-27.967285,0.0054779053,-0.0046320735,-0.15320215,-2.537406e-05,0.12954652,27.977396,27.967285,-27.972763,0.010109979,-27.962652
1234.1866,1809.9795,5051.676,3737.0,13.222222,163.0621,2017.0065,2017.0,0.0,0.0,0.0,0.0,-27.80066,0.012014389,-0.0046320735,-0.33400795,-5.5651533e-05,0.1287747,27.817307,27.800661,-27.812674,0.016646463,-27.796026
1233.52,1810.5234,5051.6733,3737.0,13.196078,163.06377,2017.0005,2017.0,0.0,0.0,0.0,0.0,-28.467285,-0.014129639,-0.0046320735,0.40223247,6.544952e-05,0.13186255,28.486048,28.467289,-28.453156,-0.009497565,-28.462652
1233.6866,1810.3873,5051.674,3737.0,13.202615,163.0633,2017.0012,2017.0,0.0,0.0,0.0,0.0,-28.30066,-0.007593155,-0.0046320735,0.21489128,3.5172052e-05,0.13109073,28.312885,28.300661,-28.293066,-0.0029610815,-28.296026
1234.02,1810.1154,5051.675,3737.0,13.215686,163.06247,2017.0043,2017.0,0.0,0.0,0.0,0.0,-27.967285,0.0054779053,-0.0046320735,-0.15320215,-2.537406e-05,0.12954652,27.977396,27.967285,-27.972763,0.010109979,-27.962652
1234.1866,1809.9795,5051.676,3737.0,13.222222,163.0621,2017.0065,2017.0,0.0,0.0,0.0,0.0,-27.80066,0.012014389,-0.0046320735,-0.33400795,-5.5651533e-05,0.1287747,27.817307,27.800661,-27.812674,0.016646463,-27.796026
1234.3534,1809.8438,5051.677,3737.0,13.228758,163.0618,2017.0092,2017.0,0.0,0.0,0.0,0.0,-27.633911,0.01854992,-0.0046320735,-0.5126068,-8.5924585e-05,0.1280023,27.657095,27.633919,-27.652462,0.023181994,-27.629278
1233.3534,1810.6597,5051.6733,3737.0,13.189543,163.06427,2017.0002,2017.0,0.0,0.0,0.0,0.0,-28.633911,-0.020665169,-0.0046320735,0.59172463,9.572258e-05,0.13263439,28.659208,28.633919,-28.613247,-0.016033094,-28.629278
1233.8534,1810.2513,5051.6743,3737.0,13.20915,163.06287,2017.0024,2017.0,0.0,0.0,0.0,0.0,-28.133911,-0.0010576248,-0.0046320735,0.029755123,4.898996e-06,0.13031834,28.1396,28.133911,-28.132854,0.0035744486,-28.129278
1234.02,1810.1154,5051.675,3737.0,13.215686,163.06247,2017.0043,2017.0,0.0,0.0,0.0,0.0,-27.967285,0.0054779053,-0.0046320735,-0.15320215,-2.537406e-05,0.12954652,27.977396,27.967285,-27.972763,0.010109979,-27.962652
1234.1866,1809.9795,5051.676,3737.0,13.222222,163.0621,2017.0065,2017.0,0.0,0.0,0.0,0.0,-27.80066,0.012014389,-0.0046320735,-0.33400795,-5.5651533e-05,0.1287747,27.817307,27.800661,-27.812674,0.016646463,-27.796026
1233.3534,1810.6597,5051.6733,3737.0,13.189543,163.06427,2017.0002,2017.0,0.0,0.0,0.0,0.0,-28.633911,-0.020665169,-0.0046320735,0.59172463,9.572258e-05,0.13263439,28.659208,28.633919,-28.613247,-0.016033094,-28.629278
1233.52,1810.5234,5051.6733,3737.0,13.196078,163.06377,2017.0005,2017.0,0.0,0.0,0.0,0.0,-28.467285,-0.014129639,-0.0046320735,0.40223247,6.544952e-05,0.13186255,28.486048,28.467289,-28.453156,-0.009497565,-28.462652
1233.6866,1810.3873,5051.674,3737.0,13.202615,163.0633,2017.0012,2017.0,0.0,0.0,0.0,0.0,-28.30066,-0.007593155,-0.0046320735,0.21489128,3.5172052e-05,0.13109073,28.312885,28.300661,-28.293066,-0.0029610815,-28.296026
1233.3534,1810.6597,5051.6733,3737.0,13.189543,163.06427,2017.0002,2017.0,0.0,0.0,0.0,0.0,-28.633911,-0.020665169,-0.0046320735,0.59172463,9.572258e-05,0.13263439,28.659208,28.633919,-28.613247,-0.016033094,-28.629278
1233.6866,1810.3873,5051.674,3737.0,13.202615,163.0633,2017.0012,2017.0,0.0,0.0,0.0,0.0,-28.30066,-0.007593155,-0.0046320735,0.21489128,3.5172052e-05,0.13109073,28.312885,28.300661,-28.293066,-0.0029610815,-28.296026
1233.8534,1810.2513,5051.6743,3737.0,13.20915,163.06287,2017.0024,2017.0,0.0,0.0,0.0,0.0,-28.133911,-0.0010576248,-0.0046320735,0.029755123,4.898996e-06,0.13031834,28.1396,28.133911,-28.132854,0.0035744486,-28.129278
1234.02,1810.1154,5051.675,3737.0,13.215686,163.06247,2017.0043,2017.0,0.0,0.0,0.0,0.0,-27.967285,0.0054779053,-0.0046320735,-0.15320215,-2.537406e-05,0.12954652,27.977396,27.967285,-27.972763,0.010109979,-27.962652
1234.1866,1809.9795,5051.676,3737.0,13.222222,163.0621,2017.0065,2017.0,0.0,0.0,0.0,0.0,-27.80066,0.012014389,-0.0046320735,-0.33400795,-5.5651533e-05,0.1287747,27.817307,27.800661,-27.812674,0.016646463,-27.796026
1233.52,1810.5234,5051.6733,3737.0,13.196078,163.06377,2017.0005,2017.0,0.0,0.0,0.0,0.0,-28.467285,-0.014129639,-0.0046320735,0.40223247,6.544952e-05,0.13186255,28.486048,28.467289,-28.453156,-0.009497565,-28.462652
1233.6866,1810.3873,5051.674,3737.0,13.202615,163.0633,2017.0012,2017.0,0.0,0.0,0.0,0.0,-28.30066,-0.007593155,-0.0046320735,0.21489128,3.5172052e-05,0.13109073,28.312885,28.300661,-28.293066,-0.0029610815,-28.296026
1233.8534,1810.2513,5051.6743,3737.0,13.20915,163.06287,2017.0024,2017.0,0.0,0.0,0.0,0.0,-28.133911,-0.0010576248,-0.0046320735,0.029755123,4.898996e-06,0.13031834,28.1396,28.133911,-28.132854,0.0035744486,-28.129278
1234.02,1810.1154,5051.675,3737.0,13.215686,163.06247,2017.0043,2017.0,0.0,0.0,0.0,0.0,-27.967285,0.0054779053,-0.0046320735,-0.15320215,-2.537406e-05,0.12954652,27.977396,27.967285,-27.972763,0.010109979,-27.962652
1233.52,1810.5234,5051.6733,3737.0,13.196078,163.06377,2017.0005,2017.0,0.0,0.0,0.0,0.0,-28.467285,-0.014129639,-0.0046320735,0.40223247,6.544952e-05,0.13186255,28.486048,28.467289,-28.453156,-0.009497565,-28.462652
1234.02,1810.1154,5051.675,3737.0,13.215686,163.06247,2017.0043,2017.0,0.0,0.0,0.0,0.0,-27.967285,0.0054779053,-0.0046320735,-0.15320215,-2.537406e-05,0.12954652,27.977396,27.967285,-27.972763,0.010109979,-27.962652
1234.1866,1809.9795,5051.676,3737.0,13.222222,163.0621,2017.0065,2017.0,0.0,0.0,0.0,0.0,-27.80066,0.012014389,-0.0046320735,-0.33400795,-5.5651533e-05,0.1287747,27.817307,27.800661,-27.812674,0.016646463,-27.796026
1233.3534,1810.6597,5051.6733,3737.0,13.189543,163.06427,2017.0002,2017.0,0.0,0.0,0.0,0.0,-28.633911,-0.020665169,-0.0046320735,0.59172463,9.572258e-05,0.13263439,28.659208,28.633919,-28.613247,-0.016033094,-28.629278
1233.52,1810.5234,5051.6733,3737.0,13.196078,163.06377,2017.0005,2017.0,0.0,0.0,0.0,0.0,-28.467285,-0.014129639,-0.0046320735,0.40223247,6.544952e-05,0.13186255,28.486048,28.467289,-28.453156,-0.009497565,-28.462652
1233.6866,1810.3873,5051.674,3737.0,13.202615,163.0633,2017.0012,2017.0,0.0,0.0,0.0,0.0,-28.30066,-0.007593155,-0.0046320735,0.21489128,3.5172052e-05,0.13109073,28.312885,28.300661,-28.293066,-0.0029610815,-28.296026
1234.02,1810.1154,5051.675,3737.0,13.215686,163.06247,2017.0043,2017.0,0.0,0.0,0.0,0.0,-27.967285,0.0054779053,-0.0046320735,-0.15320215,-2.537406e-05,0.12954652,27.977396,27.967285,-27.972763,0.010109979,-27.962652
1233.3534,1810.6597,5051.6733,3737.0,13.189543,163.06427,2017.0002,2017.0,0.0,0.0,0.0,0.0,-28.633911,-0.020665169,-0.0046320735,0.59172463,9.572258e-05,0.13263439,28.659208,28.633919,-28.613247,-0.016033094,-28.629278
1233.52,1810.5234,5051.6733,3737.0,13.196078,163.06377,2017.0005,2017.0,0.0,0.0,0.0,0.0,-28.467285,-0.014129639,-0.0046320735,0.40223247,6.544952e-05,0.13186255,28.486048,28.467289,-28.453156,-0.009497565,-28.462652
1233.8534,1810.2513,5051.6743,3737.0,13.20915,163.06287,2017.0024,2017.0,0.0,0.0,0.0,0.0,-28.133911,-0.0010576248,-0.0046320735,0.029755123,4.898996e-06,0.13031834,28.1396,28.133911,-28.132854,0.0035744486,-28.129278
1234.02,1810.1154,5051.675,3737.0,13.215686,163.06247,2017.0043,2017.0,0.0,0.0,0.0,0.0,-27.967285,0.0054779053,-0.0046320735,-0.15320215,-2.537406e-05,0.12954652,27.977396,27.967285,-27.972763,0.010109979,-27.962652
1233.3534,1810.6597,5051.6733,3737.0,13.189543,163.06427,2017.0002,2017.0,0.0,0.0,0.0,0.0,-28.633911,-0.020665169,-0.0046320735,0.59172463,9.572258e-05,0.13263439,28.659208,28.633919,-28.613247,-0.016033094,-28.629278
1233.8534,1810.2513,5051.6743,3737.0,13.20915,163.06287,2017.0024,2017.0,0.0,0.0,0.0,0.0,-28.133911,-0.0010576248,-0.0046320735,0.029755123,4.898996e-06,0.13031834,28.1396,28.133911,-28.132854,0.0035744486,-28.129278
1234.02,1810.1154,5051.675,3737.0,13.215686,163.06247,2017.0043,2017.0,0.0,0.0,0.0,0.0,-27.967285,0.0054779053,-0.0046320735,-0.15320215,-2.537406e-05,0.12954652,27.977396,27.967285,-27.972763,0.010109979,-27.962652
1234.1866,1809.9795,5051.676,3737.0,13.222222,163.0621,2017.0065,2017.0,0.0,0.0,0.0,0.0,-27.80066,0.012014389,-0.0046320735,-0.33400795,-5.5651533e-05,0.1287747,27.817307,27.800661,-27.812674,0.016646463,-27.796026
1233.52,1810.5234,5051.6733,3737.0,13.196078,163.06377,2017.0005,2017.0,0.0,0.0,0.0,0.0,-28.467285,-0.014129639,-0.0046320735,0.40223247,6.544952e-05,0.13186255,28.486048,28.467289,-28.453156,-0.009497565,-28.462652
1233.6866,1810.3873,5051.674,3737.0,13.202615,163.0633,2017.0012,2017.0,0.0,0.0,0.0,0.0,-28.30066,-0.007593155,-0.0046320735,0.21489128,3.5172052e-05,0.13109073,28.312885,28.300661,-28.293066,-0.0029610815,-28.296026
1233.8534,1810.2513,5051.6743,3737.0,13.20915,163.06287,2017.0024,2017.0,0.0,0.0,0.0,0.0,-28.133911,-0.0010576248,-0.0046320735,0.029755123,4.898996e-06,0.13031834,28.1396,28.133911,-28.132854,0.0035744486,-28.129278
1234.02,1810.1154,5051.675,3737.0,13.215686,163.06247,2017.0043,2017.0,0.0,0.0,0.0,0.0,-27.967285,0.0054779053,-0.0046320735,-0.15320215,-2.537406e-05,0.12954652,27.977396,27.967285,-27.972763,0.010109979,-27.962652
1234.1866,1809.9795,5051.676,3737.0,13.222222,163.0621,2017.0065,2017.0,0.0,0.0,0.0,0.0,-27.80066,0.012014389,-0.0046320735,-0.33400795,-5.5651533e-05,0.1287747,27.817307,27.800661,-27.812674,0.016646463,-27.796026
1233.3534,1810.6597,5051.6733,3737.0,13.189543,163.06427,2017.0002,2017.0,0.0,0.0,0.0,0.0,-28.633911,-0.020665169,-0.0046320735,0.59172463,9.572258e-05,0.13263439,28.659208,28.633919,-28.613247,-0.016033094,-28.629278
1233.8534,1810.2513,5051.6743,3737.0,13.20915,163.06287,2017.0024,2017.0,0.0,0.0,0.0,0.0,-28.133911,-0.0010576248,-0.0046320735,0.029755123,4.898996e-06,0.13031834,28.1396,28.133911,-28.132854,0.0035744486,-28.129278
1234.02,1810.1154,5051.675,3737.0,13.215686,163.06247,2017.0043,2017.0,0.0,0.0,0.0,0.0,-27.967285,0.0054779053,-0.0046320735,-0.15320215,-2.537406e-05,0.12954652,27.977396,27.967285,-27.972763,0.010109979,-27.962652
1234.1866,1809.9795,5051.676,3737.0,13.222222,163.0621,2017.0065,2017.0,0.0,0.0,0.0,0.0,-27.80066,0.012014389,-0.0046320735,-0.33400795,-5.5651533e-05,0.1287747,27.817307,27.800661,-27.812674,0.016646463,-27.796026
1233.3534,1810.6597,5051.6733,3737.0,13.189543,163.06427,2017.0002,2017.0,0.0,0.0,0.0,0.0,-28.633911,-0.020665169,-0.0046320735,0.59172463,9.572258e-05,0.13263439,28.659208,28.633919,-28.613247,-0.016033094,-28.629278
1233.52,1810.5234,5051.6733,3737.0,13.196078,163.06377,2017.0005,2017.0,0.0,0.0,0.0,0.0,-28.467285,-0.014129639,-0.0046320735,0.40223247,6.544952e-05,0.13186255,28.486048,28.467289,-28.453156,-0.009497565,-28.462652
1234.02,1810.1154,5051.675,3737.0,13.215686,163.06247,2017.0043,2017.0,0.0,0.0,0.0,0.0,-27.967285,0.0054779053,-0.0046320735,-0.15320215,-2.537406e-05,0.12954652,27.977396,27.967285,-27.972763,0.010109979,-27.962652
1233.3534,1810.6597,5051.6733,3737.0,13.189543,163.06427,2017.0002,2017.0,0.0,0.0,0.0,0.0,-28.633911,-0.020665169,-0.0046320735,0.59172463,9.572258e-05,0.13263439,28.659208,28.633919,-28.613247,-0.016033094,-28.629278
1233.52,1810.5234,5051.6733,3737.0,13.196078,163.06377,2017.0005,2017.0,0.0,0.0,0.0,0.0,-28.467285,-0.014129639,-0.0046320735,0.40223247,6.544952e-05,0.13186255,28.486048,28.467289,-28.453156,-0.009497565,-28.462652
1233.8534,1810.2513,5051.6743,3737.0,13.20915,163.06287,2017.0024,2017.0,0.0,0.0,0.0,0.0,-28.133911,-0.0010576248,-0.0046320735,0.029755123,4.898996e-06,0.13031834,28.1396,28.133911,-28.132854,0.0035744486,-28.129278
1233.3534,1810.6597,5051.6733,3737.0,13.189543,163.06427,2017.0002,2017.0,0.0,0.0,0.0,0.0,-28.633911,-0.020665169,-0.0046320735,0.59172463,9.572258e-05,0.13263439,28.659208,28.633919,-28.613247,-0.016033094,-28.629278
1233.52,1810.5234,5051.6733,3737.0,13.196078,163.06377,2017.0005,2017.0,0.0,0.0,0.0,0.0,-28.467285,-0.014129639,-0.0046320735,0.40223247,6.544952e-05,0.13186255,28.486048,28.467289,-28.453156,-0.009497565,-28.462652
1233.6866,1810.3873,5051.674,3737.0,13.202615,163.0633,2017.0012,2017.0,0.0,0.0,0.0,0.0,-28.30066,-0.007593155,-0.0046320735,0.21489128,3.5172052e-05,0.13109073,28.312885,28.300661,-28.293066,-0.0029610815,-28.296026
1233.8534,1810.2513,5051.6743,3737.0,13.20915,163.06287,2017.0024,2017.0,0.0,0.0,0.0,0.0,-28.133911,-0.0010576248,-0.0046320735,0.029755123,4.898996e-06,0.13031834,28.1396,28.133911,-28.132854,0.0035744486,-28.129278
1234.02,1810.1154,5051.675,3737.0,13.215686,163.06247,2017.0043,2017.0,0.0,0.0,0.0,0.0,-27.967285,0.0054779053,-0.0046320735,-0.15320215,-2.537406e-05,0.12954652,27.977396,27.967285,-27.972763,0.010109979,-27.962652
1233.3534,1810.6597,5051.6733,3737.0,13.189543,163.06427,2017.0002,2017.0,0.0,0.0,0.0,0.0,-28.633911,-0.020665169,-0.0046320735,0.59172463,9.572258e-05,0.13263439,28.659208,28.633919,-28.613247,-0.016033094,-28.629278
1233.8534,1810.2513,5051.6743,3737.0,13.20915,163.06287,2017.0024,2017.0,0.0,0.0,0.0,0.0,-28.133911,-0.0010576248,-0.0046320735,0.029755123,4.898996e-06,0.13031834,28.1396,28.133911,-28.132854,0.0035744486,-28.129278
1234.02,1810.1154,5051.675,3737.0,13.215686,163.06247,2017.0043,2017.0,0.0,0.0,0.0,0.0,-27.967285,0.0054779053,-0.0046320735,-0.15320215,-2.537406e-05,0.12954652,27.977396,27.967285,-27.972763,0.010109979,-27.962652
1234.1866,1809.9795,5051.676,3737.0,13.222222,163.0621,2017.0065,2017.0,0.0,0.0,0.0,0.0,-27.80066,0.012014389,-0.0046320735,-0.33400795,-5.5651533e-05,0.1287747,27.817307,27.800661,-27.812674,0.016646463,-27.796026
1233.3534,1810.6597,5051.6733,3737.0,13.189543,163.06427,2017.0002,2017.0,0.0,0.0,0.0,0.0,-28.633911,-0.020665169,-0.0046320735,0.59172463,9.572258e-05,0.13263439,28.659208,28.633919,-28.613247,-0.016033094,-28.629278
1233.52,1810.5234,5051.6733,3737.0,13.196078,163.06377,2017.0005,2017.0,0.0,0.0,0.0,0.0,-28.467285,-0.014129639,-0.0046320735,0.40223247,6.544952e-05,0.13186255,28.486048,28.467289,-28.453156,-0.009497565,-28.462652
1233.6866,1810.3873,5051.674,3737.0,13.202615,163.0633,2017.0012,2017.0,0.0,0.0,0.0,0.0,-28.30066,-0.007593155,-0.0046320735,0.21489128,3.5172052e-05,0.13109073,28.312885,28.300661,-28.293066,-0.0029610815,-28.296026
1233.8534,1810.2513,5051.6743,3737.0,13.20915,163.06287,2017.0024,2017.0,0.0,0.0,0.0,0.0,-28.133911,-0.0010576248,-0.0046320735,0.029755123,4.898996e-06,0.13031834,28.1396,28.133911,-28.132854,0.0035744486,-28.129278
1234.02,1810.1154,5051.675,3737.0,13.215686,163.06247,2017.0043,2017.0,0.0,0.0,0.0,0.0,-27.967285,0.0054779053,-0.0046320735,-0.15320215,-2.537406e-05,0.12954652,27.977396,27.967285,-27.972763,0.010109979,-27.962652
1233.3534,1810.6597,5051.6733,3737.0,13.189543,163.06427,2017.0002,2017.0,0.0,0.0,0.0,0.0,-28.633911,-0.020665169,-0.0046320735,0.59172463,9.572258e-05,0.13263439,28.659208,28.633919,-28.613247,-0.016033094,-28.629278
1233.52,1810.5234,5051.6733,3737.0,13.196078,163.06377,2017.0005,2017.0,0.0,0.0,0.0,0.0,-28.467285,-0.014129639,-0.0046320735,0.40223247,6.544952e-05,0.13186255,28.486048,28.467289,-28.453156,-0.009497565,-28.462652
1233.6866,1810.3873,5051.674,3737.0,13.202615,163.0633,2017.0012,2017.0,0.0,0.0,0.0,0.0,-28.30066,-0.007593155,-0.0046320735,0.21489128,3.5172052e-05,0.13109073,28.312885,28.300661,-28.293066,-0.0029610815,-28.296026
1233.8534,1810.2513,5051.6743,3737.0,13.20915,163.06287,2017.0024,2017.0,0.0,0.0,0.0,0.0,-28.133911,-0.0010576248,-0.0046320735,0.029755123,4.898996e-06,0.13031834,28.1396,28.133911,-28.132854,0.0035744486,-28.129278
1234.02,1810.1154,5051.675,3737.0,13.215686,163.06247,2017.0043,2017.0,0.0,0.0,0.0,0.0,-27.967285,0.0054779053,-0.0046320735,-0.15320215,-2.537406e-05,0.12954652,27.977396,27.967285,-27.972763,0.010109979,-27.962652
1234.1866,1809.9795,5051.676,3737.0,13.222222,163.0621,2017.0065,2017.0,0.0,0.0,0.0,0.0,-27.80066,0.012014389,-0.0046320735,-0.33400795,-5.5651533e-05,0.1287747,27.817307,27.800661,-27.812674,0.016646463,-27.796026
1233.3534,1810.6597,5051.6733,3737.0,13.189543,163.06427,2017.0002,2017.0,0.0,0.0,0.0,0.0,-28.633911,-0.020665169,-0.0046320735,0.59172463,9.572258e-05,0.13263439,28.659208,28.633919,-28.613247,-0.016033094,-28.629278
1234.02,1810.1154,5051.675,3737.0,13.215686,163.06247,2017.0043,2017.0,0.0,0.0,0.0,0.0,-27.967285,0.0054779053,-0.0046320735,-0.15320215,-2.537406e-05,0.12954652,27.977396,27.967285,-27.972763,0.010109979,-27.962652
1234.1866,1809.9795,5051.676,3737.0,13.222222,163.0621,2017.0065,2017.0,0.0,0.0,0.0,0.0,-27.80066,0.012014389,-0.0046320735,-0.33400795,-5.5651533e-05,0.1287747,27.817307,27.800661,-27.812674,0.016646463,-27.796026
1233.3534,1810.6597,5051.6733,3737.0,13.189543,163.06427,2017.0002,2017.0,0.0,0.0,0.0,0.0,-28.633911,-0.020665169,-0.0046320735,0.59172463,9.572258e-05,0.13263439,28.659208,28.633919,-28.613247,-0.016033094,-28.629278
1233.6866,1810.3873,5051.674,3737.0,13.202615,163.0633,2017.0012,2017.0,0.0,0.0,0.0,0.0,-28.30066,-0.007593155,-0.0046320735,0.21489128,3.5172052e-05,0.13109073,28.312885,28.300661,-28.293066,-0.0029610815,-28.296026
1233.8534,1810.2513,5051.6743,3737.0,13.20915,163.06287,2017.0024,2017.0,0.0,0.0,0.0,0.0,-28.133911,-0.0010576248,-0.0046320735,0.029755123,4.898996e-06,0.13031834,28.1396,28.133911,-28.132854,0.0035744486,-28.129278
1234.02,1810.1154,5051.675,3737.0,13.215686,163.06247,2017.0043,2017.0,0.0,0.0,0.0,0.0,-27.967285,0.0054779053,-0.0046320735,-0.15320215,-2.537406e-05,0.12954652,27.977396,27.967285,-27.972763,0.010109979,-27.962652
1234.1866,1809.9795,5051.676,3737.0,13.222222,163.0621,2017.0065,2017.0,0.0,0.0,0.0,0.0,-27.80066,0.012014389,-0.0046320735,-0.33400795,-5.5651533e-05,0.1287747,27.817307,27.800661,-27.812674,0.016646463,-27.796026
1233.3534,1810.6597,5051.6733,3737.0,13.189543,163.06427,2017.0002,2017.0,0.0,0.0,0.0,0.0,-28.633911,-0.020665169,-0.0046320735,0.59172463,9.572258e-05,0.13263439,28.659208,28.633919,-28.613247,-0.016033094,-28.629278
1233.52,1810.5234,5051.6733,3737.0,13.196078,163.06377,2017.0005,2017.0,0.0,0.0,0.0,0.0,-28.467285,-0.014129639,-0.0046320735,0.40223247,6.544952e-05,0.13186255,28.486048,28.467289,-28.453156,-0.009497565,-28.462652
1234.1866,1809.9795,5051.676,3737.0,13.222222,163.0621,2017.0065,2017.0,0.0,0.0,0.0,0.0,-27.80066,0.012014389,-0.0046320735,-0.33400795,-5.5651533e-05,0.1287747,27.817307,27.800661,-27.812674,0.016646463,-27.796026
1233.52,1810.5234,5051.6733,3737.0,13.196078,163.06377,2017.0005,2017.0,0.0,0.0,0.0,0.0,-28.467285,-0.014129639,-0.0046320735,0.40223247,6.544952e-05,0.13186255,28.486048,28.467289,-28.453156,-0.009497565,-28.462652
1233.6866,1810.3873,5051.674,3737.0,13.202615,163.0633,2017.0012,2017.0,0.0,0.0,0.0,0.0,-28.30066,-0.007593155,-0.0046320735,0.21489128,3.5172052e-05,0.13109073,28.312885,28.300661,-28.293066,-0.0029610815,-28.296026
1233.8534,1810.2513,5051.6743,3737.0,13.20915,163.06287,2017.0024,2017.0,0.0,0.0,0.0,0.0,-28.133911,-0.0010576248,-0.0046320735,0.029755123,4.898996e-06,0.13031834,28.1396,28.133911,-28.132854,0.0035744486,-28.129278
1234.02,1810.1154,5051.675,3737.0,13.215686,163.06247,2017.0043,2017.0,0.0,0.0,0.0,0.0,-27.967285,0.0054779053,-0.0046320735,-0.15320215,-2.537406e-05,0.12954652,27.977396,27.967285,-27.972763,0.010109979,-27.962652
1233.3534,1810.6597,5051.6733,3737.0,13.189543,163.06427,2017.0002,2017.0,0.0,0.0,0.0,0.0,-28.633911,-0.020665169,-0.0046320735,0.59172463,9.572258e-05,0.13263439,28.659208,28.633919,-28.613247,-0.016033094,-28.629278
1233.52,1810.5234,5051.6733,3737.0,13.196078,163.06377,2017.0005,2017.0,0.0,0.0,0.0,0.0,-28.467285,-0.014129639,-0.0046320735,0.40223247,6.544952e-05,0.13186255,28.486048,28.467289,-28.453156,-0.009497565,-28.462652
1233.6866,1810.3873,5051.674,3737.0,13.202615,163.0633,2017.0012,2017.0,0.0,0.0,0.0,0.0,-28.30066,-0.007593155,-0.0046320735,0.21489128,3.5172052e-05,0.13109073,28.312885,28.300661,-28.293066,-0.0029610815,-28.296026
1233.8534,1810.2513,5051.6743,3737.0,13.20915,163.06287,2017.0024,2017.0,0.0,0.0,0.0,0.0,-28.133911,-0.0010576248,-0.0046320735,0.029755123,4.898996e-06,0.13031834,28.1396,28.133911,-28.132854,0.0035744486,-28.129278
1234.02,1810.1154,5051.675,3737.0,13.215686,163.06247,2017.0043,2017.0,0.0,0.0,0.0,0.0,-27.967285,0.0054779053,-0.0046320735,-0.15320215,-2.537406e-05,0.12954652,27.977396,27.967285,-27.972763,0.010109979,-27.962652
1234.1866,1809.9795,5051.676,3737.0,13.222222,163.0621,2017.0065,2017.0,0.0,0.0,0.0,0.0,-27.80066,0.012014389,-0.0046320735,-0.33400795,-5.5651533e-05,0.1287747,27.817307,27.800661,-27.812674,0.016646463,-27.796026
1233.3534,1810.6597,5051.6733,3737.0,13.189543,163.06427,2017.0002,2017.0,0.0,0.0,0.0,0.0,-28.633911,-0.020665169,-0.0046320735,0.59172463,9.572258e-05,0.13263439,28.659208,28.633919,-28.613247,-0.016033094,-28.629278
1233.52,1810.5234,5051.6733,3737.0,13.196078,163.06377,2017.0005,2017.0,0.0,0.0,0.0,0.0,-28.467285,-0.014129639,-0.0046320735,0.40223247,6.544952e-05,0.13186255,28.486048,28.467289,-28.453156,-0.009497565,-28.462652
1234.02,1810.1154,5051.675,3737.0,13.215686,163.06247,2017.0043,2017.0,0.0,0.0,0.0,0.0,-27.967285,0.0054779053,-0.0046320735,-0.15320215,-2.537406e-05,0.12954652,27.977396,27.967285,-27.972763,0.010109979,-27.962652
1234.1866,1809.9795,5051.676,3737.0,13.222222,163.0621,2017.0065,2017.0,0.0,0.0,0.0,0.0,-27.80066,0.012014389,-0.0046320735,-0.33400795,-5.5651533e-05,0.1287747,27.817307,27.800661,-27.812674,0.016646463,-27.796026
1233.3534,1810.6597,5051.6733,3737.0,13.189543,163.06427,2017.0002,2017.0,0.0,0.0,0.0,0.0,-28.633911,-0.020665169,-0.0046320735,0.59172463,9.572258e-05,0.13263439,28.659208,28.633919,-28.613247,-0.016033094,-28.629278
1234.02,1810.1154,5051.675,3737.0,13.215686,163.06247,2017.0043,2017.0,0.0,0.0,0.0,0.0,-27.967285,0.0054779053,-0.0046320735,-0.15320215,-2.537406e-05,0.12954652,27.977396,27.967285,-27.972763,0.010109979,-27.962652
1233.8534,1810.2511,5051.674,3737.0,13.529411,163.03734,2017.0137,2017.0,0.0,0.0,0.0,0.0,-28.133911,0.31920338,-0.0046320735,-8.980439,-0.0014785735,0.13031834,28.457747,28.135721,-28.453114,0.32383546,-28.129278
