__source_file__,__row_id__,consensus_label,anomaly_score
C:\Users\User\AppData\Local\Temp\universal_mnist_cluster_kt2o4co_\brace-main\videos_info.csv,0,1,0.5543477751995965
C:\Users\User\AppData\Local\Temp\universal_mnist_cluster_kt2o4co_\brace-main\videos_info.csv,1,6,0.570930899895033
C:\Users\User\AppData\Local\Temp\universal_mnist_cluster_kt2o4co_\brace-main\videos_info.csv,2,3,0.5822647435336374
C:\Users\User\AppData\Local\Temp\universal_mnist_cluster_kt2o4co_\brace-main\videos_info.csv,3,5,0.5644886162418831
C:\Users\User\AppData\Local\Temp\universal_mnist_cluster_kt2o4co_\brace-main\videos_info.csv,4,0,0.521616173187071
C:\Users\User\AppData\Local\Temp\universal_mnist_cluster_kt2o4co_\brace-main\videos_info.csv,5,5,0.562095939954608
C:\Users\User\AppData\Local\Temp\universal_mnist_cluster_kt2o4co_\brace-main\videos_info.csv,6,1,0.5554741102627022
C:\Users\User\AppData\Local\Temp\universal_mnist_cluster_kt2o4co_\brace-main\videos_info.csv,7,5,0.5624763750594189
C:\Users\User\AppData\Local\Temp\universal_mnist_cluster_kt2o4co_\brace-main\videos_info.csv,8,0,0.630659196750844
C:\Users\User\AppData\Local\Temp\universal_mnist_cluster_kt2o4co_\brace-main\videos_info.csv,9,0,0.6128805895252726
C:\Users\User\AppData\Local\Temp\universal_mnist_cluster_kt2o4co_\brace-main\videos_info.csv,10,0,0.5226236301479564
C:\Users\User\AppData\Local\Temp\universal_mnist_cluster_kt2o4co_\brace-main\videos_info.csv,11,0,0.5557266803856812
C:\Users\User\AppData\Local\Temp\universal_mnist_cluster_kt2o4co_\brace-main\videos_info.csv,12,1,0.5457738891002115
C:\Users\User\AppData\Local\Temp\universal_mnist_cluster_kt2o4co_\brace-main\videos_info.csv,13,2,0.5407096563044957
C:\Users\User\AppData\Local\Temp\universal_mnist_cluster_kt2o4co_\brace-main\videos_info.csv,14,0,0.5449481894022652
C:\Users\User\AppData\Local\Temp\universal_mnist_cluster_kt2o4co_\brace-main\videos_info.csv,15,0,0.5391889569489563
C:\Users\User\AppData\Local\Temp\universal_mnist_cluster_kt2o4co_\brace-main\videos_info.csv,16,3,0.5673553818250366
C:\Users\User\AppData\Local\Temp\universal_mnist_cluster_kt2o4co_\brace-main\videos_info.csv,17,0,0.49542916823449556
C:\Users\User\AppData\Local\Temp\universal_mnist_cluster_kt2o4co_\brace-main\videos_info.csv,18,0,0.5036501047735699
C:\Users\User\AppData\Local\Temp\universal_mnist_cluster_kt2o4co_\brace-main\videos_info.csv,19,0,0.49870153208393836
C:\Users\User\AppData\Local\Temp\universal_mnist_cluster_kt2o4co_\brace-main\videos_info.csv,20,0,0.49475922042361353
C:\Users\User\AppData\Local\Temp\universal_mnist_cluster_kt2o4co_\brace-main\videos_info.csv,21,6,0.5559838016365227
C:\Users\User\AppData\Local\Temp\universal_mnist_cluster_kt2o4co_\brace-main\videos_info.csv,22,1,0.5686308299767999
C:\Users\User\AppData\Local\Temp\universal_mnist_cluster_kt2o4co_\brace-main\videos_info.csv,23,2,0.5983860526773347
C:\Users\User\AppData\Local\Temp\universal_mnist_cluster_kt2o4co_\brace-main\videos_info.csv,24,0,0.5906167594531644
C:\Users\User\AppData\Local\Temp\universal_mnist_cluster_kt2o4co_\brace-main\videos_info.csv,25,3,0.5516689035190878
C:\Users\User\AppData\Local\Temp\universal_mnist_cluster_kt2o4co_\brace-main\videos_info.csv,26,6,0.5498103060640516
C:\Users\User\AppData\Local\Temp\universal_mnist_cluster_kt2o4co_\brace-main\videos_info.csv,27,5,0.5580246439320454
C:\Users\User\AppData\Local\Temp\universal_mnist_cluster_kt2o4co_\brace-main\videos_info.csv,28,0,0.5461447536595121
C:\Users\User\AppData\Local\Temp\universal_mnist_cluster_kt2o4co_\brace-main\videos_info.csv,29,0,0.5468634876900541
C:\Users\User\AppData\Local\Temp\universal_mnist_cluster_kt2o4co_\brace-main\videos_info.csv,30,2,0.5396009168334122
C:\Users\User\AppData\Local\Temp\universal_mnist_cluster_kt2o4co_\brace-main\videos_info.csv,31,0,0.5461447536595121
C:\Users\User\AppData\Local\Temp\universal_mnist_cluster_kt2o4co_\brace-main\videos_info.csv,32,0,0.527204401715128
C:\Users\User\AppData\Local\Temp\universal_mnist_cluster_kt2o4co_\brace-main\videos_info.csv,33,2,0.539113495982378
C:\Users\User\AppData\Local\Temp\universal_mnist_cluster_kt2o4co_\brace-main\videos_info.csv,34,5,0.5446704860239447
C:\Users\User\AppData\Local\Temp\universal_mnist_cluster_kt2o4co_\brace-main\videos_info.csv,35,6,0.5432943710090324
C:\Users\User\AppData\Local\Temp\universal_mnist_cluster_kt2o4co_\brace-main\videos_info.csv,36,5,0.5562929164068136
C:\Users\User\AppData\Local\Temp\universal_mnist_cluster_kt2o4co_\brace-main\videos_info.csv,37,2,0.6006075042992175
C:\Users\User\AppData\Local\Temp\universal_mnist_cluster_kt2o4co_\brace-main\videos_info.csv,38,7,0.6109370772890377
C:\Users\User\AppData\Local\Temp\universal_mnist_cluster_kt2o4co_\brace-main\videos_info.csv,39,0,0.572388203451656
C:\Users\User\AppData\Local\Temp\universal_mnist_cluster_kt2o4co_\brace-main\videos_info.csv,40,5,0.5217512186219312
C:\Users\User\AppData\Local\Temp\universal_mnist_cluster_kt2o4co_\brace-main\videos_info.csv,41,0,0.49489657081426214
C:\Users\User\AppData\Local\Temp\universal_mnist_cluster_kt2o4co_\brace-main\videos_info.csv,42,7,0.5420741989762392
C:\Users\User\AppData\Local\Temp\universal_mnist_cluster_kt2o4co_\brace-main\videos_info.csv,43,0,0.4965237697086142
C:\Users\User\AppData\Local\Temp\universal_mnist_cluster_kt2o4co_\brace-main\videos_info.csv,44,0,0.5182798526473036
C:\Users\User\AppData\Local\Temp\universal_mnist_cluster_kt2o4co_\brace-main\videos_info.csv,45,7,0.5445929458052587
C:\Users\User\AppData\Local\Temp\universal_mnist_cluster_kt2o4co_\brace-main\videos_info.csv,46,7,0.5417075630358745
C:\Users\User\AppData\Local\Temp\universal_mnist_cluster_kt2o4co_\brace-main\videos_info.csv,47,6,0.5432322532698796
C:\Users\User\AppData\Local\Temp\universal_mnist_cluster_kt2o4co_\brace-main\videos_info.csv,48,0,0.5463141841322845
C:\Users\User\AppData\Local\Temp\universal_mnist_cluster_kt2o4co_\brace-main\videos_info.csv,49,0,0.4965237697086142
C:\Users\User\AppData\Local\Temp\universal_mnist_cluster_kt2o4co_\brace-main\videos_info.csv,50,3,0.5865966671292149
C:\Users\User\AppData\Local\Temp\universal_mnist_cluster_kt2o4co_\brace-main\videos_info.csv,51,2,0.5339463269753666
C:\Users\User\AppData\Local\Temp\universal_mnist_cluster_kt2o4co_\brace-main\videos_info.csv,52,5,0.5708281267737927
C:\Users\User\AppData\Local\Temp\universal_mnist_cluster_kt2o4co_\brace-main\videos_info.csv,53,5,0.5556622595406397
C:\Users\User\AppData\Local\Temp\universal_mnist_cluster_kt2o4co_\brace-main\videos_info.csv,54,0,0.5815587025992379
C:\Users\User\AppData\Local\Temp\universal_mnist_cluster_kt2o4co_\brace-main\videos_info.csv,55,2,0.5236099241735198
C:\Users\User\AppData\Local\Temp\universal_mnist_cluster_kt2o4co_\brace-main\videos_info.csv,56,0,0.5012530470577189
C:\Users\User\AppData\Local\Temp\universal_mnist_cluster_kt2o4co_\brace-main\videos_info.csv,57,2,0.5305210155743267
C:\Users\User\AppData\Local\Temp\universal_mnist_cluster_kt2o4co_\brace-main\videos_info.csv,58,5,0.5313826680500742
C:\Users\User\AppData\Local\Temp\universal_mnist_cluster_kt2o4co_\brace-main\videos_info.csv,59,7,0.546653590513791
C:\Users\User\AppData\Local\Temp\universal_mnist_cluster_kt2o4co_\brace-main\videos_info.csv,60,0,0.49689846655098235
C:\Users\User\AppData\Local\Temp\universal_mnist_cluster_kt2o4co_\brace-main\videos_info.csv,61,5,0.543298674708939
C:\Users\User\AppData\Local\Temp\universal_mnist_cluster_kt2o4co_\brace-main\videos_info.csv,62,5,0.5779772219731468
C:\Users\User\AppData\Local\Temp\universal_mnist_cluster_kt2o4co_\brace-main\videos_info.csv,63,1,0.5299535135424387
C:\Users\User\AppData\Local\Temp\universal_mnist_cluster_kt2o4co_\brace-main\videos_info.csv,64,3,0.5499704524620888
C:\Users\User\AppData\Local\Temp\universal_mnist_cluster_kt2o4co_\brace-main\videos_info.csv,65,6,0.5444969537203248
C:\Users\User\AppData\Local\Temp\universal_mnist_cluster_kt2o4co_\brace-main\videos_info.csv,66,2,0.5387348274589799
C:\Users\User\AppData\Local\Temp\universal_mnist_cluster_kt2o4co_\brace-main\videos_info.csv,67,2,0.644700231503719
C:\Users\User\AppData\Local\Temp\universal_mnist_cluster_kt2o4co_\brace-main\videos_info.csv,68,2,0.6152379252903049
C:\Users\User\AppData\Local\Temp\universal_mnist_cluster_kt2o4co_\brace-main\videos_info.csv,69,0,0.5572187665728681
C:\Users\User\AppData\Local\Temp\universal_mnist_cluster_kt2o4co_\brace-main\videos_info.csv,70,3,0.5604053625675907
C:\Users\User\AppData\Local\Temp\universal_mnist_cluster_kt2o4co_\brace-main\videos_info.csv,71,0,0.5496195519008502
C:\Users\User\AppData\Local\Temp\universal_mnist_cluster_kt2o4co_\brace-main\videos_info.csv,72,6,0.5707909653673525
C:\Users\User\AppData\Local\Temp\universal_mnist_cluster_kt2o4co_\brace-main\videos_info.csv,73,2,0.5393075669138587
C:\Users\User\AppData\Local\Temp\universal_mnist_cluster_kt2o4co_\brace-main\videos_info.csv,74,6,0.556381917630697
C:\Users\User\AppData\Local\Temp\universal_mnist_cluster_kt2o4co_\brace-main\videos_info.csv,75,2,0.5457389951971692
C:\Users\User\AppData\Local\Temp\universal_mnist_cluster_kt2o4co_\brace-main\videos_info.csv,76,2,0.5330998974558206
C:\Users\User\AppData\Local\Temp\universal_mnist_cluster_kt2o4co_\brace-main\videos_info.csv,77,0,0.5455674847658368
C:\Users\User\AppData\Local\Temp\universal_mnist_cluster_kt2o4co_\brace-main\videos_info.csv,78,3,0.5604053625675907
C:\Users\User\AppData\Local\Temp\universal_mnist_cluster_kt2o4co_\brace-main\videos_info.csv,79,5,0.5438268886512044
C:\Users\User\AppData\Local\Temp\universal_mnist_cluster_kt2o4co_\brace-main\videos_info.csv,80,3,0.5638282367983551
C:\Users\User\AppData\Local\Temp\universal_mnist_cluster_kt2o4co_\brace-main\annotations\audio_beats.json,0,0,0.5738856277223044
C:\Users\User\AppData\Local\Temp\universal_mnist_cluster_kt2o4co_\brace-main\annotations\audio_beats.json,1,0,0.5621378385717694
C:\Users\User\AppData\Local\Temp\universal_mnist_cluster_kt2o4co_\brace-main\annotations\audio_beats.json,2,0,0.5624297162302958
C:\Users\User\AppData\Local\Temp\universal_mnist_cluster_kt2o4co_\brace-main\annotations\audio_beats.json,3,0,0.5671876470389432
C:\Users\User\AppData\Local\Temp\universal_mnist_cluster_kt2o4co_\brace-main\annotations\segments.csv,0,5,0.6651017322087583
C:\Users\User\AppData\Local\Temp\universal_mnist_cluster_kt2o4co_\brace-main\annotations\segments.csv,1,5,0.6644919322468413
C:\Users\User\AppData\Local\Temp\universal_mnist_cluster_kt2o4co_\brace-main\annotations\segments.csv,2,5,0.43422362814675886
C:\Users\User\AppData\Local\Temp\universal_mnist_cluster_kt2o4co_\brace-main\annotations\segments.csv,3,5,0.4403463199960123
C:\Users\User\AppData\Local\Temp\universal_mnist_cluster_kt2o4co_\brace-main\annotations\segments.csv,4,5,0.4404949482385465
C:\Users\User\AppData\Local\Temp\universal_mnist_cluster_kt2o4co_\brace-main\annotations\segments.csv,5,5,0.41935160176468994
C:\Users\User\AppData\Local\Temp\universal_mnist_cluster_kt2o4co_\brace-main\annotations\segments.csv,6,5,0.41262950188219905
C:\Users\User\AppData\Local\Temp\universal_mnist_cluster_kt2o4co_\brace-main\annotations\segments.csv,7,5,0.41717266329491726
C:\Users\User\AppData\Local\Temp\universal_mnist_cluster_kt2o4co_\brace-main\annotations\segments.csv,8,5,0.41235716941652284
C:\Users\User\AppData\Local\Temp\universal_mnist_cluster_kt2o4co_\brace-main\annotations\segments.csv,9,5,0.40782484820796944
C:\Users\User\AppData\Local\Temp\universal_mnist_cluster_kt2o4co_\brace-main\annotations\segments.csv,10,5,0.41701250978941884
C:\Users\User\AppData\Local\Temp\universal_mnist_cluster_kt2o4co_\brace-main\annotations\segments.csv,11,5,0.4189262389974985
C:\Users\User\AppData\Local\Temp\universal_mnist_cluster_kt2o4co_\brace-main\annotations\segments.csv,12,5,0.41418004009565623
C:\Users\User\AppData\Local\Temp\universal_mnist_cluster_kt2o4co_\brace-main\annotations\segments.csv,13,5,0.4108778841956807
C:\Users\User\AppData\Local\Temp\universal_mnist_cluster_kt2o4co_\brace-main\annotations\segments.csv,14,5,0.47364583928223036
C:\Users\User\AppData\Local\Temp\universal_mnist_cluster_kt2o4co_\brace-main\annotations\segments.csv,15,5,0.44685942369157267
C:\Users\User\AppData\Local\Temp\universal_mnist_cluster_kt2o4co_\brace-main\annotations\segments.csv,16,5,0.4522390232792861
C:\Users\User\AppData\Local\Temp\universal_mnist_cluster_kt2o4co_\brace-main\annotations\segments.csv,17,5,0.4523222726936283
C:\Users\User\AppData\Local\Temp\universal_mnist_cluster_kt2o4co_\brace-main\annotations\segments.csv,18,5,0.43031457797958983
C:\Users\User\AppData\Local\Temp\universal_mnist_cluster_kt2o4co_\brace-main\annotations\segments.csv,19,5,0.44089891778843093
C:\Users\User\AppData\Local\Temp\universal_mnist_cluster_kt2o4co_\brace-main\annotations\segments.csv,20,5,0.4277803277093014
C:\Users\User\AppData\Local\Temp\universal_mnist_cluster_kt2o4co_\brace-main\annotations\segments.csv,21,5,0.4198632465815548
C:\Users\User\AppData\Local\Temp\universal_mnist_cluster_kt2o4co_\brace-main\annotations\segments.csv,22,5,0.41404614474045937
C:\Users\User\AppData\Local\Temp\universal_mnist_cluster_kt2o4co_\brace-main\annotations\segments.csv,23,5,0.40664277366881657
C:\Users\User\AppData\Local\Temp\universal_mnist_cluster_kt2o4co_\brace-main\annotations\segments.csv,24,5,0.4131082484445345
C:\Users\User\AppData\Local\Temp\universal_mnist_cluster_kt2o4co_\brace-main\annotations\segments.csv,25,5,0.4178303891430712
C:\Users\User\AppData\Local\Temp\universal_mnist_cluster_kt2o4co_\brace-main\annotations\segments.csv,26,5,0.4154636050872889
C:\Users\User\AppData\Local\Temp\universal_mnist_cluster_kt2o4co_\brace-main\annotations\segments.csv,27,3,0.44097123489222156
C:\Users\User\AppData\Local\Temp\universal_mnist_cluster_kt2o4co_\brace-main\annotations\segments.csv,28,3,0.43169235926697347
C:\Users\User\AppData\Local\Temp\universal_mnist_cluster_kt2o4co_\brace-main\annotations\segments.csv,29,3,0.4205069255707872
C:\Users\User\AppData\Local\Temp\universal_mnist_cluster_kt2o4co_\brace-main\annotations\segments.csv,30,3,0.4244380382681493
C:\Users\User\AppData\Local\Temp\universal_mnist_cluster_kt2o4co_\brace-main\annotations\segments.csv,31,3,0.4156691607039931
C:\Users\User\AppData\Local\Temp\universal_mnist_cluster_kt2o4co_\brace-main\annotations\segments.csv,32,3,0.42062426009306175
C:\Users\User\AppData\Local\Temp\universal_mnist_cluster_kt2o4co_\brace-main\annotations\segments.csv,33,3,0.41212287325097446
C:\Users\User\AppData\Local\Temp\universal_mnist_cluster_kt2o4co_\brace-main\annotations\segments.csv,34,3,0.4089979049614555
C:\Users\User\AppData\Local\Temp\universal_mnist_cluster_kt2o4co_\brace-main\annotations\segments.csv,35,3,0.414124092397155
C:\Users\User\AppData\Local\Temp\universal_mnist_cluster_kt2o4co_\brace-main\annotations\segments.csv,36,3,0.41299352940900935
C:\Users\User\AppData\Local\Temp\universal_mnist_cluster_kt2o4co_\brace-main\annotations\segments.csv,37,3,0.41327416403393435
C:\Users\User\AppData\Local\Temp\universal_mnist_cluster_kt2o4co_\brace-main\annotations\segments.csv,38,3,0.41661320966492754
C:\Users\User\AppData\Local\Temp\universal_mnist_cluster_kt2o4co_\brace-main\annotations\segments.csv,39,3,0.4224235571376153
C:\Users\User\AppData\Local\Temp\universal_mnist_cluster_kt2o4co_\brace-main\annotations\segments.csv,40,3,0.4364724411447834
C:\Users\User\AppData\Local\Temp\universal_mnist_cluster_kt2o4co_\brace-main\annotations\segments.csv,41,3,0.44635483986782154
C:\Users\User\AppData\Local\Temp\universal_mnist_cluster_kt2o4co_\brace-main\annotations\segments.csv,42,5,0.5008536806871745
C:\Users\User\AppData\Local\Temp\universal_mnist_cluster_kt2o4co_\brace-main\annotations\segments.csv,43,5,0.48633272321776294
C:\Users\User\AppData\Local\Temp\universal_mnist_cluster_kt2o4co_\brace-main\annotations\segments.csv,44,5,0.48533856803676084
C:\Users\User\AppData\Local\Temp\universal_mnist_cluster_kt2o4co_\brace-main\annotations\segments.csv,45,5,0.46672134541064847
C:\Users\User\AppData\Local\Temp\universal_mnist_cluster_kt2o4co_\brace-main\annotations\segments.csv,46,5,0.44685942369157267
C:\Users\User\AppData\Local\Temp\universal_mnist_cluster_kt2o4co_\brace-main\annotations\segments.csv,47,5,0.46070821978449367
C:\Users\User\AppData\Local\Temp\universal_mnist_cluster_kt2o4co_\brace-main\annotations\segments.csv,48,5,0.43629918749735364
C:\Users\User\AppData\Local\Temp\universal_mnist_cluster_kt2o4co_\brace-main\annotations\segments.csv,49,5,0.42984281792040246
C:\Users\User\AppData\Local\Temp\universal_mnist_cluster_kt2o4co_\brace-main\annotations\segments.csv,50,5,0.4283898949291346
C:\Users\User\AppData\Local\Temp\universal_mnist_cluster_kt2o4co_\brace-main\annotations\segments.csv,51,5,0.42749099528393336
C:\Users\User\AppData\Local\Temp\universal_mnist_cluster_kt2o4co_\brace-main\annotations\segments.csv,52,5,0.4156325225454852
C:\Users\User\AppData\Local\Temp\universal_mnist_cluster_kt2o4co_\brace-main\annotations\segments.csv,53,5,0.40968259286366915
C:\Users\User\AppData\Local\Temp\universal_mnist_cluster_kt2o4co_\brace-main\annotations\segments.csv,54,5,0.41299262239896584
C:\Users\User\AppData\Local\Temp\universal_mnist_cluster_kt2o4co_\brace-main\annotations\segments.csv,55,5,0.4072803004643891
C:\Users\User\AppData\Local\Temp\universal_mnist_cluster_kt2o4co_\brace-main\annotations\segments.csv,56,5,0.4105972167023212
C:\Users\User\AppData\Local\Temp\universal_mnist_cluster_kt2o4co_\brace-main\annotations\segments.csv,57,5,0.4047801692104496
C:\Users\User\AppData\Local\Temp\universal_mnist_cluster_kt2o4co_\brace-main\annotations\segments.csv,58,5,0.4100763353176514
C:\Users\User\AppData\Local\Temp\universal_mnist_cluster_kt2o4co_\brace-main\annotations\segments.csv,59,4,0.45708751043483475
C:\Users\User\AppData\Local\Temp\universal_mnist_cluster_kt2o4co_\brace-main\annotations\segments.csv,60,4,0.43340180833624603
C:\Users\User\AppData\Local\Temp\universal_mnist_cluster_kt2o4co_\brace-main\annotations\segments.csv,61,4,0.4137753590878611
C:\Users\User\AppData\Local\Temp\universal_mnist_cluster_kt2o4co_\brace-main\annotations\segments.csv,62,4,0.4204599923587682
C:\Users\User\AppData\Local\Temp\universal_mnist_cluster_kt2o4co_\brace-main\annotations\segments.csv,63,4,0.3996805901567076
C:\Users\User\AppData\Local\Temp\universal_mnist_cluster_kt2o4co_\brace-main\annotations\segments.csv,64,4,0.3987784235654062
C:\Users\User\AppData\Local\Temp\universal_mnist_cluster_kt2o4co_\brace-main\annotations\segments.csv,65,4,0.39506959378626044
C:\Users\User\AppData\Local\Temp\universal_mnist_cluster_kt2o4co_\brace-main\annotations\segments.csv,66,4,0.400976570021157
C:\Users\User\AppData\Local\Temp\universal_mnist_cluster_kt2o4co_\brace-main\annotations\segments.csv,67,4,0.4001226575906886
C:\Users\User\AppData\Local\Temp\universal_mnist_cluster_kt2o4co_\brace-main\annotations\segments.csv,68,4,0.40938612474890695
C:\Users\User\AppData\Local\Temp\universal_mnist_cluster_kt2o4co_\brace-main\annotations\segments.csv,69,1,0.48843759838227807
C:\Users\User\AppData\Local\Temp\universal_mnist_cluster_kt2o4co_\brace-main\annotations\segments.csv,70,1,0.461026553406235
C:\Users\User\AppData\Local\Temp\universal_mnist_cluster_kt2o4co_\brace-main\annotations\segments.csv,71,1,0.4807869829911685
C:\Users\User\AppData\Local\Temp\universal_mnist_cluster_kt2o4co_\brace-main\annotations\segments.csv,72,1,0.4427789432425646
C:\Users\User\AppData\Local\Temp\universal_mnist_cluster_kt2o4co_\brace-main\annotations\segments.csv,73,1,0.45409251848161336
C:\Users\User\AppData\Local\Temp\universal_mnist_cluster_kt2o4co_\brace-main\annotations\segments.csv,74,1,0.45808249690536135
C:\Users\User\AppData\Local\Temp\universal_mnist_cluster_kt2o4co_\brace-main\annotations\segments.csv,75,1,0.4219030937564535
C:\Users\User\AppData\Local\Temp\universal_mnist_cluster_kt2o4co_\brace-main\annotations\segments.csv,76,1,0.4165176250007898
C:\Users\User\AppData\Local\Temp\universal_mnist_cluster_kt2o4co_\brace-main\annotations\segments.csv,77,1,0.40415919493265057
C:\Users\User\AppData\Local\Temp\universal_mnist_cluster_kt2o4co_\brace-main\annotations\segments.csv,78,1,0.39818480228134606
C:\Users\User\AppData\Local\Temp\universal_mnist_cluster_kt2o4co_\brace-main\annotations\segments.csv,79,1,0.3954900628145653
C:\Users\User\AppData\Local\Temp\universal_mnist_cluster_kt2o4co_\brace-main\annotations\segments.csv,80,1,0.4032643327600912
C:\Users\User\AppData\Local\Temp\universal_mnist_cluster_kt2o4co_\brace-main\annotations\segments.csv,81,1,0.394174856067067
C:\Users\User\AppData\Local\Temp\universal_mnist_cluster_kt2o4co_\brace-main\annotations\segments.csv,82,1,0.39351900008519763
C:\Users\User\AppData\Local\Temp\universal_mnist_cluster_kt2o4co_\brace-main\annotations\segments.csv,83,1,0.40015682957987464
C:\Users\User\AppData\Local\Temp\universal_mnist_cluster_kt2o4co_\brace-main\annotations\segments.csv,84,1,0.3980910846910555
C:\Users\User\AppData\Local\Temp\universal_mnist_cluster_kt2o4co_\brace-main\annotations\segments.csv,85,1,0.4009659728561284
C:\Users\User\AppData\Local\Temp\universal_mnist_cluster_kt2o4co_\brace-main\annotations\segments.csv,86,1,0.40049356510474377
C:\Users\User\AppData\Local\Temp\universal_mnist_cluster_kt2o4co_\brace-main\annotations\segments.csv,87,1,0.4101890731869829
C:\Users\User\AppData\Local\Temp\universal_mnist_cluster_kt2o4co_\brace-main\annotations\segments.csv,88,1,0.42972669674791325
C:\Users\User\AppData\Local\Temp\universal_mnist_cluster_kt2o4co_\brace-main\annotations\segments.csv,89,1,0.43163058976190555
C:\Users\User\AppData\Local\Temp\universal_mnist_cluster_kt2o4co_\brace-main\annotations\segments.csv,90,1,0.44404173870622937
C:\Users\User\AppData\Local\Temp\universal_mnist_cluster_kt2o4co_\brace-main\annotations\segments.csv,91,1,0.4449916244802274
C:\Users\User\AppData\Local\Temp\universal_mnist_cluster_kt2o4co_\brace-main\annotations\segments.csv,92,1,0.416520657238776
C:\Users\User\AppData\Local\Temp\universal_mnist_cluster_kt2o4co_\brace-main\annotations\segments.csv,93,1,0.40742006066257574
C:\Users\User\AppData\Local\Temp\universal_mnist_cluster_kt2o4co_\brace-main\annotations\segments.csv,94,1,0.3973135241174195
C:\Users\User\AppData\Local\Temp\universal_mnist_cluster_kt2o4co_\brace-main\annotations\segments.csv,95,1,0.4053890437118598
C:\Users\User\AppData\Local\Temp\universal_mnist_cluster_kt2o4co_\brace-main\annotations\segments.csv,96,1,0.41212398429107955
C:\Users\User\AppData\Local\Temp\universal_mnist_cluster_kt2o4co_\brace-main\annotations\segments.csv,97,1,0.4022191976627866
C:\Users\User\AppData\Local\Temp\universal_mnist_cluster_kt2o4co_\brace-main\annotations\segments.csv,98,1,0.4043981264402479
C:\Users\User\AppData\Local\Temp\universal_mnist_cluster_kt2o4co_\brace-main\annotations\segments.csv,99,1,0.42294943930835804
C:\Users\User\AppData\Local\Temp\universal_mnist_cluster_kt2o4co_\brace-main\annotations\segments.csv,100,1,0.4346700320810085
C:\Users\User\AppData\Local\Temp\universal_mnist_cluster_kt2o4co_\brace-main\annotations\segments.csv,101,1,0.43378196861700874
C:\Users\User\AppData\Local\Temp\universal_mnist_cluster_kt2o4co_\brace-main\annotations\segments.csv,102,1,0.45525830550576685
C:\Users\User\AppData\Local\Temp\universal_mnist_cluster_kt2o4co_\brace-main\annotations\segments.csv,103,1,0.4475725940219037
C:\Users\User\AppData\Local\Temp\universal_mnist_cluster_kt2o4co_\brace-main\annotations\segments.csv,104,1,0.4588560122795383
C:\Users\User\AppData\Local\Temp\universal_mnist_cluster_kt2o4co_\brace-main\annotations\segments.csv,105,1,0.4583798904839091
C:\Users\User\AppData\Local\Temp\universal_mnist_cluster_kt2o4co_\brace-main\annotations\segments.csv,106,1,0.47538400796016683
C:\Users\User\AppData\Local\Temp\universal_mnist_cluster_kt2o4co_\brace-main\annotations\segments.csv,107,1,0.46139194122017624
C:\Users\User\AppData\Local\Temp\universal_mnist_cluster_kt2o4co_\brace-main\annotations\segments.csv,108,6,0.4144969339817793
C:\Users\User\AppData\Local\Temp\universal_mnist_cluster_kt2o4co_\brace-main\annotations\segments.csv,109,6,0.4086922782923699
C:\Users\User\AppData\Local\Temp\universal_mnist_cluster_kt2o4co_\brace-main\annotations\segments.csv,110,6,0.39320894433440395
C:\Users\User\AppData\Local\Temp\universal_mnist_cluster_kt2o4co_\brace-main\annotations\segments.csv,111,6,0.39702452554318174
C:\Users\User\AppData\Local\Temp\universal_mnist_cluster_kt2o4co_\brace-main\annotations\segments.csv,112,6,0.40400193497920284
C:\Users\User\AppData\Local\Temp\universal_mnist_cluster_kt2o4co_\brace-main\annotations\segments.csv,113,6,0.3984895276204668
C:\Users\User\AppData\Local\Temp\universal_mnist_cluster_kt2o4co_\brace-main\annotations\segments.csv,114,6,0.39929635327230245
C:\Users\User\AppData\Local\Temp\universal_mnist_cluster_kt2o4co_\brace-main\annotations\segments.csv,115,6,0.3981931523765045
C:\Users\User\AppData\Local\Temp\universal_mnist_cluster_kt2o4co_\brace-main\annotations\segments.csv,116,6,0.4042583929309897
C:\Users\User\AppData\Local\Temp\universal_mnist_cluster_kt2o4co_\brace-main\annotations\segments.csv,117,6,0.40439620833829
C:\Users\User\AppData\Local\Temp\universal_mnist_cluster_kt2o4co_\brace-main\annotations\segments.csv,118,6,0.420926901764175
C:\Users\User\AppData\Local\Temp\universal_mnist_cluster_kt2o4co_\brace-main\annotations\segments.csv,119,6,0.4151561931481218
C:\Users\User\AppData\Local\Temp\universal_mnist_cluster_kt2o4co_\brace-main\annotations\segments.csv,120,6,0.43748854750093913
C:\Users\User\AppData\Local\Temp\universal_mnist_cluster_kt2o4co_\brace-main\annotations\segments.csv,121,6,0.4407412630893074
C:\Users\User\AppData\Local\Temp\universal_mnist_cluster_kt2o4co_\brace-main\annotations\segments.csv,122,6,0.458511115957277
C:\Users\User\AppData\Local\Temp\universal_mnist_cluster_kt2o4co_\brace-main\annotations\segments.csv,123,6,0.43373396356133553
C:\Users\User\AppData\Local\Temp\universal_mnist_cluster_kt2o4co_\brace-main\annotations\segments.csv,124,6,0.4655597310564691
C:\Users\User\AppData\Local\Temp\universal_mnist_cluster_kt2o4co_\brace-main\annotations\segments.csv,125,6,0.45527175657296365
C:\Users\User\AppData\Local\Temp\universal_mnist_cluster_kt2o4co_\brace-main\annotations\segments.csv,126,6,0.48387433813803443
C:\Users\User\AppData\Local\Temp\universal_mnist_cluster_kt2o4co_\brace-main\annotations\segments.csv,127,6,0.47700910735729124
C:\Users\User\AppData\Local\Temp\universal_mnist_cluster_kt2o4co_\brace-main\annotations\segments.csv,128,1,0.5567480626094704
C:\Users\User\AppData\Local\Temp\universal_mnist_cluster_kt2o4co_\brace-main\annotations\segments.csv,129,1,0.5158473787322388
C:\Users\User\AppData\Local\Temp\universal_mnist_cluster_kt2o4co_\brace-main\annotations\segments.csv,130,1,0.4314935398991435
C:\Users\User\AppData\Local\Temp\universal_mnist_cluster_kt2o4co_\brace-main\annotations\segments.csv,131,1,0.42647478347201484
C:\Users\User\AppData\Local\Temp\universal_mnist_cluster_kt2o4co_\brace-main\annotations\segments.csv,132,1,0.4108384374831425
C:\Users\User\AppData\Local\Temp\universal_mnist_cluster_kt2o4co_\brace-main\annotations\segments.csv,133,1,0.4089163441867145
C:\Users\User\AppData\Local\Temp\universal_mnist_cluster_kt2o4co_\brace-main\annotations\segments.csv,134,1,0.39717698526512
C:\Users\User\AppData\Local\Temp\universal_mnist_cluster_kt2o4co_\brace-main\annotations\segments.csv,135,1,0.39563479222242925
C:\Users\User\AppData\Local\Temp\universal_mnist_cluster_kt2o4co_\brace-main\annotations\segments.csv,136,1,0.390758781271421
C:\Users\User\AppData\Local\Temp\universal_mnist_cluster_kt2o4co_\brace-main\annotations\segments.csv,137,1,0.39241334321016663
C:\Users\User\AppData\Local\Temp\universal_mnist_cluster_kt2o4co_\brace-main\annotations\segments.csv,138,1,0.3934302626841098
C:\Users\User\AppData\Local\Temp\universal_mnist_cluster_kt2o4co_\brace-main\annotations\segments.csv,139,1,0.3919284311806232
C:\Users\User\AppData\Local\Temp\universal_mnist_cluster_kt2o4co_\brace-main\annotations\segments.csv,140,1,0.39383003432436164
C:\Users\User\AppData\Local\Temp\universal_mnist_cluster_kt2o4co_\brace-main\annotations\segments.csv,141,1,0.3927409996390905
C:\Users\User\AppData\Local\Temp\universal_mnist_cluster_kt2o4co_\brace-main\annotations\segments.csv,142,1,0.3996618753253634
C:\Users\User\AppData\Local\Temp\universal_mnist_cluster_kt2o4co_\brace-main\annotations\segments.csv,143,1,0.40926305067992597
C:\Users\User\AppData\Local\Temp\universal_mnist_cluster_kt2o4co_\brace-main\annotations\segments.csv,144,1,0.41498450333497505
C:\Users\User\AppData\Local\Temp\universal_mnist_cluster_kt2o4co_\brace-main\annotations\segments.csv,145,4,0.43115312012699175
C:\Users\User\AppData\Local\Temp\universal_mnist_cluster_kt2o4co_\brace-main\annotations\segments.csv,146,4,0.39376845324385884
C:\Users\User\AppData\Local\Temp\universal_mnist_cluster_kt2o4co_\brace-main\annotations\segments.csv,147,4,0.393196786739295
C:\Users\User\AppData\Local\Temp\universal_mnist_cluster_kt2o4co_\brace-main\annotations\segments.csv,148,4,0.4081170380628556
C:\Users\User\AppData\Local\Temp\universal_mnist_cluster_kt2o4co_\brace-main\annotations\segments.csv,149,4,0.3783064748433389
C:\Users\User\AppData\Local\Temp\universal_mnist_cluster_kt2o4co_\brace-main\annotations\segments.csv,150,4,0.37796189190016466
C:\Users\User\AppData\Local\Temp\universal_mnist_cluster_kt2o4co_\brace-main\annotations\segments.csv,151,4,0.3681588627674978
C:\Users\User\AppData\Local\Temp\universal_mnist_cluster_kt2o4co_\brace-main\annotations\segments.csv,152,4,0.359788589133697
C:\Users\User\AppData\Local\Temp\universal_mnist_cluster_kt2o4co_\brace-main\annotations\segments.csv,153,4,0.3603199690204628
C:\Users\User\AppData\Local\Temp\universal_mnist_cluster_kt2o4co_\brace-main\annotations\segments.csv,154,4,0.3587566143907637
C:\Users\User\AppData\Local\Temp\universal_mnist_cluster_kt2o4co_\brace-main\annotations\segments.csv,155,4,0.36389225264006286
C:\Users\User\AppData\Local\Temp\universal_mnist_cluster_kt2o4co_\brace-main\annotations\segments.csv,156,4,0.36145583655771335
C:\Users\User\AppData\Local\Temp\universal_mnist_cluster_kt2o4co_\brace-main\annotations\segments.csv,157,4,0.3647068771126164
C:\Users\User\AppData\Local\Temp\universal_mnist_cluster_kt2o4co_\brace-main\annotations\segments.csv,158,4,0.36539656551132105
C:\Users\User\AppData\Local\Temp\universal_mnist_cluster_kt2o4co_\brace-main\annotations\segments.csv,159,4,0.37365837448785566
C:\Users\User\AppData\Local\Temp\universal_mnist_cluster_kt2o4co_\brace-main\annotations\segments.csv,160,4,0.3920714575974577
C:\Users\User\AppData\Local\Temp\universal_mnist_cluster_kt2o4co_\brace-main\annotations\segments.csv,161,4,0.3928184060702188
C:\Users\User\AppData\Local\Temp\universal_mnist_cluster_kt2o4co_\brace-main\annotations\segments.csv,162,4,0.41132490529699106
C:\Users\User\AppData\Local\Temp\universal_mnist_cluster_kt2o4co_\brace-main\annotations\segments.csv,163,4,0.41251191412159033
C:\Users\User\AppData\Local\Temp\universal_mnist_cluster_kt2o4co_\brace-main\annotations\segments.csv,164,3,0.4047831882411649
C:\Users\User\AppData\Local\Temp\universal_mnist_cluster_kt2o4co_\brace-main\annotations\segments.csv,165,3,0.389113612995497
C:\Users\User\AppData\Local\Temp\universal_mnist_cluster_kt2o4co_\brace-main\annotations\segments.csv,166,3,0.38091177271335747
C:\Users\User\AppData\Local\Temp\universal_mnist_cluster_kt2o4co_\brace-main\annotations\segments.csv,167,3,0.3813163462707488
C:\Users\User\AppData\Local\Temp\universal_mnist_cluster_kt2o4co_\brace-main\annotations\segments.csv,168,3,0.387438893214948
C:\Users\User\AppData\Local\Temp\universal_mnist_cluster_kt2o4co_\brace-main\annotations\segments.csv,169,3,0.3876897571043252
C:\Users\User\AppData\Local\Temp\universal_mnist_cluster_kt2o4co_\brace-main\annotations\segments.csv,170,3,0.39897721852088613
C:\Users\User\AppData\Local\Temp\universal_mnist_cluster_kt2o4co_\brace-main\annotations\segments.csv,171,4,0.4548267154202859
C:\Users\User\AppData\Local\Temp\universal_mnist_cluster_kt2o4co_\brace-main\annotations\segments.csv,172,4,0.43331838620889784
C:\Users\User\AppData\Local\Temp\universal_mnist_cluster_kt2o4co_\brace-main\annotations\segments.csv,173,4,0.39498725523199246
C:\Users\User\AppData\Local\Temp\universal_mnist_cluster_kt2o4co_\brace-main\annotations\segments.csv,174,4,0.39546886718433255
C:\Users\User\AppData\Local\Temp\universal_mnist_cluster_kt2o4co_\brace-main\annotations\segments.csv,175,4,0.3829625689566928
C:\Users\User\AppData\Local\Temp\universal_mnist_cluster_kt2o4co_\brace-main\annotations\segments.csv,176,4,0.3705302182392336
C:\Users\User\AppData\Local\Temp\universal_mnist_cluster_kt2o4co_\brace-main\annotations\segments.csv,177,4,0.3716857758336289
C:\Users\User\AppData\Local\Temp\universal_mnist_cluster_kt2o4co_\brace-main\annotations\segments.csv,178,4,0.36473967811747826
C:\Users\User\AppData\Local\Temp\universal_mnist_cluster_kt2o4co_\brace-main\annotations\segments.csv,179,4,0.3613613776892797
C:\Users\User\AppData\Local\Temp\universal_mnist_cluster_kt2o4co_\brace-main\annotations\segments.csv,180,4,0.3576582453164216
C:\Users\User\AppData\Local\Temp\universal_mnist_cluster_kt2o4co_\brace-main\annotations\segments.csv,181,4,0.35892398985387636
C:\Users\User\AppData\Local\Temp\universal_mnist_cluster_kt2o4co_\brace-main\annotations\segments.csv,182,4,0.3579228276171295
C:\Users\User\AppData\Local\Temp\universal_mnist_cluster_kt2o4co_\brace-main\annotations\segments.csv,183,4,0.3653293683983454
C:\Users\User\AppData\Local\Temp\universal_mnist_cluster_kt2o4co_\brace-main\annotations\segments.csv,184,4,0.3723188828828046
C:\Users\User\AppData\Local\Temp\universal_mnist_cluster_kt2o4co_\brace-main\annotations\segments.csv,185,4,0.37410976685494507
C:\Users\User\AppData\Local\Temp\universal_mnist_cluster_kt2o4co_\brace-main\annotations\segments.csv,186,4,0.3884678721770029
C:\Users\User\AppData\Local\Temp\universal_mnist_cluster_kt2o4co_\brace-main\annotations\segments.csv,187,0,0.3905685847541705
C:\Users\User\AppData\Local\Temp\universal_mnist_cluster_kt2o4co_\brace-main\annotations\segments.csv,188,0,0.3817083244410936
C:\Users\User\AppData\Local\Temp\universal_mnist_cluster_kt2o4co_\brace-main\annotations\segments.csv,189,0,0.383422920589206
C:\Users\User\AppData\Local\Temp\universal_mnist_cluster_kt2o4co_\brace-main\annotations\segments.csv,190,0,0.37033142691854515
C:\Users\User\AppData\Local\Temp\universal_mnist_cluster_kt2o4co_\brace-main\annotations\segments.csv,191,0,0.37469335815688515
C:\Users\User\AppData\Local\Temp\universal_mnist_cluster_kt2o4co_\brace-main\annotations\segments.csv,192,0,0.37353070140348466
C:\Users\User\AppData\Local\Temp\universal_mnist_cluster_kt2o4co_\brace-main\annotations\segments.csv,193,0,0.37392433203476805
C:\Users\User\AppData\Local\Temp\universal_mnist_cluster_kt2o4co_\brace-main\annotations\segments.csv,194,0,0.375117753787791
C:\Users\User\AppData\Local\Temp\universal_mnist_cluster_kt2o4co_\brace-main\annotations\segments.csv,195,0,0.3934873217138661
C:\Users\User\AppData\Local\Temp\universal_mnist_cluster_kt2o4co_\brace-main\annotations\segments.csv,196,0,0.41672529091978455
C:\Users\User\AppData\Local\Temp\universal_mnist_cluster_kt2o4co_\brace-main\annotations\segments.csv,197,0,0.43002925635933326
C:\Users\User\AppData\Local\Temp\universal_mnist_cluster_kt2o4co_\brace-main\annotations\segments.csv,198,0,0.4344386933973843
C:\Users\User\AppData\Local\Temp\universal_mnist_cluster_kt2o4co_\brace-main\annotations\segments.csv,199,0,0.44521582935778253
C:\Users\User\AppData\Local\Temp\universal_mnist_cluster_kt2o4co_\brace-main\annotations\segments.csv,200,0,0.4607962850599634
C:\Users\User\AppData\Local\Temp\universal_mnist_cluster_kt2o4co_\brace-main\annotations\segments.csv,201,0,0.46610439936744974
C:\Users\User\AppData\Local\Temp\universal_mnist_cluster_kt2o4co_\brace-main\annotations\segments.csv,202,0,0.49200715379737364
C:\Users\User\AppData\Local\Temp\universal_mnist_cluster_kt2o4co_\brace-main\annotations\segments.csv,203,0,0.489025757076962
C:\Users\User\AppData\Local\Temp\universal_mnist_cluster_kt2o4co_\brace-main\annotations\segments.csv,204,0,0.44851615259534894
C:\Users\User\AppData\Local\Temp\universal_mnist_cluster_kt2o4co_\brace-main\annotations\segments.csv,205,0,0.41752964846093477
C:\Users\User\AppData\Local\Temp\universal_mnist_cluster_kt2o4co_\brace-main\annotations\segments.csv,206,0,0.3983848504079036
C:\Users\User\AppData\Local\Temp\universal_mnist_cluster_kt2o4co_\brace-main\annotations\segments.csv,207,0,0.4078168550882925
C:\Users\User\AppData\Local\Temp\universal_mnist_cluster_kt2o4co_\brace-main\annotations\segments.csv,208,0,0.39797755175706456
C:\Users\User\AppData\Local\Temp\universal_mnist_cluster_kt2o4co_\brace-main\annotations\segments.csv,209,0,0.38903623087571
C:\Users\User\AppData\Local\Temp\universal_mnist_cluster_kt2o4co_\brace-main\annotations\segments.csv,210,0,0.3901244530792999
C:\Users\User\AppData\Local\Temp\universal_mnist_cluster_kt2o4co_\brace-main\annotations\segments.csv,211,0,0.3807376843203217
C:\Users\User\AppData\Local\Temp\universal_mnist_cluster_kt2o4co_\brace-main\annotations\segments.csv,212,0,0.37436325186575814
C:\Users\User\AppData\Local\Temp\universal_mnist_cluster_kt2o4co_\brace-main\annotations\segments.csv,213,0,0.37765319938880926
C:\Users\User\AppData\Local\Temp\universal_mnist_cluster_kt2o4co_\brace-main\annotations\segments.csv,214,0,0.37343312570012716
C:\Users\User\AppData\Local\Temp\universal_mnist_cluster_kt2o4co_\brace-main\annotations\segments.csv,215,0,0.37185677891967917
C:\Users\User\AppData\Local\Temp\universal_mnist_cluster_kt2o4co_\brace-main\annotations\segments.csv,216,0,0.37332988994721716
C:\Users\User\AppData\Local\Temp\universal_mnist_cluster_kt2o4co_\brace-main\annotations\segments.csv,217,0,0.3919296126231379
C:\Users\User\AppData\Local\Temp\universal_mnist_cluster_kt2o4co_\brace-main\annotations\segments.csv,218,0,0.39849501577663865
C:\Users\User\AppData\Local\Temp\universal_mnist_cluster_kt2o4co_\brace-main\annotations\segments.csv,219,0,0.40165533670694564
C:\Users\User\AppData\Local\Temp\universal_mnist_cluster_kt2o4co_\brace-main\annotations\segments.csv,220,0,0.41290989595472966
C:\Users\User\AppData\Local\Temp\universal_mnist_cluster_kt2o4co_\brace-main\annotations\segments.csv,221,0,0.4173155849318323
C:\Users\User\AppData\Local\Temp\universal_mnist_cluster_kt2o4co_\brace-main\annotations\segments.csv,222,0,0.45121758677297663
C:\Users\User\AppData\Local\Temp\universal_mnist_cluster_kt2o4co_\brace-main\annotations\segments.csv,223,0,0.4242000811161738
C:\Users\User\AppData\Local\Temp\universal_mnist_cluster_kt2o4co_\brace-main\annotations\segments.csv,224,0,0.41721129709683524
C:\Users\User\AppData\Local\Temp\universal_mnist_cluster_kt2o4co_\brace-main\annotations\segments.csv,225,0,0.41114527890635016
C:\Users\User\AppData\Local\Temp\universal_mnist_cluster_kt2o4co_\brace-main\annotations\segments.csv,226,0,0.4026004037832412
C:\Users\User\AppData\Local\Temp\universal_mnist_cluster_kt2o4co_\brace-main\annotations\segments.csv,227,0,0.40315491411921345
C:\Users\User\AppData\Local\Temp\universal_mnist_cluster_kt2o4co_\brace-main\annotations\segments.csv,228,0,0.4005892073266778
C:\Users\User\AppData\Local\Temp\universal_mnist_cluster_kt2o4co_\brace-main\annotations\segments.csv,229,0,0.3998288071607583
C:\Users\User\AppData\Local\Temp\universal_mnist_cluster_kt2o4co_\brace-main\annotations\segments.csv,230,0,0.3945528308256325
C:\Users\User\AppData\Local\Temp\universal_mnist_cluster_kt2o4co_\brace-main\annotations\segments.csv,231,0,0.4007672333137104
C:\Users\User\AppData\Local\Temp\universal_mnist_cluster_kt2o4co_\brace-main\annotations\segments.csv,232,0,0.41155339972955773
C:\Users\User\AppData\Local\Temp\universal_mnist_cluster_kt2o4co_\brace-main\annotations\segments.csv,233,0,0.42171890347744956
C:\Users\User\AppData\Local\Temp\universal_mnist_cluster_kt2o4co_\brace-main\annotations\segments.csv,234,0,0.42199767278166533
C:\Users\User\AppData\Local\Temp\universal_mnist_cluster_kt2o4co_\brace-main\annotations\segments.csv,235,0,0.43064225877290374
C:\Users\User\AppData\Local\Temp\universal_mnist_cluster_kt2o4co_\brace-main\annotations\segments.csv,236,0,0.476633266074879
C:\Users\User\AppData\Local\Temp\universal_mnist_cluster_kt2o4co_\brace-main\annotations\segments.csv,237,0,0.4259013485661853
C:\Users\User\AppData\Local\Temp\universal_mnist_cluster_kt2o4co_\brace-main\annotations\segments.csv,238,0,0.4354950772640772
C:\Users\User\AppData\Local\Temp\universal_mnist_cluster_kt2o4co_\brace-main\annotations\segments.csv,239,0,0.4270185671743507
C:\Users\User\AppData\Local\Temp\universal_mnist_cluster_kt2o4co_\brace-main\annotations\segments.csv,240,0,0.41777945348978873
C:\Users\User\AppData\Local\Temp\universal_mnist_cluster_kt2o4co_\brace-main\annotations\segments.csv,241,0,0.4159016579973866
C:\Users\User\AppData\Local\Temp\universal_mnist_cluster_kt2o4co_\brace-main\annotations\segments.csv,242,0,0.4101022071784647
C:\Users\User\AppData\Local\Temp\universal_mnist_cluster_kt2o4co_\brace-main\annotations\segments.csv,243,0,0.4161890207947392
C:\Users\User\AppData\Local\Temp\universal_mnist_cluster_kt2o4co_\brace-main\annotations\segments.csv,244,0,0.41623656624837996
C:\Users\User\AppData\Local\Temp\universal_mnist_cluster_kt2o4co_\brace-main\annotations\segments.csv,245,0,0.4120319479263166
C:\Users\User\AppData\Local\Temp\universal_mnist_cluster_kt2o4co_\brace-main\annotations\segments.csv,246,0,0.41698399297204486
C:\Users\User\AppData\Local\Temp\universal_mnist_cluster_kt2o4co_\brace-main\annotations\segments.csv,247,0,0.4286013384273148
C:\Users\User\AppData\Local\Temp\universal_mnist_cluster_kt2o4co_\brace-main\annotations\segments.csv,248,0,0.440856413942562
C:\Users\User\AppData\Local\Temp\universal_mnist_cluster_kt2o4co_\brace-main\annotations\segments.csv,249,0,0.47556774838933885
C:\Users\User\AppData\Local\Temp\universal_mnist_cluster_kt2o4co_\brace-main\annotations\segments.csv,250,0,0.4437840536696692
C:\Users\User\AppData\Local\Temp\universal_mnist_cluster_kt2o4co_\brace-main\annotations\segments.csv,251,0,0.43269720751040264
C:\Users\User\AppData\Local\Temp\universal_mnist_cluster_kt2o4co_\brace-main\annotations\segments.csv,252,0,0.41477261548494426
C:\Users\User\AppData\Local\Temp\universal_mnist_cluster_kt2o4co_\brace-main\annotations\segments.csv,253,0,0.40609300281677113
C:\Users\User\AppData\Local\Temp\universal_mnist_cluster_kt2o4co_\brace-main\annotations\segments.csv,254,0,0.40069132881447334
C:\Users\User\AppData\Local\Temp\universal_mnist_cluster_kt2o4co_\brace-main\annotations\segments.csv,255,0,0.38642728752905287
C:\Users\User\AppData\Local\Temp\universal_mnist_cluster_kt2o4co_\brace-main\annotations\segments.csv,256,0,0.38550100592864767
C:\Users\User\AppData\Local\Temp\universal_mnist_cluster_kt2o4co_\brace-main\annotations\segments.csv,257,0,0.38541642635468515
C:\Users\User\AppData\Local\Temp\universal_mnist_cluster_kt2o4co_\brace-main\annotations\segments.csv,258,0,0.3922129616527039
C:\Users\User\AppData\Local\Temp\universal_mnist_cluster_kt2o4co_\brace-main\annotations\segments.csv,259,0,0.40007166552577883
C:\Users\User\AppData\Local\Temp\universal_mnist_cluster_kt2o4co_\brace-main\annotations\segments.csv,260,0,0.41160288818956564
C:\Users\User\AppData\Local\Temp\universal_mnist_cluster_kt2o4co_\brace-main\annotations\segments.csv,261,0,0.4224094817361334
C:\Users\User\AppData\Local\Temp\universal_mnist_cluster_kt2o4co_\brace-main\annotations\segments.csv,262,4,0.3833204389838841
C:\Users\User\AppData\Local\Temp\universal_mnist_cluster_kt2o4co_\brace-main\annotations\segments.csv,263,4,0.3673977479167011
C:\Users\User\AppData\Local\Temp\universal_mnist_cluster_kt2o4co_\brace-main\annotations\segments.csv,264,4,0.3684890207864462
C:\Users\User\AppData\Local\Temp\universal_mnist_cluster_kt2o4co_\brace-main\annotations\segments.csv,265,4,0.35641575451685814
C:\Users\User\AppData\Local\Temp\universal_mnist_cluster_kt2o4co_\brace-main\annotations\segments.csv,266,4,0.36145583655771335
C:\Users\User\AppData\Local\Temp\universal_mnist_cluster_kt2o4co_\brace-main\annotations\segments.csv,267,4,0.3727502370409676
C:\Users\User\AppData\Local\Temp\universal_mnist_cluster_kt2o4co_\brace-main\annotations\segments.csv,268,4,0.3949461504850429
C:\Users\User\AppData\Local\Temp\universal_mnist_cluster_kt2o4co_\brace-main\annotations\segments.csv,269,4,0.3926257086811172
C:\Users\User\AppData\Local\Temp\universal_mnist_cluster_kt2o4co_\brace-main\annotations\segments.csv,270,4,0.4062801030308642
C:\Users\User\AppData\Local\Temp\universal_mnist_cluster_kt2o4co_\brace-main\annotations\segments.csv,271,4,0.4190550482603935
C:\Users\User\AppData\Local\Temp\universal_mnist_cluster_kt2o4co_\brace-main\annotations\segments.csv,272,4,0.4167992913473719
C:\Users\User\AppData\Local\Temp\universal_mnist_cluster_kt2o4co_\brace-main\annotations\segments.csv,273,4,0.42962399383823535
C:\Users\User\AppData\Local\Temp\universal_mnist_cluster_kt2o4co_\brace-main\annotations\segments.csv,274,4,0.43504137007581106
C:\Users\User\AppData\Local\Temp\universal_mnist_cluster_kt2o4co_\brace-main\annotations\segments.csv,275,0,0.42400537555640605
C:\Users\User\AppData\Local\Temp\universal_mnist_cluster_kt2o4co_\brace-main\annotations\segments.csv,276,0,0.40019720494250244
C:\Users\User\AppData\Local\Temp\universal_mnist_cluster_kt2o4co_\brace-main\annotations\segments.csv,277,0,0.38913349360764726
C:\Users\User\AppData\Local\Temp\universal_mnist_cluster_kt2o4co_\brace-main\annotations\segments.csv,278,0,0.3918863993535091
C:\Users\User\AppData\Local\Temp\universal_mnist_cluster_kt2o4co_\brace-main\annotations\segments.csv,279,0,0.3805005197968741
C:\Users\User\AppData\Local\Temp\universal_mnist_cluster_kt2o4co_\brace-main\annotations\segments.csv,280,0,0.3769388653347514
C:\Users\User\AppData\Local\Temp\universal_mnist_cluster_kt2o4co_\brace-main\annotations\segments.csv,281,0,0.37033142691854515
C:\Users\User\AppData\Local\Temp\universal_mnist_cluster_kt2o4co_\brace-main\annotations\segments.csv,282,0,0.3756510272384651
C:\Users\User\AppData\Local\Temp\universal_mnist_cluster_kt2o4co_\brace-main\annotations\segments.csv,283,0,0.3770592931085092
C:\Users\User\AppData\Local\Temp\universal_mnist_cluster_kt2o4co_\brace-main\annotations\segments.csv,284,2,0.3889960664144472
C:\Users\User\AppData\Local\Temp\universal_mnist_cluster_kt2o4co_\brace-main\annotations\segments.csv,285,2,0.3786056527779339
C:\Users\User\AppData\Local\Temp\universal_mnist_cluster_kt2o4co_\brace-main\annotations\segments.csv,286,2,0.37988193548305715
C:\Users\User\AppData\Local\Temp\universal_mnist_cluster_kt2o4co_\brace-main\annotations\segments.csv,287,2,0.37362454448672494
C:\Users\User\AppData\Local\Temp\universal_mnist_cluster_kt2o4co_\brace-main\annotations\segments.csv,288,2,0.37723818679298776
C:\Users\User\AppData\Local\Temp\universal_mnist_cluster_kt2o4co_\brace-main\annotations\segments.csv,289,2,0.37546684286116216
C:\Users\User\AppData\Local\Temp\universal_mnist_cluster_kt2o4co_\brace-main\annotations\segments.csv,290,2,0.3791314355836018
C:\Users\User\AppData\Local\Temp\universal_mnist_cluster_kt2o4co_\brace-main\annotations\segments.csv,291,2,0.38959278328250885
C:\Users\User\AppData\Local\Temp\universal_mnist_cluster_kt2o4co_\brace-main\annotations\segments.csv,292,2,0.39676864540892454
C:\Users\User\AppData\Local\Temp\universal_mnist_cluster_kt2o4co_\brace-main\annotations\segments.csv,293,2,0.3977203524408026
C:\Users\User\AppData\Local\Temp\universal_mnist_cluster_kt2o4co_\brace-main\annotations\segments.csv,294,2,0.4147212711577464
C:\Users\User\AppData\Local\Temp\universal_mnist_cluster_kt2o4co_\brace-main\annotations\segments.csv,295,2,0.4183452652722883
C:\Users\User\AppData\Local\Temp\universal_mnist_cluster_kt2o4co_\brace-main\annotations\segments.csv,296,2,0.4354404574045526
C:\Users\User\AppData\Local\Temp\universal_mnist_cluster_kt2o4co_\brace-main\annotations\segments.csv,297,2,0.44407503722475034
C:\Users\User\AppData\Local\Temp\universal_mnist_cluster_kt2o4co_\brace-main\annotations\segments.csv,298,1,0.3773944732974395
C:\Users\User\AppData\Local\Temp\universal_mnist_cluster_kt2o4co_\brace-main\annotations\segments.csv,299,1,0.3750072852331719
C:\Users\User\AppData\Local\Temp\universal_mnist_cluster_kt2o4co_\brace-main\annotations\segments.csv,300,1,0.373909187025558
C:\Users\User\AppData\Local\Temp\universal_mnist_cluster_kt2o4co_\brace-main\annotations\segments.csv,301,1,0.3653091002226072
C:\Users\User\AppData\Local\Temp\universal_mnist_cluster_kt2o4co_\brace-main\annotations\segments.csv,302,1,0.36939235269010856
C:\Users\User\AppData\Local\Temp\universal_mnist_cluster_kt2o4co_\brace-main\annotations\segments.csv,303,1,0.36764907408133396
C:\Users\User\AppData\Local\Temp\universal_mnist_cluster_kt2o4co_\brace-main\annotations\segments.csv,304,1,0.3712214889497547
C:\Users\User\AppData\Local\Temp\universal_mnist_cluster_kt2o4co_\brace-main\annotations\segments.csv,305,1,0.373135698600191
C:\Users\User\AppData\Local\Temp\universal_mnist_cluster_kt2o4co_\brace-main\annotations\segments.csv,306,1,0.3749095210325097
C:\Users\User\AppData\Local\Temp\universal_mnist_cluster_kt2o4co_\brace-main\annotations\segments.csv,307,1,0.3825474494935306
C:\Users\User\AppData\Local\Temp\universal_mnist_cluster_kt2o4co_\brace-main\annotations\segments.csv,308,1,0.3969742431419909
C:\Users\User\AppData\Local\Temp\universal_mnist_cluster_kt2o4co_\brace-main\annotations\segments.csv,309,1,0.42760416160701975
C:\Users\User\AppData\Local\Temp\universal_mnist_cluster_kt2o4co_\brace-main\annotations\segments.csv,310,1,0.4251484870733035
C:\Users\User\AppData\Local\Temp\universal_mnist_cluster_kt2o4co_\brace-main\annotations\segments.csv,311,1,0.45251288193511335
C:\Users\User\AppData\Local\Temp\universal_mnist_cluster_kt2o4co_\brace-main\annotations\segments.csv,312,1,0.4565119380322809
C:\Users\User\AppData\Local\Temp\universal_mnist_cluster_kt2o4co_\brace-main\annotations\segments.csv,313,1,0.4604509488214103
C:\Users\User\AppData\Local\Temp\universal_mnist_cluster_kt2o4co_\brace-main\annotations\segments.csv,314,4,0.43115312012699175
C:\Users\User\AppData\Local\Temp\universal_mnist_cluster_kt2o4co_\brace-main\annotations\segments.csv,315,4,0.3918691738746127
C:\Users\User\AppData\Local\Temp\universal_mnist_cluster_kt2o4co_\brace-main\annotations\segments.csv,316,4,0.38647834258175784
C:\Users\User\AppData\Local\Temp\universal_mnist_cluster_kt2o4co_\brace-main\annotations\segments.csv,317,4,0.36463370808198586
C:\Users\User\AppData\Local\Temp\universal_mnist_cluster_kt2o4co_\brace-main\annotations\segments.csv,318,4,0.3677871154109697
C:\Users\User\AppData\Local\Temp\universal_mnist_cluster_kt2o4co_\brace-main\annotations\segments.csv,319,4,0.35960293695266493
C:\Users\User\AppData\Local\Temp\universal_mnist_cluster_kt2o4co_\brace-main\annotations\segments.csv,320,4,0.35617906653481984
C:\Users\User\AppData\Local\Temp\universal_mnist_cluster_kt2o4co_\brace-main\annotations\segments.csv,321,4,0.3626546334709968
C:\Users\User\AppData\Local\Temp\universal_mnist_cluster_kt2o4co_\brace-main\annotations\segments.csv,322,4,0.3579613393289015
C:\Users\User\AppData\Local\Temp\universal_mnist_cluster_kt2o4co_\brace-main\annotations\segments.csv,323,4,0.36602025761617996
C:\Users\User\AppData\Local\Temp\universal_mnist_cluster_kt2o4co_\brace-main\annotations\segments.csv,324,4,0.378359229086168
C:\Users\User\AppData\Local\Temp\universal_mnist_cluster_kt2o4co_\brace-main\annotations\segments.csv,325,4,0.39103262140961065
C:\Users\User\AppData\Local\Temp\universal_mnist_cluster_kt2o4co_\brace-main\annotations\segments.csv,326,4,0.3955745762689083
C:\Users\User\AppData\Local\Temp\universal_mnist_cluster_kt2o4co_\brace-main\annotations\segments.csv,327,6,0.4502372766715972
C:\Users\User\AppData\Local\Temp\universal_mnist_cluster_kt2o4co_\brace-main\annotations\segments.csv,328,6,0.43120481013461365
C:\Users\User\AppData\Local\Temp\universal_mnist_cluster_kt2o4co_\brace-main\annotations\segments.csv,329,6,0.40380252314209253
C:\Users\User\AppData\Local\Temp\universal_mnist_cluster_kt2o4co_\brace-main\annotations\segments.csv,330,6,0.4054299973674355
C:\Users\User\AppData\Local\Temp\universal_mnist_cluster_kt2o4co_\brace-main\annotations\segments.csv,331,6,0.382240270049359
C:\Users\User\AppData\Local\Temp\universal_mnist_cluster_kt2o4co_\brace-main\annotations\segments.csv,332,6,0.38345737574285355
C:\Users\User\AppData\Local\Temp\universal_mnist_cluster_kt2o4co_\brace-main\annotations\segments.csv,333,6,0.3672937309202173
C:\Users\User\AppData\Local\Temp\universal_mnist_cluster_kt2o4co_\brace-main\annotations\segments.csv,334,6,0.36428139110877067
C:\Users\User\AppData\Local\Temp\universal_mnist_cluster_kt2o4co_\brace-main\annotations\segments.csv,335,6,0.3647708622688483
C:\Users\User\AppData\Local\Temp\universal_mnist_cluster_kt2o4co_\brace-main\annotations\segments.csv,336,6,0.36479731209483485
C:\Users\User\AppData\Local\Temp\universal_mnist_cluster_kt2o4co_\brace-main\annotations\segments.csv,337,6,0.378463472050283
C:\Users\User\AppData\Local\Temp\universal_mnist_cluster_kt2o4co_\brace-main\annotations\segments.csv,338,6,0.3709128778107819
C:\Users\User\AppData\Local\Temp\universal_mnist_cluster_kt2o4co_\brace-main\annotations\segments.csv,339,6,0.3892893568824173
C:\Users\User\AppData\Local\Temp\universal_mnist_cluster_kt2o4co_\brace-main\annotations\segments.csv,340,2,0.46500408136830357
C:\Users\User\AppData\Local\Temp\universal_mnist_cluster_kt2o4co_\brace-main\annotations\segments.csv,341,2,0.42006459270828317
C:\Users\User\AppData\Local\Temp\universal_mnist_cluster_kt2o4co_\brace-main\annotations\segments.csv,342,2,0.3757598055094583
C:\Users\User\AppData\Local\Temp\universal_mnist_cluster_kt2o4co_\brace-main\annotations\segments.csv,343,2,0.37417617258724895
C:\Users\User\AppData\Local\Temp\universal_mnist_cluster_kt2o4co_\brace-main\annotations\segments.csv,344,2,0.3640639823402981
C:\Users\User\AppData\Local\Temp\universal_mnist_cluster_kt2o4co_\brace-main\annotations\segments.csv,345,2,0.36637767546600003
C:\Users\User\AppData\Local\Temp\universal_mnist_cluster_kt2o4co_\brace-main\annotations\segments.csv,346,2,0.3688532601614685
C:\Users\User\AppData\Local\Temp\universal_mnist_cluster_kt2o4co_\brace-main\annotations\segments.csv,347,2,0.36628847276325366
C:\Users\User\AppData\Local\Temp\universal_mnist_cluster_kt2o4co_\brace-main\annotations\segments.csv,348,2,0.3695353194639094
C:\Users\User\AppData\Local\Temp\universal_mnist_cluster_kt2o4co_\brace-main\annotations\segments.csv,349,2,0.37160863283816153
C:\Users\User\AppData\Local\Temp\universal_mnist_cluster_kt2o4co_\brace-main\annotations\segments.csv,350,2,0.37629854854559636
C:\Users\User\AppData\Local\Temp\universal_mnist_cluster_kt2o4co_\brace-main\annotations\segments.csv,351,2,0.4351379460066148
C:\Users\User\AppData\Local\Temp\universal_mnist_cluster_kt2o4co_\brace-main\annotations\segments.csv,352,2,0.4019094944471625
C:\Users\User\AppData\Local\Temp\universal_mnist_cluster_kt2o4co_\brace-main\annotations\segments.csv,353,2,0.3978661825254446
C:\Users\User\AppData\Local\Temp\universal_mnist_cluster_kt2o4co_\brace-main\annotations\segments.csv,354,2,0.38665532707667905
C:\Users\User\AppData\Local\Temp\universal_mnist_cluster_kt2o4co_\brace-main\annotations\segments.csv,355,2,0.3896395608249105
C:\Users\User\AppData\Local\Temp\universal_mnist_cluster_kt2o4co_\brace-main\annotations\segments.csv,356,2,0.3771434690578528
C:\Users\User\AppData\Local\Temp\universal_mnist_cluster_kt2o4co_\brace-main\annotations\segments.csv,357,2,0.3772296521129038
C:\Users\User\AppData\Local\Temp\universal_mnist_cluster_kt2o4co_\brace-main\annotations\segments.csv,358,2,0.3686879337635833
C:\Users\User\AppData\Local\Temp\universal_mnist_cluster_kt2o4co_\brace-main\annotations\segments.csv,359,2,0.37159088328759043
C:\Users\User\AppData\Local\Temp\universal_mnist_cluster_kt2o4co_\brace-main\annotations\segments.csv,360,2,0.3753686326126982
C:\Users\User\AppData\Local\Temp\universal_mnist_cluster_kt2o4co_\brace-main\annotations\segments.csv,361,2,0.37338171247032803
C:\Users\User\AppData\Local\Temp\universal_mnist_cluster_kt2o4co_\brace-main\annotations\segments.csv,362,2,0.3765965119764599
C:\Users\User\AppData\Local\Temp\universal_mnist_cluster_kt2o4co_\brace-main\annotations\segments.csv,363,2,0.3818283214512497
C:\Users\User\AppData\Local\Temp\universal_mnist_cluster_kt2o4co_\brace-main\annotations\segments.csv,364,2,0.39730693191940997
C:\Users\User\AppData\Local\Temp\universal_mnist_cluster_kt2o4co_\brace-main\annotations\segments.csv,365,2,0.401145668893524
C:\Users\User\AppData\Local\Temp\universal_mnist_cluster_kt2o4co_\brace-main\annotations\segments.csv,366,2,0.4121690509518253
C:\Users\User\AppData\Local\Temp\universal_mnist_cluster_kt2o4co_\brace-main\annotations\segments.csv,367,0,0.41621905765677464
C:\Users\User\AppData\Local\Temp\universal_mnist_cluster_kt2o4co_\brace-main\annotations\segments.csv,368,0,0.3991166914048637
C:\Users\User\AppData\Local\Temp\universal_mnist_cluster_kt2o4co_\brace-main\annotations\segments.csv,369,0,0.40567295455803476
C:\Users\User\AppData\Local\Temp\universal_mnist_cluster_kt2o4co_\brace-main\annotations\segments.csv,370,0,0.39467732944223954
C:\Users\User\AppData\Local\Temp\universal_mnist_cluster_kt2o4co_\brace-main\annotations\segments.csv,371,0,0.4026635860022658
C:\Users\User\AppData\Local\Temp\universal_mnist_cluster_kt2o4co_\brace-main\annotations\segments.csv,372,0,0.39410986700256
C:\Users\User\AppData\Local\Temp\universal_mnist_cluster_kt2o4co_\brace-main\annotations\segments.csv,373,0,0.37953371385812873
C:\Users\User\AppData\Local\Temp\universal_mnist_cluster_kt2o4co_\brace-main\annotations\segments.csv,374,0,0.386169539844745
C:\Users\User\AppData\Local\Temp\universal_mnist_cluster_kt2o4co_\brace-main\annotations\segments.csv,375,0,0.38253771357530547
C:\Users\User\AppData\Local\Temp\universal_mnist_cluster_kt2o4co_\brace-main\annotations\segments.csv,376,0,0.377237338680598
C:\Users\User\AppData\Local\Temp\universal_mnist_cluster_kt2o4co_\brace-main\annotations\segments.csv,377,0,0.3770856760000763
C:\Users\User\AppData\Local\Temp\universal_mnist_cluster_kt2o4co_\brace-main\annotations\segments.csv,378,0,0.3787516348447688
C:\Users\User\AppData\Local\Temp\universal_mnist_cluster_kt2o4co_\brace-main\annotations\segments.csv,379,0,0.3729672882689656
C:\Users\User\AppData\Local\Temp\universal_mnist_cluster_kt2o4co_\brace-main\annotations\segments.csv,380,0,0.37501265703132747
C:\Users\User\AppData\Local\Temp\universal_mnist_cluster_kt2o4co_\brace-main\annotations\segments.csv,381,0,0.3765460527395646
C:\Users\User\AppData\Local\Temp\universal_mnist_cluster_kt2o4co_\brace-main\annotations\segments.csv,382,0,0.3871087738576775
C:\Users\User\AppData\Local\Temp\universal_mnist_cluster_kt2o4co_\brace-main\annotations\segments.csv,383,0,0.39597253857667913
C:\Users\User\AppData\Local\Temp\universal_mnist_cluster_kt2o4co_\brace-main\annotations\segments.csv,384,4,0.4591836163982374
C:\Users\User\AppData\Local\Temp\universal_mnist_cluster_kt2o4co_\brace-main\annotations\segments.csv,385,4,0.43802273672310493
C:\Users\User\AppData\Local\Temp\universal_mnist_cluster_kt2o4co_\brace-main\annotations\segments.csv,386,4,0.4297617775440526
C:\Users\User\AppData\Local\Temp\universal_mnist_cluster_kt2o4co_\brace-main\annotations\segments.csv,387,4,0.4170691665733193
C:\Users\User\AppData\Local\Temp\universal_mnist_cluster_kt2o4co_\brace-main\annotations\segments.csv,388,4,0.4038493879384232
C:\Users\User\AppData\Local\Temp\universal_mnist_cluster_kt2o4co_\brace-main\annotations\segments.csv,389,4,0.4031745459119893
C:\Users\User\AppData\Local\Temp\universal_mnist_cluster_kt2o4co_\brace-main\annotations\segments.csv,390,4,0.4043455921632754
C:\Users\User\AppData\Local\Temp\universal_mnist_cluster_kt2o4co_\brace-main\annotations\segments.csv,391,4,0.40111121593494
C:\Users\User\AppData\Local\Temp\universal_mnist_cluster_kt2o4co_\brace-main\annotations\segments.csv,392,4,0.40685480802528134
C:\Users\User\AppData\Local\Temp\universal_mnist_cluster_kt2o4co_\brace-main\annotations\segments.csv,393,4,0.41569654005263756
C:\Users\User\AppData\Local\Temp\universal_mnist_cluster_kt2o4co_\brace-main\annotations\segments.csv,394,4,0.42767098341245596
C:\Users\User\AppData\Local\Temp\universal_mnist_cluster_kt2o4co_\brace-main\annotations\segments.csv,395,4,0.4243809233551488
C:\Users\User\AppData\Local\Temp\universal_mnist_cluster_kt2o4co_\brace-main\annotations\segments.csv,396,4,0.42491850619393096
C:\Users\User\AppData\Local\Temp\universal_mnist_cluster_kt2o4co_\brace-main\annotations\segments.csv,397,4,0.42981602285623666
C:\Users\User\AppData\Local\Temp\universal_mnist_cluster_kt2o4co_\brace-main\annotations\segments.csv,398,4,0.4384448804559523
C:\Users\User\AppData\Local\Temp\universal_mnist_cluster_kt2o4co_\brace-main\annotations\segments.csv,399,4,0.454581420917947
C:\Users\User\AppData\Local\Temp\universal_mnist_cluster_kt2o4co_\brace-main\annotations\segments.csv,400,2,0.40727851332176757
C:\Users\User\AppData\Local\Temp\universal_mnist_cluster_kt2o4co_\brace-main\annotations\segments.csv,401,2,0.39479296404007025
C:\Users\User\AppData\Local\Temp\universal_mnist_cluster_kt2o4co_\brace-main\annotations\segments.csv,402,2,0.39603365836728777
C:\Users\User\AppData\Local\Temp\universal_mnist_cluster_kt2o4co_\brace-main\annotations\segments.csv,403,2,0.3850910708592743
C:\Users\User\AppData\Local\Temp\universal_mnist_cluster_kt2o4co_\brace-main\annotations\segments.csv,404,2,0.38046835012953645
C:\Users\User\AppData\Local\Temp\universal_mnist_cluster_kt2o4co_\brace-main\annotations\segments.csv,405,2,0.37380844291630916
C:\Users\User\AppData\Local\Temp\universal_mnist_cluster_kt2o4co_\brace-main\annotations\segments.csv,406,2,0.37542073771246054
C:\Users\User\AppData\Local\Temp\universal_mnist_cluster_kt2o4co_\brace-main\annotations\segments.csv,407,2,0.36972502649099037
C:\Users\User\AppData\Local\Temp\universal_mnist_cluster_kt2o4co_\brace-main\annotations\segments.csv,408,2,0.370608187205343
C:\Users\User\AppData\Local\Temp\universal_mnist_cluster_kt2o4co_\brace-main\annotations\segments.csv,409,2,0.37332076870246583
C:\Users\User\AppData\Local\Temp\universal_mnist_cluster_kt2o4co_\brace-main\annotations\segments.csv,410,2,0.3751299878733009
C:\Users\User\AppData\Local\Temp\universal_mnist_cluster_kt2o4co_\brace-main\annotations\segments.csv,411,2,0.3750818571821229
C:\Users\User\AppData\Local\Temp\universal_mnist_cluster_kt2o4co_\brace-main\annotations\segments.csv,412,2,0.3776709484454035
C:\Users\User\AppData\Local\Temp\universal_mnist_cluster_kt2o4co_\brace-main\annotations\segments.csv,413,2,0.37655968307446663
C:\Users\User\AppData\Local\Temp\universal_mnist_cluster_kt2o4co_\brace-main\annotations\segments.csv,414,3,0.3944758619098876
C:\Users\User\AppData\Local\Temp\universal_mnist_cluster_kt2o4co_\brace-main\annotations\segments.csv,415,3,0.38171505451351895
C:\Users\User\AppData\Local\Temp\universal_mnist_cluster_kt2o4co_\brace-main\annotations\segments.csv,416,3,0.37781408873094063
C:\Users\User\AppData\Local\Temp\universal_mnist_cluster_kt2o4co_\brace-main\annotations\segments.csv,417,3,0.38146885919927204
C:\Users\User\AppData\Local\Temp\universal_mnist_cluster_kt2o4co_\brace-main\annotations\segments.csv,418,3,0.3793685611044563
C:\Users\User\AppData\Local\Temp\universal_mnist_cluster_kt2o4co_\brace-main\annotations\segments.csv,419,3,0.37214405968054515
C:\Users\User\AppData\Local\Temp\universal_mnist_cluster_kt2o4co_\brace-main\annotations\segments.csv,420,3,0.3800111168159814
C:\Users\User\AppData\Local\Temp\universal_mnist_cluster_kt2o4co_\brace-main\annotations\segments.csv,421,3,0.37509460471332906
C:\Users\User\AppData\Local\Temp\universal_mnist_cluster_kt2o4co_\brace-main\annotations\segments.csv,422,3,0.3796627702948166
C:\Users\User\AppData\Local\Temp\universal_mnist_cluster_kt2o4co_\brace-main\annotations\segments.csv,423,3,0.3895141458296422
C:\Users\User\AppData\Local\Temp\universal_mnist_cluster_kt2o4co_\brace-main\annotations\segments.csv,424,3,0.3886759453750904
C:\Users\User\AppData\Local\Temp\universal_mnist_cluster_kt2o4co_\brace-main\annotations\segments.csv,425,3,0.39670017912319966
C:\Users\User\AppData\Local\Temp\universal_mnist_cluster_kt2o4co_\brace-main\annotations\segments.csv,426,3,0.39461166951085547
C:\Users\User\AppData\Local\Temp\universal_mnist_cluster_kt2o4co_\brace-main\annotations\segments.csv,427,3,0.396581636484103
C:\Users\User\AppData\Local\Temp\universal_mnist_cluster_kt2o4co_\brace-main\annotations\segments.csv,428,3,0.4039353572002041
C:\Users\User\AppData\Local\Temp\universal_mnist_cluster_kt2o4co_\brace-main\annotations\segments.csv,429,3,0.4645763302435108
C:\Users\User\AppData\Local\Temp\universal_mnist_cluster_kt2o4co_\brace-main\annotations\segments.csv,430,3,0.4390478534480666
C:\Users\User\AppData\Local\Temp\universal_mnist_cluster_kt2o4co_\brace-main\annotations\segments.csv,431,3,0.42902502800529513
C:\Users\User\AppData\Local\Temp\universal_mnist_cluster_kt2o4co_\brace-main\annotations\segments.csv,432,3,0.4300002856706426
C:\Users\User\AppData\Local\Temp\universal_mnist_cluster_kt2o4co_\brace-main\annotations\segments.csv,433,3,0.4110215052538177
C:\Users\User\AppData\Local\Temp\universal_mnist_cluster_kt2o4co_\brace-main\annotations\segments.csv,434,3,0.4043259131466364
C:\Users\User\AppData\Local\Temp\universal_mnist_cluster_kt2o4co_\brace-main\annotations\segments.csv,435,3,0.4055704666283448
C:\Users\User\AppData\Local\Temp\universal_mnist_cluster_kt2o4co_\brace-main\annotations\segments.csv,436,3,0.4004137091870492
C:\Users\User\AppData\Local\Temp\universal_mnist_cluster_kt2o4co_\brace-main\annotations\segments.csv,437,3,0.40412871403055595
C:\Users\User\AppData\Local\Temp\universal_mnist_cluster_kt2o4co_\brace-main\annotations\segments.csv,438,3,0.40417565092481533
C:\Users\User\AppData\Local\Temp\universal_mnist_cluster_kt2o4co_\brace-main\annotations\segments.csv,439,3,0.402419214439077
C:\Users\User\AppData\Local\Temp\universal_mnist_cluster_kt2o4co_\brace-main\annotations\segments.csv,440,3,0.4083791478954117
C:\Users\User\AppData\Local\Temp\universal_mnist_cluster_kt2o4co_\brace-main\annotations\segments.csv,441,6,0.4217236099086998
C:\Users\User\AppData\Local\Temp\universal_mnist_cluster_kt2o4co_\brace-main\annotations\segments.csv,442,6,0.3930953726644283
C:\Users\User\AppData\Local\Temp\universal_mnist_cluster_kt2o4co_\brace-main\annotations\segments.csv,443,6,0.3788892737084809
C:\Users\User\AppData\Local\Temp\universal_mnist_cluster_kt2o4co_\brace-main\annotations\segments.csv,444,6,0.38368763317441773
C:\Users\User\AppData\Local\Temp\universal_mnist_cluster_kt2o4co_\brace-main\annotations\segments.csv,445,6,0.37131808018626944
C:\Users\User\AppData\Local\Temp\universal_mnist_cluster_kt2o4co_\brace-main\annotations\segments.csv,446,6,0.36255026348960395
C:\Users\User\AppData\Local\Temp\universal_mnist_cluster_kt2o4co_\brace-main\annotations\segments.csv,447,6,0.36305123127727734
C:\Users\User\AppData\Local\Temp\universal_mnist_cluster_kt2o4co_\brace-main\annotations\segments.csv,448,6,0.36112921799758363
C:\Users\User\AppData\Local\Temp\universal_mnist_cluster_kt2o4co_\brace-main\annotations\segments.csv,449,6,0.3637045708793331
C:\Users\User\AppData\Local\Temp\universal_mnist_cluster_kt2o4co_\brace-main\annotations\segments.csv,450,6,0.36314909784612426
C:\Users\User\AppData\Local\Temp\universal_mnist_cluster_kt2o4co_\brace-main\annotations\segments.csv,451,6,0.36064895881072223
C:\Users\User\AppData\Local\Temp\universal_mnist_cluster_kt2o4co_\brace-main\annotations\segments.csv,452,6,0.3686096253656325
C:\Users\User\AppData\Local\Temp\universal_mnist_cluster_kt2o4co_\brace-main\annotations\segments.csv,453,6,0.3679733811376361
C:\Users\User\AppData\Local\Temp\universal_mnist_cluster_kt2o4co_\brace-main\annotations\segments.csv,454,6,0.3812594005228041
C:\Users\User\AppData\Local\Temp\universal_mnist_cluster_kt2o4co_\brace-main\annotations\segments.csv,455,6,0.392799539584287
C:\Users\User\AppData\Local\Temp\universal_mnist_cluster_kt2o4co_\brace-main\annotations\segments.csv,456,6,0.38722866293670477
C:\Users\User\AppData\Local\Temp\universal_mnist_cluster_kt2o4co_\brace-main\annotations\segments.csv,457,0,0.4026635860022658
C:\Users\User\AppData\Local\Temp\universal_mnist_cluster_kt2o4co_\brace-main\annotations\segments.csv,458,0,0.3846349217163118
C:\Users\User\AppData\Local\Temp\universal_mnist_cluster_kt2o4co_\brace-main\annotations\segments.csv,459,0,0.3883698432612625
C:\Users\User\AppData\Local\Temp\universal_mnist_cluster_kt2o4co_\brace-main\annotations\segments.csv,460,0,0.3800975564240314
C:\Users\User\AppData\Local\Temp\universal_mnist_cluster_kt2o4co_\brace-main\annotations\segments.csv,461,0,0.3820686292926986
C:\Users\User\AppData\Local\Temp\universal_mnist_cluster_kt2o4co_\brace-main\annotations\segments.csv,462,0,0.38280504956795053
C:\Users\User\AppData\Local\Temp\universal_mnist_cluster_kt2o4co_\brace-main\annotations\segments.csv,463,0,0.3768861480658981
C:\Users\User\AppData\Local\Temp\universal_mnist_cluster_kt2o4co_\brace-main\annotations\segments.csv,464,0,0.3729672882689656
C:\Users\User\AppData\Local\Temp\universal_mnist_cluster_kt2o4co_\brace-main\annotations\segments.csv,465,0,0.37753065720546036
C:\Users\User\AppData\Local\Temp\universal_mnist_cluster_kt2o4co_\brace-main\annotations\segments.csv,466,0,0.38206883222773047
C:\Users\User\AppData\Local\Temp\universal_mnist_cluster_kt2o4co_\brace-main\annotations\segments.csv,467,0,0.3902888514343062
C:\Users\User\AppData\Local\Temp\universal_mnist_cluster_kt2o4co_\brace-main\annotations\segments.csv,468,0,0.39597253857667913
C:\Users\User\AppData\Local\Temp\universal_mnist_cluster_kt2o4co_\brace-main\annotations\segments.csv,469,6,0.3906017385358189
C:\Users\User\AppData\Local\Temp\universal_mnist_cluster_kt2o4co_\brace-main\annotations\segments.csv,470,6,0.3680025279130983
C:\Users\User\AppData\Local\Temp\universal_mnist_cluster_kt2o4co_\brace-main\annotations\segments.csv,471,6,0.36588974714913236
C:\Users\User\AppData\Local\Temp\universal_mnist_cluster_kt2o4co_\brace-main\annotations\segments.csv,472,6,0.36144571482398796
C:\Users\User\AppData\Local\Temp\universal_mnist_cluster_kt2o4co_\brace-main\annotations\segments.csv,473,6,0.36082140613100394
C:\Users\User\AppData\Local\Temp\universal_mnist_cluster_kt2o4co_\brace-main\annotations\segments.csv,474,6,0.36143107308340316
C:\Users\User\AppData\Local\Temp\universal_mnist_cluster_kt2o4co_\brace-main\annotations\segments.csv,475,6,0.3614612489675062
C:\Users\User\AppData\Local\Temp\universal_mnist_cluster_kt2o4co_\brace-main\annotations\segments.csv,476,6,0.36469092249957635
C:\Users\User\AppData\Local\Temp\universal_mnist_cluster_kt2o4co_\brace-main\annotations\segments.csv,477,6,0.36748987974679564
C:\Users\User\AppData\Local\Temp\universal_mnist_cluster_kt2o4co_\brace-main\annotations\segments.csv,478,6,0.3679645640226622
C:\Users\User\AppData\Local\Temp\universal_mnist_cluster_kt2o4co_\brace-main\annotations\segments.csv,479,6,0.3667929698896486
C:\Users\User\AppData\Local\Temp\universal_mnist_cluster_kt2o4co_\brace-main\annotations\segments.csv,480,6,0.3709229824491548
C:\Users\User\AppData\Local\Temp\universal_mnist_cluster_kt2o4co_\brace-main\annotations\segments.csv,481,6,0.37791226403785627
C:\Users\User\AppData\Local\Temp\universal_mnist_cluster_kt2o4co_\brace-main\annotations\segments.csv,482,6,0.37915322231984255
C:\Users\User\AppData\Local\Temp\universal_mnist_cluster_kt2o4co_\brace-main\annotations\segments.csv,483,6,0.38753482891267915
C:\Users\User\AppData\Local\Temp\universal_mnist_cluster_kt2o4co_\brace-main\annotations\segments.csv,484,6,0.3961198956117694
C:\Users\User\AppData\Local\Temp\universal_mnist_cluster_kt2o4co_\brace-main\annotations\segments.csv,485,6,0.40072637573005204
C:\Users\User\AppData\Local\Temp\universal_mnist_cluster_kt2o4co_\brace-main\annotations\segments.csv,486,6,0.41089389077729993
C:\Users\User\AppData\Local\Temp\universal_mnist_cluster_kt2o4co_\brace-main\annotations\segments.csv,487,6,0.4306197402303143
C:\Users\User\AppData\Local\Temp\universal_mnist_cluster_kt2o4co_\brace-main\annotations\segments.csv,488,6,0.4182575619779683
C:\Users\User\AppData\Local\Temp\universal_mnist_cluster_kt2o4co_\brace-main\annotations\segments.csv,489,3,0.40574222940176347
C:\Users\User\AppData\Local\Temp\universal_mnist_cluster_kt2o4co_\brace-main\annotations\segments.csv,490,3,0.4023722711060792
C:\Users\User\AppData\Local\Temp\universal_mnist_cluster_kt2o4co_\brace-main\annotations\segments.csv,491,3,0.4011521196353541
C:\Users\User\AppData\Local\Temp\universal_mnist_cluster_kt2o4co_\brace-main\annotations\segments.csv,492,3,0.4052197450792386
C:\Users\User\AppData\Local\Temp\universal_mnist_cluster_kt2o4co_\brace-main\annotations\segments.csv,493,3,0.4036538271088508
C:\Users\User\AppData\Local\Temp\universal_mnist_cluster_kt2o4co_\brace-main\annotations\segments.csv,494,3,0.402914989286737
C:\Users\User\AppData\Local\Temp\universal_mnist_cluster_kt2o4co_\brace-main\annotations\segments.csv,495,3,0.4311727967029874
C:\Users\User\AppData\Local\Temp\universal_mnist_cluster_kt2o4co_\brace-main\annotations\segments.csv,496,3,0.43052565199041076
C:\Users\User\AppData\Local\Temp\universal_mnist_cluster_kt2o4co_\brace-main\annotations\segments.csv,497,3,0.4509566673047708
C:\Users\User\AppData\Local\Temp\universal_mnist_cluster_kt2o4co_\brace-main\annotations\segments.csv,498,3,0.43792675234755213
C:\Users\User\AppData\Local\Temp\universal_mnist_cluster_kt2o4co_\brace-main\annotations\segments.csv,499,3,0.46236179795776716
C:\Users\User\AppData\Local\Temp\universal_mnist_cluster_kt2o4co_\brace-main\annotations\segments.csv,500,3,0.46240900524578815
C:\Users\User\AppData\Local\Temp\universal_mnist_cluster_kt2o4co_\brace-main\annotations\segments.csv,501,3,0.4975507716989714
C:\Users\User\AppData\Local\Temp\universal_mnist_cluster_kt2o4co_\brace-main\annotations\segments.csv,502,3,0.5124331537645117
C:\Users\User\AppData\Local\Temp\universal_mnist_cluster_kt2o4co_\brace-main\annotations\segments.csv,503,3,0.5156670863819051
C:\Users\User\AppData\Local\Temp\universal_mnist_cluster_kt2o4co_\brace-main\annotations\segments.csv,504,0,0.3969431418529305
C:\Users\User\AppData\Local\Temp\universal_mnist_cluster_kt2o4co_\brace-main\annotations\segments.csv,505,0,0.38809755903561227
C:\Users\User\AppData\Local\Temp\universal_mnist_cluster_kt2o4co_\brace-main\annotations\segments.csv,506,0,0.3904900768941991
C:\Users\User\AppData\Local\Temp\universal_mnist_cluster_kt2o4co_\brace-main\annotations\segments.csv,507,0,0.3856435194235921
C:\Users\User\AppData\Local\Temp\universal_mnist_cluster_kt2o4co_\brace-main\annotations\segments.csv,508,0,0.3842526173142535
C:\Users\User\AppData\Local\Temp\universal_mnist_cluster_kt2o4co_\brace-main\annotations\segments.csv,509,0,0.38705096823681084
C:\Users\User\AppData\Local\Temp\universal_mnist_cluster_kt2o4co_\brace-main\annotations\segments.csv,510,0,0.38577193386877967
C:\Users\User\AppData\Local\Temp\universal_mnist_cluster_kt2o4co_\brace-main\annotations\segments.csv,511,0,0.3847764422380032
C:\Users\User\AppData\Local\Temp\universal_mnist_cluster_kt2o4co_\brace-main\annotations\segments.csv,512,0,0.389899281225958
C:\Users\User\AppData\Local\Temp\universal_mnist_cluster_kt2o4co_\brace-main\annotations\segments.csv,513,0,0.3934105682102349
C:\Users\User\AppData\Local\Temp\universal_mnist_cluster_kt2o4co_\brace-main\annotations\segments.csv,514,0,0.399691381281781
C:\Users\User\AppData\Local\Temp\universal_mnist_cluster_kt2o4co_\brace-main\annotations\segments.csv,515,0,0.4035338455700122
C:\Users\User\AppData\Local\Temp\universal_mnist_cluster_kt2o4co_\brace-main\annotations\segments.csv,516,0,0.4168826822254388
C:\Users\User\AppData\Local\Temp\universal_mnist_cluster_kt2o4co_\brace-main\annotations\segments.csv,517,0,0.413381417590916
C:\Users\User\AppData\Local\Temp\universal_mnist_cluster_kt2o4co_\brace-main\annotations\segments.csv,518,0,0.4371423780604549
C:\Users\User\AppData\Local\Temp\universal_mnist_cluster_kt2o4co_\brace-main\annotations\segments.csv,519,0,0.43953145800064114
C:\Users\User\AppData\Local\Temp\universal_mnist_cluster_kt2o4co_\brace-main\annotations\segments.csv,520,0,0.4533548208318101
C:\Users\User\AppData\Local\Temp\universal_mnist_cluster_kt2o4co_\brace-main\annotations\segments.csv,521,0,0.4651510899643609
C:\Users\User\AppData\Local\Temp\universal_mnist_cluster_kt2o4co_\brace-main\annotations\segments.csv,522,0,0.4760216459901583
C:\Users\User\AppData\Local\Temp\universal_mnist_cluster_kt2o4co_\brace-main\annotations\segments.csv,523,5,0.4930072466197793
C:\Users\User\AppData\Local\Temp\universal_mnist_cluster_kt2o4co_\brace-main\annotations\segments.csv,524,5,0.49158426675429556
C:\Users\User\AppData\Local\Temp\universal_mnist_cluster_kt2o4co_\brace-main\annotations\segments.csv,525,5,0.4866743032443625
C:\Users\User\AppData\Local\Temp\universal_mnist_cluster_kt2o4co_\brace-main\annotations\segments.csv,526,5,0.500126743548352
C:\Users\User\AppData\Local\Temp\universal_mnist_cluster_kt2o4co_\brace-main\annotations\segments.csv,527,5,0.509116079636192
C:\Users\User\AppData\Local\Temp\universal_mnist_cluster_kt2o4co_\brace-main\annotations\segments.csv,528,5,0.518358532745017
C:\Users\User\AppData\Local\Temp\universal_mnist_cluster_kt2o4co_\brace-main\annotations\segments.csv,529,5,0.5183161630864772
C:\Users\User\AppData\Local\Temp\universal_mnist_cluster_kt2o4co_\brace-main\annotations\segments.csv,530,5,0.5370509686709054
C:\Users\User\AppData\Local\Temp\universal_mnist_cluster_kt2o4co_\brace-main\annotations\segments.csv,531,5,0.5319290294987338
C:\Users\User\AppData\Local\Temp\universal_mnist_cluster_kt2o4co_\brace-main\annotations\segments.csv,532,5,0.5293499723607172
C:\Users\User\AppData\Local\Temp\universal_mnist_cluster_kt2o4co_\brace-main\annotations\segments.csv,533,5,0.5577594306172892
C:\Users\User\AppData\Local\Temp\universal_mnist_cluster_kt2o4co_\brace-main\annotations\segments.csv,534,5,0.5764934817218065
C:\Users\User\AppData\Local\Temp\universal_mnist_cluster_kt2o4co_\brace-main\annotations\segments.csv,535,5,0.5643571165767092
C:\Users\User\AppData\Local\Temp\universal_mnist_cluster_kt2o4co_\brace-main\annotations\segments.csv,536,5,0.5733596178072462
C:\Users\User\AppData\Local\Temp\universal_mnist_cluster_kt2o4co_\brace-main\annotations\segments.csv,537,5,0.5729085257303501
C:\Users\User\AppData\Local\Temp\universal_mnist_cluster_kt2o4co_\brace-main\annotations\segments.csv,538,5,0.5850644627682148
C:\Users\User\AppData\Local\Temp\universal_mnist_cluster_kt2o4co_\brace-main\annotations\segments.csv,539,0,0.4253315974933988
C:\Users\User\AppData\Local\Temp\universal_mnist_cluster_kt2o4co_\brace-main\annotations\segments.csv,540,0,0.4031010845453083
C:\Users\User\AppData\Local\Temp\universal_mnist_cluster_kt2o4co_\brace-main\annotations\segments.csv,541,0,0.41467713227303504
C:\Users\User\AppData\Local\Temp\universal_mnist_cluster_kt2o4co_\brace-main\annotations\segments.csv,542,0,0.4086620729034942
C:\Users\User\AppData\Local\Temp\universal_mnist_cluster_kt2o4co_\brace-main\annotations\segments.csv,543,0,0.4020034322855922
C:\Users\User\AppData\Local\Temp\universal_mnist_cluster_kt2o4co_\brace-main\annotations\segments.csv,544,0,0.39739125251808477
C:\Users\User\AppData\Local\Temp\universal_mnist_cluster_kt2o4co_\brace-main\annotations\segments.csv,545,0,0.3906013069002687
C:\Users\User\AppData\Local\Temp\universal_mnist_cluster_kt2o4co_\brace-main\annotations\segments.csv,546,0,0.3901583770051772
C:\Users\User\AppData\Local\Temp\universal_mnist_cluster_kt2o4co_\brace-main\annotations\segments.csv,547,0,0.3895124484536129
C:\Users\User\AppData\Local\Temp\universal_mnist_cluster_kt2o4co_\brace-main\annotations\segments.csv,548,0,0.40164957438788823
C:\Users\User\AppData\Local\Temp\universal_mnist_cluster_kt2o4co_\brace-main\annotations\segments.csv,549,2,0.5326850438397472
C:\Users\User\AppData\Local\Temp\universal_mnist_cluster_kt2o4co_\brace-main\annotations\segments.csv,550,2,0.49317234214175204
C:\Users\User\AppData\Local\Temp\universal_mnist_cluster_kt2o4co_\brace-main\annotations\segments.csv,551,2,0.37749328527964054
C:\Users\User\AppData\Local\Temp\universal_mnist_cluster_kt2o4co_\brace-main\annotations\segments.csv,552,2,0.37062905009609104
C:\Users\User\AppData\Local\Temp\universal_mnist_cluster_kt2o4co_\brace-main\annotations\segments.csv,553,2,0.37049680216919273
C:\Users\User\AppData\Local\Temp\universal_mnist_cluster_kt2o4co_\brace-main\annotations\segments.csv,554,2,0.3658237660217273
C:\Users\User\AppData\Local\Temp\universal_mnist_cluster_kt2o4co_\brace-main\annotations\segments.csv,555,2,0.36414096197122026
C:\Users\User\AppData\Local\Temp\universal_mnist_cluster_kt2o4co_\brace-main\annotations\segments.csv,556,2,0.3617636205305306
C:\Users\User\AppData\Local\Temp\universal_mnist_cluster_kt2o4co_\brace-main\annotations\segments.csv,557,2,0.36591205149397005
C:\Users\User\AppData\Local\Temp\universal_mnist_cluster_kt2o4co_\brace-main\annotations\segments.csv,558,2,0.3613190315500244
C:\Users\User\AppData\Local\Temp\universal_mnist_cluster_kt2o4co_\brace-main\annotations\segments.csv,559,2,0.3628180689826495
C:\Users\User\AppData\Local\Temp\universal_mnist_cluster_kt2o4co_\brace-main\annotations\segments.csv,560,2,0.3744750825630948
C:\Users\User\AppData\Local\Temp\universal_mnist_cluster_kt2o4co_\brace-main\annotations\segments.csv,561,2,0.3842008578375196
C:\Users\User\AppData\Local\Temp\universal_mnist_cluster_kt2o4co_\brace-main\annotations\segments.csv,562,2,0.39877220347885134
C:\Users\User\AppData\Local\Temp\universal_mnist_cluster_kt2o4co_\brace-main\annotations\segments.csv,563,2,0.40351177029224616
C:\Users\User\AppData\Local\Temp\universal_mnist_cluster_kt2o4co_\brace-main\annotations\segments.csv,564,2,0.41502141305096085
C:\Users\User\AppData\Local\Temp\universal_mnist_cluster_kt2o4co_\brace-main\annotations\segments.csv,565,3,0.38406370030060644
C:\Users\User\AppData\Local\Temp\universal_mnist_cluster_kt2o4co_\brace-main\annotations\segments.csv,566,3,0.3797475977616881
C:\Users\User\AppData\Local\Temp\universal_mnist_cluster_kt2o4co_\brace-main\annotations\segments.csv,567,3,0.3813343888001997
C:\Users\User\AppData\Local\Temp\universal_mnist_cluster_kt2o4co_\brace-main\annotations\segments.csv,568,3,0.3765242997697528
C:\Users\User\AppData\Local\Temp\universal_mnist_cluster_kt2o4co_\brace-main\annotations\segments.csv,569,3,0.37624901248026354
C:\Users\User\AppData\Local\Temp\universal_mnist_cluster_kt2o4co_\brace-main\annotations\segments.csv,570,3,0.3803121870181478
C:\Users\User\AppData\Local\Temp\universal_mnist_cluster_kt2o4co_\brace-main\annotations\segments.csv,571,3,0.3744129894082542
C:\Users\User\AppData\Local\Temp\universal_mnist_cluster_kt2o4co_\brace-main\annotations\segments.csv,572,3,0.3807486937562926
C:\Users\User\AppData\Local\Temp\universal_mnist_cluster_kt2o4co_\brace-main\annotations\segments.csv,573,3,0.38374306604828434
C:\Users\User\AppData\Local\Temp\universal_mnist_cluster_kt2o4co_\brace-main\annotations\segments.csv,574,3,0.3991812246472915
C:\Users\User\AppData\Local\Temp\universal_mnist_cluster_kt2o4co_\brace-main\annotations\segments.csv,575,3,0.3876894897119257
C:\Users\User\AppData\Local\Temp\universal_mnist_cluster_kt2o4co_\brace-main\annotations\segments.csv,576,3,0.40323421904148954
C:\Users\User\AppData\Local\Temp\universal_mnist_cluster_kt2o4co_\brace-main\annotations\segments.csv,577,3,0.4099993756084769
C:\Users\User\AppData\Local\Temp\universal_mnist_cluster_kt2o4co_\brace-main\annotations\segments.csv,578,3,0.4164986684361417
C:\Users\User\AppData\Local\Temp\universal_mnist_cluster_kt2o4co_\brace-main\annotations\segments.csv,579,3,0.4249045687322435
C:\Users\User\AppData\Local\Temp\universal_mnist_cluster_kt2o4co_\brace-main\annotations\segments.csv,580,3,0.4255778713953321
C:\Users\User\AppData\Local\Temp\universal_mnist_cluster_kt2o4co_\brace-main\annotations\segments.csv,581,3,0.42633547671845723
C:\Users\User\AppData\Local\Temp\universal_mnist_cluster_kt2o4co_\brace-main\annotations\segments.csv,582,3,0.4637843086592187
C:\Users\User\AppData\Local\Temp\universal_mnist_cluster_kt2o4co_\brace-main\annotations\segments.csv,583,3,0.4580521531593404
C:\Users\User\AppData\Local\Temp\universal_mnist_cluster_kt2o4co_\brace-main\annotations\segments.csv,584,7,0.37564119115581024
C:\Users\User\AppData\Local\Temp\universal_mnist_cluster_kt2o4co_\brace-main\annotations\segments.csv,585,7,0.36493514550625655
C:\Users\User\AppData\Local\Temp\universal_mnist_cluster_kt2o4co_\brace-main\annotations\segments.csv,586,7,0.363476812417663
C:\Users\User\AppData\Local\Temp\universal_mnist_cluster_kt2o4co_\brace-main\annotations\segments.csv,587,7,0.3580266824422371
C:\Users\User\AppData\Local\Temp\universal_mnist_cluster_kt2o4co_\brace-main\annotations\segments.csv,588,7,0.3620491152328316
C:\Users\User\AppData\Local\Temp\universal_mnist_cluster_kt2o4co_\brace-main\annotations\segments.csv,589,7,0.35952026709314
C:\Users\User\AppData\Local\Temp\universal_mnist_cluster_kt2o4co_\brace-main\annotations\segments.csv,590,7,0.3611880395327307
C:\Users\User\AppData\Local\Temp\universal_mnist_cluster_kt2o4co_\brace-main\annotations\segments.csv,591,7,0.3612092769790616
C:\Users\User\AppData\Local\Temp\universal_mnist_cluster_kt2o4co_\brace-main\annotations\segments.csv,592,7,0.3556762138887057
C:\Users\User\AppData\Local\Temp\universal_mnist_cluster_kt2o4co_\brace-main\annotations\segments.csv,593,7,0.3586693590567446
C:\Users\User\AppData\Local\Temp\universal_mnist_cluster_kt2o4co_\brace-main\annotations\segments.csv,594,7,0.35582689725384703
C:\Users\User\AppData\Local\Temp\universal_mnist_cluster_kt2o4co_\brace-main\annotations\segments.csv,595,7,0.3584898951698237
C:\Users\User\AppData\Local\Temp\universal_mnist_cluster_kt2o4co_\brace-main\annotations\segments.csv,596,7,0.3687555951107505
C:\Users\User\AppData\Local\Temp\universal_mnist_cluster_kt2o4co_\brace-main\annotations\segments.csv,597,7,0.3605834212080428
C:\Users\User\AppData\Local\Temp\universal_mnist_cluster_kt2o4co_\brace-main\annotations\segments.csv,598,7,0.3664093641546784
C:\Users\User\AppData\Local\Temp\universal_mnist_cluster_kt2o4co_\brace-main\annotations\segments.csv,599,7,0.3634282123328094
C:\Users\User\AppData\Local\Temp\universal_mnist_cluster_kt2o4co_\brace-main\annotations\segments.csv,600,7,0.36746238077406046
C:\Users\User\AppData\Local\Temp\universal_mnist_cluster_kt2o4co_\brace-main\annotations\segments.csv,601,7,0.381091595437108
C:\Users\User\AppData\Local\Temp\universal_mnist_cluster_kt2o4co_\brace-main\annotations\segments.csv,602,7,0.3729500368353207
C:\Users\User\AppData\Local\Temp\universal_mnist_cluster_kt2o4co_\brace-main\annotations\segments.csv,603,7,0.39471958858207506
C:\Users\User\AppData\Local\Temp\universal_mnist_cluster_kt2o4co_\brace-main\annotations\segments.csv,604,7,0.3891738624856861
C:\Users\User\AppData\Local\Temp\universal_mnist_cluster_kt2o4co_\brace-main\annotations\segments.csv,605,7,0.39871450251127893
C:\Users\User\AppData\Local\Temp\universal_mnist_cluster_kt2o4co_\brace-main\annotations\segments.csv,606,7,0.40620265491224217
C:\Users\User\AppData\Local\Temp\universal_mnist_cluster_kt2o4co_\brace-main\annotations\segments.csv,607,7,0.3804446648946447
C:\Users\User\AppData\Local\Temp\universal_mnist_cluster_kt2o4co_\brace-main\annotations\segments.csv,608,7,0.36877167637903624
C:\Users\User\AppData\Local\Temp\universal_mnist_cluster_kt2o4co_\brace-main\annotations\segments.csv,609,7,0.3723795351307327
C:\Users\User\AppData\Local\Temp\universal_mnist_cluster_kt2o4co_\brace-main\annotations\segments.csv,610,7,0.36426746010880506
C:\Users\User\AppData\Local\Temp\universal_mnist_cluster_kt2o4co_\brace-main\annotations\segments.csv,611,7,0.36228198745847595
C:\Users\User\AppData\Local\Temp\universal_mnist_cluster_kt2o4co_\brace-main\annotations\segments.csv,612,7,0.3637154532391192
C:\Users\User\AppData\Local\Temp\universal_mnist_cluster_kt2o4co_\brace-main\annotations\segments.csv,613,7,0.3609418766934709
C:\Users\User\AppData\Local\Temp\universal_mnist_cluster_kt2o4co_\brace-main\annotations\segments.csv,614,7,0.3618769260054516
C:\Users\User\AppData\Local\Temp\universal_mnist_cluster_kt2o4co_\brace-main\annotations\segments.csv,615,7,0.3572804069142641
C:\Users\User\AppData\Local\Temp\universal_mnist_cluster_kt2o4co_\brace-main\annotations\segments.csv,616,7,0.3586693590567446
C:\Users\User\AppData\Local\Temp\universal_mnist_cluster_kt2o4co_\brace-main\annotations\segments.csv,617,7,0.35590105391353144
C:\Users\User\AppData\Local\Temp\universal_mnist_cluster_kt2o4co_\brace-main\annotations\segments.csv,618,7,0.3581605868746763
C:\Users\User\AppData\Local\Temp\universal_mnist_cluster_kt2o4co_\brace-main\annotations\segments.csv,619,7,0.3608561232111002
C:\Users\User\AppData\Local\Temp\universal_mnist_cluster_kt2o4co_\brace-main\annotations\segments.csv,620,7,0.36437667188003836
C:\Users\User\AppData\Local\Temp\universal_mnist_cluster_kt2o4co_\brace-main\annotations\segments.csv,621,7,0.3747943018684878
C:\Users\User\AppData\Local\Temp\universal_mnist_cluster_kt2o4co_\brace-main\annotations\segments.csv,622,7,0.36625700377816245
C:\Users\User\AppData\Local\Temp\universal_mnist_cluster_kt2o4co_\brace-main\annotations\segments.csv,623,7,0.3832744157031099
C:\Users\User\AppData\Local\Temp\universal_mnist_cluster_kt2o4co_\brace-main\annotations\segments.csv,624,7,0.37526768689225326
C:\Users\User\AppData\Local\Temp\universal_mnist_cluster_kt2o4co_\brace-main\annotations\segments.csv,625,7,0.3894211064539546
C:\Users\User\AppData\Local\Temp\universal_mnist_cluster_kt2o4co_\brace-main\annotations\segments.csv,626,7,0.3958694804110004
C:\Users\User\AppData\Local\Temp\universal_mnist_cluster_kt2o4co_\brace-main\annotations\segments.csv,627,7,0.406058650109124
C:\Users\User\AppData\Local\Temp\universal_mnist_cluster_kt2o4co_\brace-main\annotations\segments.csv,628,7,0.40120586768733274
C:\Users\User\AppData\Local\Temp\universal_mnist_cluster_kt2o4co_\brace-main\annotations\segments.csv,629,7,0.40239210542512804
C:\Users\User\AppData\Local\Temp\universal_mnist_cluster_kt2o4co_\brace-main\annotations\segments.csv,630,7,0.42427133530807115
C:\Users\User\AppData\Local\Temp\universal_mnist_cluster_kt2o4co_\brace-main\annotations\segments.csv,631,7,0.410444943259212
C:\Users\User\AppData\Local\Temp\universal_mnist_cluster_kt2o4co_\brace-main\annotations\segments.csv,632,7,0.43269996192787735
C:\Users\User\AppData\Local\Temp\universal_mnist_cluster_kt2o4co_\brace-main\annotations\segments.csv,633,4,0.38084518688242397
C:\Users\User\AppData\Local\Temp\universal_mnist_cluster_kt2o4co_\brace-main\annotations\segments.csv,634,4,0.36129779062593603
C:\Users\User\AppData\Local\Temp\universal_mnist_cluster_kt2o4co_\brace-main\annotations\segments.csv,635,4,0.36051593525775644
C:\Users\User\AppData\Local\Temp\universal_mnist_cluster_kt2o4co_\brace-main\annotations\segments.csv,636,4,0.35345693385881616
C:\Users\User\AppData\Local\Temp\universal_mnist_cluster_kt2o4co_\brace-main\annotations\segments.csv,637,4,0.35060906620525606
C:\Users\User\AppData\Local\Temp\universal_mnist_cluster_kt2o4co_\brace-main\annotations\segments.csv,638,4,0.3477903277818593
C:\Users\User\AppData\Local\Temp\universal_mnist_cluster_kt2o4co_\brace-main\annotations\segments.csv,639,4,0.35134655817410176
C:\Users\User\AppData\Local\Temp\universal_mnist_cluster_kt2o4co_\brace-main\annotations\segments.csv,640,4,0.3651769437533273
C:\Users\User\AppData\Local\Temp\universal_mnist_cluster_kt2o4co_\brace-main\annotations\segments.csv,641,4,0.3567882078140645
C:\Users\User\AppData\Local\Temp\universal_mnist_cluster_kt2o4co_\brace-main\annotations\segments.csv,642,4,0.3580468333105116
C:\Users\User\AppData\Local\Temp\universal_mnist_cluster_kt2o4co_\brace-main\annotations\segments.csv,643,4,0.3682765121496804
C:\Users\User\AppData\Local\Temp\universal_mnist_cluster_kt2o4co_\brace-main\annotations\segments.csv,644,4,0.3715418124550548
C:\Users\User\AppData\Local\Temp\universal_mnist_cluster_kt2o4co_\brace-main\annotations\segments.csv,645,4,0.38116187232552845
C:\Users\User\AppData\Local\Temp\universal_mnist_cluster_kt2o4co_\brace-main\annotations\segments.csv,646,4,0.4002212409497467
C:\Users\User\AppData\Local\Temp\universal_mnist_cluster_kt2o4co_\brace-main\annotations\segments.csv,647,4,0.42429554559195826
C:\Users\User\AppData\Local\Temp\universal_mnist_cluster_kt2o4co_\brace-main\annotations\segments.csv,648,2,0.40799081760096384
C:\Users\User\AppData\Local\Temp\universal_mnist_cluster_kt2o4co_\brace-main\annotations\segments.csv,649,2,0.39446216344965707
C:\Users\User\AppData\Local\Temp\universal_mnist_cluster_kt2o4co_\brace-main\annotations\segments.csv,650,2,0.3943744150332191
C:\Users\User\AppData\Local\Temp\universal_mnist_cluster_kt2o4co_\brace-main\annotations\segments.csv,651,2,0.38923738519362433
C:\Users\User\AppData\Local\Temp\universal_mnist_cluster_kt2o4co_\brace-main\annotations\segments.csv,652,2,0.3835196689379983
C:\Users\User\AppData\Local\Temp\universal_mnist_cluster_kt2o4co_\brace-main\annotations\segments.csv,653,2,0.3754314375895972
C:\Users\User\AppData\Local\Temp\universal_mnist_cluster_kt2o4co_\brace-main\annotations\segments.csv,654,2,0.3748482544054739
C:\Users\User\AppData\Local\Temp\universal_mnist_cluster_kt2o4co_\brace-main\annotations\segments.csv,655,2,0.3783834565268504
C:\Users\User\AppData\Local\Temp\universal_mnist_cluster_kt2o4co_\brace-main\annotations\segments.csv,656,2,0.3806081372063197
C:\Users\User\AppData\Local\Temp\universal_mnist_cluster_kt2o4co_\brace-main\annotations\segments.csv,657,2,0.3765742347411232
C:\Users\User\AppData\Local\Temp\universal_mnist_cluster_kt2o4co_\brace-main\annotations\segments.csv,658,2,0.3962266252235218
C:\Users\User\AppData\Local\Temp\universal_mnist_cluster_kt2o4co_\brace-main\annotations\segments.csv,659,2,0.3976734814130255
C:\Users\User\AppData\Local\Temp\universal_mnist_cluster_kt2o4co_\brace-main\annotations\segments.csv,660,2,0.41125077225520884
C:\Users\User\AppData\Local\Temp\universal_mnist_cluster_kt2o4co_\brace-main\annotations\segments.csv,661,2,0.41265589716122303
C:\Users\User\AppData\Local\Temp\universal_mnist_cluster_kt2o4co_\brace-main\annotations\segments.csv,662,2,0.427629171631224
C:\Users\User\AppData\Local\Temp\universal_mnist_cluster_kt2o4co_\brace-main\annotations\segments.csv,663,2,0.4263773800066262
C:\Users\User\AppData\Local\Temp\universal_mnist_cluster_kt2o4co_\brace-main\annotations\segments.csv,664,2,0.43967448855071534
C:\Users\User\AppData\Local\Temp\universal_mnist_cluster_kt2o4co_\brace-main\annotations\segments.csv,665,7,0.4016435013084967
C:\Users\User\AppData\Local\Temp\universal_mnist_cluster_kt2o4co_\brace-main\annotations\segments.csv,666,7,0.3805583035407039
C:\Users\User\AppData\Local\Temp\universal_mnist_cluster_kt2o4co_\brace-main\annotations\segments.csv,667,7,0.37799737439879844
C:\Users\User\AppData\Local\Temp\universal_mnist_cluster_kt2o4co_\brace-main\annotations\segments.csv,668,7,0.3638973987501212
C:\Users\User\AppData\Local\Temp\universal_mnist_cluster_kt2o4co_\brace-main\annotations\segments.csv,669,7,0.35814408380100615
C:\Users\User\AppData\Local\Temp\universal_mnist_cluster_kt2o4co_\brace-main\annotations\segments.csv,670,7,0.3556762138887057
C:\Users\User\AppData\Local\Temp\universal_mnist_cluster_kt2o4co_\brace-main\annotations\segments.csv,671,7,0.3569358867630156
C:\Users\User\AppData\Local\Temp\universal_mnist_cluster_kt2o4co_\brace-main\annotations\segments.csv,672,7,0.3530293005377104
C:\Users\User\AppData\Local\Temp\universal_mnist_cluster_kt2o4co_\brace-main\annotations\segments.csv,673,7,0.3619856856136963
C:\Users\User\AppData\Local\Temp\universal_mnist_cluster_kt2o4co_\brace-main\annotations\segments.csv,674,7,0.36293818838167996
C:\Users\User\AppData\Local\Temp\universal_mnist_cluster_kt2o4co_\brace-main\annotations\segments.csv,675,7,0.36987507799204156
C:\Users\User\AppData\Local\Temp\universal_mnist_cluster_kt2o4co_\brace-main\annotations\segments.csv,676,7,0.3831150920057724
C:\Users\User\AppData\Local\Temp\universal_mnist_cluster_kt2o4co_\brace-main\annotations\segments.csv,677,7,0.39720125969515974
C:\Users\User\AppData\Local\Temp\universal_mnist_cluster_kt2o4co_\brace-main\annotations\segments.csv,678,6,0.3875531760097288
C:\Users\User\AppData\Local\Temp\universal_mnist_cluster_kt2o4co_\brace-main\annotations\segments.csv,679,6,0.39104096274711336
C:\Users\User\AppData\Local\Temp\universal_mnist_cluster_kt2o4co_\brace-main\annotations\segments.csv,680,6,0.3808873737664938
C:\Users\User\AppData\Local\Temp\universal_mnist_cluster_kt2o4co_\brace-main\annotations\segments.csv,681,6,0.3755278370446655
C:\Users\User\AppData\Local\Temp\universal_mnist_cluster_kt2o4co_\brace-main\annotations\segments.csv,682,6,0.37308526157403993
C:\Users\User\AppData\Local\Temp\universal_mnist_cluster_kt2o4co_\brace-main\annotations\segments.csv,683,6,0.3744444984907534
C:\Users\User\AppData\Local\Temp\universal_mnist_cluster_kt2o4co_\brace-main\annotations\segments.csv,684,6,0.36011280364890297
C:\Users\User\AppData\Local\Temp\universal_mnist_cluster_kt2o4co_\brace-main\annotations\segments.csv,685,6,0.3583291668586
C:\Users\User\AppData\Local\Temp\universal_mnist_cluster_kt2o4co_\brace-main\annotations\segments.csv,686,6,0.3553350108854224
C:\Users\User\AppData\Local\Temp\universal_mnist_cluster_kt2o4co_\brace-main\annotations\segments.csv,687,6,0.35536419077888426
C:\Users\User\AppData\Local\Temp\universal_mnist_cluster_kt2o4co_\brace-main\annotations\segments.csv,688,6,0.35032070739608834
C:\Users\User\AppData\Local\Temp\universal_mnist_cluster_kt2o4co_\brace-main\annotations\segments.csv,689,6,0.3625261719482656
C:\Users\User\AppData\Local\Temp\universal_mnist_cluster_kt2o4co_\brace-main\annotations\segments.csv,690,6,0.3569387391892272
C:\Users\User\AppData\Local\Temp\universal_mnist_cluster_kt2o4co_\brace-main\annotations\segments.csv,691,6,0.36302342910900487
C:\Users\User\AppData\Local\Temp\universal_mnist_cluster_kt2o4co_\brace-main\annotations\segments.csv,692,6,0.3664775912154471
C:\Users\User\AppData\Local\Temp\universal_mnist_cluster_kt2o4co_\brace-main\annotations\segments.csv,693,6,0.38498707699974294
C:\Users\User\AppData\Local\Temp\universal_mnist_cluster_kt2o4co_\brace-main\annotations\segments.csv,694,6,0.3713326654518936
C:\Users\User\AppData\Local\Temp\universal_mnist_cluster_kt2o4co_\brace-main\annotations\segments.csv,695,6,0.3835190593620776
C:\Users\User\AppData\Local\Temp\universal_mnist_cluster_kt2o4co_\brace-main\annotations\segments.csv,696,6,0.38408226197554757
C:\Users\User\AppData\Local\Temp\universal_mnist_cluster_kt2o4co_\brace-main\annotations\segments.csv,697,6,0.3925755572738274
C:\Users\User\AppData\Local\Temp\universal_mnist_cluster_kt2o4co_\brace-main\annotations\segments.csv,698,6,0.4036333716061734
C:\Users\User\AppData\Local\Temp\universal_mnist_cluster_kt2o4co_\brace-main\annotations\segments.csv,699,6,0.41801338593130954
C:\Users\User\AppData\Local\Temp\universal_mnist_cluster_kt2o4co_\brace-main\annotations\segments.csv,700,6,0.4049516569762471
C:\Users\User\AppData\Local\Temp\universal_mnist_cluster_kt2o4co_\brace-main\annotations\segments.csv,701,4,0.3678393114117524
C:\Users\User\AppData\Local\Temp\universal_mnist_cluster_kt2o4co_\brace-main\annotations\segments.csv,702,4,0.3568753150023857
C:\Users\User\AppData\Local\Temp\universal_mnist_cluster_kt2o4co_\brace-main\annotations\segments.csv,703,4,0.3547281815910741
C:\Users\User\AppData\Local\Temp\universal_mnist_cluster_kt2o4co_\brace-main\annotations\segments.csv,704,4,0.3463907560550936
C:\Users\User\AppData\Local\Temp\universal_mnist_cluster_kt2o4co_\brace-main\annotations\segments.csv,705,4,0.36351366956252057
C:\Users\User\AppData\Local\Temp\universal_mnist_cluster_kt2o4co_\brace-main\annotations\segments.csv,706,4,0.37996995206127504
C:\Users\User\AppData\Local\Temp\universal_mnist_cluster_kt2o4co_\brace-main\annotations\segments.csv,707,4,0.3777418366590675
C:\Users\User\AppData\Local\Temp\universal_mnist_cluster_kt2o4co_\brace-main\annotations\segments.csv,708,4,0.3806086088607664
C:\Users\User\AppData\Local\Temp\universal_mnist_cluster_kt2o4co_\brace-main\annotations\segments.csv,709,4,0.38855326296320336
C:\Users\User\AppData\Local\Temp\universal_mnist_cluster_kt2o4co_\brace-main\annotations\segments.csv,710,4,0.39977509952962637
C:\Users\User\AppData\Local\Temp\universal_mnist_cluster_kt2o4co_\brace-main\annotations\segments.csv,711,4,0.4164115083471363
C:\Users\User\AppData\Local\Temp\universal_mnist_cluster_kt2o4co_\brace-main\annotations\segments.csv,712,5,0.4270637256176481
C:\Users\User\AppData\Local\Temp\universal_mnist_cluster_kt2o4co_\brace-main\annotations\segments.csv,713,5,0.40577419738909437
C:\Users\User\AppData\Local\Temp\universal_mnist_cluster_kt2o4co_\brace-main\annotations\segments.csv,714,5,0.3920164404034811
C:\Users\User\AppData\Local\Temp\universal_mnist_cluster_kt2o4co_\brace-main\annotations\segments.csv,715,5,0.3951848597109969
C:\Users\User\AppData\Local\Temp\universal_mnist_cluster_kt2o4co_\brace-main\annotations\segments.csv,716,5,0.3871386298440868
C:\Users\User\AppData\Local\Temp\universal_mnist_cluster_kt2o4co_\brace-main\annotations\segments.csv,717,5,0.3830699182328147
C:\Users\User\AppData\Local\Temp\universal_mnist_cluster_kt2o4co_\brace-main\annotations\segments.csv,718,5,0.37189883841259785
C:\Users\User\AppData\Local\Temp\universal_mnist_cluster_kt2o4co_\brace-main\annotations\segments.csv,719,5,0.3701548367569242
C:\Users\User\AppData\Local\Temp\universal_mnist_cluster_kt2o4co_\brace-main\annotations\segments.csv,720,5,0.37200198640175897
C:\Users\User\AppData\Local\Temp\universal_mnist_cluster_kt2o4co_\brace-main\annotations\segments.csv,721,5,0.36442617654457227
C:\Users\User\AppData\Local\Temp\universal_mnist_cluster_kt2o4co_\brace-main\annotations\segments.csv,722,5,0.3656076580572453
C:\Users\User\AppData\Local\Temp\universal_mnist_cluster_kt2o4co_\brace-main\annotations\segments.csv,723,5,0.37552092522551167
C:\Users\User\AppData\Local\Temp\universal_mnist_cluster_kt2o4co_\brace-main\annotations\segments.csv,724,5,0.36866663444560344
C:\Users\User\AppData\Local\Temp\universal_mnist_cluster_kt2o4co_\brace-main\annotations\segments.csv,725,5,0.3768822233312575
C:\Users\User\AppData\Local\Temp\universal_mnist_cluster_kt2o4co_\brace-main\annotations\segments.csv,726,5,0.37719426305826276
C:\Users\User\AppData\Local\Temp\universal_mnist_cluster_kt2o4co_\brace-main\annotations\segments.csv,727,5,0.3948322712059826
C:\Users\User\AppData\Local\Temp\universal_mnist_cluster_kt2o4co_\brace-main\annotations\segments.csv,728,0,0.3865821146012134
C:\Users\User\AppData\Local\Temp\universal_mnist_cluster_kt2o4co_\brace-main\annotations\segments.csv,729,0,0.37964651088655726
C:\Users\User\AppData\Local\Temp\universal_mnist_cluster_kt2o4co_\brace-main\annotations\segments.csv,730,0,0.3791090717863043
C:\Users\User\AppData\Local\Temp\universal_mnist_cluster_kt2o4co_\brace-main\annotations\segments.csv,731,0,0.377532797972686
C:\Users\User\AppData\Local\Temp\universal_mnist_cluster_kt2o4co_\brace-main\annotations\segments.csv,732,0,0.3798066867879306
C:\Users\User\AppData\Local\Temp\universal_mnist_cluster_kt2o4co_\brace-main\annotations\segments.csv,733,0,0.3802478230303918
C:\Users\User\AppData\Local\Temp\universal_mnist_cluster_kt2o4co_\brace-main\annotations\segments.csv,734,0,0.37779179092691045
C:\Users\User\AppData\Local\Temp\universal_mnist_cluster_kt2o4co_\brace-main\annotations\segments.csv,735,0,0.39070109892179067
C:\Users\User\AppData\Local\Temp\universal_mnist_cluster_kt2o4co_\brace-main\annotations\segments.csv,736,0,0.40233154811363186
C:\Users\User\AppData\Local\Temp\universal_mnist_cluster_kt2o4co_\brace-main\annotations\segments.csv,737,0,0.4120797934131088
C:\Users\User\AppData\Local\Temp\universal_mnist_cluster_kt2o4co_\brace-main\annotations\segments.csv,738,0,0.40786739064656424
C:\Users\User\AppData\Local\Temp\universal_mnist_cluster_kt2o4co_\brace-main\annotations\segments.csv,739,0,0.42843992344952486
C:\Users\User\AppData\Local\Temp\universal_mnist_cluster_kt2o4co_\brace-main\annotations\segments.csv,740,0,0.4197835200728181
C:\Users\User\AppData\Local\Temp\universal_mnist_cluster_kt2o4co_\brace-main\annotations\segments.csv,741,0,0.4367288356304659
C:\Users\User\AppData\Local\Temp\universal_mnist_cluster_kt2o4co_\brace-main\annotations\segments.csv,742,0,0.43441503347434457
C:\Users\User\AppData\Local\Temp\universal_mnist_cluster_kt2o4co_\brace-main\annotations\segments.csv,743,0,0.4534212185920907
C:\Users\User\AppData\Local\Temp\universal_mnist_cluster_kt2o4co_\brace-main\annotations\segments.csv,744,0,0.4749396687051187
C:\Users\User\AppData\Local\Temp\universal_mnist_cluster_kt2o4co_\brace-main\annotations\segments.csv,745,0,0.5143153481081852
C:\Users\User\AppData\Local\Temp\universal_mnist_cluster_kt2o4co_\brace-main\annotations\segments.csv,746,0,0.4926041653540175
C:\Users\User\AppData\Local\Temp\universal_mnist_cluster_kt2o4co_\brace-main\annotations\segments.csv,747,0,0.5395832018356622
C:\Users\User\AppData\Local\Temp\universal_mnist_cluster_kt2o4co_\brace-main\annotations\segments.csv,748,0,0.5571500934008288
C:\Users\User\AppData\Local\Temp\universal_mnist_cluster_kt2o4co_\brace-main\annotations\segments.csv,749,0,0.5520665367845873
C:\Users\User\AppData\Local\Temp\universal_mnist_cluster_kt2o4co_\brace-main\annotations\segments.csv,750,7,0.4025628923650719
C:\Users\User\AppData\Local\Temp\universal_mnist_cluster_kt2o4co_\brace-main\annotations\segments.csv,751,7,0.3838277183829453
C:\Users\User\AppData\Local\Temp\universal_mnist_cluster_kt2o4co_\brace-main\annotations\segments.csv,752,7,0.3795316839828127
C:\Users\User\AppData\Local\Temp\universal_mnist_cluster_kt2o4co_\brace-main\annotations\segments.csv,753,7,0.3732193573628731
C:\Users\User\AppData\Local\Temp\universal_mnist_cluster_kt2o4co_\brace-main\annotations\segments.csv,754,7,0.377372793278345
C:\Users\User\AppData\Local\Temp\universal_mnist_cluster_kt2o4co_\brace-main\annotations\segments.csv,755,7,0.37151109699403373
C:\Users\User\AppData\Local\Temp\universal_mnist_cluster_kt2o4co_\brace-main\annotations\segments.csv,756,7,0.36600536008133666
C:\Users\User\AppData\Local\Temp\universal_mnist_cluster_kt2o4co_\brace-main\annotations\segments.csv,757,7,0.36273979034788867
C:\Users\User\AppData\Local\Temp\universal_mnist_cluster_kt2o4co_\brace-main\annotations\segments.csv,758,7,0.3587455496353716
C:\Users\User\AppData\Local\Temp\universal_mnist_cluster_kt2o4co_\brace-main\annotations\segments.csv,759,7,0.35993066852263783
C:\Users\User\AppData\Local\Temp\universal_mnist_cluster_kt2o4co_\brace-main\annotations\segments.csv,760,7,0.36103806382490633
C:\Users\User\AppData\Local\Temp\universal_mnist_cluster_kt2o4co_\brace-main\annotations\segments.csv,761,7,0.3759233025364565
C:\Users\User\AppData\Local\Temp\universal_mnist_cluster_kt2o4co_\brace-main\annotations\segments.csv,762,7,0.36707849294878253
C:\Users\User\AppData\Local\Temp\universal_mnist_cluster_kt2o4co_\brace-main\annotations\segments.csv,763,7,0.38255583188354075
C:\Users\User\AppData\Local\Temp\universal_mnist_cluster_kt2o4co_\brace-main\annotations\segments.csv,764,7,0.39062577718567354
C:\Users\User\AppData\Local\Temp\universal_mnist_cluster_kt2o4co_\brace-main\annotations\segments.csv,765,4,0.3678393114117524
C:\Users\User\AppData\Local\Temp\universal_mnist_cluster_kt2o4co_\brace-main\annotations\segments.csv,766,4,0.3589930732801046
C:\Users\User\AppData\Local\Temp\universal_mnist_cluster_kt2o4co_\brace-main\annotations\segments.csv,767,4,0.35844620770710084
C:\Users\User\AppData\Local\Temp\universal_mnist_cluster_kt2o4co_\brace-main\annotations\segments.csv,768,4,0.35737531032804887
C:\Users\User\AppData\Local\Temp\universal_mnist_cluster_kt2o4co_\brace-main\annotations\segments.csv,769,4,0.3550922115177815
C:\Users\User\AppData\Local\Temp\universal_mnist_cluster_kt2o4co_\brace-main\annotations\segments.csv,770,4,0.3500241724908913
C:\Users\User\AppData\Local\Temp\universal_mnist_cluster_kt2o4co_\brace-main\annotations\segments.csv,771,4,0.3489384205950948
C:\Users\User\AppData\Local\Temp\universal_mnist_cluster_kt2o4co_\brace-main\annotations\segments.csv,772,4,0.3555142085368763
C:\Users\User\AppData\Local\Temp\universal_mnist_cluster_kt2o4co_\brace-main\annotations\segments.csv,773,4,0.3684448043643147
C:\Users\User\AppData\Local\Temp\universal_mnist_cluster_kt2o4co_\brace-main\annotations\segments.csv,774,4,0.37129017641885786
C:\Users\User\AppData\Local\Temp\universal_mnist_cluster_kt2o4co_\brace-main\annotations\segments.csv,775,4,0.3812164327389914
C:\Users\User\AppData\Local\Temp\universal_mnist_cluster_kt2o4co_\brace-main\annotations\segments.csv,776,4,0.3871800742267591
C:\Users\User\AppData\Local\Temp\universal_mnist_cluster_kt2o4co_\brace-main\annotations\segments.csv,777,4,0.39513537110808417
C:\Users\User\AppData\Local\Temp\universal_mnist_cluster_kt2o4co_\brace-main\annotations\segments.csv,778,4,0.41595995541847597
C:\Users\User\AppData\Local\Temp\universal_mnist_cluster_kt2o4co_\brace-main\annotations\segments.csv,779,0,0.3947940545519765
C:\Users\User\AppData\Local\Temp\universal_mnist_cluster_kt2o4co_\brace-main\annotations\segments.csv,780,0,0.3941479897918492
C:\Users\User\AppData\Local\Temp\universal_mnist_cluster_kt2o4co_\brace-main\annotations\segments.csv,781,0,0.3913607228722545
C:\Users\User\AppData\Local\Temp\universal_mnist_cluster_kt2o4co_\brace-main\annotations\segments.csv,782,0,0.3886719905676608
C:\Users\User\AppData\Local\Temp\universal_mnist_cluster_kt2o4co_\brace-main\annotations\segments.csv,783,0,0.38828679573263625
C:\Users\User\AppData\Local\Temp\universal_mnist_cluster_kt2o4co_\brace-main\annotations\segments.csv,784,0,0.38628429039322243
C:\Users\User\AppData\Local\Temp\universal_mnist_cluster_kt2o4co_\brace-main\annotations\segments.csv,785,0,0.3856161135248243
C:\Users\User\AppData\Local\Temp\universal_mnist_cluster_kt2o4co_\brace-main\annotations\segments.csv,786,0,0.3836518124698655
C:\Users\User\AppData\Local\Temp\universal_mnist_cluster_kt2o4co_\brace-main\annotations\segments.csv,787,0,0.3809959171437495
C:\Users\User\AppData\Local\Temp\universal_mnist_cluster_kt2o4co_\brace-main\annotations\segments.csv,788,0,0.39462237389073546
C:\Users\User\AppData\Local\Temp\universal_mnist_cluster_kt2o4co_\brace-main\annotations\segments.csv,789,0,0.384689461622555
C:\Users\User\AppData\Local\Temp\universal_mnist_cluster_kt2o4co_\brace-main\annotations\segments.csv,790,0,0.3939124488487985
C:\Users\User\AppData\Local\Temp\universal_mnist_cluster_kt2o4co_\brace-main\annotations\segments.csv,791,0,0.41420268369711705
C:\Users\User\AppData\Local\Temp\universal_mnist_cluster_kt2o4co_\brace-main\annotations\segments.csv,792,0,0.41758485887099733
C:\Users\User\AppData\Local\Temp\universal_mnist_cluster_kt2o4co_\brace-main\annotations\segments.csv,793,0,0.4342289472507035
C:\Users\User\AppData\Local\Temp\universal_mnist_cluster_kt2o4co_\brace-main\annotations\segments.csv,794,0,0.45200833254955347
C:\Users\User\AppData\Local\Temp\universal_mnist_cluster_kt2o4co_\brace-main\annotations\segments.csv,795,5,0.4298871271954189
C:\Users\User\AppData\Local\Temp\universal_mnist_cluster_kt2o4co_\brace-main\annotations\segments.csv,796,5,0.42087858187864474
C:\Users\User\AppData\Local\Temp\universal_mnist_cluster_kt2o4co_\brace-main\annotations\segments.csv,797,5,0.41496443533665583
C:\Users\User\AppData\Local\Temp\universal_mnist_cluster_kt2o4co_\brace-main\annotations\segments.csv,798,5,0.41476058127775317
C:\Users\User\AppData\Local\Temp\universal_mnist_cluster_kt2o4co_\brace-main\annotations\segments.csv,799,5,0.4011275537415595
C:\Users\User\AppData\Local\Temp\universal_mnist_cluster_kt2o4co_\brace-main\annotations\segments.csv,800,5,0.39626540105832087
C:\Users\User\AppData\Local\Temp\universal_mnist_cluster_kt2o4co_\brace-main\annotations\segments.csv,801,5,0.3953759708780729
C:\Users\User\AppData\Local\Temp\universal_mnist_cluster_kt2o4co_\brace-main\annotations\segments.csv,802,5,0.3977452383161326
C:\Users\User\AppData\Local\Temp\universal_mnist_cluster_kt2o4co_\brace-main\annotations\segments.csv,803,5,0.39437555543639247
C:\Users\User\AppData\Local\Temp\universal_mnist_cluster_kt2o4co_\brace-main\annotations\segments.csv,804,5,0.3890674597674213
C:\Users\User\AppData\Local\Temp\universal_mnist_cluster_kt2o4co_\brace-main\annotations\segments.csv,805,5,0.3973828384412143
C:\Users\User\AppData\Local\Temp\universal_mnist_cluster_kt2o4co_\brace-main\annotations\segments.csv,806,5,0.4063986184275332
C:\Users\User\AppData\Local\Temp\universal_mnist_cluster_kt2o4co_\brace-main\annotations\segments.csv,807,5,0.4050952517181368
C:\Users\User\AppData\Local\Temp\universal_mnist_cluster_kt2o4co_\brace-main\annotations\segments.csv,808,5,0.42938721615267245
C:\Users\User\AppData\Local\Temp\universal_mnist_cluster_kt2o4co_\brace-main\annotations\segments.csv,809,5,0.4211425735113483
C:\Users\User\AppData\Local\Temp\universal_mnist_cluster_kt2o4co_\brace-main\annotations\segments.csv,810,2,0.42055457333629453
C:\Users\User\AppData\Local\Temp\universal_mnist_cluster_kt2o4co_\brace-main\annotations\segments.csv,811,2,0.41071608300433315
C:\Users\User\AppData\Local\Temp\universal_mnist_cluster_kt2o4co_\brace-main\annotations\segments.csv,812,2,0.3648202681106975
C:\Users\User\AppData\Local\Temp\universal_mnist_cluster_kt2o4co_\brace-main\annotations\segments.csv,813,2,0.3744888059693006
C:\Users\User\AppData\Local\Temp\universal_mnist_cluster_kt2o4co_\brace-main\annotations\segments.csv,814,2,0.37841684601453157
C:\Users\User\AppData\Local\Temp\universal_mnist_cluster_kt2o4co_\brace-main\annotations\segments.csv,815,2,0.37762441842579647
C:\Users\User\AppData\Local\Temp\universal_mnist_cluster_kt2o4co_\brace-main\annotations\segments.csv,816,2,0.3817867085727048
C:\Users\User\AppData\Local\Temp\universal_mnist_cluster_kt2o4co_\brace-main\annotations\segments.csv,817,2,0.3893057444218732
C:\Users\User\AppData\Local\Temp\universal_mnist_cluster_kt2o4co_\brace-main\annotations\segments.csv,818,2,0.40054891709194174
C:\Users\User\AppData\Local\Temp\universal_mnist_cluster_kt2o4co_\brace-main\annotations\segments.csv,819,2,0.410981136362166
C:\Users\User\AppData\Local\Temp\universal_mnist_cluster_kt2o4co_\brace-main\annotations\segments.csv,820,2,0.4371403971439796
C:\Users\User\AppData\Local\Temp\universal_mnist_cluster_kt2o4co_\brace-main\annotations\segments.csv,821,2,0.448017611224848
C:\Users\User\AppData\Local\Temp\universal_mnist_cluster_kt2o4co_\brace-main\annotations\segments.csv,822,2,0.4667416123860547
C:\Users\User\AppData\Local\Temp\universal_mnist_cluster_kt2o4co_\brace-main\annotations\segments.csv,823,2,0.49537299042815014
C:\Users\User\AppData\Local\Temp\universal_mnist_cluster_kt2o4co_\brace-main\annotations\segments.csv,824,2,0.47977982872728625
C:\Users\User\AppData\Local\Temp\universal_mnist_cluster_kt2o4co_\brace-main\annotations\segments.csv,825,2,0.513038285299478
C:\Users\User\AppData\Local\Temp\universal_mnist_cluster_kt2o4co_\brace-main\annotations\segments.csv,826,2,0.5497140464479175
C:\Users\User\AppData\Local\Temp\universal_mnist_cluster_kt2o4co_\brace-main\annotations\segments.csv,827,2,0.5476650929352849
C:\Users\User\AppData\Local\Temp\universal_mnist_cluster_kt2o4co_\brace-main\annotations\segments.csv,828,2,0.5614895435506214
C:\Users\User\AppData\Local\Temp\universal_mnist_cluster_kt2o4co_\brace-main\annotations\segments.csv,829,2,0.5720077096663673
C:\Users\User\AppData\Local\Temp\universal_mnist_cluster_kt2o4co_\brace-main\annotations\segments.csv,830,3,0.4628203401086971
C:\Users\User\AppData\Local\Temp\universal_mnist_cluster_kt2o4co_\brace-main\annotations\segments.csv,831,3,0.45160776988993434
C:\Users\User\AppData\Local\Temp\universal_mnist_cluster_kt2o4co_\brace-main\annotations\segments.csv,832,3,0.44772867772359165
C:\Users\User\AppData\Local\Temp\universal_mnist_cluster_kt2o4co_\brace-main\annotations\segments.csv,833,3,0.4435249156835273
C:\Users\User\AppData\Local\Temp\universal_mnist_cluster_kt2o4co_\brace-main\annotations\segments.csv,834,3,0.4309982655366448
C:\Users\User\AppData\Local\Temp\universal_mnist_cluster_kt2o4co_\brace-main\annotations\segments.csv,835,3,0.4203616766936144
C:\Users\User\AppData\Local\Temp\universal_mnist_cluster_kt2o4co_\brace-main\annotations\segments.csv,836,3,0.41681550424345976
C:\Users\User\AppData\Local\Temp\universal_mnist_cluster_kt2o4co_\brace-main\annotations\segments.csv,837,3,0.4157598849540421
C:\Users\User\AppData\Local\Temp\universal_mnist_cluster_kt2o4co_\brace-main\annotations\segments.csv,838,3,0.4237460007585499
C:\Users\User\AppData\Local\Temp\universal_mnist_cluster_kt2o4co_\brace-main\annotations\segments.csv,839,3,0.40818297627288413
C:\Users\User\AppData\Local\Temp\universal_mnist_cluster_kt2o4co_\brace-main\annotations\segments.csv,840,3,0.4013454857004133
C:\Users\User\AppData\Local\Temp\universal_mnist_cluster_kt2o4co_\brace-main\annotations\segments.csv,841,3,0.4068315163418583
C:\Users\User\AppData\Local\Temp\universal_mnist_cluster_kt2o4co_\brace-main\annotations\segments.csv,842,3,0.39986383312619606
C:\Users\User\AppData\Local\Temp\universal_mnist_cluster_kt2o4co_\brace-main\annotations\segments.csv,843,3,0.3918676286756792
C:\Users\User\AppData\Local\Temp\universal_mnist_cluster_kt2o4co_\brace-main\annotations\segments.csv,844,3,0.40426835857468574
C:\Users\User\AppData\Local\Temp\universal_mnist_cluster_kt2o4co_\brace-main\annotations\segments.csv,845,3,0.3926464914489232
C:\Users\User\AppData\Local\Temp\universal_mnist_cluster_kt2o4co_\brace-main\annotations\segments.csv,846,3,0.4012361260658137
C:\Users\User\AppData\Local\Temp\universal_mnist_cluster_kt2o4co_\brace-main\annotations\segments.csv,847,3,0.40906934409555995
C:\Users\User\AppData\Local\Temp\universal_mnist_cluster_kt2o4co_\brace-main\annotations\segments.csv,848,3,0.3955154099211141
C:\Users\User\AppData\Local\Temp\universal_mnist_cluster_kt2o4co_\brace-main\annotations\segments.csv,849,3,0.40454836886581125
C:\Users\User\AppData\Local\Temp\universal_mnist_cluster_kt2o4co_\brace-main\annotations\segments.csv,850,3,0.4140032604636203
C:\Users\User\AppData\Local\Temp\universal_mnist_cluster_kt2o4co_\brace-main\annotations\segments.csv,851,3,0.43484501212858273
C:\Users\User\AppData\Local\Temp\universal_mnist_cluster_kt2o4co_\brace-main\annotations\segments.csv,852,2,0.41790929859338233
C:\Users\User\AppData\Local\Temp\universal_mnist_cluster_kt2o4co_\brace-main\annotations\segments.csv,853,2,0.38687647043940543
C:\Users\User\AppData\Local\Temp\universal_mnist_cluster_kt2o4co_\brace-main\annotations\segments.csv,854,2,0.38196938115425566
C:\Users\User\AppData\Local\Temp\universal_mnist_cluster_kt2o4co_\brace-main\annotations\segments.csv,855,2,0.3753372522172368
C:\Users\User\AppData\Local\Temp\universal_mnist_cluster_kt2o4co_\brace-main\annotations\segments.csv,856,2,0.3714636927278699
C:\Users\User\AppData\Local\Temp\universal_mnist_cluster_kt2o4co_\brace-main\annotations\segments.csv,857,2,0.36796918813596946
C:\Users\User\AppData\Local\Temp\universal_mnist_cluster_kt2o4co_\brace-main\annotations\segments.csv,858,2,0.3652773934100325
C:\Users\User\AppData\Local\Temp\universal_mnist_cluster_kt2o4co_\brace-main\annotations\segments.csv,859,2,0.38098424777940193
C:\Users\User\AppData\Local\Temp\universal_mnist_cluster_kt2o4co_\brace-main\annotations\segments.csv,860,2,0.36363721156400647
C:\Users\User\AppData\Local\Temp\universal_mnist_cluster_kt2o4co_\brace-main\annotations\segments.csv,861,2,0.38375291467129063
C:\Users\User\AppData\Local\Temp\universal_mnist_cluster_kt2o4co_\brace-main\annotations\segments.csv,862,2,0.3776247259307462
C:\Users\User\AppData\Local\Temp\universal_mnist_cluster_kt2o4co_\brace-main\annotations\segments.csv,863,2,0.38501560697553616
C:\Users\User\AppData\Local\Temp\universal_mnist_cluster_kt2o4co_\brace-main\annotations\segments.csv,864,2,0.40390843090005885
C:\Users\User\AppData\Local\Temp\universal_mnist_cluster_kt2o4co_\brace-main\annotations\segments.csv,865,2,0.4136006827285156
C:\Users\User\AppData\Local\Temp\universal_mnist_cluster_kt2o4co_\brace-main\annotations\segments.csv,866,2,0.4646301736616821
C:\Users\User\AppData\Local\Temp\universal_mnist_cluster_kt2o4co_\brace-main\annotations\segments.csv,867,2,0.4659680609033294
C:\Users\User\AppData\Local\Temp\universal_mnist_cluster_kt2o4co_\brace-main\annotations\segments.csv,868,2,0.5141954711838332
C:\Users\User\AppData\Local\Temp\universal_mnist_cluster_kt2o4co_\brace-main\annotations\segments.csv,869,7,0.42286575402347215
C:\Users\User\AppData\Local\Temp\universal_mnist_cluster_kt2o4co_\brace-main\annotations\segments.csv,870,7,0.40231933946002346
C:\Users\User\AppData\Local\Temp\universal_mnist_cluster_kt2o4co_\brace-main\annotations\segments.csv,871,7,0.39419295756729833
C:\Users\User\AppData\Local\Temp\universal_mnist_cluster_kt2o4co_\brace-main\annotations\segments.csv,872,7,0.386292352144246
C:\Users\User\AppData\Local\Temp\universal_mnist_cluster_kt2o4co_\brace-main\annotations\segments.csv,873,7,0.3822541407113905
C:\Users\User\AppData\Local\Temp\universal_mnist_cluster_kt2o4co_\brace-main\annotations\segments.csv,874,7,0.38313626290165365
C:\Users\User\AppData\Local\Temp\universal_mnist_cluster_kt2o4co_\brace-main\annotations\segments.csv,875,7,0.36801652368522697
C:\Users\User\AppData\Local\Temp\universal_mnist_cluster_kt2o4co_\brace-main\annotations\segments.csv,876,7,0.36476355394642757
C:\Users\User\AppData\Local\Temp\universal_mnist_cluster_kt2o4co_\brace-main\annotations\segments.csv,877,7,0.37126408629739155
C:\Users\User\AppData\Local\Temp\universal_mnist_cluster_kt2o4co_\brace-main\annotations\segments.csv,878,7,0.36169046232446683
C:\Users\User\AppData\Local\Temp\universal_mnist_cluster_kt2o4co_\brace-main\annotations\segments.csv,879,7,0.3748399515693734
C:\Users\User\AppData\Local\Temp\universal_mnist_cluster_kt2o4co_\brace-main\annotations\segments.csv,880,7,0.3702730962855024
C:\Users\User\AppData\Local\Temp\universal_mnist_cluster_kt2o4co_\brace-main\annotations\segments.csv,881,7,0.3776151373393973
C:\Users\User\AppData\Local\Temp\universal_mnist_cluster_kt2o4co_\brace-main\annotations\segments.csv,882,7,0.38989371137967116
C:\Users\User\AppData\Local\Temp\universal_mnist_cluster_kt2o4co_\brace-main\annotations\segments.csv,883,7,0.40695249814160306
C:\Users\User\AppData\Local\Temp\universal_mnist_cluster_kt2o4co_\brace-main\annotations\segments.csv,884,7,0.39013554053218347
C:\Users\User\AppData\Local\Temp\universal_mnist_cluster_kt2o4co_\brace-main\annotations\segments.csv,885,7,0.4125372583472631
C:\Users\User\AppData\Local\Temp\universal_mnist_cluster_kt2o4co_\brace-main\annotations\segments.csv,886,5,0.3710985861648581
C:\Users\User\AppData\Local\Temp\universal_mnist_cluster_kt2o4co_\brace-main\annotations\segments.csv,887,5,0.36428620732393524
C:\Users\User\AppData\Local\Temp\universal_mnist_cluster_kt2o4co_\brace-main\annotations\segments.csv,888,5,0.36924419926004964
C:\Users\User\AppData\Local\Temp\universal_mnist_cluster_kt2o4co_\brace-main\annotations\segments.csv,889,5,0.36870576886388845
C:\Users\User\AppData\Local\Temp\universal_mnist_cluster_kt2o4co_\brace-main\annotations\segments.csv,890,5,0.37261565867517515
C:\Users\User\AppData\Local\Temp\universal_mnist_cluster_kt2o4co_\brace-main\annotations\segments.csv,891,5,0.3813034855982391
C:\Users\User\AppData\Local\Temp\universal_mnist_cluster_kt2o4co_\brace-main\annotations\segments.csv,892,5,0.3977093805065539
C:\Users\User\AppData\Local\Temp\universal_mnist_cluster_kt2o4co_\brace-main\annotations\segments.csv,893,5,0.394558847657845
C:\Users\User\AppData\Local\Temp\universal_mnist_cluster_kt2o4co_\brace-main\annotations\segments.csv,894,5,0.3987301148997263
C:\Users\User\AppData\Local\Temp\universal_mnist_cluster_kt2o4co_\brace-main\annotations\segments.csv,895,5,0.40750736860109504
C:\Users\User\AppData\Local\Temp\universal_mnist_cluster_kt2o4co_\brace-main\annotations\segments.csv,896,5,0.4224363470997394
C:\Users\User\AppData\Local\Temp\universal_mnist_cluster_kt2o4co_\brace-main\annotations\segments.csv,897,5,0.4650123827268446
C:\Users\User\AppData\Local\Temp\universal_mnist_cluster_kt2o4co_\brace-main\annotations\segments.csv,898,5,0.45387809573418836
C:\Users\User\AppData\Local\Temp\universal_mnist_cluster_kt2o4co_\brace-main\annotations\segments.csv,899,5,0.48635985036610896
C:\Users\User\AppData\Local\Temp\universal_mnist_cluster_kt2o4co_\brace-main\annotations\segments.csv,900,0,0.43369796561917573
C:\Users\User\AppData\Local\Temp\universal_mnist_cluster_kt2o4co_\brace-main\annotations\segments.csv,901,0,0.42914347874370484
C:\Users\User\AppData\Local\Temp\universal_mnist_cluster_kt2o4co_\brace-main\annotations\segments.csv,902,0,0.42673382480034056
C:\Users\User\AppData\Local\Temp\universal_mnist_cluster_kt2o4co_\brace-main\annotations\segments.csv,903,0,0.42115821576936213
C:\Users\User\AppData\Local\Temp\universal_mnist_cluster_kt2o4co_\brace-main\annotations\segments.csv,904,0,0.41497800880065244
C:\Users\User\AppData\Local\Temp\universal_mnist_cluster_kt2o4co_\brace-main\annotations\segments.csv,905,0,0.41491008122637857
C:\Users\User\AppData\Local\Temp\universal_mnist_cluster_kt2o4co_\brace-main\annotations\segments.csv,906,0,0.40916781700946536
C:\Users\User\AppData\Local\Temp\universal_mnist_cluster_kt2o4co_\brace-main\annotations\segments.csv,907,0,0.4121746504266059
C:\Users\User\AppData\Local\Temp\universal_mnist_cluster_kt2o4co_\brace-main\annotations\segments.csv,908,0,0.422962805823919
C:\Users\User\AppData\Local\Temp\universal_mnist_cluster_kt2o4co_\brace-main\annotations\segments.csv,909,0,0.41552788346547015
C:\Users\User\AppData\Local\Temp\universal_mnist_cluster_kt2o4co_\brace-main\annotations\segments.csv,910,0,0.40954574401610466
C:\Users\User\AppData\Local\Temp\universal_mnist_cluster_kt2o4co_\brace-main\annotations\segments.csv,911,0,0.42093735516774755
C:\Users\User\AppData\Local\Temp\universal_mnist_cluster_kt2o4co_\brace-main\annotations\segments.csv,912,0,0.43429527142599206
C:\Users\User\AppData\Local\Temp\universal_mnist_cluster_kt2o4co_\brace-main\annotations\segments.csv,913,0,0.43335055325660804
C:\Users\User\AppData\Local\Temp\universal_mnist_cluster_kt2o4co_\brace-main\annotations\segments.csv,914,0,0.45118680258528904
C:\Users\User\AppData\Local\Temp\universal_mnist_cluster_kt2o4co_\brace-main\annotations\segments.csv,915,0,0.4479433487193866
C:\Users\User\AppData\Local\Temp\universal_mnist_cluster_kt2o4co_\brace-main\annotations\segments.csv,916,1,0.4079802334243326
C:\Users\User\AppData\Local\Temp\universal_mnist_cluster_kt2o4co_\brace-main\annotations\segments.csv,917,1,0.39253788696082736
C:\Users\User\AppData\Local\Temp\universal_mnist_cluster_kt2o4co_\brace-main\annotations\segments.csv,918,1,0.38163289762155456
C:\Users\User\AppData\Local\Temp\universal_mnist_cluster_kt2o4co_\brace-main\annotations\segments.csv,919,1,0.3740553525923491
C:\Users\User\AppData\Local\Temp\universal_mnist_cluster_kt2o4co_\brace-main\annotations\segments.csv,920,1,0.3680682851660114
C:\Users\User\AppData\Local\Temp\universal_mnist_cluster_kt2o4co_\brace-main\annotations\segments.csv,921,1,0.3672477143503116
C:\Users\User\AppData\Local\Temp\universal_mnist_cluster_kt2o4co_\brace-main\annotations\segments.csv,922,1,0.35965778537877874
C:\Users\User\AppData\Local\Temp\universal_mnist_cluster_kt2o4co_\brace-main\annotations\segments.csv,923,1,0.3615328881832334
C:\Users\User\AppData\Local\Temp\universal_mnist_cluster_kt2o4co_\brace-main\annotations\segments.csv,924,1,0.36742454718848067
C:\Users\User\AppData\Local\Temp\universal_mnist_cluster_kt2o4co_\brace-main\annotations\segments.csv,925,1,0.36014477829894276
C:\Users\User\AppData\Local\Temp\universal_mnist_cluster_kt2o4co_\brace-main\annotations\segments.csv,926,1,0.3563869985717292
C:\Users\User\AppData\Local\Temp\universal_mnist_cluster_kt2o4co_\brace-main\annotations\segments.csv,927,1,0.37199143545453767
C:\Users\User\AppData\Local\Temp\universal_mnist_cluster_kt2o4co_\brace-main\annotations\segments.csv,928,1,0.36896475741302437
C:\Users\User\AppData\Local\Temp\universal_mnist_cluster_kt2o4co_\brace-main\annotations\segments.csv,929,1,0.3835133765799439
C:\Users\User\AppData\Local\Temp\universal_mnist_cluster_kt2o4co_\brace-main\annotations\segments.csv,930,1,0.3861613710369019
C:\Users\User\AppData\Local\Temp\universal_mnist_cluster_kt2o4co_\brace-main\annotations\segments.csv,931,1,0.396154296521012
C:\Users\User\AppData\Local\Temp\universal_mnist_cluster_kt2o4co_\brace-main\annotations\segments.csv,932,1,0.39514471022880326
C:\Users\User\AppData\Local\Temp\universal_mnist_cluster_kt2o4co_\brace-main\annotations\segments.csv,933,1,0.40123230900671003
C:\Users\User\AppData\Local\Temp\universal_mnist_cluster_kt2o4co_\brace-main\annotations\segments.csv,934,1,0.41598336197172403
C:\Users\User\AppData\Local\Temp\universal_mnist_cluster_kt2o4co_\brace-main\annotations\segments.csv,935,4,0.41784899639038126
C:\Users\User\AppData\Local\Temp\universal_mnist_cluster_kt2o4co_\brace-main\annotations\segments.csv,936,4,0.4007661332781281
C:\Users\User\AppData\Local\Temp\universal_mnist_cluster_kt2o4co_\brace-main\annotations\segments.csv,937,4,0.3898695775513347
C:\Users\User\AppData\Local\Temp\universal_mnist_cluster_kt2o4co_\brace-main\annotations\segments.csv,938,4,0.3763620226726469
C:\Users\User\AppData\Local\Temp\universal_mnist_cluster_kt2o4co_\brace-main\annotations\segments.csv,939,4,0.37836438599708694
C:\Users\User\AppData\Local\Temp\universal_mnist_cluster_kt2o4co_\brace-main\annotations\segments.csv,940,4,0.37277381382182573
C:\Users\User\AppData\Local\Temp\universal_mnist_cluster_kt2o4co_\brace-main\annotations\segments.csv,941,4,0.36553037109339254
C:\Users\User\AppData\Local\Temp\universal_mnist_cluster_kt2o4co_\brace-main\annotations\segments.csv,942,4,0.3699349647711458
C:\Users\User\AppData\Local\Temp\universal_mnist_cluster_kt2o4co_\brace-main\annotations\segments.csv,943,4,0.358414789663436
C:\Users\User\AppData\Local\Temp\universal_mnist_cluster_kt2o4co_\brace-main\annotations\segments.csv,944,4,0.36981650603834143
C:\Users\User\AppData\Local\Temp\universal_mnist_cluster_kt2o4co_\brace-main\annotations\segments.csv,945,4,0.36011145703897157
C:\Users\User\AppData\Local\Temp\universal_mnist_cluster_kt2o4co_\brace-main\annotations\segments.csv,946,4,0.35649065116672424
C:\Users\User\AppData\Local\Temp\universal_mnist_cluster_kt2o4co_\brace-main\annotations\segments.csv,947,4,0.37252907980572486
C:\Users\User\AppData\Local\Temp\universal_mnist_cluster_kt2o4co_\brace-main\annotations\segments.csv,948,4,0.3524904676337172
C:\Users\User\AppData\Local\Temp\universal_mnist_cluster_kt2o4co_\brace-main\annotations\segments.csv,949,4,0.3733724918689644
C:\Users\User\AppData\Local\Temp\universal_mnist_cluster_kt2o4co_\brace-main\annotations\segments.csv,950,4,0.35187642980269024
C:\Users\User\AppData\Local\Temp\universal_mnist_cluster_kt2o4co_\brace-main\annotations\segments.csv,951,4,0.3681960049734552
C:\Users\User\AppData\Local\Temp\universal_mnist_cluster_kt2o4co_\brace-main\annotations\segments.csv,952,4,0.35872377555260615
C:\Users\User\AppData\Local\Temp\universal_mnist_cluster_kt2o4co_\brace-main\annotations\segments.csv,953,4,0.37037013938469543
C:\Users\User\AppData\Local\Temp\universal_mnist_cluster_kt2o4co_\brace-main\annotations\segments.csv,954,4,0.3746301467064863
C:\Users\User\AppData\Local\Temp\universal_mnist_cluster_kt2o4co_\brace-main\annotations\segments.csv,955,4,0.3670034533763803
C:\Users\User\AppData\Local\Temp\universal_mnist_cluster_kt2o4co_\brace-main\annotations\segments.csv,956,4,0.38973998588417713
C:\Users\User\AppData\Local\Temp\universal_mnist_cluster_kt2o4co_\brace-main\annotations\segments.csv,957,3,0.3709007833024206
C:\Users\User\AppData\Local\Temp\universal_mnist_cluster_kt2o4co_\brace-main\annotations\segments.csv,958,3,0.36248406930458804
C:\Users\User\AppData\Local\Temp\universal_mnist_cluster_kt2o4co_\brace-main\annotations\segments.csv,959,3,0.36750246870040026
C:\Users\User\AppData\Local\Temp\universal_mnist_cluster_kt2o4co_\brace-main\annotations\segments.csv,960,3,0.3654721738716019
C:\Users\User\AppData\Local\Temp\universal_mnist_cluster_kt2o4co_\brace-main\annotations\segments.csv,961,3,0.37347679954707586
C:\Users\User\AppData\Local\Temp\universal_mnist_cluster_kt2o4co_\brace-main\annotations\segments.csv,962,3,0.3724942932095644
C:\Users\User\AppData\Local\Temp\universal_mnist_cluster_kt2o4co_\brace-main\annotations\segments.csv,963,3,0.3774647768599941
C:\Users\User\AppData\Local\Temp\universal_mnist_cluster_kt2o4co_\brace-main\annotations\segments.csv,964,3,0.38759407111484734
C:\Users\User\AppData\Local\Temp\universal_mnist_cluster_kt2o4co_\brace-main\annotations\segments.csv,965,3,0.39536493495824077
C:\Users\User\AppData\Local\Temp\universal_mnist_cluster_kt2o4co_\brace-main\annotations\segments.csv,966,3,0.4062036964542194
C:\Users\User\AppData\Local\Temp\universal_mnist_cluster_kt2o4co_\brace-main\annotations\segments.csv,967,3,0.3994675087404577
C:\Users\User\AppData\Local\Temp\universal_mnist_cluster_kt2o4co_\brace-main\annotations\segments.csv,968,3,0.4007672812852857
C:\Users\User\AppData\Local\Temp\universal_mnist_cluster_kt2o4co_\brace-main\annotations\segments.csv,969,3,0.403936054705764
C:\Users\User\AppData\Local\Temp\universal_mnist_cluster_kt2o4co_\brace-main\annotations\segments.csv,970,3,0.4154841943630844
C:\Users\User\AppData\Local\Temp\universal_mnist_cluster_kt2o4co_\brace-main\annotations\segments.csv,971,3,0.4304998741419342
C:\Users\User\AppData\Local\Temp\universal_mnist_cluster_kt2o4co_\brace-main\annotations\segments.csv,972,3,0.4232794799128102
C:\Users\User\AppData\Local\Temp\universal_mnist_cluster_kt2o4co_\brace-main\annotations\segments.csv,973,3,0.47056417423536967
C:\Users\User\AppData\Local\Temp\universal_mnist_cluster_kt2o4co_\brace-main\annotations\segments.csv,974,3,0.4618008716363383
C:\Users\User\AppData\Local\Temp\universal_mnist_cluster_kt2o4co_\brace-main\annotations\segments.csv,975,3,0.49711018965693127
C:\Users\User\AppData\Local\Temp\universal_mnist_cluster_kt2o4co_\brace-main\annotations\segments.csv,976,3,0.48896687540109396
C:\Users\User\AppData\Local\Temp\universal_mnist_cluster_kt2o4co_\brace-main\annotations\segments.csv,977,3,0.5100299260088765
C:\Users\User\AppData\Local\Temp\universal_mnist_cluster_kt2o4co_\brace-main\annotations\segments.csv,978,3,0.4656171415945505
C:\Users\User\AppData\Local\Temp\universal_mnist_cluster_kt2o4co_\brace-main\annotations\segments.csv,979,3,0.4546632394278239
C:\Users\User\AppData\Local\Temp\universal_mnist_cluster_kt2o4co_\brace-main\annotations\segments.csv,980,3,0.4494832623460154
C:\Users\User\AppData\Local\Temp\universal_mnist_cluster_kt2o4co_\brace-main\annotations\segments.csv,981,3,0.4429643995272122
C:\Users\User\AppData\Local\Temp\universal_mnist_cluster_kt2o4co_\brace-main\annotations\segments.csv,982,3,0.4294595178119058
C:\Users\User\AppData\Local\Temp\universal_mnist_cluster_kt2o4co_\brace-main\annotations\segments.csv,983,3,0.4252298066465859
C:\Users\User\AppData\Local\Temp\universal_mnist_cluster_kt2o4co_\brace-main\annotations\segments.csv,984,3,0.417682613314587
C:\Users\User\AppData\Local\Temp\universal_mnist_cluster_kt2o4co_\brace-main\annotations\segments.csv,985,3,0.4211613730715481
C:\Users\User\AppData\Local\Temp\universal_mnist_cluster_kt2o4co_\brace-main\annotations\segments.csv,986,3,0.4169492170118417
C:\Users\User\AppData\Local\Temp\universal_mnist_cluster_kt2o4co_\brace-main\annotations\segments.csv,987,3,0.41973983428183426
C:\Users\User\AppData\Local\Temp\universal_mnist_cluster_kt2o4co_\brace-main\annotations\segments.csv,988,3,0.426466242901869
C:\Users\User\AppData\Local\Temp\universal_mnist_cluster_kt2o4co_\brace-main\annotations\segments.csv,989,3,0.42218504194602796
C:\Users\User\AppData\Local\Temp\universal_mnist_cluster_kt2o4co_\brace-main\annotations\segments.csv,990,3,0.4309309576229814
C:\Users\User\AppData\Local\Temp\universal_mnist_cluster_kt2o4co_\brace-main\annotations\segments.csv,991,3,0.4223070674898252
C:\Users\User\AppData\Local\Temp\universal_mnist_cluster_kt2o4co_\brace-main\annotations\segments.csv,992,3,0.4351886477824033
C:\Users\User\AppData\Local\Temp\universal_mnist_cluster_kt2o4co_\brace-main\annotations\segments.csv,993,3,0.42439055443232954
C:\Users\User\AppData\Local\Temp\universal_mnist_cluster_kt2o4co_\brace-main\annotations\segments.csv,994,3,0.43848152916733246
C:\Users\User\AppData\Local\Temp\universal_mnist_cluster_kt2o4co_\brace-main\annotations\segments.csv,995,3,0.44914040723845006
C:\Users\User\AppData\Local\Temp\universal_mnist_cluster_kt2o4co_\brace-main\annotations\segments.csv,996,3,0.43995826794027953
C:\Users\User\AppData\Local\Temp\universal_mnist_cluster_kt2o4co_\brace-main\annotations\segments.csv,997,3,0.45194242719660643
C:\Users\User\AppData\Local\Temp\universal_mnist_cluster_kt2o4co_\brace-main\annotations\segments.csv,998,4,0.3575625886301325
C:\Users\User\AppData\Local\Temp\universal_mnist_cluster_kt2o4co_\brace-main\annotations\segments.csv,999,4,0.355369915155491
C:\Users\User\AppData\Local\Temp\universal_mnist_cluster_kt2o4co_\brace-main\annotations\segments.csv,1000,4,0.3560010382004263
C:\Users\User\AppData\Local\Temp\universal_mnist_cluster_kt2o4co_\brace-main\annotations\segments.csv,1001,4,0.35465702198034804
C:\Users\User\AppData\Local\Temp\universal_mnist_cluster_kt2o4co_\brace-main\annotations\segments.csv,1002,4,0.35828849728641426
C:\Users\User\AppData\Local\Temp\universal_mnist_cluster_kt2o4co_\brace-main\annotations\segments.csv,1003,4,0.3695690974810664
C:\Users\User\AppData\Local\Temp\universal_mnist_cluster_kt2o4co_\brace-main\annotations\segments.csv,1004,4,0.3751438221031037
C:\Users\User\AppData\Local\Temp\universal_mnist_cluster_kt2o4co_\brace-main\annotations\segments.csv,1005,4,0.3803981011840529
C:\Users\User\AppData\Local\Temp\universal_mnist_cluster_kt2o4co_\brace-main\annotations\segments.csv,1006,4,0.39584914469996824
C:\Users\User\AppData\Local\Temp\universal_mnist_cluster_kt2o4co_\brace-main\annotations\segments.csv,1007,4,0.3943941553968828
C:\Users\User\AppData\Local\Temp\universal_mnist_cluster_kt2o4co_\brace-main\annotations\segments.csv,1008,4,0.4323405553967464
C:\Users\User\AppData\Local\Temp\universal_mnist_cluster_kt2o4co_\brace-main\annotations\segments.csv,1009,4,0.4274576573477454
C:\Users\User\AppData\Local\Temp\universal_mnist_cluster_kt2o4co_\brace-main\annotations\segments.csv,1010,4,0.4800364658450151
C:\Users\User\AppData\Local\Temp\universal_mnist_cluster_kt2o4co_\brace-main\annotations\segments.csv,1011,6,0.41155788999420434
C:\Users\User\AppData\Local\Temp\universal_mnist_cluster_kt2o4co_\brace-main\annotations\segments.csv,1012,6,0.3916582419238787
C:\Users\User\AppData\Local\Temp\universal_mnist_cluster_kt2o4co_\brace-main\annotations\segments.csv,1013,6,0.38767025789767706
C:\Users\User\AppData\Local\Temp\universal_mnist_cluster_kt2o4co_\brace-main\annotations\segments.csv,1014,6,0.38215418853453703
C:\Users\User\AppData\Local\Temp\universal_mnist_cluster_kt2o4co_\brace-main\annotations\segments.csv,1015,6,0.37678193931639425
C:\Users\User\AppData\Local\Temp\universal_mnist_cluster_kt2o4co_\brace-main\annotations\segments.csv,1016,6,0.3714184511422239
C:\Users\User\AppData\Local\Temp\universal_mnist_cluster_kt2o4co_\brace-main\annotations\segments.csv,1017,6,0.36093060468135735
C:\Users\User\AppData\Local\Temp\universal_mnist_cluster_kt2o4co_\brace-main\annotations\segments.csv,1018,6,0.3574198223933327
C:\Users\User\AppData\Local\Temp\universal_mnist_cluster_kt2o4co_\brace-main\annotations\segments.csv,1019,6,0.3682632038023255
C:\Users\User\AppData\Local\Temp\universal_mnist_cluster_kt2o4co_\brace-main\annotations\segments.csv,1020,6,0.35847897848755145
C:\Users\User\AppData\Local\Temp\universal_mnist_cluster_kt2o4co_\brace-main\annotations\segments.csv,1021,6,0.375266934168766
C:\Users\User\AppData\Local\Temp\universal_mnist_cluster_kt2o4co_\brace-main\annotations\segments.csv,1022,6,0.3685958120232572
C:\Users\User\AppData\Local\Temp\universal_mnist_cluster_kt2o4co_\brace-main\annotations\segments.csv,1023,6,0.38351716792659285
C:\Users\User\AppData\Local\Temp\universal_mnist_cluster_kt2o4co_\brace-main\annotations\segments.csv,1024,6,0.3736773943188627
C:\Users\User\AppData\Local\Temp\universal_mnist_cluster_kt2o4co_\brace-main\annotations\segments.csv,1025,6,0.3974438643562633
C:\Users\User\AppData\Local\Temp\universal_mnist_cluster_kt2o4co_\brace-main\annotations\segments.csv,1026,6,0.39508098932388674
C:\Users\User\AppData\Local\Temp\universal_mnist_cluster_kt2o4co_\brace-main\annotations\segments.csv,1027,6,0.431482775905127
C:\Users\User\AppData\Local\Temp\universal_mnist_cluster_kt2o4co_\brace-main\annotations\segments.csv,1028,5,0.3973408564413994
C:\Users\User\AppData\Local\Temp\universal_mnist_cluster_kt2o4co_\brace-main\annotations\segments.csv,1029,5,0.3827101436846321
C:\Users\User\AppData\Local\Temp\universal_mnist_cluster_kt2o4co_\brace-main\annotations\segments.csv,1030,5,0.371578032954468
C:\Users\User\AppData\Local\Temp\universal_mnist_cluster_kt2o4co_\brace-main\annotations\segments.csv,1031,5,0.369985640982125
C:\Users\User\AppData\Local\Temp\universal_mnist_cluster_kt2o4co_\brace-main\annotations\segments.csv,1032,5,0.3706810364161245
C:\Users\User\AppData\Local\Temp\universal_mnist_cluster_kt2o4co_\brace-main\annotations\segments.csv,1033,5,0.36996092128238284
C:\Users\User\AppData\Local\Temp\universal_mnist_cluster_kt2o4co_\brace-main\annotations\segments.csv,1034,5,0.3619916612776751
C:\Users\User\AppData\Local\Temp\universal_mnist_cluster_kt2o4co_\brace-main\annotations\segments.csv,1035,5,0.3750863514205748
C:\Users\User\AppData\Local\Temp\universal_mnist_cluster_kt2o4co_\brace-main\annotations\segments.csv,1036,5,0.37177099371714395
C:\Users\User\AppData\Local\Temp\universal_mnist_cluster_kt2o4co_\brace-main\annotations\segments.csv,1037,5,0.3859846568379209
C:\Users\User\AppData\Local\Temp\universal_mnist_cluster_kt2o4co_\brace-main\annotations\segments.csv,1038,5,0.38990075990893636
C:\Users\User\AppData\Local\Temp\universal_mnist_cluster_kt2o4co_\brace-main\annotations\segments.csv,1039,5,0.40335566622493135
C:\Users\User\AppData\Local\Temp\universal_mnist_cluster_kt2o4co_\brace-main\annotations\segments.csv,1040,3,0.41010328131470863
C:\Users\User\AppData\Local\Temp\universal_mnist_cluster_kt2o4co_\brace-main\annotations\segments.csv,1041,3,0.40251099044828
C:\Users\User\AppData\Local\Temp\universal_mnist_cluster_kt2o4co_\brace-main\annotations\segments.csv,1042,3,0.39760642569815935
C:\Users\User\AppData\Local\Temp\universal_mnist_cluster_kt2o4co_\brace-main\annotations\segments.csv,1043,3,0.3928755149161234
C:\Users\User\AppData\Local\Temp\universal_mnist_cluster_kt2o4co_\brace-main\annotations\segments.csv,1044,3,0.3919226189412347
C:\Users\User\AppData\Local\Temp\universal_mnist_cluster_kt2o4co_\brace-main\annotations\segments.csv,1045,3,0.3874056817264792
C:\Users\User\AppData\Local\Temp\universal_mnist_cluster_kt2o4co_\brace-main\annotations\segments.csv,1046,3,0.3937436722598914
C:\Users\User\AppData\Local\Temp\universal_mnist_cluster_kt2o4co_\brace-main\annotations\segments.csv,1047,3,0.40041237319538503
C:\Users\User\AppData\Local\Temp\universal_mnist_cluster_kt2o4co_\brace-main\annotations\segments.csv,1048,3,0.4146469609751455
C:\Users\User\AppData\Local\Temp\universal_mnist_cluster_kt2o4co_\brace-main\annotations\segments.csv,1049,3,0.4189355660544831
C:\Users\User\AppData\Local\Temp\universal_mnist_cluster_kt2o4co_\brace-main\annotations\segments.csv,1050,3,0.4191235606124041
C:\Users\User\AppData\Local\Temp\universal_mnist_cluster_kt2o4co_\brace-main\annotations\segments.csv,1051,3,0.43700522406627534
C:\Users\User\AppData\Local\Temp\universal_mnist_cluster_kt2o4co_\brace-main\annotations\segments.csv,1052,3,0.43029165131281705
C:\Users\User\AppData\Local\Temp\universal_mnist_cluster_kt2o4co_\brace-main\annotations\segments.csv,1053,3,0.46587933851607893
C:\Users\User\AppData\Local\Temp\universal_mnist_cluster_kt2o4co_\brace-main\annotations\segments.csv,1054,2,0.40543381929132855
C:\Users\User\AppData\Local\Temp\universal_mnist_cluster_kt2o4co_\brace-main\annotations\segments.csv,1055,2,0.3915558668639195
C:\Users\User\AppData\Local\Temp\universal_mnist_cluster_kt2o4co_\brace-main\annotations\segments.csv,1056,2,0.38535248616992823
C:\Users\User\AppData\Local\Temp\universal_mnist_cluster_kt2o4co_\brace-main\annotations\segments.csv,1057,2,0.377593631562484
C:\Users\User\AppData\Local\Temp\universal_mnist_cluster_kt2o4co_\brace-main\annotations\segments.csv,1058,2,0.380848169116711
C:\Users\User\AppData\Local\Temp\universal_mnist_cluster_kt2o4co_\brace-main\annotations\segments.csv,1059,2,0.3744420267897447
C:\Users\User\AppData\Local\Temp\universal_mnist_cluster_kt2o4co_\brace-main\annotations\segments.csv,1060,2,0.3741280047054296
C:\Users\User\AppData\Local\Temp\universal_mnist_cluster_kt2o4co_\brace-main\annotations\segments.csv,1061,2,0.3696298741415671
C:\Users\User\AppData\Local\Temp\universal_mnist_cluster_kt2o4co_\brace-main\annotations\segments.csv,1062,2,0.3581245717194496
C:\Users\User\AppData\Local\Temp\universal_mnist_cluster_kt2o4co_\brace-main\annotations\segments.csv,1063,2,0.37977187535423446
C:\Users\User\AppData\Local\Temp\universal_mnist_cluster_kt2o4co_\brace-main\annotations\segments.csv,1064,2,0.37159822867235687
C:\Users\User\AppData\Local\Temp\universal_mnist_cluster_kt2o4co_\brace-main\annotations\segments.csv,1065,2,0.36866539421446065
C:\Users\User\AppData\Local\Temp\universal_mnist_cluster_kt2o4co_\brace-main\annotations\segments.csv,1066,2,0.37908176887895734
C:\Users\User\AppData\Local\Temp\universal_mnist_cluster_kt2o4co_\brace-main\annotations\segments.csv,1067,2,0.3897662041386973
C:\Users\User\AppData\Local\Temp\universal_mnist_cluster_kt2o4co_\brace-main\annotations\segments.csv,1068,2,0.3811964761653072
C:\Users\User\AppData\Local\Temp\universal_mnist_cluster_kt2o4co_\brace-main\annotations\segments.csv,1069,2,0.39605026181380976
C:\Users\User\AppData\Local\Temp\universal_mnist_cluster_kt2o4co_\brace-main\annotations\segments.csv,1070,1,0.5526451160427159
C:\Users\User\AppData\Local\Temp\universal_mnist_cluster_kt2o4co_\brace-main\annotations\segments.csv,1071,1,0.5022579292111695
C:\Users\User\AppData\Local\Temp\universal_mnist_cluster_kt2o4co_\brace-main\annotations\segments.csv,1072,1,0.4124027706557315
C:\Users\User\AppData\Local\Temp\universal_mnist_cluster_kt2o4co_\brace-main\annotations\segments.csv,1073,1,0.4331251532454626
C:\Users\User\AppData\Local\Temp\universal_mnist_cluster_kt2o4co_\brace-main\annotations\segments.csv,1074,1,0.4070266206066145
C:\Users\User\AppData\Local\Temp\universal_mnist_cluster_kt2o4co_\brace-main\annotations\segments.csv,1075,1,0.40696557696514124
C:\Users\User\AppData\Local\Temp\universal_mnist_cluster_kt2o4co_\brace-main\annotations\segments.csv,1076,1,0.39968060205007916
C:\Users\User\AppData\Local\Temp\universal_mnist_cluster_kt2o4co_\brace-main\annotations\segments.csv,1077,1,0.4074736744146433
C:\Users\User\AppData\Local\Temp\universal_mnist_cluster_kt2o4co_\brace-main\annotations\segments.csv,1078,1,0.4114438440617083
C:\Users\User\AppData\Local\Temp\universal_mnist_cluster_kt2o4co_\brace-main\annotations\segments.csv,1079,1,0.3837423227488574
C:\Users\User\AppData\Local\Temp\universal_mnist_cluster_kt2o4co_\brace-main\annotations\segments.csv,1080,1,0.4148671859432565
C:\Users\User\AppData\Local\Temp\universal_mnist_cluster_kt2o4co_\brace-main\annotations\segments.csv,1081,1,0.4045366651612546
C:\Users\User\AppData\Local\Temp\universal_mnist_cluster_kt2o4co_\brace-main\annotations\segments.csv,1082,1,0.41200880745611274
C:\Users\User\AppData\Local\Temp\universal_mnist_cluster_kt2o4co_\brace-main\annotations\segments.csv,1083,1,0.4296889267058154
C:\Users\User\AppData\Local\Temp\universal_mnist_cluster_kt2o4co_\brace-main\annotations\segments.csv,1084,1,0.42402856482804513
C:\Users\User\AppData\Local\Temp\universal_mnist_cluster_kt2o4co_\brace-main\annotations\segments.csv,1085,1,0.44223428728485603
C:\Users\User\AppData\Local\Temp\universal_mnist_cluster_kt2o4co_\brace-main\annotations\segments.csv,1086,0,0.4524047085063198
C:\Users\User\AppData\Local\Temp\universal_mnist_cluster_kt2o4co_\brace-main\annotations\segments.csv,1087,0,0.43597172774586623
C:\Users\User\AppData\Local\Temp\universal_mnist_cluster_kt2o4co_\brace-main\annotations\segments.csv,1088,0,0.43234851196054563
C:\Users\User\AppData\Local\Temp\universal_mnist_cluster_kt2o4co_\brace-main\annotations\segments.csv,1089,0,0.4169739215409153
C:\Users\User\AppData\Local\Temp\universal_mnist_cluster_kt2o4co_\brace-main\annotations\segments.csv,1090,0,0.40762277097332206
C:\Users\User\AppData\Local\Temp\universal_mnist_cluster_kt2o4co_\brace-main\annotations\segments.csv,1091,0,0.41695312629377373
C:\Users\User\AppData\Local\Temp\universal_mnist_cluster_kt2o4co_\brace-main\annotations\segments.csv,1092,0,0.3968580645720533
C:\Users\User\AppData\Local\Temp\universal_mnist_cluster_kt2o4co_\brace-main\annotations\segments.csv,1093,0,0.40333017911927144
C:\Users\User\AppData\Local\Temp\universal_mnist_cluster_kt2o4co_\brace-main\annotations\segments.csv,1094,0,0.3882862470088314
C:\Users\User\AppData\Local\Temp\universal_mnist_cluster_kt2o4co_\brace-main\annotations\segments.csv,1095,0,0.3934305541695795
C:\Users\User\AppData\Local\Temp\universal_mnist_cluster_kt2o4co_\brace-main\annotations\segments.csv,1096,0,0.40485547710975545
C:\Users\User\AppData\Local\Temp\universal_mnist_cluster_kt2o4co_\brace-main\annotations\segments.csv,1097,0,0.3915554389930279
C:\Users\User\AppData\Local\Temp\universal_mnist_cluster_kt2o4co_\brace-main\annotations\segments.csv,1098,0,0.401669530434122
C:\Users\User\AppData\Local\Temp\universal_mnist_cluster_kt2o4co_\brace-main\annotations\segments.csv,1099,0,0.38739754248788055
C:\Users\User\AppData\Local\Temp\universal_mnist_cluster_kt2o4co_\brace-main\annotations\segments.csv,1100,0,0.4018895835889684
C:\Users\User\AppData\Local\Temp\universal_mnist_cluster_kt2o4co_\brace-main\annotations\segments.csv,1101,0,0.3864373312491318
C:\Users\User\AppData\Local\Temp\universal_mnist_cluster_kt2o4co_\brace-main\annotations\segments.csv,1102,0,0.39057812756095034
C:\Users\User\AppData\Local\Temp\universal_mnist_cluster_kt2o4co_\brace-main\annotations\segments.csv,1103,0,0.40442628679514575
C:\Users\User\AppData\Local\Temp\universal_mnist_cluster_kt2o4co_\brace-main\annotations\segments.csv,1104,0,0.4021812028201798
C:\Users\User\AppData\Local\Temp\universal_mnist_cluster_kt2o4co_\brace-main\annotations\segments.csv,1105,0,0.4142129925612622
C:\Users\User\AppData\Local\Temp\universal_mnist_cluster_kt2o4co_\brace-main\annotations\segments.csv,1106,0,0.41180501161212996
C:\Users\User\AppData\Local\Temp\universal_mnist_cluster_kt2o4co_\brace-main\annotations\segments.csv,1107,0,0.4164393637921436
C:\Users\User\AppData\Local\Temp\universal_mnist_cluster_kt2o4co_\brace-main\annotations\segments.csv,1108,0,0.443370055689389
C:\Users\User\AppData\Local\Temp\universal_mnist_cluster_kt2o4co_\brace-main\annotations\segments.csv,1109,0,0.4350299347013739
C:\Users\User\AppData\Local\Temp\universal_mnist_cluster_kt2o4co_\brace-main\annotations\segments.csv,1110,0,0.41883469821723734
C:\Users\User\AppData\Local\Temp\universal_mnist_cluster_kt2o4co_\brace-main\annotations\segments.csv,1111,0,0.4530150808695085
C:\Users\User\AppData\Local\Temp\universal_mnist_cluster_kt2o4co_\brace-main\annotations\segments.csv,1112,3,0.454427832091269
C:\Users\User\AppData\Local\Temp\universal_mnist_cluster_kt2o4co_\brace-main\annotations\segments.csv,1113,3,0.443364414746262
C:\Users\User\AppData\Local\Temp\universal_mnist_cluster_kt2o4co_\brace-main\annotations\segments.csv,1114,3,0.43459152897622394
C:\Users\User\AppData\Local\Temp\universal_mnist_cluster_kt2o4co_\brace-main\annotations\segments.csv,1115,3,0.41579534832362747
C:\Users\User\AppData\Local\Temp\universal_mnist_cluster_kt2o4co_\brace-main\annotations\segments.csv,1116,3,0.41229422458735626
C:\Users\User\AppData\Local\Temp\universal_mnist_cluster_kt2o4co_\brace-main\annotations\segments.csv,1117,3,0.41061840671885924
C:\Users\User\AppData\Local\Temp\universal_mnist_cluster_kt2o4co_\brace-main\annotations\segments.csv,1118,3,0.3963271351674109
C:\Users\User\AppData\Local\Temp\universal_mnist_cluster_kt2o4co_\brace-main\annotations\segments.csv,1119,3,0.4032766407806132
C:\Users\User\AppData\Local\Temp\universal_mnist_cluster_kt2o4co_\brace-main\annotations\segments.csv,1120,3,0.41790482189600003
C:\Users\User\AppData\Local\Temp\universal_mnist_cluster_kt2o4co_\brace-main\annotations\segments.csv,1121,3,0.39773578390142905
C:\Users\User\AppData\Local\Temp\universal_mnist_cluster_kt2o4co_\brace-main\annotations\segments.csv,1122,3,0.4215358750394147
C:\Users\User\AppData\Local\Temp\universal_mnist_cluster_kt2o4co_\brace-main\annotations\segments.csv,1123,3,0.4083613220906646
C:\Users\User\AppData\Local\Temp\universal_mnist_cluster_kt2o4co_\brace-main\annotations\segments.csv,1124,3,0.4152688613540034
C:\Users\User\AppData\Local\Temp\universal_mnist_cluster_kt2o4co_\brace-main\annotations\segments.csv,1125,3,0.4336199533593345
C:\Users\User\AppData\Local\Temp\universal_mnist_cluster_kt2o4co_\brace-main\annotations\segments.csv,1126,3,0.4349240125324047
C:\Users\User\AppData\Local\Temp\universal_mnist_cluster_kt2o4co_\brace-main\annotations\segments.csv,1127,3,0.44887317279905864
C:\Users\User\AppData\Local\Temp\universal_mnist_cluster_kt2o4co_\brace-main\annotations\segments.csv,1128,3,0.45812524091057855
C:\Users\User\AppData\Local\Temp\universal_mnist_cluster_kt2o4co_\brace-main\annotations\segments.csv,1129,2,0.4398562837643198
C:\Users\User\AppData\Local\Temp\universal_mnist_cluster_kt2o4co_\brace-main\annotations\segments.csv,1130,2,0.43317380927795107
C:\Users\User\AppData\Local\Temp\universal_mnist_cluster_kt2o4co_\brace-main\annotations\segments.csv,1131,2,0.4325412935997292
C:\Users\User\AppData\Local\Temp\universal_mnist_cluster_kt2o4co_\brace-main\annotations\segments.csv,1132,2,0.4077550075408051
C:\Users\User\AppData\Local\Temp\universal_mnist_cluster_kt2o4co_\brace-main\annotations\segments.csv,1133,2,0.4046146447221036
C:\Users\User\AppData\Local\Temp\universal_mnist_cluster_kt2o4co_\brace-main\annotations\segments.csv,1134,2,0.41594645509885253
C:\Users\User\AppData\Local\Temp\universal_mnist_cluster_kt2o4co_\brace-main\annotations\segments.csv,1135,2,0.40345136855232117
C:\Users\User\AppData\Local\Temp\universal_mnist_cluster_kt2o4co_\brace-main\annotations\segments.csv,1136,2,0.4036754424889181
C:\Users\User\AppData\Local\Temp\universal_mnist_cluster_kt2o4co_\brace-main\annotations\segments.csv,1137,2,0.3881203216505742
C:\Users\User\AppData\Local\Temp\universal_mnist_cluster_kt2o4co_\brace-main\annotations\segments.csv,1138,2,0.40397773807902027
C:\Users\User\AppData\Local\Temp\universal_mnist_cluster_kt2o4co_\brace-main\annotations\segments.csv,1139,2,0.38156156049459283
C:\Users\User\AppData\Local\Temp\universal_mnist_cluster_kt2o4co_\brace-main\annotations\segments.csv,1140,2,0.3866290180425854
C:\Users\User\AppData\Local\Temp\universal_mnist_cluster_kt2o4co_\brace-main\annotations\segments.csv,1141,2,0.37674307268740254
C:\Users\User\AppData\Local\Temp\universal_mnist_cluster_kt2o4co_\brace-main\annotations\segments.csv,1142,2,0.3903264321193956
C:\Users\User\AppData\Local\Temp\universal_mnist_cluster_kt2o4co_\brace-main\annotations\segments.csv,1143,2,0.3895503656840672
C:\Users\User\AppData\Local\Temp\universal_mnist_cluster_kt2o4co_\brace-main\annotations\segments.csv,1144,2,0.4009458999612581
C:\Users\User\AppData\Local\Temp\universal_mnist_cluster_kt2o4co_\brace-main\annotations\segments.csv,1145,2,0.3957330449055313
C:\Users\User\AppData\Local\Temp\universal_mnist_cluster_kt2o4co_\brace-main\annotations\segments.csv,1146,2,0.395303132640709
C:\Users\User\AppData\Local\Temp\universal_mnist_cluster_kt2o4co_\brace-main\annotations\segments.csv,1147,2,0.4073149560101032
C:\Users\User\AppData\Local\Temp\universal_mnist_cluster_kt2o4co_\brace-main\annotations\segments.csv,1148,2,0.41689701350584396
C:\Users\User\AppData\Local\Temp\universal_mnist_cluster_kt2o4co_\brace-main\annotations\segments.csv,1149,3,0.4415880740684017
C:\Users\User\AppData\Local\Temp\universal_mnist_cluster_kt2o4co_\brace-main\annotations\segments.csv,1150,3,0.44328861487822985
C:\Users\User\AppData\Local\Temp\universal_mnist_cluster_kt2o4co_\brace-main\annotations\segments.csv,1151,3,0.44145778388068935
C:\Users\User\AppData\Local\Temp\universal_mnist_cluster_kt2o4co_\brace-main\annotations\segments.csv,1152,3,0.4191059939769911
C:\Users\User\AppData\Local\Temp\universal_mnist_cluster_kt2o4co_\brace-main\annotations\segments.csv,1153,3,0.40371800857018114
C:\Users\User\AppData\Local\Temp\universal_mnist_cluster_kt2o4co_\brace-main\annotations\segments.csv,1154,3,0.41909430225167815
C:\Users\User\AppData\Local\Temp\universal_mnist_cluster_kt2o4co_\brace-main\annotations\segments.csv,1155,3,0.40378127188649887
C:\Users\User\AppData\Local\Temp\universal_mnist_cluster_kt2o4co_\brace-main\annotations\segments.csv,1156,3,0.4131020059571214
C:\Users\User\AppData\Local\Temp\universal_mnist_cluster_kt2o4co_\brace-main\annotations\segments.csv,1157,3,0.39169839198639445
C:\Users\User\AppData\Local\Temp\universal_mnist_cluster_kt2o4co_\brace-main\annotations\segments.csv,1158,3,0.41047570909225756
C:\Users\User\AppData\Local\Temp\universal_mnist_cluster_kt2o4co_\brace-main\annotations\segments.csv,1159,3,0.3960892900207205
C:\Users\User\AppData\Local\Temp\universal_mnist_cluster_kt2o4co_\brace-main\annotations\segments.csv,1160,3,0.38377756772713434
C:\Users\User\AppData\Local\Temp\universal_mnist_cluster_kt2o4co_\brace-main\annotations\segments.csv,1161,3,0.4021714530061736
C:\Users\User\AppData\Local\Temp\universal_mnist_cluster_kt2o4co_\brace-main\annotations\segments.csv,1162,3,0.3925210871273008
C:\Users\User\AppData\Local\Temp\universal_mnist_cluster_kt2o4co_\brace-main\annotations\segments.csv,1163,3,0.402264313659907
C:\Users\User\AppData\Local\Temp\universal_mnist_cluster_kt2o4co_\brace-main\annotations\segments.csv,1164,3,0.41075140767199936
C:\Users\User\AppData\Local\Temp\universal_mnist_cluster_kt2o4co_\brace-main\annotations\segments.csv,1165,3,0.40961251262736253
C:\Users\User\AppData\Local\Temp\universal_mnist_cluster_kt2o4co_\brace-main\annotations\segments.csv,1166,3,0.41724197728216905
C:\Users\User\AppData\Local\Temp\universal_mnist_cluster_kt2o4co_\brace-main\annotations\segments.csv,1167,3,0.4389489509704168
C:\Users\User\AppData\Local\Temp\universal_mnist_cluster_kt2o4co_\brace-main\annotations\segments.csv,1168,3,0.4477337538390225
C:\Users\User\AppData\Local\Temp\universal_mnist_cluster_kt2o4co_\brace-main\annotations\segments.csv,1169,3,0.4389036600678402
C:\Users\User\AppData\Local\Temp\universal_mnist_cluster_kt2o4co_\brace-main\annotations\segments.csv,1170,3,0.4336007780388121
C:\Users\User\AppData\Local\Temp\universal_mnist_cluster_kt2o4co_\brace-main\annotations\segments.csv,1171,3,0.40773796002323814
C:\Users\User\AppData\Local\Temp\universal_mnist_cluster_kt2o4co_\brace-main\annotations\segments.csv,1172,3,0.41239106976613904
C:\Users\User\AppData\Local\Temp\universal_mnist_cluster_kt2o4co_\brace-main\annotations\segments.csv,1173,3,0.4166067393059348
C:\Users\User\AppData\Local\Temp\universal_mnist_cluster_kt2o4co_\brace-main\annotations\segments.csv,1174,3,0.3960456065515113
C:\Users\User\AppData\Local\Temp\universal_mnist_cluster_kt2o4co_\brace-main\annotations\segments.csv,1175,3,0.40163877666301395
C:\Users\User\AppData\Local\Temp\universal_mnist_cluster_kt2o4co_\brace-main\annotations\segments.csv,1176,3,0.38759127109832314
C:\Users\User\AppData\Local\Temp\universal_mnist_cluster_kt2o4co_\brace-main\annotations\segments.csv,1177,3,0.4116425408526231
C:\Users\User\AppData\Local\Temp\universal_mnist_cluster_kt2o4co_\brace-main\annotations\segments.csv,1178,3,0.3850247180382199
C:\Users\User\AppData\Local\Temp\universal_mnist_cluster_kt2o4co_\brace-main\annotations\segments.csv,1179,3,0.40716985978370185
C:\Users\User\AppData\Local\Temp\universal_mnist_cluster_kt2o4co_\brace-main\annotations\segments.csv,1180,3,0.3902225478767446
C:\Users\User\AppData\Local\Temp\universal_mnist_cluster_kt2o4co_\brace-main\annotations\segments.csv,1181,3,0.4001907347988623
C:\Users\User\AppData\Local\Temp\universal_mnist_cluster_kt2o4co_\brace-main\annotations\segments.csv,1182,3,0.4060436840936839
C:\Users\User\AppData\Local\Temp\universal_mnist_cluster_kt2o4co_\brace-main\annotations\segments.csv,1183,3,0.4291766759381027
C:\Users\User\AppData\Local\Temp\universal_mnist_cluster_kt2o4co_\brace-main\annotations\segments.csv,1184,3,0.41857555833803367
C:\Users\User\AppData\Local\Temp\universal_mnist_cluster_kt2o4co_\brace-main\annotations\segments.csv,1185,2,0.4356962761953009
C:\Users\User\AppData\Local\Temp\universal_mnist_cluster_kt2o4co_\brace-main\annotations\segments.csv,1186,2,0.41710055705747967
C:\Users\User\AppData\Local\Temp\universal_mnist_cluster_kt2o4co_\brace-main\annotations\segments.csv,1187,2,0.41031606263989023
C:\Users\User\AppData\Local\Temp\universal_mnist_cluster_kt2o4co_\brace-main\annotations\segments.csv,1188,2,0.39357833469575837
C:\Users\User\AppData\Local\Temp\universal_mnist_cluster_kt2o4co_\brace-main\annotations\segments.csv,1189,2,0.3923490992216324
C:\Users\User\AppData\Local\Temp\universal_mnist_cluster_kt2o4co_\brace-main\annotations\segments.csv,1190,2,0.399217128671659
C:\Users\User\AppData\Local\Temp\universal_mnist_cluster_kt2o4co_\brace-main\annotations\segments.csv,1191,2,0.3784893884205649
C:\Users\User\AppData\Local\Temp\universal_mnist_cluster_kt2o4co_\brace-main\annotations\segments.csv,1192,2,0.3847809164896637
C:\Users\User\AppData\Local\Temp\universal_mnist_cluster_kt2o4co_\brace-main\annotations\segments.csv,1193,2,0.39728769067512576
C:\Users\User\AppData\Local\Temp\universal_mnist_cluster_kt2o4co_\brace-main\annotations\segments.csv,1194,2,0.38237275314214536
C:\Users\User\AppData\Local\Temp\universal_mnist_cluster_kt2o4co_\brace-main\annotations\segments.csv,1195,2,0.37790774558140916
C:\Users\User\AppData\Local\Temp\universal_mnist_cluster_kt2o4co_\brace-main\annotations\segments.csv,1196,2,0.3922242281777566
C:\Users\User\AppData\Local\Temp\universal_mnist_cluster_kt2o4co_\brace-main\annotations\segments.csv,1197,2,0.40130127243472424
C:\Users\User\AppData\Local\Temp\universal_mnist_cluster_kt2o4co_\brace-main\annotations\segments.csv,1198,2,0.39318291900956837
C:\Users\User\AppData\Local\Temp\universal_mnist_cluster_kt2o4co_\brace-main\annotations\segments.csv,1199,2,0.40165169563896924
C:\Users\User\AppData\Local\Temp\universal_mnist_cluster_kt2o4co_\brace-main\annotations\segments.csv,1200,2,0.41212400721010484
C:\Users\User\AppData\Local\Temp\universal_mnist_cluster_kt2o4co_\brace-main\annotations\segments.csv,1201,2,0.40958597256397594
C:\Users\User\AppData\Local\Temp\universal_mnist_cluster_kt2o4co_\brace-main\annotations\segments.csv,1202,2,0.4289251910126658
C:\Users\User\AppData\Local\Temp\universal_mnist_cluster_kt2o4co_\brace-main\annotations\segments.csv,1203,2,0.4143723204859793
C:\Users\User\AppData\Local\Temp\universal_mnist_cluster_kt2o4co_\brace-main\annotations\segments.csv,1204,2,0.4344041151757413
C:\Users\User\AppData\Local\Temp\universal_mnist_cluster_kt2o4co_\brace-main\annotations\segments.csv,1205,2,0.4440293283510933
C:\Users\User\AppData\Local\Temp\universal_mnist_cluster_kt2o4co_\brace-main\annotations\segments.csv,1206,2,0.4328566169503536
C:\Users\User\AppData\Local\Temp\universal_mnist_cluster_kt2o4co_\brace-main\annotations\segments.csv,1207,2,0.42052267801102716
C:\Users\User\AppData\Local\Temp\universal_mnist_cluster_kt2o4co_\brace-main\annotations\segments.csv,1208,2,0.38978135630352423
C:\Users\User\AppData\Local\Temp\universal_mnist_cluster_kt2o4co_\brace-main\annotations\segments.csv,1209,2,0.4069888843091467
C:\Users\User\AppData\Local\Temp\universal_mnist_cluster_kt2o4co_\brace-main\annotations\segments.csv,1210,2,0.38156387926939733
C:\Users\User\AppData\Local\Temp\universal_mnist_cluster_kt2o4co_\brace-main\annotations\segments.csv,1211,2,0.39929649509329157
C:\Users\User\AppData\Local\Temp\universal_mnist_cluster_kt2o4co_\brace-main\annotations\segments.csv,1212,2,0.3850104102285983
C:\Users\User\AppData\Local\Temp\universal_mnist_cluster_kt2o4co_\brace-main\annotations\segments.csv,1213,2,0.39735770495898454
C:\Users\User\AppData\Local\Temp\universal_mnist_cluster_kt2o4co_\brace-main\annotations\segments.csv,1214,2,0.37346114725703694
C:\Users\User\AppData\Local\Temp\universal_mnist_cluster_kt2o4co_\brace-main\annotations\segments.csv,1215,2,0.3819578711137355
C:\Users\User\AppData\Local\Temp\universal_mnist_cluster_kt2o4co_\brace-main\annotations\segments.csv,1216,2,0.40019199196338606
C:\Users\User\AppData\Local\Temp\universal_mnist_cluster_kt2o4co_\brace-main\annotations\segments.csv,1217,2,0.39431656385473063
C:\Users\User\AppData\Local\Temp\universal_mnist_cluster_kt2o4co_\brace-main\annotations\segments.csv,1218,2,0.4039016235889493
C:\Users\User\AppData\Local\Temp\universal_mnist_cluster_kt2o4co_\brace-main\annotations\segments.csv,1219,2,0.3820417732339535
C:\Users\User\AppData\Local\Temp\universal_mnist_cluster_kt2o4co_\brace-main\annotations\segments.csv,1220,2,0.3959821633103712
C:\Users\User\AppData\Local\Temp\universal_mnist_cluster_kt2o4co_\brace-main\annotations\segments.csv,1221,2,0.3961757359495555
C:\Users\User\AppData\Local\Temp\universal_mnist_cluster_kt2o4co_\brace-main\annotations\segments.csv,1222,2,0.3876216562029006
C:\Users\User\AppData\Local\Temp\universal_mnist_cluster_kt2o4co_\brace-main\annotations\segments.csv,1223,2,0.41233108946570945
C:\Users\User\AppData\Local\Temp\universal_mnist_cluster_kt2o4co_\brace-main\annotations\segments.csv,1224,1,0.44898679125275953
C:\Users\User\AppData\Local\Temp\universal_mnist_cluster_kt2o4co_\brace-main\annotations\segments.csv,1225,1,0.4371734908811933
C:\Users\User\AppData\Local\Temp\universal_mnist_cluster_kt2o4co_\brace-main\annotations\segments.csv,1226,1,0.4321149010309049
C:\Users\User\AppData\Local\Temp\universal_mnist_cluster_kt2o4co_\brace-main\annotations\segments.csv,1227,1,0.41309086108660387
C:\Users\User\AppData\Local\Temp\universal_mnist_cluster_kt2o4co_\brace-main\annotations\segments.csv,1228,1,0.41349995742766743
C:\Users\User\AppData\Local\Temp\universal_mnist_cluster_kt2o4co_\brace-main\annotations\segments.csv,1229,1,0.4087441000787091
C:\Users\User\AppData\Local\Temp\universal_mnist_cluster_kt2o4co_\brace-main\annotations\segments.csv,1230,1,0.4169311906825085
C:\Users\User\AppData\Local\Temp\universal_mnist_cluster_kt2o4co_\brace-main\annotations\segments.csv,1231,1,0.41150529009045733
C:\Users\User\AppData\Local\Temp\universal_mnist_cluster_kt2o4co_\brace-main\annotations\segments.csv,1232,1,0.3983479623634628
C:\Users\User\AppData\Local\Temp\universal_mnist_cluster_kt2o4co_\brace-main\annotations\segments.csv,1233,1,0.38540460155544454
C:\Users\User\AppData\Local\Temp\universal_mnist_cluster_kt2o4co_\brace-main\annotations\segments.csv,1234,1,0.4051466794435987
C:\Users\User\AppData\Local\Temp\universal_mnist_cluster_kt2o4co_\brace-main\annotations\segments.csv,1235,1,0.4150686003115063
C:\Users\User\AppData\Local\Temp\universal_mnist_cluster_kt2o4co_\brace-main\annotations\segments.csv,1236,1,0.4063806748072362
C:\Users\User\AppData\Local\Temp\universal_mnist_cluster_kt2o4co_\brace-main\annotations\segments.csv,1237,1,0.41401954461563667
C:\Users\User\AppData\Local\Temp\universal_mnist_cluster_kt2o4co_\brace-main\annotations\segments.csv,1238,1,0.43208886177357253
C:\Users\User\AppData\Local\Temp\universal_mnist_cluster_kt2o4co_\brace-main\annotations\segments.csv,1239,1,0.4252317270061152
C:\Users\User\AppData\Local\Temp\universal_mnist_cluster_kt2o4co_\brace-main\annotations\segments.csv,1240,1,0.44736421993946746
C:\Users\User\AppData\Local\Temp\universal_mnist_cluster_kt2o4co_\brace-main\annotations\segments.csv,1241,1,0.45853757288805597
C:\Users\User\AppData\Local\Temp\universal_mnist_cluster_kt2o4co_\brace-main\annotations\segments.csv,1242,5,0.4455836016799348
C:\Users\User\AppData\Local\Temp\universal_mnist_cluster_kt2o4co_\brace-main\annotations\segments.csv,1243,5,0.43396079384344827
C:\Users\User\AppData\Local\Temp\universal_mnist_cluster_kt2o4co_\brace-main\annotations\segments.csv,1244,5,0.42878867459639447
C:\Users\User\AppData\Local\Temp\universal_mnist_cluster_kt2o4co_\brace-main\annotations\segments.csv,1245,5,0.4229515773404813
C:\Users\User\AppData\Local\Temp\universal_mnist_cluster_kt2o4co_\brace-main\annotations\segments.csv,1246,5,0.40648184756860584
C:\Users\User\AppData\Local\Temp\universal_mnist_cluster_kt2o4co_\brace-main\annotations\segments.csv,1247,5,0.39761059128857273
C:\Users\User\AppData\Local\Temp\universal_mnist_cluster_kt2o4co_\brace-main\annotations\segments.csv,1248,5,0.3983699433513333
C:\Users\User\AppData\Local\Temp\universal_mnist_cluster_kt2o4co_\brace-main\annotations\segments.csv,1249,5,0.40149742967082086
C:\Users\User\AppData\Local\Temp\universal_mnist_cluster_kt2o4co_\brace-main\annotations\segments.csv,1250,5,0.3831069960821656
C:\Users\User\AppData\Local\Temp\universal_mnist_cluster_kt2o4co_\brace-main\annotations\segments.csv,1251,5,0.3869995017700298
C:\Users\User\AppData\Local\Temp\universal_mnist_cluster_kt2o4co_\brace-main\annotations\segments.csv,1252,5,0.3839733244423588
C:\Users\User\AppData\Local\Temp\universal_mnist_cluster_kt2o4co_\brace-main\annotations\segments.csv,1253,5,0.40281641978793853
C:\Users\User\AppData\Local\Temp\universal_mnist_cluster_kt2o4co_\brace-main\annotations\segments.csv,1254,5,0.3878472644203363
C:\Users\User\AppData\Local\Temp\universal_mnist_cluster_kt2o4co_\brace-main\annotations\segments.csv,1255,5,0.38329618284798234
C:\Users\User\AppData\Local\Temp\universal_mnist_cluster_kt2o4co_\brace-main\annotations\segments.csv,1256,5,0.40405410286988297
C:\Users\User\AppData\Local\Temp\universal_mnist_cluster_kt2o4co_\brace-main\annotations\segments.csv,1257,5,0.39205425517059445
C:\Users\User\AppData\Local\Temp\universal_mnist_cluster_kt2o4co_\brace-main\annotations\segments.csv,1258,5,0.408567316318724
C:\Users\User\AppData\Local\Temp\universal_mnist_cluster_kt2o4co_\brace-main\annotations\segments.csv,1259,5,0.401808551237451
C:\Users\User\AppData\Local\Temp\universal_mnist_cluster_kt2o4co_\brace-main\annotations\segments.csv,1260,5,0.41255069246590126
C:\Users\User\AppData\Local\Temp\universal_mnist_cluster_kt2o4co_\brace-main\annotations\segments.csv,1261,5,0.43617249616630016
C:\Users\User\AppData\Local\Temp\universal_mnist_cluster_kt2o4co_\brace-main\annotations\segments.csv,1262,5,0.43096333170150897
C:\Users\User\AppData\Local\Temp\universal_mnist_cluster_kt2o4co_\brace-main\annotations\segments.csv,1263,5,0.41825325274164044
C:\Users\User\AppData\Local\Temp\universal_mnist_cluster_kt2o4co_\brace-main\annotations\segments.csv,1264,5,0.43148058194414285
C:\Users\User\AppData\Local\Temp\universal_mnist_cluster_kt2o4co_\brace-main\annotations\segments.csv,1265,5,0.45449895813868824
C:\Users\User\AppData\Local\Temp\universal_mnist_cluster_kt2o4co_\brace-main\annotations\segments.csv,1266,5,0.4296787910838218
C:\Users\User\AppData\Local\Temp\universal_mnist_cluster_kt2o4co_\brace-main\annotations\segments.csv,1267,5,0.44654198334004863
C:\Users\User\AppData\Local\Temp\universal_mnist_cluster_kt2o4co_\brace-main\annotations\segments.csv,1268,5,0.4472568384900554
C:\Users\User\AppData\Local\Temp\universal_mnist_cluster_kt2o4co_\brace-main\annotations\segments.csv,1269,5,0.5018824470325302
C:\Users\User\AppData\Local\Temp\universal_mnist_cluster_kt2o4co_\brace-main\annotations\segments.csv,1270,5,0.4918110649088907
C:\Users\User\AppData\Local\Temp\universal_mnist_cluster_kt2o4co_\brace-main\annotations\segments.csv,1271,0,0.453731933974723
C:\Users\User\AppData\Local\Temp\universal_mnist_cluster_kt2o4co_\brace-main\annotations\segments.csv,1272,0,0.45579084969552175
C:\Users\User\AppData\Local\Temp\universal_mnist_cluster_kt2o4co_\brace-main\annotations\segments.csv,1273,0,0.44954543560997207
C:\Users\User\AppData\Local\Temp\universal_mnist_cluster_kt2o4co_\brace-main\annotations\segments.csv,1274,0,0.4374560918676227
C:\Users\User\AppData\Local\Temp\universal_mnist_cluster_kt2o4co_\brace-main\annotations\segments.csv,1275,0,0.41995858150243737
C:\Users\User\AppData\Local\Temp\universal_mnist_cluster_kt2o4co_\brace-main\annotations\segments.csv,1276,0,0.41277538810032516
C:\Users\User\AppData\Local\Temp\universal_mnist_cluster_kt2o4co_\brace-main\annotations\segments.csv,1277,0,0.39174467404759017
C:\Users\User\AppData\Local\Temp\universal_mnist_cluster_kt2o4co_\brace-main\annotations\segments.csv,1278,0,0.39541705352501577
C:\Users\User\AppData\Local\Temp\universal_mnist_cluster_kt2o4co_\brace-main\annotations\segments.csv,1279,0,0.4081637351270595
C:\Users\User\AppData\Local\Temp\universal_mnist_cluster_kt2o4co_\brace-main\annotations\segments.csv,1280,0,0.3902171668246579
C:\Users\User\AppData\Local\Temp\universal_mnist_cluster_kt2o4co_\brace-main\annotations\segments.csv,1281,0,0.38803365698592274
C:\Users\User\AppData\Local\Temp\universal_mnist_cluster_kt2o4co_\brace-main\annotations\segments.csv,1282,0,0.40109151531711507
C:\Users\User\AppData\Local\Temp\universal_mnist_cluster_kt2o4co_\brace-main\annotations\segments.csv,1283,0,0.3891189954771257
C:\Users\User\AppData\Local\Temp\universal_mnist_cluster_kt2o4co_\brace-main\annotations\segments.csv,1284,0,0.3985070423317408
C:\Users\User\AppData\Local\Temp\universal_mnist_cluster_kt2o4co_\brace-main\annotations\segments.csv,1285,0,0.4049931984000318
C:\Users\User\AppData\Local\Temp\universal_mnist_cluster_kt2o4co_\brace-main\annotations\segments.csv,1286,0,0.4327789271889202
C:\Users\User\AppData\Local\Temp\universal_mnist_cluster_kt2o4co_\brace-main\annotations\segments.csv,1287,0,0.42308815366898794
C:\Users\User\AppData\Local\Temp\universal_mnist_cluster_kt2o4co_\brace-main\annotations\segments.csv,1288,0,0.46432577131961356
C:\Users\User\AppData\Local\Temp\universal_mnist_cluster_kt2o4co_\brace-main\annotations\segments.csv,1289,3,0.44128940267047184
C:\Users\User\AppData\Local\Temp\universal_mnist_cluster_kt2o4co_\brace-main\annotations\segments.csv,1290,3,0.4341617133536621
C:\Users\User\AppData\Local\Temp\universal_mnist_cluster_kt2o4co_\brace-main\annotations\segments.csv,1291,3,0.4300285961980205
C:\Users\User\AppData\Local\Temp\universal_mnist_cluster_kt2o4co_\brace-main\annotations\segments.csv,1292,3,0.40493871527807507
C:\Users\User\AppData\Local\Temp\universal_mnist_cluster_kt2o4co_\brace-main\annotations\segments.csv,1293,3,0.4142459394910134
C:\Users\User\AppData\Local\Temp\universal_mnist_cluster_kt2o4co_\brace-main\annotations\segments.csv,1294,3,0.38759127109832314
C:\Users\User\AppData\Local\Temp\universal_mnist_cluster_kt2o4co_\brace-main\annotations\segments.csv,1295,3,0.3925581487999911
C:\Users\User\AppData\Local\Temp\universal_mnist_cluster_kt2o4co_\brace-main\annotations\segments.csv,1296,3,0.40793299816750395
C:\Users\User\AppData\Local\Temp\universal_mnist_cluster_kt2o4co_\brace-main\annotations\segments.csv,1297,3,0.3826282545785947
C:\Users\User\AppData\Local\Temp\universal_mnist_cluster_kt2o4co_\brace-main\annotations\segments.csv,1298,3,0.40803113852968703
C:\Users\User\AppData\Local\Temp\universal_mnist_cluster_kt2o4co_\brace-main\annotations\segments.csv,1299,3,0.4032913893554438
C:\Users\User\AppData\Local\Temp\universal_mnist_cluster_kt2o4co_\brace-main\annotations\segments.csv,1300,3,0.41268830811519935
C:\Users\User\AppData\Local\Temp\universal_mnist_cluster_kt2o4co_\brace-main\annotations\segments.csv,1301,3,0.4357403650517668
C:\Users\User\AppData\Local\Temp\universal_mnist_cluster_kt2o4co_\brace-main\annotations\segments.csv,1302,3,0.4328321428470632
C:\Users\User\AppData\Local\Temp\universal_mnist_cluster_kt2o4co_\brace-main\annotations\segments.csv,1303,3,0.4658418041573474
C:\Users\User\AppData\Local\Temp\universal_mnist_cluster_kt2o4co_\brace-main\annotations\segments.csv,1304,6,0.4313089969412883
C:\Users\User\AppData\Local\Temp\universal_mnist_cluster_kt2o4co_\brace-main\annotations\segments.csv,1305,6,0.4200348730160844
C:\Users\User\AppData\Local\Temp\universal_mnist_cluster_kt2o4co_\brace-main\annotations\segments.csv,1306,6,0.4075647989009203
C:\Users\User\AppData\Local\Temp\universal_mnist_cluster_kt2o4co_\brace-main\annotations\segments.csv,1307,6,0.388194369217162
C:\Users\User\AppData\Local\Temp\universal_mnist_cluster_kt2o4co_\brace-main\annotations\segments.csv,1308,6,0.38797552797532825
C:\Users\User\AppData\Local\Temp\universal_mnist_cluster_kt2o4co_\brace-main\annotations\segments.csv,1309,6,0.3912942258858849
C:\Users\User\AppData\Local\Temp\universal_mnist_cluster_kt2o4co_\brace-main\annotations\segments.csv,1310,6,0.3802141331054265
C:\Users\User\AppData\Local\Temp\universal_mnist_cluster_kt2o4co_\brace-main\annotations\segments.csv,1311,6,0.37213089664400156
C:\Users\User\AppData\Local\Temp\universal_mnist_cluster_kt2o4co_\brace-main\annotations\segments.csv,1312,6,0.38038815753331895
C:\Users\User\AppData\Local\Temp\universal_mnist_cluster_kt2o4co_\brace-main\annotations\segments.csv,1313,6,0.39869084301932534
C:\Users\User\AppData\Local\Temp\universal_mnist_cluster_kt2o4co_\brace-main\annotations\segments.csv,1314,6,0.3841133080553611
C:\Users\User\AppData\Local\Temp\universal_mnist_cluster_kt2o4co_\brace-main\annotations\segments.csv,1315,6,0.37615005951625907
C:\Users\User\AppData\Local\Temp\universal_mnist_cluster_kt2o4co_\brace-main\annotations\segments.csv,1316,6,0.39240518326872986
C:\Users\User\AppData\Local\Temp\universal_mnist_cluster_kt2o4co_\brace-main\annotations\segments.csv,1317,6,0.40510360766954817
C:\Users\User\AppData\Local\Temp\universal_mnist_cluster_kt2o4co_\brace-main\annotations\segments.csv,1318,6,0.4024136554353049
C:\Users\User\AppData\Local\Temp\universal_mnist_cluster_kt2o4co_\brace-main\annotations\segments.csv,1319,6,0.3923394757037137
C:\Users\User\AppData\Local\Temp\universal_mnist_cluster_kt2o4co_\brace-main\annotations\segments.csv,1320,6,0.39629377246978137
C:\Users\User\AppData\Local\Temp\universal_mnist_cluster_kt2o4co_\brace-main\annotations\segments.csv,1321,6,0.4034016834391447
C:\Users\User\AppData\Local\Temp\universal_mnist_cluster_kt2o4co_\brace-main\annotations\segments.csv,1322,6,0.4265889265064629
C:\Users\User\AppData\Local\Temp\universal_mnist_cluster_kt2o4co_\brace-main\annotations\segments.csv,1323,6,0.41260079089135737
C:\Users\User\AppData\Local\Temp\universal_mnist_cluster_kt2o4co_\brace-main\annotations\segments.csv,1324,6,0.41716790839005713
C:\Users\User\AppData\Local\Temp\universal_mnist_cluster_kt2o4co_\brace-main\annotations\segments.csv,1325,6,0.4332556923357415
C:\Users\User\AppData\Local\Temp\universal_mnist_cluster_kt2o4co_\brace-main\annotations\segments.csv,1326,6,0.45854628614047893
C:\Users\User\AppData\Local\Temp\universal_mnist_cluster_kt2o4co_\brace-main\annotations\segments.csv,1327,6,0.44551241300306355
C:\Users\User\AppData\Local\Temp\universal_mnist_cluster_kt2o4co_\brace-main\annotations\segments.csv,1328,6,0.4731727631986119
C:\Users\User\AppData\Local\Temp\universal_mnist_cluster_kt2o4co_\brace-main\annotations\segments.csv,1329,2,0.42691514362706345
C:\Users\User\AppData\Local\Temp\universal_mnist_cluster_kt2o4co_\brace-main\annotations\segments.csv,1330,2,0.4074919741972557
C:\Users\User\AppData\Local\Temp\universal_mnist_cluster_kt2o4co_\brace-main\annotations\segments.csv,1331,2,0.41266003022274333
C:\Users\User\AppData\Local\Temp\universal_mnist_cluster_kt2o4co_\brace-main\annotations\segments.csv,1332,2,0.40585448567388616
C:\Users\User\AppData\Local\Temp\universal_mnist_cluster_kt2o4co_\brace-main\annotations\segments.csv,1333,2,0.38774364640207315
C:\Users\User\AppData\Local\Temp\universal_mnist_cluster_kt2o4co_\brace-main\annotations\segments.csv,1334,2,0.3919301332823944
C:\Users\User\AppData\Local\Temp\universal_mnist_cluster_kt2o4co_\brace-main\annotations\segments.csv,1335,2,0.39786170408531063
C:\Users\User\AppData\Local\Temp\universal_mnist_cluster_kt2o4co_\brace-main\annotations\segments.csv,1336,2,0.3763108666050638
C:\Users\User\AppData\Local\Temp\universal_mnist_cluster_kt2o4co_\brace-main\annotations\segments.csv,1337,2,0.3954056887170662
C:\Users\User\AppData\Local\Temp\universal_mnist_cluster_kt2o4co_\brace-main\annotations\segments.csv,1338,2,0.3757482975466716
C:\Users\User\AppData\Local\Temp\universal_mnist_cluster_kt2o4co_\brace-main\annotations\segments.csv,1339,2,0.3811311395789369
C:\Users\User\AppData\Local\Temp\universal_mnist_cluster_kt2o4co_\brace-main\annotations\segments.csv,1340,2,0.3978091787873698
C:\Users\User\AppData\Local\Temp\universal_mnist_cluster_kt2o4co_\brace-main\annotations\segments.csv,1341,2,0.38670066871666264
C:\Users\User\AppData\Local\Temp\universal_mnist_cluster_kt2o4co_\brace-main\annotations\segments.csv,1342,2,0.4003428748498311
C:\Users\User\AppData\Local\Temp\universal_mnist_cluster_kt2o4co_\brace-main\annotations\segments.csv,1343,2,0.38343336259180577
C:\Users\User\AppData\Local\Temp\universal_mnist_cluster_kt2o4co_\brace-main\annotations\segments.csv,1344,2,0.3839758250639639
C:\Users\User\AppData\Local\Temp\universal_mnist_cluster_kt2o4co_\brace-main\annotations\segments.csv,1345,2,0.3914925922470814
C:\Users\User\AppData\Local\Temp\universal_mnist_cluster_kt2o4co_\brace-main\annotations\segments.csv,1346,2,0.4041868849085095
C:\Users\User\AppData\Local\Temp\universal_mnist_cluster_kt2o4co_\brace-main\annotations\segments.csv,1347,2,0.39253235404309095
C:\Users\User\AppData\Local\Temp\universal_mnist_cluster_kt2o4co_\brace-main\annotations\segments.csv,1348,2,0.40708317091760626
C:\Users\User\AppData\Local\Temp\universal_mnist_cluster_kt2o4co_\brace-main\annotations\segments.csv,1349,2,0.4187518135772264
C:\Users\User\AppData\Local\Temp\universal_mnist_cluster_kt2o4co_\brace-main\annotations\segments.csv,1350,2,0.40930165567180243
C:\Users\User\AppData\Local\Temp\universal_mnist_cluster_kt2o4co_\brace-main\annotations\segments.csv,1351,2,0.4270951400605467
C:\Users\User\AppData\Local\Temp\universal_mnist_cluster_kt2o4co_\brace-main\annotations\sequences.csv,0,5,0.6353613367305907
C:\Users\User\AppData\Local\Temp\universal_mnist_cluster_kt2o4co_\brace-main\annotations\sequences.csv,1,5,0.5971808227635802
C:\Users\User\AppData\Local\Temp\universal_mnist_cluster_kt2o4co_\brace-main\annotations\sequences.csv,2,5,0.41895714126270817
C:\Users\User\AppData\Local\Temp\universal_mnist_cluster_kt2o4co_\brace-main\annotations\sequences.csv,3,5,0.4157876305460219
C:\Users\User\AppData\Local\Temp\universal_mnist_cluster_kt2o4co_\brace-main\annotations\sequences.csv,4,5,0.4671939205678573
C:\Users\User\AppData\Local\Temp\universal_mnist_cluster_kt2o4co_\brace-main\annotations\sequences.csv,5,5,0.43860237764528526
C:\Users\User\AppData\Local\Temp\universal_mnist_cluster_kt2o4co_\brace-main\annotations\sequences.csv,6,5,0.4148126587204108
C:\Users\User\AppData\Local\Temp\universal_mnist_cluster_kt2o4co_\brace-main\annotations\sequences.csv,7,5,0.4189262389974985
C:\Users\User\AppData\Local\Temp\universal_mnist_cluster_kt2o4co_\brace-main\annotations\sequences.csv,8,3,0.46861690129373706
C:\Users\User\AppData\Local\Temp\universal_mnist_cluster_kt2o4co_\brace-main\annotations\sequences.csv,9,3,0.43955631642452475
C:\Users\User\AppData\Local\Temp\universal_mnist_cluster_kt2o4co_\brace-main\annotations\sequences.csv,10,3,0.4214658881735388
C:\Users\User\AppData\Local\Temp\universal_mnist_cluster_kt2o4co_\brace-main\annotations\sequences.csv,11,3,0.41421964786975346
C:\Users\User\AppData\Local\Temp\universal_mnist_cluster_kt2o4co_\brace-main\annotations\sequences.csv,12,3,0.41944731324925283
C:\Users\User\AppData\Local\Temp\universal_mnist_cluster_kt2o4co_\brace-main\annotations\sequences.csv,13,3,0.44701415054662125
C:\Users\User\AppData\Local\Temp\universal_mnist_cluster_kt2o4co_\brace-main\annotations\sequences.csv,14,5,0.48599575944981716
C:\Users\User\AppData\Local\Temp\universal_mnist_cluster_kt2o4co_\brace-main\annotations\sequences.csv,15,5,0.4495544533972122
C:\Users\User\AppData\Local\Temp\universal_mnist_cluster_kt2o4co_\brace-main\annotations\sequences.csv,16,5,0.4154253162384704
C:\Users\User\AppData\Local\Temp\universal_mnist_cluster_kt2o4co_\brace-main\annotations\sequences.csv,17,5,0.4192406978455229
C:\Users\User\AppData\Local\Temp\universal_mnist_cluster_kt2o4co_\brace-main\annotations\sequences.csv,18,4,0.4502379078228071
C:\Users\User\AppData\Local\Temp\universal_mnist_cluster_kt2o4co_\brace-main\annotations\sequences.csv,19,4,0.4102092004156305
C:\Users\User\AppData\Local\Temp\universal_mnist_cluster_kt2o4co_\brace-main\annotations\sequences.csv,20,4,0.3974935273874197
C:\Users\User\AppData\Local\Temp\universal_mnist_cluster_kt2o4co_\brace-main\annotations\sequences.csv,21,4,0.4026164311279138
C:\Users\User\AppData\Local\Temp\universal_mnist_cluster_kt2o4co_\brace-main\annotations\sequences.csv,22,1,0.4783780114231134
C:\Users\User\AppData\Local\Temp\universal_mnist_cluster_kt2o4co_\brace-main\annotations\sequences.csv,23,1,0.4451953617844004
C:\Users\User\AppData\Local\Temp\universal_mnist_cluster_kt2o4co_\brace-main\annotations\sequences.csv,24,1,0.41590689380126644
C:\Users\User\AppData\Local\Temp\universal_mnist_cluster_kt2o4co_\brace-main\annotations\sequences.csv,25,1,0.4012835459095731
C:\Users\User\AppData\Local\Temp\universal_mnist_cluster_kt2o4co_\brace-main\annotations\sequences.csv,26,1,0.40718900393470253
C:\Users\User\AppData\Local\Temp\universal_mnist_cluster_kt2o4co_\brace-main\annotations\sequences.csv,27,1,0.43898275499062733
C:\Users\User\AppData\Local\Temp\universal_mnist_cluster_kt2o4co_\brace-main\annotations\sequences.csv,28,1,0.45478253925112433
C:\Users\User\AppData\Local\Temp\universal_mnist_cluster_kt2o4co_\brace-main\annotations\sequences.csv,29,1,0.45539307830567716
C:\Users\User\AppData\Local\Temp\universal_mnist_cluster_kt2o4co_\brace-main\annotations\sequences.csv,30,1,0.4138562194738338
C:\Users\User\AppData\Local\Temp\universal_mnist_cluster_kt2o4co_\brace-main\annotations\sequences.csv,31,1,0.4097201110681591
C:\Users\User\AppData\Local\Temp\universal_mnist_cluster_kt2o4co_\brace-main\annotations\sequences.csv,32,1,0.42983788869391726
C:\Users\User\AppData\Local\Temp\universal_mnist_cluster_kt2o4co_\brace-main\annotations\sequences.csv,33,1,0.4654096197206457
C:\Users\User\AppData\Local\Temp\universal_mnist_cluster_kt2o4co_\brace-main\annotations\sequences.csv,34,6,0.42952314376373135
C:\Users\User\AppData\Local\Temp\universal_mnist_cluster_kt2o4co_\brace-main\annotations\sequences.csv,35,6,0.408226257487571
C:\Users\User\AppData\Local\Temp\universal_mnist_cluster_kt2o4co_\brace-main\annotations\sequences.csv,36,6,0.40030957601305484
C:\Users\User\AppData\Local\Temp\universal_mnist_cluster_kt2o4co_\brace-main\annotations\sequences.csv,37,6,0.4216114622846735
C:\Users\User\AppData\Local\Temp\universal_mnist_cluster_kt2o4co_\brace-main\annotations\sequences.csv,38,6,0.44665871216809455
C:\Users\User\AppData\Local\Temp\universal_mnist_cluster_kt2o4co_\brace-main\annotations\sequences.csv,39,6,0.4797116326943941
C:\Users\User\AppData\Local\Temp\universal_mnist_cluster_kt2o4co_\brace-main\annotations\sequences.csv,40,1,0.5526443940275696
C:\Users\User\AppData\Local\Temp\universal_mnist_cluster_kt2o4co_\brace-main\annotations\sequences.csv,41,1,0.5059445979283996
C:\Users\User\AppData\Local\Temp\universal_mnist_cluster_kt2o4co_\brace-main\annotations\sequences.csv,42,1,0.40092031944333323
C:\Users\User\AppData\Local\Temp\universal_mnist_cluster_kt2o4co_\brace-main\annotations\sequences.csv,43,1,0.3931946909619439
C:\Users\User\AppData\Local\Temp\universal_mnist_cluster_kt2o4co_\brace-main\annotations\sequences.csv,44,1,0.3926516591411817
C:\Users\User\AppData\Local\Temp\universal_mnist_cluster_kt2o4co_\brace-main\annotations\sequences.csv,45,1,0.41331807945759247
C:\Users\User\AppData\Local\Temp\universal_mnist_cluster_kt2o4co_\brace-main\annotations\sequences.csv,46,4,0.409296222819939
C:\Users\User\AppData\Local\Temp\universal_mnist_cluster_kt2o4co_\brace-main\annotations\sequences.csv,47,4,0.37532730397424363
C:\Users\User\AppData\Local\Temp\universal_mnist_cluster_kt2o4co_\brace-main\annotations\sequences.csv,48,4,0.36409676367447047
C:\Users\User\AppData\Local\Temp\universal_mnist_cluster_kt2o4co_\brace-main\annotations\sequences.csv,49,4,0.37404660465049566
C:\Users\User\AppData\Local\Temp\universal_mnist_cluster_kt2o4co_\brace-main\annotations\sequences.csv,50,4,0.4031583226089651
C:\Users\User\AppData\Local\Temp\universal_mnist_cluster_kt2o4co_\brace-main\annotations\sequences.csv,51,4,0.41918984846434504
C:\Users\User\AppData\Local\Temp\universal_mnist_cluster_kt2o4co_\brace-main\annotations\sequences.csv,52,3,0.4253443922881397
C:\Users\User\AppData\Local\Temp\universal_mnist_cluster_kt2o4co_\brace-main\annotations\sequences.csv,53,3,0.4010934457757733
C:\Users\User\AppData\Local\Temp\universal_mnist_cluster_kt2o4co_\brace-main\annotations\sequences.csv,54,3,0.3878992211035868
C:\Users\User\AppData\Local\Temp\universal_mnist_cluster_kt2o4co_\brace-main\annotations\sequences.csv,55,3,0.38247974449509364
C:\Users\User\AppData\Local\Temp\universal_mnist_cluster_kt2o4co_\brace-main\annotations\sequences.csv,56,3,0.38404649649139644
C:\Users\User\AppData\Local\Temp\universal_mnist_cluster_kt2o4co_\brace-main\annotations\sequences.csv,57,3,0.3969541018769148
C:\Users\User\AppData\Local\Temp\universal_mnist_cluster_kt2o4co_\brace-main\annotations\sequences.csv,58,4,0.441061279902138
C:\Users\User\AppData\Local\Temp\universal_mnist_cluster_kt2o4co_\brace-main\annotations\sequences.csv,59,4,0.38611624349944246
C:\Users\User\AppData\Local\Temp\universal_mnist_cluster_kt2o4co_\brace-main\annotations\sequences.csv,60,4,0.3744980383429092
C:\Users\User\AppData\Local\Temp\universal_mnist_cluster_kt2o4co_\brace-main\annotations\sequences.csv,61,4,0.3573851451738675
C:\Users\User\AppData\Local\Temp\universal_mnist_cluster_kt2o4co_\brace-main\annotations\sequences.csv,62,4,0.3616689485625209
C:\Users\User\AppData\Local\Temp\universal_mnist_cluster_kt2o4co_\brace-main\annotations\sequences.csv,63,4,0.3770673714951729
C:\Users\User\AppData\Local\Temp\universal_mnist_cluster_kt2o4co_\brace-main\annotations\sequences.csv,64,0,0.3850150094157557
C:\Users\User\AppData\Local\Temp\universal_mnist_cluster_kt2o4co_\brace-main\annotations\sequences.csv,65,0,0.37736892402233113
C:\Users\User\AppData\Local\Temp\universal_mnist_cluster_kt2o4co_\brace-main\annotations\sequences.csv,66,0,0.39248409348416907
C:\Users\User\AppData\Local\Temp\universal_mnist_cluster_kt2o4co_\brace-main\annotations\sequences.csv,67,0,0.42250529508410484
C:\Users\User\AppData\Local\Temp\universal_mnist_cluster_kt2o4co_\brace-main\annotations\sequences.csv,68,0,0.44156242696287695
C:\Users\User\AppData\Local\Temp\universal_mnist_cluster_kt2o4co_\brace-main\annotations\sequences.csv,69,0,0.47975255797621963
C:\Users\User\AppData\Local\Temp\universal_mnist_cluster_kt2o4co_\brace-main\annotations\sequences.csv,70,0,0.43709687153769283
C:\Users\User\AppData\Local\Temp\universal_mnist_cluster_kt2o4co_\brace-main\annotations\sequences.csv,71,0,0.39730999978379844
C:\Users\User\AppData\Local\Temp\universal_mnist_cluster_kt2o4co_\brace-main\annotations\sequences.csv,72,0,0.38008544097522073
C:\Users\User\AppData\Local\Temp\universal_mnist_cluster_kt2o4co_\brace-main\annotations\sequences.csv,73,0,0.3731246443357317
C:\Users\User\AppData\Local\Temp\universal_mnist_cluster_kt2o4co_\brace-main\annotations\sequences.csv,74,0,0.37675124356655326
C:\Users\User\AppData\Local\Temp\universal_mnist_cluster_kt2o4co_\brace-main\annotations\sequences.csv,75,0,0.40611668589204514
C:\Users\User\AppData\Local\Temp\universal_mnist_cluster_kt2o4co_\brace-main\annotations\sequences.csv,76,0,0.43973636727189086
C:\Users\User\AppData\Local\Temp\universal_mnist_cluster_kt2o4co_\brace-main\annotations\sequences.csv,77,0,0.41326151640653097
C:\Users\User\AppData\Local\Temp\universal_mnist_cluster_kt2o4co_\brace-main\annotations\sequences.csv,78,0,0.40816580484346116
C:\Users\User\AppData\Local\Temp\universal_mnist_cluster_kt2o4co_\brace-main\annotations\sequences.csv,79,0,0.3938143258789546
C:\Users\User\AppData\Local\Temp\universal_mnist_cluster_kt2o4co_\brace-main\annotations\sequences.csv,80,0,0.40699922822985596
C:\Users\User\AppData\Local\Temp\universal_mnist_cluster_kt2o4co_\brace-main\annotations\sequences.csv,81,0,0.4328299214746694
C:\Users\User\AppData\Local\Temp\universal_mnist_cluster_kt2o4co_\brace-main\annotations\sequences.csv,82,0,0.45599328008681045
C:\Users\User\AppData\Local\Temp\universal_mnist_cluster_kt2o4co_\brace-main\annotations\sequences.csv,83,0,0.4306486978290675
C:\Users\User\AppData\Local\Temp\universal_mnist_cluster_kt2o4co_\brace-main\annotations\sequences.csv,84,0,0.41264388126384743
C:\Users\User\AppData\Local\Temp\universal_mnist_cluster_kt2o4co_\brace-main\annotations\sequences.csv,85,0,0.4148866126743784
C:\Users\User\AppData\Local\Temp\universal_mnist_cluster_kt2o4co_\brace-main\annotations\sequences.csv,86,0,0.42876693365365065
C:\Users\User\AppData\Local\Temp\universal_mnist_cluster_kt2o4co_\brace-main\annotations\sequences.csv,87,0,0.438489725759597
C:\Users\User\AppData\Local\Temp\universal_mnist_cluster_kt2o4co_\brace-main\annotations\sequences.csv,88,0,0.4677135190872916
C:\Users\User\AppData\Local\Temp\universal_mnist_cluster_kt2o4co_\brace-main\annotations\sequences.csv,89,0,0.42893662876310307
C:\Users\User\AppData\Local\Temp\universal_mnist_cluster_kt2o4co_\brace-main\annotations\sequences.csv,90,0,0.3995896270795623
C:\Users\User\AppData\Local\Temp\universal_mnist_cluster_kt2o4co_\brace-main\annotations\sequences.csv,91,0,0.38877310796884645
C:\Users\User\AppData\Local\Temp\universal_mnist_cluster_kt2o4co_\brace-main\annotations\sequences.csv,92,0,0.38328621743752384
C:\Users\User\AppData\Local\Temp\universal_mnist_cluster_kt2o4co_\brace-main\annotations\sequences.csv,93,0,0.4177498421928766
C:\Users\User\AppData\Local\Temp\universal_mnist_cluster_kt2o4co_\brace-main\annotations\sequences.csv,94,4,0.3799700602688378
C:\Users\User\AppData\Local\Temp\universal_mnist_cluster_kt2o4co_\brace-main\annotations\sequences.csv,95,4,0.35884925036174165
C:\Users\User\AppData\Local\Temp\universal_mnist_cluster_kt2o4co_\brace-main\annotations\sequences.csv,96,4,0.3617233478969385
C:\Users\User\AppData\Local\Temp\universal_mnist_cluster_kt2o4co_\brace-main\annotations\sequences.csv,97,4,0.3792850154133812
C:\Users\User\AppData\Local\Temp\universal_mnist_cluster_kt2o4co_\brace-main\annotations\sequences.csv,98,4,0.4058260238609986
C:\Users\User\AppData\Local\Temp\universal_mnist_cluster_kt2o4co_\brace-main\annotations\sequences.csv,99,4,0.42468309456794573
C:\Users\User\AppData\Local\Temp\universal_mnist_cluster_kt2o4co_\brace-main\annotations\sequences.csv,100,0,0.41717979213663886
C:\Users\User\AppData\Local\Temp\universal_mnist_cluster_kt2o4co_\brace-main\annotations\sequences.csv,101,0,0.39097539598268916
C:\Users\User\AppData\Local\Temp\universal_mnist_cluster_kt2o4co_\brace-main\annotations\sequences.csv,102,0,0.38024411972958966
C:\Users\User\AppData\Local\Temp\universal_mnist_cluster_kt2o4co_\brace-main\annotations\sequences.csv,103,0,0.37407000034646704
C:\Users\User\AppData\Local\Temp\universal_mnist_cluster_kt2o4co_\brace-main\annotations\sequences.csv,104,0,0.371605270804964
C:\Users\User\AppData\Local\Temp\universal_mnist_cluster_kt2o4co_\brace-main\annotations\sequences.csv,105,0,0.37497628265749605
C:\Users\User\AppData\Local\Temp\universal_mnist_cluster_kt2o4co_\brace-main\annotations\sequences.csv,106,2,0.3836956066867165
C:\Users\User\AppData\Local\Temp\universal_mnist_cluster_kt2o4co_\brace-main\annotations\sequences.csv,107,2,0.37583768670173356
C:\Users\User\AppData\Local\Temp\universal_mnist_cluster_kt2o4co_\brace-main\annotations\sequences.csv,108,2,0.3764093167878793
C:\Users\User\AppData\Local\Temp\universal_mnist_cluster_kt2o4co_\brace-main\annotations\sequences.csv,109,2,0.4014164812579562
C:\Users\User\AppData\Local\Temp\universal_mnist_cluster_kt2o4co_\brace-main\annotations\sequences.csv,110,2,0.42615844534218456
C:\Users\User\AppData\Local\Temp\universal_mnist_cluster_kt2o4co_\brace-main\annotations\sequences.csv,111,2,0.4448796605234398
C:\Users\User\AppData\Local\Temp\universal_mnist_cluster_kt2o4co_\brace-main\annotations\sequences.csv,112,1,0.37864741830580867
C:\Users\User\AppData\Local\Temp\universal_mnist_cluster_kt2o4co_\brace-main\annotations\sequences.csv,113,1,0.3717508244949939
C:\Users\User\AppData\Local\Temp\universal_mnist_cluster_kt2o4co_\brace-main\annotations\sequences.csv,114,1,0.38656818339500665
C:\Users\User\AppData\Local\Temp\universal_mnist_cluster_kt2o4co_\brace-main\annotations\sequences.csv,115,1,0.4086150619085358
C:\Users\User\AppData\Local\Temp\universal_mnist_cluster_kt2o4co_\brace-main\annotations\sequences.csv,116,1,0.4334782606170541
C:\Users\User\AppData\Local\Temp\universal_mnist_cluster_kt2o4co_\brace-main\annotations\sequences.csv,117,1,0.46152318056561575
C:\Users\User\AppData\Local\Temp\universal_mnist_cluster_kt2o4co_\brace-main\annotations\sequences.csv,118,4,0.4203671649821072
C:\Users\User\AppData\Local\Temp\universal_mnist_cluster_kt2o4co_\brace-main\annotations\sequences.csv,119,4,0.3831107845046477
C:\Users\User\AppData\Local\Temp\universal_mnist_cluster_kt2o4co_\brace-main\annotations\sequences.csv,120,4,0.361335717602716
C:\Users\User\AppData\Local\Temp\universal_mnist_cluster_kt2o4co_\brace-main\annotations\sequences.csv,121,4,0.36346498665660587
C:\Users\User\AppData\Local\Temp\universal_mnist_cluster_kt2o4co_\brace-main\annotations\sequences.csv,122,4,0.37315591018489275
C:\Users\User\AppData\Local\Temp\universal_mnist_cluster_kt2o4co_\brace-main\annotations\sequences.csv,123,4,0.3970133775133948
C:\Users\User\AppData\Local\Temp\universal_mnist_cluster_kt2o4co_\brace-main\annotations\sequences.csv,124,6,0.4398496989228843
C:\Users\User\AppData\Local\Temp\universal_mnist_cluster_kt2o4co_\brace-main\annotations\sequences.csv,125,6,0.3964834249488843
C:\Users\User\AppData\Local\Temp\universal_mnist_cluster_kt2o4co_\brace-main\annotations\sequences.csv,126,6,0.3720787722992281
C:\Users\User\AppData\Local\Temp\universal_mnist_cluster_kt2o4co_\brace-main\annotations\sequences.csv,127,6,0.3655839065682679
C:\Users\User\AppData\Local\Temp\universal_mnist_cluster_kt2o4co_\brace-main\annotations\sequences.csv,128,6,0.3722099806805984
C:\Users\User\AppData\Local\Temp\universal_mnist_cluster_kt2o4co_\brace-main\annotations\sequences.csv,129,6,0.380670157377297
C:\Users\User\AppData\Local\Temp\universal_mnist_cluster_kt2o4co_\brace-main\annotations\sequences.csv,130,2,0.46034906253763835
C:\Users\User\AppData\Local\Temp\universal_mnist_cluster_kt2o4co_\brace-main\annotations\sequences.csv,131,2,0.4210903624213651
C:\Users\User\AppData\Local\Temp\universal_mnist_cluster_kt2o4co_\brace-main\annotations\sequences.csv,132,2,0.3725075941499143
C:\Users\User\AppData\Local\Temp\universal_mnist_cluster_kt2o4co_\brace-main\annotations\sequences.csv,133,2,0.373587831894366
C:\Users\User\AppData\Local\Temp\universal_mnist_cluster_kt2o4co_\brace-main\annotations\sequences.csv,134,2,0.41829477024728673
C:\Users\User\AppData\Local\Temp\universal_mnist_cluster_kt2o4co_\brace-main\annotations\sequences.csv,135,2,0.3944994647853189
C:\Users\User\AppData\Local\Temp\universal_mnist_cluster_kt2o4co_\brace-main\annotations\sequences.csv,136,2,0.3743848763734825
C:\Users\User\AppData\Local\Temp\universal_mnist_cluster_kt2o4co_\brace-main\annotations\sequences.csv,137,2,0.37129110490682643
C:\Users\User\AppData\Local\Temp\universal_mnist_cluster_kt2o4co_\brace-main\annotations\sequences.csv,138,2,0.38644232059281036
C:\Users\User\AppData\Local\Temp\universal_mnist_cluster_kt2o4co_\brace-main\annotations\sequences.csv,139,2,0.3984664601075097
C:\Users\User\AppData\Local\Temp\universal_mnist_cluster_kt2o4co_\brace-main\annotations\sequences.csv,140,0,0.4006201263108437
C:\Users\User\AppData\Local\Temp\universal_mnist_cluster_kt2o4co_\brace-main\annotations\sequences.csv,141,0,0.3855600709486555
C:\Users\User\AppData\Local\Temp\universal_mnist_cluster_kt2o4co_\brace-main\annotations\sequences.csv,142,0,0.37214757048637576
C:\Users\User\AppData\Local\Temp\universal_mnist_cluster_kt2o4co_\brace-main\annotations\sequences.csv,143,0,0.3890629488453268
C:\Users\User\AppData\Local\Temp\universal_mnist_cluster_kt2o4co_\brace-main\annotations\sequences.csv,144,4,0.44557511080418566
C:\Users\User\AppData\Local\Temp\universal_mnist_cluster_kt2o4co_\brace-main\annotations\sequences.csv,145,4,0.41217123558570223
C:\Users\User\AppData\Local\Temp\universal_mnist_cluster_kt2o4co_\brace-main\annotations\sequences.csv,146,4,0.4064859372055538
C:\Users\User\AppData\Local\Temp\universal_mnist_cluster_kt2o4co_\brace-main\annotations\sequences.csv,147,4,0.4068986241271911
C:\Users\User\AppData\Local\Temp\universal_mnist_cluster_kt2o4co_\brace-main\annotations\sequences.csv,148,4,0.43035717578770005
C:\Users\User\AppData\Local\Temp\universal_mnist_cluster_kt2o4co_\brace-main\annotations\sequences.csv,149,4,0.44632924119164885
C:\Users\User\AppData\Local\Temp\universal_mnist_cluster_kt2o4co_\brace-main\annotations\sequences.csv,150,2,0.3952672093203658
C:\Users\User\AppData\Local\Temp\universal_mnist_cluster_kt2o4co_\brace-main\annotations\sequences.csv,151,2,0.3766755726972909
C:\Users\User\AppData\Local\Temp\universal_mnist_cluster_kt2o4co_\brace-main\annotations\sequences.csv,152,2,0.3743787930207014
C:\Users\User\AppData\Local\Temp\universal_mnist_cluster_kt2o4co_\brace-main\annotations\sequences.csv,153,2,0.3765729690387042
C:\Users\User\AppData\Local\Temp\universal_mnist_cluster_kt2o4co_\brace-main\annotations\sequences.csv,154,3,0.3894239814810421
C:\Users\User\AppData\Local\Temp\universal_mnist_cluster_kt2o4co_\brace-main\annotations\sequences.csv,155,3,0.3782359784848277
C:\Users\User\AppData\Local\Temp\universal_mnist_cluster_kt2o4co_\brace-main\annotations\sequences.csv,156,3,0.37840139995184924
C:\Users\User\AppData\Local\Temp\universal_mnist_cluster_kt2o4co_\brace-main\annotations\sequences.csv,157,3,0.40008544375660704
C:\Users\User\AppData\Local\Temp\universal_mnist_cluster_kt2o4co_\brace-main\annotations\sequences.csv,158,3,0.45016749141648177
C:\Users\User\AppData\Local\Temp\universal_mnist_cluster_kt2o4co_\brace-main\annotations\sequences.csv,159,3,0.4201819401205814
C:\Users\User\AppData\Local\Temp\universal_mnist_cluster_kt2o4co_\brace-main\annotations\sequences.csv,160,3,0.40165469964442985
C:\Users\User\AppData\Local\Temp\universal_mnist_cluster_kt2o4co_\brace-main\annotations\sequences.csv,161,3,0.40418763145113124
C:\Users\User\AppData\Local\Temp\universal_mnist_cluster_kt2o4co_\brace-main\annotations\sequences.csv,162,6,0.40403955246325496
C:\Users\User\AppData\Local\Temp\universal_mnist_cluster_kt2o4co_\brace-main\annotations\sequences.csv,163,6,0.3785632733829374
C:\Users\User\AppData\Local\Temp\universal_mnist_cluster_kt2o4co_\brace-main\annotations\sequences.csv,164,6,0.3616657580622538
C:\Users\User\AppData\Local\Temp\universal_mnist_cluster_kt2o4co_\brace-main\annotations\sequences.csv,165,6,0.3652591202199864
C:\Users\User\AppData\Local\Temp\universal_mnist_cluster_kt2o4co_\brace-main\annotations\sequences.csv,166,6,0.3750037423665016
C:\Users\User\AppData\Local\Temp\universal_mnist_cluster_kt2o4co_\brace-main\annotations\sequences.csv,167,6,0.38695131522154874
C:\Users\User\AppData\Local\Temp\universal_mnist_cluster_kt2o4co_\brace-main\annotations\sequences.csv,168,0,0.39657774224528497
C:\Users\User\AppData\Local\Temp\universal_mnist_cluster_kt2o4co_\brace-main\annotations\sequences.csv,169,0,0.38383617384523727
C:\Users\User\AppData\Local\Temp\universal_mnist_cluster_kt2o4co_\brace-main\annotations\sequences.csv,170,0,0.37214757048637576
C:\Users\User\AppData\Local\Temp\universal_mnist_cluster_kt2o4co_\brace-main\annotations\sequences.csv,171,0,0.3890629488453268
C:\Users\User\AppData\Local\Temp\universal_mnist_cluster_kt2o4co_\brace-main\annotations\sequences.csv,172,6,0.3843990211245078
C:\Users\User\AppData\Local\Temp\universal_mnist_cluster_kt2o4co_\brace-main\annotations\sequences.csv,173,6,0.36794305329683247
C:\Users\User\AppData\Local\Temp\universal_mnist_cluster_kt2o4co_\brace-main\annotations\sequences.csv,174,6,0.36786756928591335
C:\Users\User\AppData\Local\Temp\universal_mnist_cluster_kt2o4co_\brace-main\annotations\sequences.csv,175,6,0.37580352983502013
C:\Users\User\AppData\Local\Temp\universal_mnist_cluster_kt2o4co_\brace-main\annotations\sequences.csv,176,6,0.4013621833458033
C:\Users\User\AppData\Local\Temp\universal_mnist_cluster_kt2o4co_\brace-main\annotations\sequences.csv,177,6,0.4149429386544676
C:\Users\User\AppData\Local\Temp\universal_mnist_cluster_kt2o4co_\brace-main\annotations\sequences.csv,178,3,0.40719141361931827
C:\Users\User\AppData\Local\Temp\universal_mnist_cluster_kt2o4co_\brace-main\annotations\sequences.csv,179,3,0.4080396416319045
C:\Users\User\AppData\Local\Temp\universal_mnist_cluster_kt2o4co_\brace-main\annotations\sequences.csv,180,3,0.43988041751254003
C:\Users\User\AppData\Local\Temp\universal_mnist_cluster_kt2o4co_\brace-main\annotations\sequences.csv,181,3,0.4541859750164156
C:\Users\User\AppData\Local\Temp\universal_mnist_cluster_kt2o4co_\brace-main\annotations\sequences.csv,182,3,0.4676129130285467
C:\Users\User\AppData\Local\Temp\universal_mnist_cluster_kt2o4co_\brace-main\annotations\sequences.csv,183,3,0.5068544288555369
C:\Users\User\AppData\Local\Temp\universal_mnist_cluster_kt2o4co_\brace-main\annotations\sequences.csv,184,0,0.39749478275574185
C:\Users\User\AppData\Local\Temp\universal_mnist_cluster_kt2o4co_\brace-main\annotations\sequences.csv,185,0,0.38557436252011207
C:\Users\User\AppData\Local\Temp\universal_mnist_cluster_kt2o4co_\brace-main\annotations\sequences.csv,186,0,0.407764856229595
C:\Users\User\AppData\Local\Temp\universal_mnist_cluster_kt2o4co_\brace-main\annotations\sequences.csv,187,0,0.4210896563686922
C:\Users\User\AppData\Local\Temp\universal_mnist_cluster_kt2o4co_\brace-main\annotations\sequences.csv,188,0,0.43725992291088206
C:\Users\User\AppData\Local\Temp\universal_mnist_cluster_kt2o4co_\brace-main\annotations\sequences.csv,189,0,0.45917195247005504
C:\Users\User\AppData\Local\Temp\universal_mnist_cluster_kt2o4co_\brace-main\annotations\sequences.csv,190,5,0.49740060237350076
C:\Users\User\AppData\Local\Temp\universal_mnist_cluster_kt2o4co_\brace-main\annotations\sequences.csv,191,5,0.528256214170089
C:\Users\User\AppData\Local\Temp\universal_mnist_cluster_kt2o4co_\brace-main\annotations\sequences.csv,192,5,0.5439448027278387
C:\Users\User\AppData\Local\Temp\universal_mnist_cluster_kt2o4co_\brace-main\annotations\sequences.csv,193,5,0.5594919801744365
C:\Users\User\AppData\Local\Temp\universal_mnist_cluster_kt2o4co_\brace-main\annotations\sequences.csv,194,5,0.57632833084889
C:\Users\User\AppData\Local\Temp\universal_mnist_cluster_kt2o4co_\brace-main\annotations\sequences.csv,195,5,0.5795819776814723
C:\Users\User\AppData\Local\Temp\universal_mnist_cluster_kt2o4co_\brace-main\annotations\sequences.csv,196,0,0.41615836216684643
C:\Users\User\AppData\Local\Temp\universal_mnist_cluster_kt2o4co_\brace-main\annotations\sequences.csv,197,0,0.4075818356838036
C:\Users\User\AppData\Local\Temp\universal_mnist_cluster_kt2o4co_\brace-main\annotations\sequences.csv,198,0,0.39018085872907105
C:\Users\User\AppData\Local\Temp\universal_mnist_cluster_kt2o4co_\brace-main\annotations\sequences.csv,199,0,0.3987914789540746
C:\Users\User\AppData\Local\Temp\universal_mnist_cluster_kt2o4co_\brace-main\annotations\sequences.csv,200,2,0.5336018029697186
C:\Users\User\AppData\Local\Temp\universal_mnist_cluster_kt2o4co_\brace-main\annotations\sequences.csv,201,2,0.490397634146439
C:\Users\User\AppData\Local\Temp\universal_mnist_cluster_kt2o4co_\brace-main\annotations\sequences.csv,202,2,0.3624144269008178
C:\Users\User\AppData\Local\Temp\universal_mnist_cluster_kt2o4co_\brace-main\annotations\sequences.csv,203,2,0.3690063248238975
C:\Users\User\AppData\Local\Temp\universal_mnist_cluster_kt2o4co_\brace-main\annotations\sequences.csv,204,2,0.38970858596990504
C:\Users\User\AppData\Local\Temp\universal_mnist_cluster_kt2o4co_\brace-main\annotations\sequences.csv,205,2,0.40647848968235745
C:\Users\User\AppData\Local\Temp\universal_mnist_cluster_kt2o4co_\brace-main\annotations\sequences.csv,206,3,0.3813343888001997
C:\Users\User\AppData\Local\Temp\universal_mnist_cluster_kt2o4co_\brace-main\annotations\sequences.csv,207,3,0.37323667966031276
C:\Users\User\AppData\Local\Temp\universal_mnist_cluster_kt2o4co_\brace-main\annotations\sequences.csv,208,3,0.3830063293197689
C:\Users\User\AppData\Local\Temp\universal_mnist_cluster_kt2o4co_\brace-main\annotations\sequences.csv,209,3,0.4048329163784744
C:\Users\User\AppData\Local\Temp\universal_mnist_cluster_kt2o4co_\brace-main\annotations\sequences.csv,210,3,0.41693658811389706
C:\Users\User\AppData\Local\Temp\universal_mnist_cluster_kt2o4co_\brace-main\annotations\sequences.csv,211,3,0.43895923390430025
C:\Users\User\AppData\Local\Temp\universal_mnist_cluster_kt2o4co_\brace-main\annotations\sequences.csv,212,7,0.37169822947689757
C:\Users\User\AppData\Local\Temp\universal_mnist_cluster_kt2o4co_\brace-main\annotations\sequences.csv,213,7,0.3618769260054516
C:\Users\User\AppData\Local\Temp\universal_mnist_cluster_kt2o4co_\brace-main\annotations\sequences.csv,214,7,0.3567081829413924
C:\Users\User\AppData\Local\Temp\universal_mnist_cluster_kt2o4co_\brace-main\annotations\sequences.csv,215,7,0.3643679445125522
C:\Users\User\AppData\Local\Temp\universal_mnist_cluster_kt2o4co_\brace-main\annotations\sequences.csv,216,7,0.3795982113718498
C:\Users\User\AppData\Local\Temp\universal_mnist_cluster_kt2o4co_\brace-main\annotations\sequences.csv,217,7,0.3930814773636662
C:\Users\User\AppData\Local\Temp\universal_mnist_cluster_kt2o4co_\brace-main\annotations\sequences.csv,218,7,0.37144682859828443
C:\Users\User\AppData\Local\Temp\universal_mnist_cluster_kt2o4co_\brace-main\annotations\sequences.csv,219,7,0.36225712561736445
C:\Users\User\AppData\Local\Temp\universal_mnist_cluster_kt2o4co_\brace-main\annotations\sequences.csv,220,7,0.3624133983379922
C:\Users\User\AppData\Local\Temp\universal_mnist_cluster_kt2o4co_\brace-main\annotations\sequences.csv,221,7,0.3755252011060237
C:\Users\User\AppData\Local\Temp\universal_mnist_cluster_kt2o4co_\brace-main\annotations\sequences.csv,222,7,0.3944358532736754
C:\Users\User\AppData\Local\Temp\universal_mnist_cluster_kt2o4co_\brace-main\annotations\sequences.csv,223,7,0.402223758221263
C:\Users\User\AppData\Local\Temp\universal_mnist_cluster_kt2o4co_\brace-main\annotations\sequences.csv,224,4,0.3745828321727951
C:\Users\User\AppData\Local\Temp\universal_mnist_cluster_kt2o4co_\brace-main\annotations\sequences.csv,225,4,0.35774276136742794
C:\Users\User\AppData\Local\Temp\universal_mnist_cluster_kt2o4co_\brace-main\annotations\sequences.csv,226,4,0.35274605086724337
C:\Users\User\AppData\Local\Temp\universal_mnist_cluster_kt2o4co_\brace-main\annotations\sequences.csv,227,4,0.35928924609911667
C:\Users\User\AppData\Local\Temp\universal_mnist_cluster_kt2o4co_\brace-main\annotations\sequences.csv,228,4,0.37903512909259623
C:\Users\User\AppData\Local\Temp\universal_mnist_cluster_kt2o4co_\brace-main\annotations\sequences.csv,229,4,0.40178637668438466
C:\Users\User\AppData\Local\Temp\universal_mnist_cluster_kt2o4co_\brace-main\annotations\sequences.csv,230,2,0.4010215470150482
C:\Users\User\AppData\Local\Temp\universal_mnist_cluster_kt2o4co_\brace-main\annotations\sequences.csv,231,2,0.38818940632461263
C:\Users\User\AppData\Local\Temp\universal_mnist_cluster_kt2o4co_\brace-main\annotations\sequences.csv,232,2,0.37583761407665434
C:\Users\User\AppData\Local\Temp\universal_mnist_cluster_kt2o4co_\brace-main\annotations\sequences.csv,233,2,0.37813667715470994
C:\Users\User\AppData\Local\Temp\universal_mnist_cluster_kt2o4co_\brace-main\annotations\sequences.csv,234,2,0.4036654682308288
C:\Users\User\AppData\Local\Temp\universal_mnist_cluster_kt2o4co_\brace-main\annotations\sequences.csv,235,2,0.41974665994728677
C:\Users\User\AppData\Local\Temp\universal_mnist_cluster_kt2o4co_\brace-main\annotations\sequences.csv,236,7,0.39073336076966786
C:\Users\User\AppData\Local\Temp\universal_mnist_cluster_kt2o4co_\brace-main\annotations\sequences.csv,237,7,0.37191028531988674
C:\Users\User\AppData\Local\Temp\universal_mnist_cluster_kt2o4co_\brace-main\annotations\sequences.csv,238,7,0.3614240962430643
C:\Users\User\AppData\Local\Temp\universal_mnist_cluster_kt2o4co_\brace-main\annotations\sequences.csv,239,7,0.35392858967807284
C:\Users\User\AppData\Local\Temp\universal_mnist_cluster_kt2o4co_\brace-main\annotations\sequences.csv,240,7,0.3653021111866182
C:\Users\User\AppData\Local\Temp\universal_mnist_cluster_kt2o4co_\brace-main\annotations\sequences.csv,241,7,0.39018059630851915
C:\Users\User\AppData\Local\Temp\universal_mnist_cluster_kt2o4co_\brace-main\annotations\sequences.csv,242,6,0.38619146802491433
C:\Users\User\AppData\Local\Temp\universal_mnist_cluster_kt2o4co_\brace-main\annotations\sequences.csv,243,6,0.360472357568009
C:\Users\User\AppData\Local\Temp\universal_mnist_cluster_kt2o4co_\brace-main\annotations\sequences.csv,244,6,0.3511669734425022
C:\Users\User\AppData\Local\Temp\universal_mnist_cluster_kt2o4co_\brace-main\annotations\sequences.csv,245,6,0.3581247142796686
C:\Users\User\AppData\Local\Temp\universal_mnist_cluster_kt2o4co_\brace-main\annotations\sequences.csv,246,6,0.3728865193797894
C:\Users\User\AppData\Local\Temp\universal_mnist_cluster_kt2o4co_\brace-main\annotations\sequences.csv,247,6,0.39308213377677464
C:\Users\User\AppData\Local\Temp\universal_mnist_cluster_kt2o4co_\brace-main\annotations\sequences.csv,248,4,0.3658556161822327
C:\Users\User\AppData\Local\Temp\universal_mnist_cluster_kt2o4co_\brace-main\annotations\sequences.csv,249,4,0.350248393086815
C:\Users\User\AppData\Local\Temp\universal_mnist_cluster_kt2o4co_\brace-main\annotations\sequences.csv,250,4,0.3602199178461359
C:\Users\User\AppData\Local\Temp\universal_mnist_cluster_kt2o4co_\brace-main\annotations\sequences.csv,251,4,0.3726719675390537
C:\Users\User\AppData\Local\Temp\universal_mnist_cluster_kt2o4co_\brace-main\annotations\sequences.csv,252,4,0.3839288858930276
C:\Users\User\AppData\Local\Temp\universal_mnist_cluster_kt2o4co_\brace-main\annotations\sequences.csv,253,4,0.4086330232763029
C:\Users\User\AppData\Local\Temp\universal_mnist_cluster_kt2o4co_\brace-main\annotations\sequences.csv,254,5,0.40574370001968674
C:\Users\User\AppData\Local\Temp\universal_mnist_cluster_kt2o4co_\brace-main\annotations\sequences.csv,255,5,0.38742933311259864
C:\Users\User\AppData\Local\Temp\universal_mnist_cluster_kt2o4co_\brace-main\annotations\sequences.csv,256,5,0.37039987000852875
C:\Users\User\AppData\Local\Temp\universal_mnist_cluster_kt2o4co_\brace-main\annotations\sequences.csv,257,5,0.3642439460145792
C:\Users\User\AppData\Local\Temp\universal_mnist_cluster_kt2o4co_\brace-main\annotations\sequences.csv,258,5,0.3655059735183127
C:\Users\User\AppData\Local\Temp\universal_mnist_cluster_kt2o4co_\brace-main\annotations\sequences.csv,259,5,0.3863665316836288
C:\Users\User\AppData\Local\Temp\universal_mnist_cluster_kt2o4co_\brace-main\annotations\sequences.csv,260,0,0.383658863553644
C:\Users\User\AppData\Local\Temp\universal_mnist_cluster_kt2o4co_\brace-main\annotations\sequences.csv,261,0,0.3808226543005542
C:\Users\User\AppData\Local\Temp\universal_mnist_cluster_kt2o4co_\brace-main\annotations\sequences.csv,262,0,0.4057787463172599
C:\Users\User\AppData\Local\Temp\universal_mnist_cluster_kt2o4co_\brace-main\annotations\sequences.csv,263,0,0.4212175480275045
C:\Users\User\AppData\Local\Temp\universal_mnist_cluster_kt2o4co_\brace-main\annotations\sequences.csv,264,0,0.47899556952491257
C:\Users\User\AppData\Local\Temp\universal_mnist_cluster_kt2o4co_\brace-main\annotations\sequences.csv,265,0,0.5249250085483314
C:\Users\User\AppData\Local\Temp\universal_mnist_cluster_kt2o4co_\brace-main\annotations\sequences.csv,266,7,0.39073336076966786
C:\Users\User\AppData\Local\Temp\universal_mnist_cluster_kt2o4co_\brace-main\annotations\sequences.csv,267,7,0.37799737439879844
C:\Users\User\AppData\Local\Temp\universal_mnist_cluster_kt2o4co_\brace-main\annotations\sequences.csv,268,7,0.36411387893383323
C:\Users\User\AppData\Local\Temp\universal_mnist_cluster_kt2o4co_\brace-main\annotations\sequences.csv,269,7,0.3571310124050112
C:\Users\User\AppData\Local\Temp\universal_mnist_cluster_kt2o4co_\brace-main\annotations\sequences.csv,270,7,0.36312424586565545
C:\Users\User\AppData\Local\Temp\universal_mnist_cluster_kt2o4co_\brace-main\annotations\sequences.csv,271,7,0.37261796974390615
C:\Users\User\AppData\Local\Temp\universal_mnist_cluster_kt2o4co_\brace-main\annotations\sequences.csv,272,4,0.3658556161822327
C:\Users\User\AppData\Local\Temp\universal_mnist_cluster_kt2o4co_\brace-main\annotations\sequences.csv,273,4,0.35405939371338957
C:\Users\User\AppData\Local\Temp\universal_mnist_cluster_kt2o4co_\brace-main\annotations\sequences.csv,274,4,0.35261899076950537
C:\Users\User\AppData\Local\Temp\universal_mnist_cluster_kt2o4co_\brace-main\annotations\sequences.csv,275,4,0.3594256201618932
C:\Users\User\AppData\Local\Temp\universal_mnist_cluster_kt2o4co_\brace-main\annotations\sequences.csv,276,4,0.37409534275283235
C:\Users\User\AppData\Local\Temp\universal_mnist_cluster_kt2o4co_\brace-main\annotations\sequences.csv,277,4,0.39086602003206966
C:\Users\User\AppData\Local\Temp\universal_mnist_cluster_kt2o4co_\brace-main\annotations\sequences.csv,278,0,0.39959425677297244
C:\Users\User\AppData\Local\Temp\universal_mnist_cluster_kt2o4co_\brace-main\annotations\sequences.csv,279,0,0.3900279407153117
C:\Users\User\AppData\Local\Temp\universal_mnist_cluster_kt2o4co_\brace-main\annotations\sequences.csv,280,0,0.3808823237323543
C:\Users\User\AppData\Local\Temp\universal_mnist_cluster_kt2o4co_\brace-main\annotations\sequences.csv,281,0,0.38887177506364035
C:\Users\User\AppData\Local\Temp\universal_mnist_cluster_kt2o4co_\brace-main\annotations\sequences.csv,282,0,0.4228942372600422
C:\Users\User\AppData\Local\Temp\universal_mnist_cluster_kt2o4co_\brace-main\annotations\sequences.csv,283,0,0.4404386214878009
C:\Users\User\AppData\Local\Temp\universal_mnist_cluster_kt2o4co_\brace-main\annotations\sequences.csv,284,5,0.4217030536352005
C:\Users\User\AppData\Local\Temp\universal_mnist_cluster_kt2o4co_\brace-main\annotations\sequences.csv,285,5,0.40783045388446465
C:\Users\User\AppData\Local\Temp\universal_mnist_cluster_kt2o4co_\brace-main\annotations\sequences.csv,286,5,0.39702961222176675
C:\Users\User\AppData\Local\Temp\universal_mnist_cluster_kt2o4co_\brace-main\annotations\sequences.csv,287,5,0.39412277250131567
C:\Users\User\AppData\Local\Temp\universal_mnist_cluster_kt2o4co_\brace-main\annotations\sequences.csv,288,5,0.39425486207318905
C:\Users\User\AppData\Local\Temp\universal_mnist_cluster_kt2o4co_\brace-main\annotations\sequences.csv,289,5,0.41603032920873695
C:\Users\User\AppData\Local\Temp\universal_mnist_cluster_kt2o4co_\brace-main\annotations\sequences.csv,290,2,0.4237084460244908
C:\Users\User\AppData\Local\Temp\universal_mnist_cluster_kt2o4co_\brace-main\annotations\sequences.csv,291,2,0.43308506653435047
C:\Users\User\AppData\Local\Temp\universal_mnist_cluster_kt2o4co_\brace-main\annotations\sequences.csv,292,2,0.42199989198109117
C:\Users\User\AppData\Local\Temp\universal_mnist_cluster_kt2o4co_\brace-main\annotations\sequences.csv,293,2,0.4693379443863969
C:\Users\User\AppData\Local\Temp\universal_mnist_cluster_kt2o4co_\brace-main\annotations\sequences.csv,294,2,0.5292181474622407
C:\Users\User\AppData\Local\Temp\universal_mnist_cluster_kt2o4co_\brace-main\annotations\sequences.csv,295,2,0.5546740352851319
C:\Users\User\AppData\Local\Temp\universal_mnist_cluster_kt2o4co_\brace-main\annotations\sequences.csv,296,3,0.4493684747049306
C:\Users\User\AppData\Local\Temp\universal_mnist_cluster_kt2o4co_\brace-main\annotations\sequences.csv,297,3,0.4154483481077018
C:\Users\User\AppData\Local\Temp\universal_mnist_cluster_kt2o4co_\brace-main\annotations\sequences.csv,298,3,0.3996237923270998
C:\Users\User\AppData\Local\Temp\universal_mnist_cluster_kt2o4co_\brace-main\annotations\sequences.csv,299,3,0.39214213008628296
C:\Users\User\AppData\Local\Temp\universal_mnist_cluster_kt2o4co_\brace-main\annotations\sequences.csv,300,3,0.39774542168216137
C:\Users\User\AppData\Local\Temp\universal_mnist_cluster_kt2o4co_\brace-main\annotations\sequences.csv,301,3,0.412945006570452
C:\Users\User\AppData\Local\Temp\universal_mnist_cluster_kt2o4co_\brace-main\annotations\sequences.csv,302,2,0.394513634422237
C:\Users\User\AppData\Local\Temp\universal_mnist_cluster_kt2o4co_\brace-main\annotations\sequences.csv,303,2,0.37127982852867336
C:\Users\User\AppData\Local\Temp\universal_mnist_cluster_kt2o4co_\brace-main\annotations\sequences.csv,304,2,0.3746653722612299
C:\Users\User\AppData\Local\Temp\universal_mnist_cluster_kt2o4co_\brace-main\annotations\sequences.csv,305,2,0.3933547130614843
C:\Users\User\AppData\Local\Temp\universal_mnist_cluster_kt2o4co_\brace-main\annotations\sequences.csv,306,2,0.4321492032468052
C:\Users\User\AppData\Local\Temp\universal_mnist_cluster_kt2o4co_\brace-main\annotations\sequences.csv,307,2,0.4849997970058607
C:\Users\User\AppData\Local\Temp\universal_mnist_cluster_kt2o4co_\brace-main\annotations\sequences.csv,308,7,0.40670180111407267
C:\Users\User\AppData\Local\Temp\universal_mnist_cluster_kt2o4co_\brace-main\annotations\sequences.csv,309,7,0.381616476597875
C:\Users\User\AppData\Local\Temp\universal_mnist_cluster_kt2o4co_\brace-main\annotations\sequences.csv,310,7,0.3644678927748957
C:\Users\User\AppData\Local\Temp\universal_mnist_cluster_kt2o4co_\brace-main\annotations\sequences.csv,311,7,0.36288598533405747
C:\Users\User\AppData\Local\Temp\universal_mnist_cluster_kt2o4co_\brace-main\annotations\sequences.csv,312,7,0.37307920030667097
C:\Users\User\AppData\Local\Temp\universal_mnist_cluster_kt2o4co_\brace-main\annotations\sequences.csv,313,7,0.39569645240422857
C:\Users\User\AppData\Local\Temp\universal_mnist_cluster_kt2o4co_\brace-main\annotations\sequences.csv,314,5,0.3663210000317686
C:\Users\User\AppData\Local\Temp\universal_mnist_cluster_kt2o4co_\brace-main\annotations\sequences.csv,315,5,0.3701762619226013
C:\Users\User\AppData\Local\Temp\universal_mnist_cluster_kt2o4co_\brace-main\annotations\sequences.csv,316,5,0.3894565538453063
C:\Users\User\AppData\Local\Temp\universal_mnist_cluster_kt2o4co_\brace-main\annotations\sequences.csv,317,5,0.40112471558323176
C:\Users\User\AppData\Local\Temp\universal_mnist_cluster_kt2o4co_\brace-main\annotations\sequences.csv,318,5,0.42588622412184585
C:\Users\User\AppData\Local\Temp\universal_mnist_cluster_kt2o4co_\brace-main\annotations\sequences.csv,319,5,0.46220812966195285
C:\Users\User\AppData\Local\Temp\universal_mnist_cluster_kt2o4co_\brace-main\annotations\sequences.csv,320,0,0.4326891616618338
C:\Users\User\AppData\Local\Temp\universal_mnist_cluster_kt2o4co_\brace-main\annotations\sequences.csv,321,0,0.41817756173057224
C:\Users\User\AppData\Local\Temp\universal_mnist_cluster_kt2o4co_\brace-main\annotations\sequences.csv,322,0,0.40607615478199294
C:\Users\User\AppData\Local\Temp\universal_mnist_cluster_kt2o4co_\brace-main\annotations\sequences.csv,323,0,0.398007361184402
C:\Users\User\AppData\Local\Temp\universal_mnist_cluster_kt2o4co_\brace-main\annotations\sequences.csv,324,0,0.4143559002398115
C:\Users\User\AppData\Local\Temp\universal_mnist_cluster_kt2o4co_\brace-main\annotations\sequences.csv,325,0,0.4376246373383784
C:\Users\User\AppData\Local\Temp\universal_mnist_cluster_kt2o4co_\brace-main\annotations\sequences.csv,326,0,0.4440311834030941
C:\Users\User\AppData\Local\Temp\universal_mnist_cluster_kt2o4co_\brace-main\annotations\sequences.csv,327,1,0.3926943861472029
C:\Users\User\AppData\Local\Temp\universal_mnist_cluster_kt2o4co_\brace-main\annotations\sequences.csv,328,1,0.3654580733431495
C:\Users\User\AppData\Local\Temp\universal_mnist_cluster_kt2o4co_\brace-main\annotations\sequences.csv,329,1,0.3588717951145965
C:\Users\User\AppData\Local\Temp\universal_mnist_cluster_kt2o4co_\brace-main\annotations\sequences.csv,330,1,0.3582552707544088
C:\Users\User\AppData\Local\Temp\universal_mnist_cluster_kt2o4co_\brace-main\annotations\sequences.csv,331,1,0.37683127607225697
C:\Users\User\AppData\Local\Temp\universal_mnist_cluster_kt2o4co_\brace-main\annotations\sequences.csv,332,1,0.39277824240783915
C:\Users\User\AppData\Local\Temp\universal_mnist_cluster_kt2o4co_\brace-main\annotations\sequences.csv,333,4,0.40252825482790117
C:\Users\User\AppData\Local\Temp\universal_mnist_cluster_kt2o4co_\brace-main\annotations\sequences.csv,334,4,0.3690558297966613
C:\Users\User\AppData\Local\Temp\universal_mnist_cluster_kt2o4co_\brace-main\annotations\sequences.csv,335,4,0.35831084761480203
C:\Users\User\AppData\Local\Temp\universal_mnist_cluster_kt2o4co_\brace-main\annotations\sequences.csv,336,4,0.35344978337939476
C:\Users\User\AppData\Local\Temp\universal_mnist_cluster_kt2o4co_\brace-main\annotations\sequences.csv,337,4,0.3623931212398531
C:\Users\User\AppData\Local\Temp\universal_mnist_cluster_kt2o4co_\brace-main\annotations\sequences.csv,338,4,0.3717893835292344
C:\Users\User\AppData\Local\Temp\universal_mnist_cluster_kt2o4co_\brace-main\annotations\sequences.csv,339,3,0.3685482244410713
C:\Users\User\AppData\Local\Temp\universal_mnist_cluster_kt2o4co_\brace-main\annotations\sequences.csv,340,3,0.37858813312611156
C:\Users\User\AppData\Local\Temp\universal_mnist_cluster_kt2o4co_\brace-main\annotations\sequences.csv,341,3,0.3994811862959401
C:\Users\User\AppData\Local\Temp\universal_mnist_cluster_kt2o4co_\brace-main\annotations\sequences.csv,342,3,0.41022388090888345
C:\Users\User\AppData\Local\Temp\universal_mnist_cluster_kt2o4co_\brace-main\annotations\sequences.csv,343,3,0.43893582899302247
C:\Users\User\AppData\Local\Temp\universal_mnist_cluster_kt2o4co_\brace-main\annotations\sequences.csv,344,3,0.4674714838264898
C:\Users\User\AppData\Local\Temp\universal_mnist_cluster_kt2o4co_\brace-main\annotations\sequences.csv,345,3,0.4522945101666553
C:\Users\User\AppData\Local\Temp\universal_mnist_cluster_kt2o4co_\brace-main\annotations\sequences.csv,346,3,0.4244572561010499
C:\Users\User\AppData\Local\Temp\universal_mnist_cluster_kt2o4co_\brace-main\annotations\sequences.csv,347,3,0.42112164628639204
C:\Users\User\AppData\Local\Temp\universal_mnist_cluster_kt2o4co_\brace-main\annotations\sequences.csv,348,3,0.4220960562229592
C:\Users\User\AppData\Local\Temp\universal_mnist_cluster_kt2o4co_\brace-main\annotations\sequences.csv,349,3,0.4364949995103637
C:\Users\User\AppData\Local\Temp\universal_mnist_cluster_kt2o4co_\brace-main\annotations\sequences.csv,350,3,0.4402831166794916
C:\Users\User\AppData\Local\Temp\universal_mnist_cluster_kt2o4co_\brace-main\annotations\sequences.csv,351,4,0.35562097045621754
C:\Users\User\AppData\Local\Temp\universal_mnist_cluster_kt2o4co_\brace-main\annotations\sequences.csv,352,4,0.36124265640831144
C:\Users\User\AppData\Local\Temp\universal_mnist_cluster_kt2o4co_\brace-main\annotations\sequences.csv,353,4,0.3700633547768522
C:\Users\User\AppData\Local\Temp\universal_mnist_cluster_kt2o4co_\brace-main\annotations\sequences.csv,354,4,0.3840456700247312
C:\Users\User\AppData\Local\Temp\universal_mnist_cluster_kt2o4co_\brace-main\annotations\sequences.csv,355,4,0.4033491756867565
C:\Users\User\AppData\Local\Temp\universal_mnist_cluster_kt2o4co_\brace-main\annotations\sequences.csv,356,4,0.43551473237350896
C:\Users\User\AppData\Local\Temp\universal_mnist_cluster_kt2o4co_\brace-main\annotations\sequences.csv,357,6,0.3890851574480095
C:\Users\User\AppData\Local\Temp\universal_mnist_cluster_kt2o4co_\brace-main\annotations\sequences.csv,358,6,0.3609105705672731
C:\Users\User\AppData\Local\Temp\universal_mnist_cluster_kt2o4co_\brace-main\annotations\sequences.csv,359,6,0.3581873825191586
C:\Users\User\AppData\Local\Temp\universal_mnist_cluster_kt2o4co_\brace-main\annotations\sequences.csv,360,6,0.363132524544491
C:\Users\User\AppData\Local\Temp\universal_mnist_cluster_kt2o4co_\brace-main\annotations\sequences.csv,361,6,0.3760360583166839
C:\Users\User\AppData\Local\Temp\universal_mnist_cluster_kt2o4co_\brace-main\annotations\sequences.csv,362,6,0.39926176632096144
C:\Users\User\AppData\Local\Temp\universal_mnist_cluster_kt2o4co_\brace-main\annotations\sequences.csv,363,5,0.3904597138576302
C:\Users\User\AppData\Local\Temp\universal_mnist_cluster_kt2o4co_\brace-main\annotations\sequences.csv,364,5,0.37268270377944823
C:\Users\User\AppData\Local\Temp\universal_mnist_cluster_kt2o4co_\brace-main\annotations\sequences.csv,365,5,0.3692762247045247
C:\Users\User\AppData\Local\Temp\universal_mnist_cluster_kt2o4co_\brace-main\annotations\sequences.csv,366,5,0.36577911418490183
C:\Users\User\AppData\Local\Temp\universal_mnist_cluster_kt2o4co_\brace-main\annotations\sequences.csv,367,5,0.3765699743154263
C:\Users\User\AppData\Local\Temp\universal_mnist_cluster_kt2o4co_\brace-main\annotations\sequences.csv,368,5,0.3960496492565076
C:\Users\User\AppData\Local\Temp\universal_mnist_cluster_kt2o4co_\brace-main\annotations\sequences.csv,369,3,0.4017226050294725
C:\Users\User\AppData\Local\Temp\universal_mnist_cluster_kt2o4co_\brace-main\annotations\sequences.csv,370,3,0.3894459703295722
C:\Users\User\AppData\Local\Temp\universal_mnist_cluster_kt2o4co_\brace-main\annotations\sequences.csv,371,3,0.394154954376426
C:\Users\User\AppData\Local\Temp\universal_mnist_cluster_kt2o4co_\brace-main\annotations\sequences.csv,372,3,0.40664767040696187
C:\Users\User\AppData\Local\Temp\universal_mnist_cluster_kt2o4co_\brace-main\annotations\sequences.csv,373,3,0.4184490122864633
C:\Users\User\AppData\Local\Temp\universal_mnist_cluster_kt2o4co_\brace-main\annotations\sequences.csv,374,3,0.4355982343573621
C:\Users\User\AppData\Local\Temp\universal_mnist_cluster_kt2o4co_\brace-main\annotations\sequences.csv,375,2,0.3920891128328516
C:\Users\User\AppData\Local\Temp\universal_mnist_cluster_kt2o4co_\brace-main\annotations\sequences.csv,376,2,0.3726949833205306
C:\Users\User\AppData\Local\Temp\universal_mnist_cluster_kt2o4co_\brace-main\annotations\sequences.csv,377,2,0.36221078180792404
C:\Users\User\AppData\Local\Temp\universal_mnist_cluster_kt2o4co_\brace-main\annotations\sequences.csv,378,2,0.3561222298580771
C:\Users\User\AppData\Local\Temp\universal_mnist_cluster_kt2o4co_\brace-main\annotations\sequences.csv,379,2,0.36167287688849636
C:\Users\User\AppData\Local\Temp\universal_mnist_cluster_kt2o4co_\brace-main\annotations\sequences.csv,380,2,0.37081560925556495
C:\Users\User\AppData\Local\Temp\universal_mnist_cluster_kt2o4co_\brace-main\annotations\sequences.csv,381,1,0.5449926704691859
C:\Users\User\AppData\Local\Temp\universal_mnist_cluster_kt2o4co_\brace-main\annotations\sequences.csv,382,1,0.4910924512189633
C:\Users\User\AppData\Local\Temp\universal_mnist_cluster_kt2o4co_\brace-main\annotations\sequences.csv,383,1,0.38648721453061324
C:\Users\User\AppData\Local\Temp\universal_mnist_cluster_kt2o4co_\brace-main\annotations\sequences.csv,384,1,0.3884603839871388
C:\Users\User\AppData\Local\Temp\universal_mnist_cluster_kt2o4co_\brace-main\annotations\sequences.csv,385,1,0.4052377872891467
C:\Users\User\AppData\Local\Temp\universal_mnist_cluster_kt2o4co_\brace-main\annotations\sequences.csv,386,1,0.4306188517703272
C:\Users\User\AppData\Local\Temp\universal_mnist_cluster_kt2o4co_\brace-main\annotations\sequences.csv,387,0,0.4323392744636867
C:\Users\User\AppData\Local\Temp\universal_mnist_cluster_kt2o4co_\brace-main\annotations\sequences.csv,388,0,0.39931335533097073
C:\Users\User\AppData\Local\Temp\universal_mnist_cluster_kt2o4co_\brace-main\annotations\sequences.csv,389,0,0.387335030482565
C:\Users\User\AppData\Local\Temp\universal_mnist_cluster_kt2o4co_\brace-main\annotations\sequences.csv,390,0,0.39039747245685974
C:\Users\User\AppData\Local\Temp\universal_mnist_cluster_kt2o4co_\brace-main\annotations\sequences.csv,391,0,0.4012778905832119
C:\Users\User\AppData\Local\Temp\universal_mnist_cluster_kt2o4co_\brace-main\annotations\sequences.csv,392,0,0.4206700851875449
C:\Users\User\AppData\Local\Temp\universal_mnist_cluster_kt2o4co_\brace-main\annotations\sequences.csv,393,3,0.4323979840291073
C:\Users\User\AppData\Local\Temp\universal_mnist_cluster_kt2o4co_\brace-main\annotations\sequences.csv,394,3,0.40744173480104096
C:\Users\User\AppData\Local\Temp\universal_mnist_cluster_kt2o4co_\brace-main\annotations\sequences.csv,395,3,0.3911448795570765
C:\Users\User\AppData\Local\Temp\universal_mnist_cluster_kt2o4co_\brace-main\annotations\sequences.csv,396,3,0.40935198606111894
C:\Users\User\AppData\Local\Temp\universal_mnist_cluster_kt2o4co_\brace-main\annotations\sequences.csv,397,3,0.4237767078167987
C:\Users\User\AppData\Local\Temp\universal_mnist_cluster_kt2o4co_\brace-main\annotations\sequences.csv,398,3,0.4393883475400931
C:\Users\User\AppData\Local\Temp\universal_mnist_cluster_kt2o4co_\brace-main\annotations\sequences.csv,399,2,0.4323473890644586
C:\Users\User\AppData\Local\Temp\universal_mnist_cluster_kt2o4co_\brace-main\annotations\sequences.csv,400,2,0.39921038314211493
C:\Users\User\AppData\Local\Temp\universal_mnist_cluster_kt2o4co_\brace-main\annotations\sequences.csv,401,2,0.3822273220332169
C:\Users\User\AppData\Local\Temp\universal_mnist_cluster_kt2o4co_\brace-main\annotations\sequences.csv,402,2,0.3739935854271522
C:\Users\User\AppData\Local\Temp\universal_mnist_cluster_kt2o4co_\brace-main\annotations\sequences.csv,403,2,0.3892123102999118
C:\Users\User\AppData\Local\Temp\universal_mnist_cluster_kt2o4co_\brace-main\annotations\sequences.csv,404,2,0.39792210257112615
C:\Users\User\AppData\Local\Temp\universal_mnist_cluster_kt2o4co_\brace-main\annotations\sequences.csv,405,3,0.423395522027118
C:\Users\User\AppData\Local\Temp\universal_mnist_cluster_kt2o4co_\brace-main\annotations\sequences.csv,406,3,0.3991657822103489
C:\Users\User\AppData\Local\Temp\universal_mnist_cluster_kt2o4co_\brace-main\annotations\sequences.csv,407,3,0.38759127109832314
C:\Users\User\AppData\Local\Temp\universal_mnist_cluster_kt2o4co_\brace-main\annotations\sequences.csv,408,3,0.3864708007897078
C:\Users\User\AppData\Local\Temp\universal_mnist_cluster_kt2o4co_\brace-main\annotations\sequences.csv,409,3,0.39889590261759944
C:\Users\User\AppData\Local\Temp\universal_mnist_cluster_kt2o4co_\brace-main\annotations\sequences.csv,410,3,0.4185252803124872
C:\Users\User\AppData\Local\Temp\universal_mnist_cluster_kt2o4co_\brace-main\annotations\sequences.csv,411,3,0.43144171346795734
C:\Users\User\AppData\Local\Temp\universal_mnist_cluster_kt2o4co_\brace-main\annotations\sequences.csv,412,3,0.40279609215895823
C:\Users\User\AppData\Local\Temp\universal_mnist_cluster_kt2o4co_\brace-main\annotations\sequences.csv,413,3,0.38759127109832314
C:\Users\User\AppData\Local\Temp\universal_mnist_cluster_kt2o4co_\brace-main\annotations\sequences.csv,414,3,0.38541751370987376
C:\Users\User\AppData\Local\Temp\universal_mnist_cluster_kt2o4co_\brace-main\annotations\sequences.csv,415,3,0.392425136689347
C:\Users\User\AppData\Local\Temp\universal_mnist_cluster_kt2o4co_\brace-main\annotations\sequences.csv,416,3,0.41078958093650975
C:\Users\User\AppData\Local\Temp\universal_mnist_cluster_kt2o4co_\brace-main\annotations\sequences.csv,417,2,0.41303973956116063
C:\Users\User\AppData\Local\Temp\universal_mnist_cluster_kt2o4co_\brace-main\annotations\sequences.csv,418,2,0.38735562309252886
C:\Users\User\AppData\Local\Temp\universal_mnist_cluster_kt2o4co_\brace-main\annotations\sequences.csv,419,2,0.3758892177744954
C:\Users\User\AppData\Local\Temp\universal_mnist_cluster_kt2o4co_\brace-main\annotations\sequences.csv,420,2,0.377781400900898
C:\Users\User\AppData\Local\Temp\universal_mnist_cluster_kt2o4co_\brace-main\annotations\sequences.csv,421,2,0.3956700932555205
C:\Users\User\AppData\Local\Temp\universal_mnist_cluster_kt2o4co_\brace-main\annotations\sequences.csv,422,2,0.4153337439733751
C:\Users\User\AppData\Local\Temp\universal_mnist_cluster_kt2o4co_\brace-main\annotations\sequences.csv,423,2,0.41728557947087236
C:\Users\User\AppData\Local\Temp\universal_mnist_cluster_kt2o4co_\brace-main\annotations\sequences.csv,424,2,0.38757466581700806
C:\Users\User\AppData\Local\Temp\universal_mnist_cluster_kt2o4co_\brace-main\annotations\sequences.csv,425,2,0.37638910405298315
C:\Users\User\AppData\Local\Temp\universal_mnist_cluster_kt2o4co_\brace-main\annotations\sequences.csv,426,2,0.3696992613202364
C:\Users\User\AppData\Local\Temp\universal_mnist_cluster_kt2o4co_\brace-main\annotations\sequences.csv,427,2,0.37900304862506606
C:\Users\User\AppData\Local\Temp\universal_mnist_cluster_kt2o4co_\brace-main\annotations\sequences.csv,428,2,0.38841615428400217
C:\Users\User\AppData\Local\Temp\universal_mnist_cluster_kt2o4co_\brace-main\annotations\sequences.csv,429,1,0.4342399740612184
C:\Users\User\AppData\Local\Temp\universal_mnist_cluster_kt2o4co_\brace-main\annotations\sequences.csv,430,1,0.40707403567896366
C:\Users\User\AppData\Local\Temp\universal_mnist_cluster_kt2o4co_\brace-main\annotations\sequences.csv,431,1,0.3902547061484759
C:\Users\User\AppData\Local\Temp\universal_mnist_cluster_kt2o4co_\brace-main\annotations\sequences.csv,432,1,0.38648492917609384
C:\Users\User\AppData\Local\Temp\universal_mnist_cluster_kt2o4co_\brace-main\annotations\sequences.csv,433,1,0.40672106406341496
C:\Users\User\AppData\Local\Temp\universal_mnist_cluster_kt2o4co_\brace-main\annotations\sequences.csv,434,1,0.4329263181621883
C:\Users\User\AppData\Local\Temp\universal_mnist_cluster_kt2o4co_\brace-main\annotations\sequences.csv,435,5,0.4261210221834589
C:\Users\User\AppData\Local\Temp\universal_mnist_cluster_kt2o4co_\brace-main\annotations\sequences.csv,436,5,0.39171108473756944
C:\Users\User\AppData\Local\Temp\universal_mnist_cluster_kt2o4co_\brace-main\annotations\sequences.csv,437,5,0.38577553044973023
C:\Users\User\AppData\Local\Temp\universal_mnist_cluster_kt2o4co_\brace-main\annotations\sequences.csv,438,5,0.38721779790841426
C:\Users\User\AppData\Local\Temp\universal_mnist_cluster_kt2o4co_\brace-main\annotations\sequences.csv,439,5,0.418536332921969
C:\Users\User\AppData\Local\Temp\universal_mnist_cluster_kt2o4co_\brace-main\annotations\sequences.csv,440,5,0.46136519575507856
C:\Users\User\AppData\Local\Temp\universal_mnist_cluster_kt2o4co_\brace-main\annotations\sequences.csv,441,0,0.4468221669564168
C:\Users\User\AppData\Local\Temp\universal_mnist_cluster_kt2o4co_\brace-main\annotations\sequences.csv,442,0,0.40531875909231335
C:\Users\User\AppData\Local\Temp\universal_mnist_cluster_kt2o4co_\brace-main\annotations\sequences.csv,443,0,0.3907459164494589
C:\Users\User\AppData\Local\Temp\universal_mnist_cluster_kt2o4co_\brace-main\annotations\sequences.csv,444,0,0.389432709428041
C:\Users\User\AppData\Local\Temp\universal_mnist_cluster_kt2o4co_\brace-main\annotations\sequences.csv,445,0,0.4042104017343409
C:\Users\User\AppData\Local\Temp\universal_mnist_cluster_kt2o4co_\brace-main\annotations\sequences.csv,446,0,0.4330443332740698
C:\Users\User\AppData\Local\Temp\universal_mnist_cluster_kt2o4co_\brace-main\annotations\sequences.csv,447,3,0.423395522027118
C:\Users\User\AppData\Local\Temp\universal_mnist_cluster_kt2o4co_\brace-main\annotations\sequences.csv,448,3,0.39941653956215517
C:\Users\User\AppData\Local\Temp\universal_mnist_cluster_kt2o4co_\brace-main\annotations\sequences.csv,449,3,0.38475028303178793
C:\Users\User\AppData\Local\Temp\universal_mnist_cluster_kt2o4co_\brace-main\annotations\sequences.csv,450,3,0.3913760167187316
C:\Users\User\AppData\Local\Temp\universal_mnist_cluster_kt2o4co_\brace-main\annotations\sequences.csv,451,3,0.4106480249123181
C:\Users\User\AppData\Local\Temp\universal_mnist_cluster_kt2o4co_\brace-main\annotations\sequences.csv,452,3,0.4340195740161141
C:\Users\User\AppData\Local\Temp\universal_mnist_cluster_kt2o4co_\brace-main\annotations\sequences.csv,453,6,0.411872854935418
C:\Users\User\AppData\Local\Temp\universal_mnist_cluster_kt2o4co_\brace-main\annotations\sequences.csv,454,6,0.381966085407395
C:\Users\User\AppData\Local\Temp\universal_mnist_cluster_kt2o4co_\brace-main\annotations\sequences.csv,455,6,0.37220048123237337
C:\Users\User\AppData\Local\Temp\universal_mnist_cluster_kt2o4co_\brace-main\annotations\sequences.csv,456,6,0.3847644157266205
C:\Users\User\AppData\Local\Temp\universal_mnist_cluster_kt2o4co_\brace-main\annotations\sequences.csv,457,6,0.4028223379343613
C:\Users\User\AppData\Local\Temp\universal_mnist_cluster_kt2o4co_\brace-main\annotations\sequences.csv,458,6,0.42573043476931965
C:\Users\User\AppData\Local\Temp\universal_mnist_cluster_kt2o4co_\brace-main\annotations\sequences.csv,459,2,0.40864469474197285
C:\Users\User\AppData\Local\Temp\universal_mnist_cluster_kt2o4co_\brace-main\annotations\sequences.csv,460,2,0.38380215314136945
C:\Users\User\AppData\Local\Temp\universal_mnist_cluster_kt2o4co_\brace-main\annotations\sequences.csv,461,2,0.37255089317724643
C:\Users\User\AppData\Local\Temp\universal_mnist_cluster_kt2o4co_\brace-main\annotations\sequences.csv,462,2,0.3744850554113289
C:\Users\User\AppData\Local\Temp\universal_mnist_cluster_kt2o4co_\brace-main\annotations\sequences.csv,463,2,0.3812130715233411
C:\Users\User\AppData\Local\Temp\universal_mnist_cluster_kt2o4co_\brace-main\annotations\sequences.csv,464,2,0.3968292315950959
C:\Users\User\AppData\Local\Temp\universal_mnist_cluster_kt2o4co_\brace-main\annotations\sequences_test.csv,0,5,0.5118933099881574
C:\Users\User\AppData\Local\Temp\universal_mnist_cluster_kt2o4co_\brace-main\annotations\sequences_test.csv,1,5,0.46657465040704127
C:\Users\User\AppData\Local\Temp\universal_mnist_cluster_kt2o4co_\brace-main\annotations\sequences_test.csv,2,5,0.357072509130345
C:\Users\User\AppData\Local\Temp\universal_mnist_cluster_kt2o4co_\brace-main\annotations\sequences_test.csv,3,3,0.36042401864849233
C:\Users\User\AppData\Local\Temp\universal_mnist_cluster_kt2o4co_\brace-main\annotations\sequences_test.csv,4,5,0.36498551338798774
C:\Users\User\AppData\Local\Temp\universal_mnist_cluster_kt2o4co_\brace-main\annotations\sequences_test.csv,5,4,0.3486564937796416
C:\Users\User\AppData\Local\Temp\universal_mnist_cluster_kt2o4co_\brace-main\annotations\sequences_test.csv,6,4,0.3452126529327922
C:\Users\User\AppData\Local\Temp\universal_mnist_cluster_kt2o4co_\brace-main\annotations\sequences_test.csv,7,1,0.35335490812502657
C:\Users\User\AppData\Local\Temp\universal_mnist_cluster_kt2o4co_\brace-main\annotations\sequences_test.csv,8,1,0.35386043117830257
C:\Users\User\AppData\Local\Temp\universal_mnist_cluster_kt2o4co_\brace-main\annotations\sequences_test.csv,9,1,0.3580293982484345
C:\Users\User\AppData\Local\Temp\universal_mnist_cluster_kt2o4co_\brace-main\annotations\sequences_test.csv,10,6,0.34828382194085095
C:\Users\User\AppData\Local\Temp\universal_mnist_cluster_kt2o4co_\brace-main\annotations\sequences_test.csv,11,4,0.34747820659844264
C:\Users\User\AppData\Local\Temp\universal_mnist_cluster_kt2o4co_\brace-main\annotations\sequences_test.csv,12,4,0.3501940288189345
C:\Users\User\AppData\Local\Temp\universal_mnist_cluster_kt2o4co_\brace-main\annotations\sequences_test.csv,13,0,0.35450883788075743
C:\Users\User\AppData\Local\Temp\universal_mnist_cluster_kt2o4co_\brace-main\annotations\sequences_test.csv,14,0,0.3563235148121986
C:\Users\User\AppData\Local\Temp\universal_mnist_cluster_kt2o4co_\brace-main\annotations\sequences_test.csv,15,0,0.35991064814443513
C:\Users\User\AppData\Local\Temp\universal_mnist_cluster_kt2o4co_\brace-main\annotations\sequences_test.csv,16,0,0.35777982998783825
C:\Users\User\AppData\Local\Temp\universal_mnist_cluster_kt2o4co_\brace-main\annotations\sequences_test.csv,17,0,0.3824064155541048
C:\Users\User\AppData\Local\Temp\universal_mnist_cluster_kt2o4co_\brace-main\annotations\sequences_test.csv,18,0,0.4017793626649663
C:\Users\User\AppData\Local\Temp\universal_mnist_cluster_kt2o4co_\brace-main\annotations\sequences_test.csv,19,0,0.403135414869537
C:\Users\User\AppData\Local\Temp\universal_mnist_cluster_kt2o4co_\brace-main\annotations\sequences_test.csv,20,0,0.4023143207472866
C:\Users\User\AppData\Local\Temp\universal_mnist_cluster_kt2o4co_\brace-main\annotations\sequences_test.csv,21,2,0.3733487673486714
C:\Users\User\AppData\Local\Temp\universal_mnist_cluster_kt2o4co_\brace-main\annotations\sequences_test.csv,22,2,0.37027936357404134
C:\Users\User\AppData\Local\Temp\universal_mnist_cluster_kt2o4co_\brace-main\annotations\sequences_test.csv,23,2,0.3695251896716576
C:\Users\User\AppData\Local\Temp\universal_mnist_cluster_kt2o4co_\brace-main\annotations\sequences_test.csv,24,4,0.34747820659844264
C:\Users\User\AppData\Local\Temp\universal_mnist_cluster_kt2o4co_\brace-main\annotations\sequences_test.csv,25,0,0.35592009036617667
C:\Users\User\AppData\Local\Temp\universal_mnist_cluster_kt2o4co_\brace-main\annotations\sequences_test.csv,26,2,0.35790288041714297
C:\Users\User\AppData\Local\Temp\universal_mnist_cluster_kt2o4co_\brace-main\annotations\sequences_test.csv,27,2,0.3592885699456369
C:\Users\User\AppData\Local\Temp\universal_mnist_cluster_kt2o4co_\brace-main\annotations\sequences_test.csv,28,1,0.3518053933240563
C:\Users\User\AppData\Local\Temp\universal_mnist_cluster_kt2o4co_\brace-main\annotations\sequences_test.csv,29,1,0.35386043117830257
C:\Users\User\AppData\Local\Temp\universal_mnist_cluster_kt2o4co_\brace-main\annotations\sequences_test.csv,30,4,0.3476968567504753
C:\Users\User\AppData\Local\Temp\universal_mnist_cluster_kt2o4co_\brace-main\annotations\sequences_test.csv,31,4,0.34618436458191837
C:\Users\User\AppData\Local\Temp\universal_mnist_cluster_kt2o4co_\brace-main\annotations\sequences_test.csv,32,6,0.35032455066245094
C:\Users\User\AppData\Local\Temp\universal_mnist_cluster_kt2o4co_\brace-main\annotations\sequences_test.csv,33,6,0.34828382194085095
C:\Users\User\AppData\Local\Temp\universal_mnist_cluster_kt2o4co_\brace-main\annotations\sequences_test.csv,34,6,0.3482985584824742
C:\Users\User\AppData\Local\Temp\universal_mnist_cluster_kt2o4co_\brace-main\annotations\sequences_test.csv,35,6,0.3491442352022377
C:\Users\User\AppData\Local\Temp\universal_mnist_cluster_kt2o4co_\brace-main\annotations\sequences_test.csv,36,2,0.361561537410831
C:\Users\User\AppData\Local\Temp\universal_mnist_cluster_kt2o4co_\brace-main\annotations\sequences_test.csv,37,2,0.3587010810499778
C:\Users\User\AppData\Local\Temp\universal_mnist_cluster_kt2o4co_\brace-main\annotations\sequences_test.csv,38,2,0.3601546971833299
C:\Users\User\AppData\Local\Temp\universal_mnist_cluster_kt2o4co_\brace-main\annotations\sequences_test.csv,39,0,0.36463693352696824
C:\Users\User\AppData\Local\Temp\universal_mnist_cluster_kt2o4co_\brace-main\annotations\sequences_test.csv,40,0,0.36360508477993686
C:\Users\User\AppData\Local\Temp\universal_mnist_cluster_kt2o4co_\brace-main\annotations\sequences_test.csv,41,4,0.39095861788298175
C:\Users\User\AppData\Local\Temp\universal_mnist_cluster_kt2o4co_\brace-main\annotations\sequences_test.csv,42,4,0.38614862981418924
C:\Users\User\AppData\Local\Temp\universal_mnist_cluster_kt2o4co_\brace-main\annotations\sequences_test.csv,43,3,0.36185446996548243
C:\Users\User\AppData\Local\Temp\universal_mnist_cluster_kt2o4co_\brace-main\annotations\sequences_test.csv,44,6,0.35032455066245094
C:\Users\User\AppData\Local\Temp\universal_mnist_cluster_kt2o4co_\brace-main\annotations\sequences_test.csv,45,6,0.35183081667260696
C:\Users\User\AppData\Local\Temp\universal_mnist_cluster_kt2o4co_\brace-main\annotations\sequences_test.csv,46,0,0.36463693352696824
C:\Users\User\AppData\Local\Temp\universal_mnist_cluster_kt2o4co_\brace-main\annotations\sequences_test.csv,47,0,0.36360508477993686
C:\Users\User\AppData\Local\Temp\universal_mnist_cluster_kt2o4co_\brace-main\annotations\sequences_test.csv,48,0,0.3634259231652587
C:\Users\User\AppData\Local\Temp\universal_mnist_cluster_kt2o4co_\brace-main\annotations\sequences_test.csv,49,6,0.3491442352022377
C:\Users\User\AppData\Local\Temp\universal_mnist_cluster_kt2o4co_\brace-main\annotations\sequences_test.csv,50,3,0.38561360718772414
C:\Users\User\AppData\Local\Temp\universal_mnist_cluster_kt2o4co_\brace-main\annotations\sequences_test.csv,51,3,0.38217207432426414
C:\Users\User\AppData\Local\Temp\universal_mnist_cluster_kt2o4co_\brace-main\annotations\sequences_test.csv,52,3,0.38323822152637427
C:\Users\User\AppData\Local\Temp\universal_mnist_cluster_kt2o4co_\brace-main\annotations\sequences_test.csv,53,0,0.3724804069576659
C:\Users\User\AppData\Local\Temp\universal_mnist_cluster_kt2o4co_\brace-main\annotations\sequences_test.csv,54,0,0.37069675304618954
C:\Users\User\AppData\Local\Temp\universal_mnist_cluster_kt2o4co_\brace-main\annotations\sequences_test.csv,55,0,0.37323026174435275
C:\Users\User\AppData\Local\Temp\universal_mnist_cluster_kt2o4co_\brace-main\annotations\sequences_test.csv,56,5,0.36498551338798774
C:\Users\User\AppData\Local\Temp\universal_mnist_cluster_kt2o4co_\brace-main\annotations\sequences_test.csv,57,5,0.357072509130345
C:\Users\User\AppData\Local\Temp\universal_mnist_cluster_kt2o4co_\brace-main\annotations\sequences_test.csv,58,5,0.3595769306523795
C:\Users\User\AppData\Local\Temp\universal_mnist_cluster_kt2o4co_\brace-main\annotations\sequences_test.csv,59,0,0.38017032343841
C:\Users\User\AppData\Local\Temp\universal_mnist_cluster_kt2o4co_\brace-main\annotations\sequences_test.csv,60,2,0.3587010810499778
C:\Users\User\AppData\Local\Temp\universal_mnist_cluster_kt2o4co_\brace-main\annotations\sequences_test.csv,61,2,0.35790288041714297
C:\Users\User\AppData\Local\Temp\universal_mnist_cluster_kt2o4co_\brace-main\annotations\sequences_test.csv,62,3,0.374693906168225
C:\Users\User\AppData\Local\Temp\universal_mnist_cluster_kt2o4co_\brace-main\annotations\sequences_test.csv,63,3,0.3725029123582294
C:\Users\User\AppData\Local\Temp\universal_mnist_cluster_kt2o4co_\brace-main\annotations\sequences_test.csv,64,3,0.3730350152745443
C:\Users\User\AppData\Local\Temp\universal_mnist_cluster_kt2o4co_\brace-main\annotations\sequences_test.csv,65,7,0.35672478653466966
C:\Users\User\AppData\Local\Temp\universal_mnist_cluster_kt2o4co_\brace-main\annotations\sequences_test.csv,66,7,0.35323105928355425
C:\Users\User\AppData\Local\Temp\universal_mnist_cluster_kt2o4co_\brace-main\annotations\sequences_test.csv,67,7,0.3557334768402013
C:\Users\User\AppData\Local\Temp\universal_mnist_cluster_kt2o4co_\brace-main\annotations\sequences_test.csv,68,4,0.34618436458191837
C:\Users\User\AppData\Local\Temp\universal_mnist_cluster_kt2o4co_\brace-main\annotations\sequences_test.csv,69,4,0.3452126529327922
C:\Users\User\AppData\Local\Temp\universal_mnist_cluster_kt2o4co_\brace-main\annotations\sequences_test.csv,70,4,0.3501940288189345
C:\Users\User\AppData\Local\Temp\universal_mnist_cluster_kt2o4co_\brace-main\annotations\sequences_test.csv,71,2,0.37116563913450934
C:\Users\User\AppData\Local\Temp\universal_mnist_cluster_kt2o4co_\brace-main\annotations\sequences_test.csv,72,7,0.3546223000715288
C:\Users\User\AppData\Local\Temp\universal_mnist_cluster_kt2o4co_\brace-main\annotations\sequences_test.csv,73,7,0.35394724809183703
C:\Users\User\AppData\Local\Temp\universal_mnist_cluster_kt2o4co_\brace-main\annotations\sequences_test.csv,74,7,0.3557334768402013
C:\Users\User\AppData\Local\Temp\universal_mnist_cluster_kt2o4co_\brace-main\annotations\sequences_test.csv,75,7,0.35672478653466966
C:\Users\User\AppData\Local\Temp\universal_mnist_cluster_kt2o4co_\brace-main\annotations\sequences_test.csv,76,6,0.34828382194085095
C:\Users\User\AppData\Local\Temp\universal_mnist_cluster_kt2o4co_\brace-main\annotations\sequences_test.csv,77,6,0.3478652087225011
C:\Users\User\AppData\Local\Temp\universal_mnist_cluster_kt2o4co_\brace-main\annotations\sequences_test.csv,78,4,0.3452126529327922
C:\Users\User\AppData\Local\Temp\universal_mnist_cluster_kt2o4co_\brace-main\annotations\sequences_test.csv,79,5,0.357072509130345
C:\Users\User\AppData\Local\Temp\universal_mnist_cluster_kt2o4co_\brace-main\annotations\sequences_test.csv,80,5,0.3595769306523795
C:\Users\User\AppData\Local\Temp\universal_mnist_cluster_kt2o4co_\brace-main\annotations\sequences_test.csv,81,0,0.3724804069576659
C:\Users\User\AppData\Local\Temp\universal_mnist_cluster_kt2o4co_\brace-main\annotations\sequences_test.csv,82,0,0.3722555151286967
C:\Users\User\AppData\Local\Temp\universal_mnist_cluster_kt2o4co_\brace-main\annotations\sequences_test.csv,83,7,0.3560475496896673
C:\Users\User\AppData\Local\Temp\universal_mnist_cluster_kt2o4co_\brace-main\annotations\sequences_test.csv,84,7,0.35394724809183703
C:\Users\User\AppData\Local\Temp\universal_mnist_cluster_kt2o4co_\brace-main\annotations\sequences_test.csv,85,7,0.35323105928355425
C:\Users\User\AppData\Local\Temp\universal_mnist_cluster_kt2o4co_\brace-main\annotations\sequences_test.csv,86,4,0.3486564937796416
C:\Users\User\AppData\Local\Temp\universal_mnist_cluster_kt2o4co_\brace-main\annotations\sequences_test.csv,87,4,0.3501940288189345
C:\Users\User\AppData\Local\Temp\universal_mnist_cluster_kt2o4co_\brace-main\annotations\sequences_test.csv,88,0,0.3821691736423727
C:\Users\User\AppData\Local\Temp\universal_mnist_cluster_kt2o4co_\brace-main\annotations\sequences_test.csv,89,0,0.37881327429828326
C:\Users\User\AppData\Local\Temp\universal_mnist_cluster_kt2o4co_\brace-main\annotations\sequences_test.csv,90,0,0.37859980645309127
C:\Users\User\AppData\Local\Temp\universal_mnist_cluster_kt2o4co_\brace-main\annotations\sequences_test.csv,91,5,0.3906650770277059
C:\Users\User\AppData\Local\Temp\universal_mnist_cluster_kt2o4co_\brace-main\annotations\sequences_test.csv,92,3,0.38217207432426414
C:\Users\User\AppData\Local\Temp\universal_mnist_cluster_kt2o4co_\brace-main\annotations\sequences_test.csv,93,2,0.3587010810499778
C:\Users\User\AppData\Local\Temp\universal_mnist_cluster_kt2o4co_\brace-main\annotations\sequences_test.csv,94,2,0.35790288041714297
C:\Users\User\AppData\Local\Temp\universal_mnist_cluster_kt2o4co_\brace-main\annotations\sequences_test.csv,95,2,0.3601546971833299
C:\Users\User\AppData\Local\Temp\universal_mnist_cluster_kt2o4co_\brace-main\annotations\sequences_test.csv,96,7,0.35394724809183703
C:\Users\User\AppData\Local\Temp\universal_mnist_cluster_kt2o4co_\brace-main\annotations\sequences_test.csv,97,7,0.35323105928355425
C:\Users\User\AppData\Local\Temp\universal_mnist_cluster_kt2o4co_\brace-main\annotations\sequences_test.csv,98,5,0.357072509130345
C:\Users\User\AppData\Local\Temp\universal_mnist_cluster_kt2o4co_\brace-main\annotations\sequences_test.csv,99,0,0.39427898637436226
C:\Users\User\AppData\Local\Temp\universal_mnist_cluster_kt2o4co_\brace-main\annotations\sequences_test.csv,100,0,0.3905969305618045
C:\Users\User\AppData\Local\Temp\universal_mnist_cluster_kt2o4co_\brace-main\annotations\sequences_test.csv,101,1,0.35348013827287267
C:\Users\User\AppData\Local\Temp\universal_mnist_cluster_kt2o4co_\brace-main\annotations\sequences_test.csv,102,1,0.3518053933240563
C:\Users\User\AppData\Local\Temp\universal_mnist_cluster_kt2o4co_\brace-main\annotations\sequences_test.csv,103,4,0.3452126529327922
C:\Users\User\AppData\Local\Temp\universal_mnist_cluster_kt2o4co_\brace-main\annotations\sequences_test.csv,104,4,0.34747820659844264
C:\Users\User\AppData\Local\Temp\universal_mnist_cluster_kt2o4co_\brace-main\annotations\sequences_test.csv,105,4,0.3501940288189345
C:\Users\User\AppData\Local\Temp\universal_mnist_cluster_kt2o4co_\brace-main\annotations\sequences_test.csv,106,3,0.36185446996548243
C:\Users\User\AppData\Local\Temp\universal_mnist_cluster_kt2o4co_\brace-main\annotations\sequences_test.csv,107,3,0.4137136269541262
C:\Users\User\AppData\Local\Temp\universal_mnist_cluster_kt2o4co_\brace-main\annotations\sequences_test.csv,108,3,0.4142566030032018
C:\Users\User\AppData\Local\Temp\universal_mnist_cluster_kt2o4co_\brace-main\annotations\sequences_test.csv,109,4,0.3486564937796416
C:\Users\User\AppData\Local\Temp\universal_mnist_cluster_kt2o4co_\brace-main\annotations\sequences_test.csv,110,4,0.34618436458191837
C:\Users\User\AppData\Local\Temp\universal_mnist_cluster_kt2o4co_\brace-main\annotations\sequences_test.csv,111,4,0.3452126529327922
C:\Users\User\AppData\Local\Temp\universal_mnist_cluster_kt2o4co_\brace-main\annotations\sequences_test.csv,112,6,0.3482985584824742
C:\Users\User\AppData\Local\Temp\universal_mnist_cluster_kt2o4co_\brace-main\annotations\sequences_test.csv,113,6,0.35183081667260696
C:\Users\User\AppData\Local\Temp\universal_mnist_cluster_kt2o4co_\brace-main\annotations\sequences_test.csv,114,5,0.3575766323209991
C:\Users\User\AppData\Local\Temp\universal_mnist_cluster_kt2o4co_\brace-main\annotations\sequences_test.csv,115,5,0.3595769306523795
C:\Users\User\AppData\Local\Temp\universal_mnist_cluster_kt2o4co_\brace-main\annotations\sequences_test.csv,116,3,0.38561360718772414
C:\Users\User\AppData\Local\Temp\universal_mnist_cluster_kt2o4co_\brace-main\annotations\sequences_test.csv,117,3,0.3815309402232369
C:\Users\User\AppData\Local\Temp\universal_mnist_cluster_kt2o4co_\brace-main\annotations\sequences_test.csv,118,2,0.35380879486514005
C:\Users\User\AppData\Local\Temp\universal_mnist_cluster_kt2o4co_\brace-main\annotations\sequences_test.csv,119,1,0.36406664093439245
C:\Users\User\AppData\Local\Temp\universal_mnist_cluster_kt2o4co_\brace-main\annotations\sequences_test.csv,120,1,0.36229958749168323
C:\Users\User\AppData\Local\Temp\universal_mnist_cluster_kt2o4co_\brace-main\annotations\sequences_test.csv,121,0,0.36360508477993686
C:\Users\User\AppData\Local\Temp\universal_mnist_cluster_kt2o4co_\brace-main\annotations\sequences_test.csv,122,0,0.3634259231652587
C:\Users\User\AppData\Local\Temp\universal_mnist_cluster_kt2o4co_\brace-main\annotations\sequences_test.csv,123,0,0.3674686380808063
C:\Users\User\AppData\Local\Temp\universal_mnist_cluster_kt2o4co_\brace-main\annotations\sequences_test.csv,124,3,0.3730350152745443
C:\Users\User\AppData\Local\Temp\universal_mnist_cluster_kt2o4co_\brace-main\annotations\sequences_test.csv,125,3,0.37405043539322846
C:\Users\User\AppData\Local\Temp\universal_mnist_cluster_kt2o4co_\brace-main\annotations\sequences_test.csv,126,3,0.37495214866068366
C:\Users\User\AppData\Local\Temp\universal_mnist_cluster_kt2o4co_\brace-main\annotations\sequences_test.csv,127,2,0.3601546971833299
C:\Users\User\AppData\Local\Temp\universal_mnist_cluster_kt2o4co_\brace-main\annotations\sequences_test.csv,128,3,0.36185446996548243
C:\Users\User\AppData\Local\Temp\universal_mnist_cluster_kt2o4co_\brace-main\annotations\sequences_test.csv,129,3,0.36010402855316037
C:\Users\User\AppData\Local\Temp\universal_mnist_cluster_kt2o4co_\brace-main\annotations\sequences_test.csv,130,3,0.36125744276792754
C:\Users\User\AppData\Local\Temp\universal_mnist_cluster_kt2o4co_\brace-main\annotations\sequences_test.csv,131,2,0.3517399251378499
C:\Users\User\AppData\Local\Temp\universal_mnist_cluster_kt2o4co_\brace-main\annotations\sequences_test.csv,132,2,0.3525265589809111
C:\Users\User\AppData\Local\Temp\universal_mnist_cluster_kt2o4co_\brace-main\annotations\sequences_test.csv,133,2,0.35190088461102786
C:\Users\User\AppData\Local\Temp\universal_mnist_cluster_kt2o4co_\brace-main\annotations\sequences_test.csv,134,1,0.3705640100145319
C:\Users\User\AppData\Local\Temp\universal_mnist_cluster_kt2o4co_\brace-main\annotations\sequences_test.csv,135,5,0.3575766323209991
C:\Users\User\AppData\Local\Temp\universal_mnist_cluster_kt2o4co_\brace-main\annotations\sequences_test.csv,136,5,0.357072509130345
C:\Users\User\AppData\Local\Temp\universal_mnist_cluster_kt2o4co_\brace-main\annotations\sequences_test.csv,137,5,0.35814787002138976
C:\Users\User\AppData\Local\Temp\universal_mnist_cluster_kt2o4co_\brace-main\annotations\sequences_test.csv,138,0,0.3659282043729532
C:\Users\User\AppData\Local\Temp\universal_mnist_cluster_kt2o4co_\brace-main\annotations\sequences_test.csv,139,0,0.3674686380808063
C:\Users\User\AppData\Local\Temp\universal_mnist_cluster_kt2o4co_\brace-main\annotations\sequences_test.csv,140,6,0.3478652087225011
C:\Users\User\AppData\Local\Temp\universal_mnist_cluster_kt2o4co_\brace-main\annotations\sequences_test.csv,141,6,0.3482985584824742
C:\Users\User\AppData\Local\Temp\universal_mnist_cluster_kt2o4co_\brace-main\annotations\sequences_test.csv,142,2,0.3517399251378499
C:\Users\User\AppData\Local\Temp\universal_mnist_cluster_kt2o4co_\brace-main\annotations\sequences_test.csv,143,2,0.3525265589809111
C:\Users\User\AppData\Local\Temp\universal_mnist_cluster_kt2o4co_\brace-main\annotations\sequences_test.csv,144,2,0.35190088461102786
C:\Users\User\AppData\Local\Temp\universal_mnist_cluster_kt2o4co_\brace-main\annotations\sequences_test.csv,145,2,0.35375379060542905
C:\Users\User\AppData\Local\Temp\universal_mnist_cluster_kt2o4co_\brace-main\annotations\sequences_train.csv,0,5,0.3616251538970803
C:\Users\User\AppData\Local\Temp\universal_mnist_cluster_kt2o4co_\brace-main\annotations\sequences_train.csv,1,5,0.3575766323209991
C:\Users\User\AppData\Local\Temp\universal_mnist_cluster_kt2o4co_\brace-main\annotations\sequences_train.csv,2,5,0.357072509130345
C:\Users\User\AppData\Local\Temp\universal_mnist_cluster_kt2o4co_\brace-main\annotations\sequences_train.csv,3,5,0.3616251538970803
C:\Users\User\AppData\Local\Temp\universal_mnist_cluster_kt2o4co_\brace-main\annotations\sequences_train.csv,4,5,0.3575766323209991
C:\Users\User\AppData\Local\Temp\universal_mnist_cluster_kt2o4co_\brace-main\annotations\sequences_train.csv,5,3,0.36509361657101247
C:\Users\User\AppData\Local\Temp\universal_mnist_cluster_kt2o4co_\brace-main\annotations\sequences_train.csv,6,3,0.36185446996548243
C:\Users\User\AppData\Local\Temp\universal_mnist_cluster_kt2o4co_\brace-main\annotations\sequences_train.csv,7,3,0.36010402855316037
C:\Users\User\AppData\Local\Temp\universal_mnist_cluster_kt2o4co_\brace-main\annotations\sequences_train.csv,8,3,0.3606966244752886
C:\Users\User\AppData\Local\Temp\universal_mnist_cluster_kt2o4co_\brace-main\annotations\sequences_train.csv,9,3,0.36125744276792754
C:\Users\User\AppData\Local\Temp\universal_mnist_cluster_kt2o4co_\brace-main\annotations\sequences_train.csv,10,5,0.3616251538970803
C:\Users\User\AppData\Local\Temp\universal_mnist_cluster_kt2o4co_\brace-main\annotations\sequences_train.csv,11,5,0.3575766323209991
C:\Users\User\AppData\Local\Temp\universal_mnist_cluster_kt2o4co_\brace-main\annotations\sequences_train.csv,12,5,0.357072509130345
C:\Users\User\AppData\Local\Temp\universal_mnist_cluster_kt2o4co_\brace-main\annotations\sequences_train.csv,13,4,0.3476968567504753
C:\Users\User\AppData\Local\Temp\universal_mnist_cluster_kt2o4co_\brace-main\annotations\sequences_train.csv,14,4,0.34618436458191837
C:\Users\User\AppData\Local\Temp\universal_mnist_cluster_kt2o4co_\brace-main\annotations\sequences_train.csv,15,1,0.35434607011436775
C:\Users\User\AppData\Local\Temp\universal_mnist_cluster_kt2o4co_\brace-main\annotations\sequences_train.csv,16,1,0.35348013827287267
C:\Users\User\AppData\Local\Temp\universal_mnist_cluster_kt2o4co_\brace-main\annotations\sequences_train.csv,17,1,0.3518053933240563
C:\Users\User\AppData\Local\Temp\universal_mnist_cluster_kt2o4co_\brace-main\annotations\sequences_train.csv,18,1,0.3522939383953067
C:\Users\User\AppData\Local\Temp\universal_mnist_cluster_kt2o4co_\brace-main\annotations\sequences_train.csv,19,1,0.3647782100664999
C:\Users\User\AppData\Local\Temp\universal_mnist_cluster_kt2o4co_\brace-main\annotations\sequences_train.csv,20,1,0.35434607011436775
C:\Users\User\AppData\Local\Temp\universal_mnist_cluster_kt2o4co_\brace-main\annotations\sequences_train.csv,21,1,0.35348013827287267
C:\Users\User\AppData\Local\Temp\universal_mnist_cluster_kt2o4co_\brace-main\annotations\sequences_train.csv,22,1,0.3518053933240563
C:\Users\User\AppData\Local\Temp\universal_mnist_cluster_kt2o4co_\brace-main\annotations\sequences_train.csv,23,1,0.3522939383953067
C:\Users\User\AppData\Local\Temp\universal_mnist_cluster_kt2o4co_\brace-main\annotations\sequences_train.csv,24,6,0.35032455066245094
C:\Users\User\AppData\Local\Temp\universal_mnist_cluster_kt2o4co_\brace-main\annotations\sequences_train.csv,25,6,0.3478652087225011
C:\Users\User\AppData\Local\Temp\universal_mnist_cluster_kt2o4co_\brace-main\annotations\sequences_train.csv,26,6,0.3482985584824742
C:\Users\User\AppData\Local\Temp\universal_mnist_cluster_kt2o4co_\brace-main\annotations\sequences_train.csv,27,6,0.3491442352022377
C:\Users\User\AppData\Local\Temp\universal_mnist_cluster_kt2o4co_\brace-main\annotations\sequences_train.csv,28,6,0.35183081667260696
C:\Users\User\AppData\Local\Temp\universal_mnist_cluster_kt2o4co_\brace-main\annotations\sequences_train.csv,29,1,0.37365675868051434
C:\Users\User\AppData\Local\Temp\universal_mnist_cluster_kt2o4co_\brace-main\annotations\sequences_train.csv,30,1,0.37249152847093164
C:\Users\User\AppData\Local\Temp\universal_mnist_cluster_kt2o4co_\brace-main\annotations\sequences_train.csv,31,1,0.3710125009814668
C:\Users\User\AppData\Local\Temp\universal_mnist_cluster_kt2o4co_\brace-main\annotations\sequences_train.csv,32,1,0.3703540172251183
C:\Users\User\AppData\Local\Temp\universal_mnist_cluster_kt2o4co_\brace-main\annotations\sequences_train.csv,33,1,0.37064027828267876
C:\Users\User\AppData\Local\Temp\universal_mnist_cluster_kt2o4co_\brace-main\annotations\sequences_train.csv,34,1,0.37117053044795567
C:\Users\User\AppData\Local\Temp\universal_mnist_cluster_kt2o4co_\brace-main\annotations\sequences_train.csv,35,4,0.3486564937796416
C:\Users\User\AppData\Local\Temp\universal_mnist_cluster_kt2o4co_\brace-main\annotations\sequences_train.csv,36,4,0.3476968567504753
C:\Users\User\AppData\Local\Temp\universal_mnist_cluster_kt2o4co_\brace-main\annotations\sequences_train.csv,37,4,0.34618436458191837
C:\Users\User\AppData\Local\Temp\universal_mnist_cluster_kt2o4co_\brace-main\annotations\sequences_train.csv,38,4,0.3452126529327922
C:\Users\User\AppData\Local\Temp\universal_mnist_cluster_kt2o4co_\brace-main\annotations\sequences_train.csv,39,4,0.34747820659844264
C:\Users\User\AppData\Local\Temp\universal_mnist_cluster_kt2o4co_\brace-main\annotations\sequences_train.csv,40,4,0.3501940288189345
C:\Users\User\AppData\Local\Temp\universal_mnist_cluster_kt2o4co_\brace-main\annotations\sequences_train.csv,41,3,0.36509361657101247
C:\Users\User\AppData\Local\Temp\universal_mnist_cluster_kt2o4co_\brace-main\annotations\sequences_train.csv,42,3,0.36185446996548243
C:\Users\User\AppData\Local\Temp\universal_mnist_cluster_kt2o4co_\brace-main\annotations\sequences_train.csv,43,3,0.36010402855316037
C:\Users\User\AppData\Local\Temp\universal_mnist_cluster_kt2o4co_\brace-main\annotations\sequences_train.csv,44,3,0.36042401864849233
C:\Users\User\AppData\Local\Temp\universal_mnist_cluster_kt2o4co_\brace-main\annotations\sequences_train.csv,45,3,0.3606966244752886
C:\Users\User\AppData\Local\Temp\universal_mnist_cluster_kt2o4co_\brace-main\annotations\sequences_train.csv,46,3,0.36125744276792754
C:\Users\User\AppData\Local\Temp\universal_mnist_cluster_kt2o4co_\brace-main\annotations\sequences_train.csv,47,4,0.3486564937796416
C:\Users\User\AppData\Local\Temp\universal_mnist_cluster_kt2o4co_\brace-main\annotations\sequences_train.csv,48,4,0.3476968567504753
C:\Users\User\AppData\Local\Temp\universal_mnist_cluster_kt2o4co_\brace-main\annotations\sequences_train.csv,49,4,0.34618436458191837
C:\Users\User\AppData\Local\Temp\universal_mnist_cluster_kt2o4co_\brace-main\annotations\sequences_train.csv,50,4,0.3452126529327922
C:\Users\User\AppData\Local\Temp\universal_mnist_cluster_kt2o4co_\brace-main\annotations\sequences_train.csv,51,0,0.35991064814443513
C:\Users\User\AppData\Local\Temp\universal_mnist_cluster_kt2o4co_\brace-main\annotations\sequences_train.csv,52,0,0.35592009036617667
C:\Users\User\AppData\Local\Temp\universal_mnist_cluster_kt2o4co_\brace-main\annotations\sequences_train.csv,53,0,0.3569194140102788
C:\Users\User\AppData\Local\Temp\universal_mnist_cluster_kt2o4co_\brace-main\annotations\sequences_train.csv,54,0,0.35777982998783825
C:\Users\User\AppData\Local\Temp\universal_mnist_cluster_kt2o4co_\brace-main\annotations\sequences_train.csv,55,0,0.35592009036617667
C:\Users\User\AppData\Local\Temp\universal_mnist_cluster_kt2o4co_\brace-main\annotations\sequences_train.csv,56,0,0.35450883788075743
C:\Users\User\AppData\Local\Temp\universal_mnist_cluster_kt2o4co_\brace-main\annotations\sequences_train.csv,57,0,0.3563235148121986
C:\Users\User\AppData\Local\Temp\universal_mnist_cluster_kt2o4co_\brace-main\annotations\sequences_train.csv,58,0,0.3569194140102788
C:\Users\User\AppData\Local\Temp\universal_mnist_cluster_kt2o4co_\brace-main\annotations\sequences_train.csv,59,0,0.38017032343841
C:\Users\User\AppData\Local\Temp\universal_mnist_cluster_kt2o4co_\brace-main\annotations\sequences_train.csv,60,0,0.38115000076217853
C:\Users\User\AppData\Local\Temp\universal_mnist_cluster_kt2o4co_\brace-main\annotations\sequences_train.csv,61,0,0.38111154466380526
C:\Users\User\AppData\Local\Temp\universal_mnist_cluster_kt2o4co_\brace-main\annotations\sequences_train.csv,62,0,0.37997244116159534
C:\Users\User\AppData\Local\Temp\universal_mnist_cluster_kt2o4co_\brace-main\annotations\sequences_train.csv,63,0,0.3839112656516792
C:\Users\User\AppData\Local\Temp\universal_mnist_cluster_kt2o4co_\brace-main\annotations\sequences_train.csv,64,0,0.40757304441318215
C:\Users\User\AppData\Local\Temp\universal_mnist_cluster_kt2o4co_\brace-main\annotations\sequences_train.csv,65,0,0.40638544843720903
C:\Users\User\AppData\Local\Temp\universal_mnist_cluster_kt2o4co_\brace-main\annotations\sequences_train.csv,66,0,0.40385446511794637
C:\Users\User\AppData\Local\Temp\universal_mnist_cluster_kt2o4co_\brace-main\annotations\sequences_train.csv,67,2,0.37116563913450934
C:\Users\User\AppData\Local\Temp\universal_mnist_cluster_kt2o4co_\brace-main\annotations\sequences_train.csv,68,2,0.36949357449142567
C:\Users\User\AppData\Local\Temp\universal_mnist_cluster_kt2o4co_\brace-main\annotations\sequences_train.csv,69,2,0.36807967504506134
C:\Users\User\AppData\Local\Temp\universal_mnist_cluster_kt2o4co_\brace-main\annotations\sequences_train.csv,70,4,0.3486564937796416
C:\Users\User\AppData\Local\Temp\universal_mnist_cluster_kt2o4co_\brace-main\annotations\sequences_train.csv,71,4,0.3476968567504753
C:\Users\User\AppData\Local\Temp\universal_mnist_cluster_kt2o4co_\brace-main\annotations\sequences_train.csv,72,4,0.34618436458191837
C:\Users\User\AppData\Local\Temp\universal_mnist_cluster_kt2o4co_\brace-main\annotations\sequences_train.csv,73,4,0.3452126529327922
C:\Users\User\AppData\Local\Temp\universal_mnist_cluster_kt2o4co_\brace-main\annotations\sequences_train.csv,74,4,0.3501940288189345
C:\Users\User\AppData\Local\Temp\universal_mnist_cluster_kt2o4co_\brace-main\annotations\sequences_train.csv,75,0,0.35991064814443513
C:\Users\User\AppData\Local\Temp\universal_mnist_cluster_kt2o4co_\brace-main\annotations\sequences_train.csv,76,0,0.35450883788075743
C:\Users\User\AppData\Local\Temp\universal_mnist_cluster_kt2o4co_\brace-main\annotations\sequences_train.csv,77,0,0.3563235148121986
C:\Users\User\AppData\Local\Temp\universal_mnist_cluster_kt2o4co_\brace-main\annotations\sequences_train.csv,78,0,0.3569194140102788
C:\Users\User\AppData\Local\Temp\universal_mnist_cluster_kt2o4co_\brace-main\annotations\sequences_train.csv,79,0,0.35777982998783825
C:\Users\User\AppData\Local\Temp\universal_mnist_cluster_kt2o4co_\brace-main\annotations\sequences_train.csv,80,2,0.361561537410831
C:\Users\User\AppData\Local\Temp\universal_mnist_cluster_kt2o4co_\brace-main\annotations\sequences_train.csv,81,2,0.35974993438854297
C:\Users\User\AppData\Local\Temp\universal_mnist_cluster_kt2o4co_\brace-main\annotations\sequences_train.csv,82,2,0.3587010810499778
C:\Users\User\AppData\Local\Temp\universal_mnist_cluster_kt2o4co_\brace-main\annotations\sequences_train.csv,83,2,0.3601546971833299
C:\Users\User\AppData\Local\Temp\universal_mnist_cluster_kt2o4co_\brace-main\annotations\sequences_train.csv,84,1,0.35434607011436775
C:\Users\User\AppData\Local\Temp\universal_mnist_cluster_kt2o4co_\brace-main\annotations\sequences_train.csv,85,1,0.35348013827287267
C:\Users\User\AppData\Local\Temp\universal_mnist_cluster_kt2o4co_\brace-main\annotations\sequences_train.csv,86,1,0.3522939383953067
C:\Users\User\AppData\Local\Temp\universal_mnist_cluster_kt2o4co_\brace-main\annotations\sequences_train.csv,87,1,0.35335490812502657
C:\Users\User\AppData\Local\Temp\universal_mnist_cluster_kt2o4co_\brace-main\annotations\sequences_train.csv,88,4,0.3486564937796416
C:\Users\User\AppData\Local\Temp\universal_mnist_cluster_kt2o4co_\brace-main\annotations\sequences_train.csv,89,4,0.3452126529327922
C:\Users\User\AppData\Local\Temp\universal_mnist_cluster_kt2o4co_\brace-main\annotations\sequences_train.csv,90,4,0.34747820659844264
C:\Users\User\AppData\Local\Temp\universal_mnist_cluster_kt2o4co_\brace-main\annotations\sequences_train.csv,91,4,0.3501940288189345
C:\Users\User\AppData\Local\Temp\universal_mnist_cluster_kt2o4co_\brace-main\annotations\sequences_train.csv,92,6,0.3478652087225011
C:\Users\User\AppData\Local\Temp\universal_mnist_cluster_kt2o4co_\brace-main\annotations\sequences_train.csv,93,6,0.35183081667260696
C:\Users\User\AppData\Local\Temp\universal_mnist_cluster_kt2o4co_\brace-main\annotations\sequences_train.csv,94,2,0.35380879486514005
C:\Users\User\AppData\Local\Temp\universal_mnist_cluster_kt2o4co_\brace-main\annotations\sequences_train.csv,95,2,0.3517399251378499
C:\Users\User\AppData\Local\Temp\universal_mnist_cluster_kt2o4co_\brace-main\annotations\sequences_train.csv,96,2,0.3525265589809111
C:\Users\User\AppData\Local\Temp\universal_mnist_cluster_kt2o4co_\brace-main\annotations\sequences_train.csv,97,2,0.35190088461102786
C:\Users\User\AppData\Local\Temp\universal_mnist_cluster_kt2o4co_\brace-main\annotations\sequences_train.csv,98,2,0.35974993438854297
C:\Users\User\AppData\Local\Temp\universal_mnist_cluster_kt2o4co_\brace-main\annotations\sequences_train.csv,99,2,0.35790288041714297
C:\Users\User\AppData\Local\Temp\universal_mnist_cluster_kt2o4co_\brace-main\annotations\sequences_train.csv,100,2,0.3592885699456369
C:\Users\User\AppData\Local\Temp\universal_mnist_cluster_kt2o4co_\brace-main\annotations\sequences_train.csv,101,0,0.3659282043729532
C:\Users\User\AppData\Local\Temp\universal_mnist_cluster_kt2o4co_\brace-main\annotations\sequences_train.csv,102,0,0.3634259231652587
C:\Users\User\AppData\Local\Temp\universal_mnist_cluster_kt2o4co_\brace-main\annotations\sequences_train.csv,103,4,0.39073585190325993
C:\Users\User\AppData\Local\Temp\universal_mnist_cluster_kt2o4co_\brace-main\annotations\sequences_train.csv,104,4,0.3865517250611518
C:\Users\User\AppData\Local\Temp\universal_mnist_cluster_kt2o4co_\brace-main\annotations\sequences_train.csv,105,4,0.3889144242314113
C:\Users\User\AppData\Local\Temp\universal_mnist_cluster_kt2o4co_\brace-main\annotations\sequences_train.csv,106,4,0.3925680176325512
C:\Users\User\AppData\Local\Temp\universal_mnist_cluster_kt2o4co_\brace-main\annotations\sequences_train.csv,107,2,0.361561537410831
C:\Users\User\AppData\Local\Temp\universal_mnist_cluster_kt2o4co_\brace-main\annotations\sequences_train.csv,108,2,0.35974993438854297
C:\Users\User\AppData\Local\Temp\universal_mnist_cluster_kt2o4co_\brace-main\annotations\sequences_train.csv,109,2,0.3587010810499778
C:\Users\User\AppData\Local\Temp\universal_mnist_cluster_kt2o4co_\brace-main\annotations\sequences_train.csv,110,2,0.35790288041714297
C:\Users\User\AppData\Local\Temp\universal_mnist_cluster_kt2o4co_\brace-main\annotations\sequences_train.csv,111,3,0.36509361657101247
C:\Users\User\AppData\Local\Temp\universal_mnist_cluster_kt2o4co_\brace-main\annotations\sequences_train.csv,112,3,0.36010402855316037
C:\Users\User\AppData\Local\Temp\universal_mnist_cluster_kt2o4co_\brace-main\annotations\sequences_train.csv,113,3,0.36042401864849233
C:\Users\User\AppData\Local\Temp\universal_mnist_cluster_kt2o4co_\brace-main\annotations\sequences_train.csv,114,3,0.3879817467055661
C:\Users\User\AppData\Local\Temp\universal_mnist_cluster_kt2o4co_\brace-main\annotations\sequences_train.csv,115,3,0.38561360718772414
C:\Users\User\AppData\Local\Temp\universal_mnist_cluster_kt2o4co_\brace-main\annotations\sequences_train.csv,116,3,0.3815309402232369
C:\Users\User\AppData\Local\Temp\universal_mnist_cluster_kt2o4co_\brace-main\annotations\sequences_train.csv,117,3,0.38217207432426414
C:\Users\User\AppData\Local\Temp\universal_mnist_cluster_kt2o4co_\brace-main\annotations\sequences_train.csv,118,6,0.34828382194085095
C:\Users\User\AppData\Local\Temp\universal_mnist_cluster_kt2o4co_\brace-main\annotations\sequences_train.csv,119,6,0.3478652087225011
C:\Users\User\AppData\Local\Temp\universal_mnist_cluster_kt2o4co_\brace-main\annotations\sequences_train.csv,120,6,0.3482985584824742
C:\Users\User\AppData\Local\Temp\universal_mnist_cluster_kt2o4co_\brace-main\annotations\sequences_train.csv,121,6,0.3491442352022377
C:\Users\User\AppData\Local\Temp\universal_mnist_cluster_kt2o4co_\brace-main\annotations\sequences_train.csv,122,0,0.3659282043729532
C:\Users\User\AppData\Local\Temp\universal_mnist_cluster_kt2o4co_\brace-main\annotations\sequences_train.csv,123,6,0.35032455066245094
C:\Users\User\AppData\Local\Temp\universal_mnist_cluster_kt2o4co_\brace-main\annotations\sequences_train.csv,124,6,0.34828382194085095
C:\Users\User\AppData\Local\Temp\universal_mnist_cluster_kt2o4co_\brace-main\annotations\sequences_train.csv,125,6,0.3478652087225011
C:\Users\User\AppData\Local\Temp\universal_mnist_cluster_kt2o4co_\brace-main\annotations\sequences_train.csv,126,6,0.3482985584824742
C:\Users\User\AppData\Local\Temp\universal_mnist_cluster_kt2o4co_\brace-main\annotations\sequences_train.csv,127,6,0.35183081667260696
C:\Users\User\AppData\Local\Temp\universal_mnist_cluster_kt2o4co_\brace-main\annotations\sequences_train.csv,128,3,0.3879817467055661
C:\Users\User\AppData\Local\Temp\universal_mnist_cluster_kt2o4co_\brace-main\annotations\sequences_train.csv,129,3,0.3815309402232369
C:\Users\User\AppData\Local\Temp\universal_mnist_cluster_kt2o4co_\brace-main\annotations\sequences_train.csv,130,3,0.38618554961741036
C:\Users\User\AppData\Local\Temp\universal_mnist_cluster_kt2o4co_\brace-main\annotations\sequences_train.csv,131,0,0.37129722819541766
C:\Users\User\AppData\Local\Temp\universal_mnist_cluster_kt2o4co_\brace-main\annotations\sequences_train.csv,132,0,0.3732483931559996
C:\Users\User\AppData\Local\Temp\universal_mnist_cluster_kt2o4co_\brace-main\annotations\sequences_train.csv,133,0,0.3722555151286967
C:\Users\User\AppData\Local\Temp\universal_mnist_cluster_kt2o4co_\brace-main\annotations\sequences_train.csv,134,5,0.3616251538970803
C:\Users\User\AppData\Local\Temp\universal_mnist_cluster_kt2o4co_\brace-main\annotations\sequences_train.csv,135,5,0.3575766323209991
C:\Users\User\AppData\Local\Temp\universal_mnist_cluster_kt2o4co_\brace-main\annotations\sequences_train.csv,136,5,0.35814787002138976
C:\Users\User\AppData\Local\Temp\universal_mnist_cluster_kt2o4co_\brace-main\annotations\sequences_train.csv,137,0,0.3824064155541048
C:\Users\User\AppData\Local\Temp\universal_mnist_cluster_kt2o4co_\brace-main\annotations\sequences_train.csv,138,0,0.38115000076217853
C:\Users\User\AppData\Local\Temp\universal_mnist_cluster_kt2o4co_\brace-main\annotations\sequences_train.csv,139,0,0.38111154466380526
C:\Users\User\AppData\Local\Temp\universal_mnist_cluster_kt2o4co_\brace-main\annotations\sequences_train.csv,140,2,0.361561537410831
C:\Users\User\AppData\Local\Temp\universal_mnist_cluster_kt2o4co_\brace-main\annotations\sequences_train.csv,141,2,0.35974993438854297
C:\Users\User\AppData\Local\Temp\universal_mnist_cluster_kt2o4co_\brace-main\annotations\sequences_train.csv,142,2,0.3592885699456369
C:\Users\User\AppData\Local\Temp\universal_mnist_cluster_kt2o4co_\brace-main\annotations\sequences_train.csv,143,2,0.3601546971833299
C:\Users\User\AppData\Local\Temp\universal_mnist_cluster_kt2o4co_\brace-main\annotations\sequences_train.csv,144,3,0.3744716776347268
C:\Users\User\AppData\Local\Temp\universal_mnist_cluster_kt2o4co_\brace-main\annotations\sequences_train.csv,145,3,0.37405043539322846
C:\Users\User\AppData\Local\Temp\universal_mnist_cluster_kt2o4co_\brace-main\annotations\sequences_train.csv,146,3,0.37495214866068366
C:\Users\User\AppData\Local\Temp\universal_mnist_cluster_kt2o4co_\brace-main\annotations\sequences_train.csv,147,7,0.3560475496896673
C:\Users\User\AppData\Local\Temp\universal_mnist_cluster_kt2o4co_\brace-main\annotations\sequences_train.csv,148,7,0.3546223000715288
C:\Users\User\AppData\Local\Temp\universal_mnist_cluster_kt2o4co_\brace-main\annotations\sequences_train.csv,149,7,0.35394724809183703
C:\Users\User\AppData\Local\Temp\universal_mnist_cluster_kt2o4co_\brace-main\annotations\sequences_train.csv,150,7,0.35323105928355425
C:\Users\User\AppData\Local\Temp\universal_mnist_cluster_kt2o4co_\brace-main\annotations\sequences_train.csv,151,7,0.3557334768402013
C:\Users\User\AppData\Local\Temp\universal_mnist_cluster_kt2o4co_\brace-main\annotations\sequences_train.csv,152,7,0.3560475496896673
C:\Users\User\AppData\Local\Temp\universal_mnist_cluster_kt2o4co_\brace-main\annotations\sequences_train.csv,153,7,0.3546223000715288
C:\Users\User\AppData\Local\Temp\universal_mnist_cluster_kt2o4co_\brace-main\annotations\sequences_train.csv,154,7,0.35394724809183703
C:\Users\User\AppData\Local\Temp\universal_mnist_cluster_kt2o4co_\brace-main\annotations\sequences_train.csv,155,7,0.35672478653466966
C:\Users\User\AppData\Local\Temp\universal_mnist_cluster_kt2o4co_\brace-main\annotations\sequences_train.csv,156,4,0.3486564937796416
C:\Users\User\AppData\Local\Temp\universal_mnist_cluster_kt2o4co_\brace-main\annotations\sequences_train.csv,157,4,0.3476968567504753
C:\Users\User\AppData\Local\Temp\universal_mnist_cluster_kt2o4co_\brace-main\annotations\sequences_train.csv,158,4,0.34747820659844264
C:\Users\User\AppData\Local\Temp\universal_mnist_cluster_kt2o4co_\brace-main\annotations\sequences_train.csv,159,2,0.3733487673486714
C:\Users\User\AppData\Local\Temp\universal_mnist_cluster_kt2o4co_\brace-main\annotations\sequences_train.csv,160,2,0.36949357449142567
C:\Users\User\AppData\Local\Temp\universal_mnist_cluster_kt2o4co_\brace-main\annotations\sequences_train.csv,161,2,0.36807967504506134
C:\Users\User\AppData\Local\Temp\universal_mnist_cluster_kt2o4co_\brace-main\annotations\sequences_train.csv,162,2,0.37027936357404134
C:\Users\User\AppData\Local\Temp\universal_mnist_cluster_kt2o4co_\brace-main\annotations\sequences_train.csv,163,2,0.3695251896716576
C:\Users\User\AppData\Local\Temp\universal_mnist_cluster_kt2o4co_\brace-main\annotations\sequences_train.csv,164,7,0.3560475496896673
C:\Users\User\AppData\Local\Temp\universal_mnist_cluster_kt2o4co_\brace-main\annotations\sequences_train.csv,165,7,0.35323105928355425
C:\Users\User\AppData\Local\Temp\universal_mnist_cluster_kt2o4co_\brace-main\annotations\sequences_train.csv,166,6,0.35032455066245094
C:\Users\User\AppData\Local\Temp\universal_mnist_cluster_kt2o4co_\brace-main\annotations\sequences_train.csv,167,6,0.3482985584824742
C:\Users\User\AppData\Local\Temp\universal_mnist_cluster_kt2o4co_\brace-main\annotations\sequences_train.csv,168,6,0.3491442352022377
C:\Users\User\AppData\Local\Temp\universal_mnist_cluster_kt2o4co_\brace-main\annotations\sequences_train.csv,169,6,0.35183081667260696
C:\Users\User\AppData\Local\Temp\universal_mnist_cluster_kt2o4co_\brace-main\annotations\sequences_train.csv,170,4,0.3486564937796416
C:\Users\User\AppData\Local\Temp\universal_mnist_cluster_kt2o4co_\brace-main\annotations\sequences_train.csv,171,4,0.3476968567504753
C:\Users\User\AppData\Local\Temp\universal_mnist_cluster_kt2o4co_\brace-main\annotations\sequences_train.csv,172,4,0.34618436458191837
C:\Users\User\AppData\Local\Temp\universal_mnist_cluster_kt2o4co_\brace-main\annotations\sequences_train.csv,173,4,0.34747820659844264
C:\Users\User\AppData\Local\Temp\universal_mnist_cluster_kt2o4co_\brace-main\annotations\sequences_train.csv,174,4,0.3501940288189345
C:\Users\User\AppData\Local\Temp\universal_mnist_cluster_kt2o4co_\brace-main\annotations\sequences_train.csv,175,5,0.36498551338798774
C:\Users\User\AppData\Local\Temp\universal_mnist_cluster_kt2o4co_\brace-main\annotations\sequences_train.csv,176,5,0.3616251538970803
C:\Users\User\AppData\Local\Temp\universal_mnist_cluster_kt2o4co_\brace-main\annotations\sequences_train.csv,177,5,0.3575766323209991
C:\Users\User\AppData\Local\Temp\universal_mnist_cluster_kt2o4co_\brace-main\annotations\sequences_train.csv,178,5,0.35814787002138976
C:\Users\User\AppData\Local\Temp\universal_mnist_cluster_kt2o4co_\brace-main\annotations\sequences_train.csv,179,0,0.37069675304618954
C:\Users\User\AppData\Local\Temp\universal_mnist_cluster_kt2o4co_\brace-main\annotations\sequences_train.csv,180,0,0.37129722819541766
C:\Users\User\AppData\Local\Temp\universal_mnist_cluster_kt2o4co_\brace-main\annotations\sequences_train.csv,181,0,0.3732483931559996
C:\Users\User\AppData\Local\Temp\universal_mnist_cluster_kt2o4co_\brace-main\annotations\sequences_train.csv,182,0,0.37323026174435275
C:\Users\User\AppData\Local\Temp\universal_mnist_cluster_kt2o4co_\brace-main\annotations\sequences_train.csv,183,7,0.3546223000715288
C:\Users\User\AppData\Local\Temp\universal_mnist_cluster_kt2o4co_\brace-main\annotations\sequences_train.csv,184,7,0.3557334768402013
C:\Users\User\AppData\Local\Temp\universal_mnist_cluster_kt2o4co_\brace-main\annotations\sequences_train.csv,185,7,0.35672478653466966
C:\Users\User\AppData\Local\Temp\universal_mnist_cluster_kt2o4co_\brace-main\annotations\sequences_train.csv,186,4,0.3476968567504753
C:\Users\User\AppData\Local\Temp\universal_mnist_cluster_kt2o4co_\brace-main\annotations\sequences_train.csv,187,4,0.34618436458191837
C:\Users\User\AppData\Local\Temp\universal_mnist_cluster_kt2o4co_\brace-main\annotations\sequences_train.csv,188,4,0.3452126529327922
C:\Users\User\AppData\Local\Temp\universal_mnist_cluster_kt2o4co_\brace-main\annotations\sequences_train.csv,189,4,0.34747820659844264
C:\Users\User\AppData\Local\Temp\universal_mnist_cluster_kt2o4co_\brace-main\annotations\sequences_train.csv,190,0,0.3771254627814965
C:\Users\User\AppData\Local\Temp\universal_mnist_cluster_kt2o4co_\brace-main\annotations\sequences_train.csv,191,0,0.3797054763390604
C:\Users\User\AppData\Local\Temp\universal_mnist_cluster_kt2o4co_\brace-main\annotations\sequences_train.csv,192,0,0.3810919774535625
C:\Users\User\AppData\Local\Temp\universal_mnist_cluster_kt2o4co_\brace-main\annotations\sequences_train.csv,193,5,0.3869139105834462
C:\Users\User\AppData\Local\Temp\universal_mnist_cluster_kt2o4co_\brace-main\annotations\sequences_train.csv,194,5,0.3842539191397746
C:\Users\User\AppData\Local\Temp\universal_mnist_cluster_kt2o4co_\brace-main\annotations\sequences_train.csv,195,5,0.3840354198126103
C:\Users\User\AppData\Local\Temp\universal_mnist_cluster_kt2o4co_\brace-main\annotations\sequences_train.csv,196,5,0.3843258840650473
C:\Users\User\AppData\Local\Temp\universal_mnist_cluster_kt2o4co_\brace-main\annotations\sequences_train.csv,197,5,0.3851839636567461
C:\Users\User\AppData\Local\Temp\universal_mnist_cluster_kt2o4co_\brace-main\annotations\sequences_train.csv,198,2,0.35380879486514005
C:\Users\User\AppData\Local\Temp\universal_mnist_cluster_kt2o4co_\brace-main\annotations\sequences_train.csv,199,2,0.3517399251378499
C:\Users\User\AppData\Local\Temp\universal_mnist_cluster_kt2o4co_\brace-main\annotations\sequences_train.csv,200,2,0.3525265589809111
C:\Users\User\AppData\Local\Temp\universal_mnist_cluster_kt2o4co_\brace-main\annotations\sequences_train.csv,201,2,0.35190088461102786
C:\Users\User\AppData\Local\Temp\universal_mnist_cluster_kt2o4co_\brace-main\annotations\sequences_train.csv,202,2,0.3521728825230256
C:\Users\User\AppData\Local\Temp\universal_mnist_cluster_kt2o4co_\brace-main\annotations\sequences_train.csv,203,2,0.35375379060542905
C:\Users\User\AppData\Local\Temp\universal_mnist_cluster_kt2o4co_\brace-main\annotations\sequences_train.csv,204,3,0.3879817467055661
C:\Users\User\AppData\Local\Temp\universal_mnist_cluster_kt2o4co_\brace-main\annotations\sequences_train.csv,205,3,0.38561360718772414
C:\Users\User\AppData\Local\Temp\universal_mnist_cluster_kt2o4co_\brace-main\annotations\sequences_train.csv,206,3,0.3815309402232369
C:\Users\User\AppData\Local\Temp\universal_mnist_cluster_kt2o4co_\brace-main\annotations\sequences_train.csv,207,3,0.38323822152637427
C:\Users\User\AppData\Local\Temp\universal_mnist_cluster_kt2o4co_\brace-main\annotations\sequences_train.csv,208,3,0.38618554961741036
C:\Users\User\AppData\Local\Temp\universal_mnist_cluster_kt2o4co_\brace-main\annotations\sequences_train.csv,209,2,0.361561537410831
C:\Users\User\AppData\Local\Temp\universal_mnist_cluster_kt2o4co_\brace-main\annotations\sequences_train.csv,210,2,0.35974993438854297
C:\Users\User\AppData\Local\Temp\universal_mnist_cluster_kt2o4co_\brace-main\annotations\sequences_train.csv,211,2,0.3592885699456369
C:\Users\User\AppData\Local\Temp\universal_mnist_cluster_kt2o4co_\brace-main\annotations\sequences_train.csv,212,7,0.3560475496896673
C:\Users\User\AppData\Local\Temp\universal_mnist_cluster_kt2o4co_\brace-main\annotations\sequences_train.csv,213,7,0.3546223000715288
C:\Users\User\AppData\Local\Temp\universal_mnist_cluster_kt2o4co_\brace-main\annotations\sequences_train.csv,214,7,0.3557334768402013
C:\Users\User\AppData\Local\Temp\universal_mnist_cluster_kt2o4co_\brace-main\annotations\sequences_train.csv,215,7,0.35672478653466966
C:\Users\User\AppData\Local\Temp\universal_mnist_cluster_kt2o4co_\brace-main\annotations\sequences_train.csv,216,5,0.36498551338798774
C:\Users\User\AppData\Local\Temp\universal_mnist_cluster_kt2o4co_\brace-main\annotations\sequences_train.csv,217,5,0.3616251538970803
C:\Users\User\AppData\Local\Temp\universal_mnist_cluster_kt2o4co_\brace-main\annotations\sequences_train.csv,218,5,0.3575766323209991
C:\Users\User\AppData\Local\Temp\universal_mnist_cluster_kt2o4co_\brace-main\annotations\sequences_train.csv,219,5,0.35814787002138976
C:\Users\User\AppData\Local\Temp\universal_mnist_cluster_kt2o4co_\brace-main\annotations\sequences_train.csv,220,5,0.3595769306523795
C:\Users\User\AppData\Local\Temp\universal_mnist_cluster_kt2o4co_\brace-main\annotations\sequences_train.csv,221,0,0.38990736501780643
C:\Users\User\AppData\Local\Temp\universal_mnist_cluster_kt2o4co_\brace-main\annotations\sequences_train.csv,222,0,0.38913391595489794
C:\Users\User\AppData\Local\Temp\universal_mnist_cluster_kt2o4co_\brace-main\annotations\sequences_train.csv,223,0,0.3896586736655233
C:\Users\User\AppData\Local\Temp\universal_mnist_cluster_kt2o4co_\brace-main\annotations\sequences_train.csv,224,0,0.3911269176005032
C:\Users\User\AppData\Local\Temp\universal_mnist_cluster_kt2o4co_\brace-main\annotations\sequences_train.csv,225,0,0.4003201110735568
C:\Users\User\AppData\Local\Temp\universal_mnist_cluster_kt2o4co_\brace-main\annotations\sequences_train.csv,226,1,0.35434607011436775
C:\Users\User\AppData\Local\Temp\universal_mnist_cluster_kt2o4co_\brace-main\annotations\sequences_train.csv,227,1,0.3522939383953067
C:\Users\User\AppData\Local\Temp\universal_mnist_cluster_kt2o4co_\brace-main\annotations\sequences_train.csv,228,1,0.35335490812502657
C:\Users\User\AppData\Local\Temp\universal_mnist_cluster_kt2o4co_\brace-main\annotations\sequences_train.csv,229,1,0.35386043117830257
C:\Users\User\AppData\Local\Temp\universal_mnist_cluster_kt2o4co_\brace-main\annotations\sequences_train.csv,230,4,0.3486564937796416
C:\Users\User\AppData\Local\Temp\universal_mnist_cluster_kt2o4co_\brace-main\annotations\sequences_train.csv,231,4,0.3476968567504753
C:\Users\User\AppData\Local\Temp\universal_mnist_cluster_kt2o4co_\brace-main\annotations\sequences_train.csv,232,4,0.34618436458191837
C:\Users\User\AppData\Local\Temp\universal_mnist_cluster_kt2o4co_\brace-main\annotations\sequences_train.csv,233,3,0.36509361657101247
C:\Users\User\AppData\Local\Temp\universal_mnist_cluster_kt2o4co_\brace-main\annotations\sequences_train.csv,234,3,0.36010402855316037
C:\Users\User\AppData\Local\Temp\universal_mnist_cluster_kt2o4co_\brace-main\annotations\sequences_train.csv,235,3,0.36042401864849233
C:\Users\User\AppData\Local\Temp\universal_mnist_cluster_kt2o4co_\brace-main\annotations\sequences_train.csv,236,3,0.3606966244752886
C:\Users\User\AppData\Local\Temp\universal_mnist_cluster_kt2o4co_\brace-main\annotations\sequences_train.csv,237,3,0.36125744276792754
C:\Users\User\AppData\Local\Temp\universal_mnist_cluster_kt2o4co_\brace-main\annotations\sequences_train.csv,238,3,0.4128775408775832
C:\Users\User\AppData\Local\Temp\universal_mnist_cluster_kt2o4co_\brace-main\annotations\sequences_train.csv,239,3,0.4102686264882164
C:\Users\User\AppData\Local\Temp\universal_mnist_cluster_kt2o4co_\brace-main\annotations\sequences_train.csv,240,3,0.41078112006420436
C:\Users\User\AppData\Local\Temp\universal_mnist_cluster_kt2o4co_\brace-main\annotations\sequences_train.csv,241,3,0.41109503954196375
C:\Users\User\AppData\Local\Temp\universal_mnist_cluster_kt2o4co_\brace-main\annotations\sequences_train.csv,242,4,0.3476968567504753
C:\Users\User\AppData\Local\Temp\universal_mnist_cluster_kt2o4co_\brace-main\annotations\sequences_train.csv,243,4,0.34747820659844264
C:\Users\User\AppData\Local\Temp\universal_mnist_cluster_kt2o4co_\brace-main\annotations\sequences_train.csv,244,4,0.3501940288189345
C:\Users\User\AppData\Local\Temp\universal_mnist_cluster_kt2o4co_\brace-main\annotations\sequences_train.csv,245,6,0.35032455066245094
C:\Users\User\AppData\Local\Temp\universal_mnist_cluster_kt2o4co_\brace-main\annotations\sequences_train.csv,246,6,0.34828382194085095
C:\Users\User\AppData\Local\Temp\universal_mnist_cluster_kt2o4co_\brace-main\annotations\sequences_train.csv,247,6,0.3478652087225011
C:\Users\User\AppData\Local\Temp\universal_mnist_cluster_kt2o4co_\brace-main\annotations\sequences_train.csv,248,6,0.3491442352022377
C:\Users\User\AppData\Local\Temp\universal_mnist_cluster_kt2o4co_\brace-main\annotations\sequences_train.csv,249,5,0.36498551338798774
C:\Users\User\AppData\Local\Temp\universal_mnist_cluster_kt2o4co_\brace-main\annotations\sequences_train.csv,250,5,0.3616251538970803
C:\Users\User\AppData\Local\Temp\universal_mnist_cluster_kt2o4co_\brace-main\annotations\sequences_train.csv,251,5,0.357072509130345
C:\Users\User\AppData\Local\Temp\universal_mnist_cluster_kt2o4co_\brace-main\annotations\sequences_train.csv,252,5,0.35814787002138976
C:\Users\User\AppData\Local\Temp\universal_mnist_cluster_kt2o4co_\brace-main\annotations\sequences_train.csv,253,3,0.3879817467055661
C:\Users\User\AppData\Local\Temp\universal_mnist_cluster_kt2o4co_\brace-main\annotations\sequences_train.csv,254,3,0.38217207432426414
C:\Users\User\AppData\Local\Temp\universal_mnist_cluster_kt2o4co_\brace-main\annotations\sequences_train.csv,255,3,0.38323822152637427
C:\Users\User\AppData\Local\Temp\universal_mnist_cluster_kt2o4co_\brace-main\annotations\sequences_train.csv,256,3,0.38618554961741036
C:\Users\User\AppData\Local\Temp\universal_mnist_cluster_kt2o4co_\brace-main\annotations\sequences_train.csv,257,2,0.3517399251378499
C:\Users\User\AppData\Local\Temp\universal_mnist_cluster_kt2o4co_\brace-main\annotations\sequences_train.csv,258,2,0.3525265589809111
C:\Users\User\AppData\Local\Temp\universal_mnist_cluster_kt2o4co_\brace-main\annotations\sequences_train.csv,259,2,0.35190088461102786
C:\Users\User\AppData\Local\Temp\universal_mnist_cluster_kt2o4co_\brace-main\annotations\sequences_train.csv,260,2,0.3521728825230256
C:\Users\User\AppData\Local\Temp\universal_mnist_cluster_kt2o4co_\brace-main\annotations\sequences_train.csv,261,2,0.35375379060542905
C:\Users\User\AppData\Local\Temp\universal_mnist_cluster_kt2o4co_\brace-main\annotations\sequences_train.csv,262,1,0.36428265460754244
C:\Users\User\AppData\Local\Temp\universal_mnist_cluster_kt2o4co_\brace-main\annotations\sequences_train.csv,263,1,0.36275091874109006
C:\Users\User\AppData\Local\Temp\universal_mnist_cluster_kt2o4co_\brace-main\annotations\sequences_train.csv,264,1,0.36358066532260014
C:\Users\User\AppData\Local\Temp\universal_mnist_cluster_kt2o4co_\brace-main\annotations\sequences_train.csv,265,1,0.3641008177354286
C:\Users\User\AppData\Local\Temp\universal_mnist_cluster_kt2o4co_\brace-main\annotations\sequences_train.csv,266,0,0.3659282043729532
C:\Users\User\AppData\Local\Temp\universal_mnist_cluster_kt2o4co_\brace-main\annotations\sequences_train.csv,267,0,0.36463693352696824
C:\Users\User\AppData\Local\Temp\universal_mnist_cluster_kt2o4co_\brace-main\annotations\sequences_train.csv,268,0,0.366350123682614
C:\Users\User\AppData\Local\Temp\universal_mnist_cluster_kt2o4co_\brace-main\annotations\sequences_train.csv,269,3,0.374693906168225
C:\Users\User\AppData\Local\Temp\universal_mnist_cluster_kt2o4co_\brace-main\annotations\sequences_train.csv,270,3,0.3725029123582294
C:\Users\User\AppData\Local\Temp\universal_mnist_cluster_kt2o4co_\brace-main\annotations\sequences_train.csv,271,3,0.3744716776347268
C:\Users\User\AppData\Local\Temp\universal_mnist_cluster_kt2o4co_\brace-main\annotations\sequences_train.csv,272,2,0.361561537410831
C:\Users\User\AppData\Local\Temp\universal_mnist_cluster_kt2o4co_\brace-main\annotations\sequences_train.csv,273,2,0.35974993438854297
C:\Users\User\AppData\Local\Temp\universal_mnist_cluster_kt2o4co_\brace-main\annotations\sequences_train.csv,274,2,0.3587010810499778
C:\Users\User\AppData\Local\Temp\universal_mnist_cluster_kt2o4co_\brace-main\annotations\sequences_train.csv,275,2,0.35790288041714297
C:\Users\User\AppData\Local\Temp\universal_mnist_cluster_kt2o4co_\brace-main\annotations\sequences_train.csv,276,2,0.3592885699456369
C:\Users\User\AppData\Local\Temp\universal_mnist_cluster_kt2o4co_\brace-main\annotations\sequences_train.csv,277,3,0.36509361657101247
C:\Users\User\AppData\Local\Temp\universal_mnist_cluster_kt2o4co_\brace-main\annotations\sequences_train.csv,278,3,0.36042401864849233
C:\Users\User\AppData\Local\Temp\universal_mnist_cluster_kt2o4co_\brace-main\annotations\sequences_train.csv,279,3,0.3606966244752886
C:\Users\User\AppData\Local\Temp\universal_mnist_cluster_kt2o4co_\brace-main\annotations\sequences_train.csv,280,3,0.36125744276792754
C:\Users\User\AppData\Local\Temp\universal_mnist_cluster_kt2o4co_\brace-main\annotations\sequences_train.csv,281,3,0.36509361657101247
C:\Users\User\AppData\Local\Temp\universal_mnist_cluster_kt2o4co_\brace-main\annotations\sequences_train.csv,282,3,0.36185446996548243
C:\Users\User\AppData\Local\Temp\universal_mnist_cluster_kt2o4co_\brace-main\annotations\sequences_train.csv,283,3,0.36010402855316037
C:\Users\User\AppData\Local\Temp\universal_mnist_cluster_kt2o4co_\brace-main\annotations\sequences_train.csv,284,3,0.36042401864849233
C:\Users\User\AppData\Local\Temp\universal_mnist_cluster_kt2o4co_\brace-main\annotations\sequences_train.csv,285,3,0.3606966244752886
C:\Users\User\AppData\Local\Temp\universal_mnist_cluster_kt2o4co_\brace-main\annotations\sequences_train.csv,286,2,0.361561537410831
C:\Users\User\AppData\Local\Temp\universal_mnist_cluster_kt2o4co_\brace-main\annotations\sequences_train.csv,287,2,0.35974993438854297
C:\Users\User\AppData\Local\Temp\universal_mnist_cluster_kt2o4co_\brace-main\annotations\sequences_train.csv,288,2,0.3587010810499778
C:\Users\User\AppData\Local\Temp\universal_mnist_cluster_kt2o4co_\brace-main\annotations\sequences_train.csv,289,2,0.35790288041714297
C:\Users\User\AppData\Local\Temp\universal_mnist_cluster_kt2o4co_\brace-main\annotations\sequences_train.csv,290,2,0.3592885699456369
C:\Users\User\AppData\Local\Temp\universal_mnist_cluster_kt2o4co_\brace-main\annotations\sequences_train.csv,291,2,0.3601546971833299
C:\Users\User\AppData\Local\Temp\universal_mnist_cluster_kt2o4co_\brace-main\annotations\sequences_train.csv,292,2,0.35380879486514005
C:\Users\User\AppData\Local\Temp\universal_mnist_cluster_kt2o4co_\brace-main\annotations\sequences_train.csv,293,2,0.3521728825230256
C:\Users\User\AppData\Local\Temp\universal_mnist_cluster_kt2o4co_\brace-main\annotations\sequences_train.csv,294,2,0.35375379060542905
C:\Users\User\AppData\Local\Temp\universal_mnist_cluster_kt2o4co_\brace-main\annotations\sequences_train.csv,295,1,0.3728616251123075
C:\Users\User\AppData\Local\Temp\universal_mnist_cluster_kt2o4co_\brace-main\annotations\sequences_train.csv,296,1,0.36829325682163333
C:\Users\User\AppData\Local\Temp\universal_mnist_cluster_kt2o4co_\brace-main\annotations\sequences_train.csv,297,1,0.3670878620924599
C:\Users\User\AppData\Local\Temp\universal_mnist_cluster_kt2o4co_\brace-main\annotations\sequences_train.csv,298,1,0.36850911303614015
C:\Users\User\AppData\Local\Temp\universal_mnist_cluster_kt2o4co_\brace-main\annotations\sequences_train.csv,299,1,0.36903631627486283
C:\Users\User\AppData\Local\Temp\universal_mnist_cluster_kt2o4co_\brace-main\annotations\sequences_train.csv,300,5,0.36498551338798774
C:\Users\User\AppData\Local\Temp\universal_mnist_cluster_kt2o4co_\brace-main\annotations\sequences_train.csv,301,5,0.3616251538970803
C:\Users\User\AppData\Local\Temp\universal_mnist_cluster_kt2o4co_\brace-main\annotations\sequences_train.csv,302,5,0.3595769306523795
C:\Users\User\AppData\Local\Temp\universal_mnist_cluster_kt2o4co_\brace-main\annotations\sequences_train.csv,303,0,0.36463693352696824
C:\Users\User\AppData\Local\Temp\universal_mnist_cluster_kt2o4co_\brace-main\annotations\sequences_train.csv,304,0,0.36360508477993686
C:\Users\User\AppData\Local\Temp\universal_mnist_cluster_kt2o4co_\brace-main\annotations\sequences_train.csv,305,0,0.3634259231652587
C:\Users\User\AppData\Local\Temp\universal_mnist_cluster_kt2o4co_\brace-main\annotations\sequences_train.csv,306,0,0.366350123682614
C:\Users\User\AppData\Local\Temp\universal_mnist_cluster_kt2o4co_\brace-main\annotations\sequences_train.csv,307,3,0.36509361657101247
C:\Users\User\AppData\Local\Temp\universal_mnist_cluster_kt2o4co_\brace-main\annotations\sequences_train.csv,308,3,0.36185446996548243
C:\Users\User\AppData\Local\Temp\universal_mnist_cluster_kt2o4co_\brace-main\annotations\sequences_train.csv,309,3,0.36010402855316037
C:\Users\User\AppData\Local\Temp\universal_mnist_cluster_kt2o4co_\brace-main\annotations\sequences_train.csv,310,3,0.36042401864849233
C:\Users\User\AppData\Local\Temp\universal_mnist_cluster_kt2o4co_\brace-main\annotations\sequences_train.csv,311,3,0.3606966244752886
C:\Users\User\AppData\Local\Temp\universal_mnist_cluster_kt2o4co_\brace-main\annotations\sequences_train.csv,312,3,0.36125744276792754
C:\Users\User\AppData\Local\Temp\universal_mnist_cluster_kt2o4co_\brace-main\annotations\sequences_train.csv,313,6,0.35032455066245094
C:\Users\User\AppData\Local\Temp\universal_mnist_cluster_kt2o4co_\brace-main\annotations\sequences_train.csv,314,6,0.34828382194085095
C:\Users\User\AppData\Local\Temp\universal_mnist_cluster_kt2o4co_\brace-main\annotations\sequences_train.csv,315,6,0.3491442352022377
C:\Users\User\AppData\Local\Temp\universal_mnist_cluster_kt2o4co_\brace-main\annotations\sequences_train.csv,316,6,0.35183081667260696
C:\Users\User\AppData\Local\Temp\universal_mnist_cluster_kt2o4co_\brace-main\annotations\sequences_train.csv,317,2,0.35380879486514005
C:\Users\User\AppData\Local\Temp\universal_mnist_cluster_kt2o4co_\brace-main\annotations\sequences_train.csv,318,2,0.3521728825230256
C:\Users\User\AppData\Local\Temp\universal_mnist_cluster_kt2o4co_\brace-main\annotations\shot_boundaries.json,0,0,0.40982480711942665
